id_anneau,id_secteur,pk,z_tn,z_base_tunnel,z_voute_tunnel
1,1,0.0,53.12,22.8,31.8
2,1,1.5,53.12,22.78,31.78
3,1,3.0,53.12,22.77,31.77
4,1,4.5,53.12,22.76,31.76
5,1,6.0,53.12,22.74,31.74
6,1,7.5,53.12,22.73,31.73
7,1,9.0,53.12,22.71,31.71
8,1,10.5,53.12,22.7,31.7
9,1,12.0,53.12,22.68,31.68
10,1,13.5,53.12,22.66,31.66
11,1,15.0,53.12,22.64,31.64
12,1,16.5,53.12,22.62,31.62
13,1,18.0,53.12,22.6,31.6
14,1,19.5,53.11,22.58,31.58
15,1,21.0,53.11,22.56,31.56
16,1,22.5,53.11,22.54,31.54
17,1,24.0,53.1,22.51,31.51
18,1,25.5,53.1,22.49,31.49
19,1,27.0,53.09,22.46,31.46
20,1,28.5,53.09,22.44,31.44
21,1,30.0,53.08,22.41,31.41
22,1,31.5,53.07,22.38,31.38
23,1,33.0,53.07,22.36,31.36
24,1,34.5,53.06,22.33,31.33
25,1,36.0,53.05,22.3,31.3
26,1,37.5,53.04,22.27,31.27
27,1,39.0,53.04,22.24,31.24
28,1,40.5,53.03,22.21,31.21
29,1,42.0,53.02,22.17,31.17
30,1,43.5,53.01,22.14,31.14
31,1,45.0,53.0,22.11,31.11
32,1,46.5,52.99,22.07,31.07
33,1,48.0,52.97,22.04,31.04
34,1,49.5,52.96,22.0,31.0
35,1,51.0,52.95,21.97,30.97
36,1,52.5,52.94,21.93,30.93
37,1,54.0,52.93,21.89,30.89
38,1,55.5,52.91,21.85,30.85
39,1,57.0,52.9,21.81,30.81
40,1,58.5,52.89,21.77,30.77
41,1,60.0,52.87,21.73,30.73
42,1,61.5,52.86,21.69,30.69
43,1,63.0,52.84,21.65,30.65
44,1,64.5,52.82,21.61,30.61
45,1,66.0,52.81,21.57,30.57
46,1,67.5,52.79,21.53,30.53
47,1,69.0,52.78,21.48,30.48
48,1,70.5,52.76,21.44,30.44
49,1,72.0,52.74,21.39,30.39
50,1,73.5,52.72,21.35,30.35
51,1,75.0,52.7,21.3,30.3
52,1,76.5,52.69,21.26,30.26
53,1,78.0,52.67,21.21,30.21
54,1,79.5,52.65,21.17,30.17
55,1,81.0,52.63,21.12,30.12
56,1,82.5,52.61,21.07,30.07
57,1,84.0,52.59,21.02,30.02
58,1,85.5,52.57,20.98,29.98
59,1,87.0,52.55,20.93,29.93
60,1,88.5,52.52,20.88,29.88
61,1,90.0,52.5,20.83,29.83
62,1,91.5,52.48,20.78,29.78
63,1,93.0,52.46,20.73,29.73
64,1,94.5,52.44,20.68,29.68
65,1,96.0,52.41,20.63,29.63
66,1,97.5,52.39,20.58,29.58
67,1,99.0,52.37,20.53,29.53
68,1,100.5,52.34,20.48,29.48
69,1,102.0,52.32,20.43,29.43
70,1,103.5,52.3,20.38,29.38
71,1,105.0,52.27,20.33,29.33
72,1,106.5,52.25,20.27,29.27
73,1,108.0,52.22,20.22,29.22
74,1,109.5,52.2,20.17,29.17
75,1,111.0,52.17,20.12,29.12
76,1,112.5,52.15,20.07,29.07
77,1,114.0,52.12,20.01,29.01
78,1,115.5,52.1,19.96,28.96
79,1,117.0,52.07,19.91,28.91
80,1,118.5,52.05,19.86,28.86
81,1,120.0,52.02,19.81,28.81
82,1,121.5,51.99,19.75,28.75
83,1,123.0,51.97,19.7,28.7
84,1,124.5,51.94,19.65,28.65
85,1,126.0,51.91,19.6,28.6
86,1,127.5,51.89,19.55,28.55
87,1,129.0,51.86,19.49,28.49
88,1,130.5,51.83,19.44,28.44
89,1,132.0,51.81,19.39,28.39
90,1,133.5,51.78,19.34,28.34
91,1,135.0,51.75,19.29,28.29
92,1,136.5,51.73,19.24,28.24
93,1,138.0,51.7,19.18,28.18
94,1,139.5,51.67,19.13,28.13
95,1,141.0,51.65,19.08,28.08
96,1,142.5,51.62,19.03,28.03
97,1,144.0,51.59,18.98,27.98
98,1,145.5,51.57,18.93,27.93
99,1,147.0,51.54,18.88,27.88
100,1,148.5,51.51,18.83,27.83
101,1,150.0,51.49,18.78,27.78
102,1,151.5,51.46,18.74,27.74
103,1,153.0,51.43,18.69,27.69
104,1,154.5,51.41,18.64,27.64
105,1,156.0,51.38,18.59,27.59
106,1,157.5,51.36,18.55,27.55
107,1,159.0,51.33,18.5,27.5
108,1,160.5,51.3,18.45,27.45
109,1,162.0,51.28,18.41,27.41
110,1,163.5,51.25,18.36,27.36
111,1,165.0,51.23,18.32,27.32
112,1,166.5,51.2,18.27,27.27
113,1,168.0,51.18,18.23,27.23
114,1,169.5,51.15,18.18,27.18
115,1,171.0,51.13,18.14,27.14
116,1,172.5,51.1,18.1,27.1
117,1,174.0,51.08,18.06,27.06
118,1,175.5,51.05,18.01,27.01
119,1,177.0,51.03,17.97,26.97
120,1,178.5,51.01,17.93,26.93
121,1,180.0,50.98,17.89,26.89
122,1,181.5,50.96,17.85,26.85
123,1,183.0,50.94,17.81,26.81
124,1,184.5,50.92,17.78,26.78
125,1,186.0,50.89,17.74,26.74
126,1,187.5,50.87,17.7,26.7
127,1,189.0,50.85,17.67,26.67
128,1,190.5,50.83,17.63,26.63
129,1,192.0,50.81,17.6,26.6
130,1,193.5,50.79,17.56,26.56
131,1,195.0,50.77,17.53,26.53
132,1,196.5,50.75,17.49,26.49
133,1,198.0,50.73,17.46,26.46
134,1,199.5,50.71,17.43,26.43
135,1,201.0,50.69,17.4,26.4
136,1,202.5,50.67,17.37,26.37
137,1,204.0,50.65,17.34,26.34
138,1,205.5,50.64,17.31,26.31
139,1,207.0,50.62,17.28,26.28
140,1,208.5,50.6,17.26,26.26
141,1,210.0,50.59,17.23,26.23
142,1,211.5,50.57,17.2,26.2
143,1,213.0,50.55,17.18,26.18
144,1,214.5,50.54,17.15,26.15
145,1,216.0,50.52,17.13,26.13
146,1,217.5,50.51,17.11,26.11
147,1,219.0,50.5,17.09,26.09
148,1,220.5,50.48,17.07,26.07
149,1,222.0,50.47,17.04,26.04
150,1,223.5,50.46,17.03,26.03
151,1,225.0,50.45,17.01,26.01
152,1,226.5,50.43,16.99,25.99
153,1,228.0,50.42,16.97,25.97
154,1,229.5,50.41,16.95,25.95
155,1,231.0,50.4,16.94,25.94
156,1,232.5,50.39,16.92,25.92
157,1,234.0,50.38,16.91,25.91
158,1,235.5,50.37,16.9,25.9
159,1,237.0,50.37,16.88,25.88
160,1,238.5,50.36,16.87,25.87
161,1,240.0,50.35,16.86,25.86
162,1,241.5,50.34,16.85,25.85
163,1,243.0,50.34,16.84,25.84
164,1,244.5,50.33,16.83,25.83
165,1,246.0,50.33,16.82,25.82
166,1,247.5,50.32,16.82,25.82
167,1,249.0,50.32,16.81,25.81
168,1,250.5,50.31,16.8,25.8
169,1,252.0,50.31,16.8,25.8
170,1,253.5,50.31,16.79,25.79
171,1,255.0,50.31,16.79,25.79
172,1,256.5,50.3,16.79,25.79
173,1,258.0,50.3,16.79,25.79
174,1,259.5,50.3,16.78,25.78
175,1,261.0,50.3,16.78,25.78
176,1,262.5,50.3,16.78,25.78
177,1,264.0,50.3,16.78,25.78
178,1,265.5,50.3,16.79,25.79
179,1,267.0,50.31,16.79,25.79
180,1,268.5,50.31,16.79,25.79
181,1,270.0,50.31,16.79,25.79
182,1,271.5,50.31,16.8,25.8
183,1,273.0,50.32,16.8,25.8
184,1,274.5,50.32,16.81,25.81
185,1,276.0,50.33,16.81,25.81
186,1,277.5,50.33,16.82,25.82
187,1,279.0,50.34,16.83,25.83
188,1,280.5,50.34,16.84,25.84
189,1,282.0,50.35,16.85,25.85
190,1,283.5,50.36,16.85,25.85
191,1,285.0,50.37,16.86,25.86
192,1,286.5,50.37,16.88,25.88
193,1,288.0,50.38,16.89,25.89
194,1,289.5,50.39,16.9,25.9
195,1,291.0,50.4,16.91,25.91
196,1,292.5,50.41,16.92,25.92
197,1,294.0,50.42,16.94,25.94
198,1,295.5,50.43,16.95,25.95
199,1,297.0,50.44,16.96,25.96
200,1,298.5,50.45,16.98,25.98
201,1,300.0,50.46,16.99,25.99
202,1,301.5,50.48,17.01,26.01
203,1,303.0,50.49,17.02,26.02
204,1,304.5,50.5,17.04,26.04
205,1,306.0,50.52,17.06,26.06
206,1,307.5,50.53,17.07,26.07
207,1,309.0,50.54,17.09,26.09
208,1,310.5,50.56,17.11,26.11
209,1,312.0,50.57,17.13,26.13
210,1,313.5,50.59,17.15,26.15
211,1,315.0,50.6,17.17,26.17
212,1,316.5,50.62,17.18,26.18
213,1,318.0,50.64,17.2,26.2
214,1,319.5,50.65,17.22,26.22
215,1,321.0,50.67,17.24,26.24
216,1,322.5,50.69,17.26,26.26
217,1,324.0,50.7,17.29,26.29
218,1,325.5,50.72,17.31,26.31
219,1,327.0,50.74,17.33,26.33
220,1,328.5,50.76,17.35,26.35
221,1,330.0,50.78,17.37,26.37
222,1,331.5,50.79,17.39,26.39
223,1,333.0,50.81,17.41,26.41
224,1,334.5,50.83,17.44,26.44
225,1,336.0,50.85,17.46,26.46
226,1,337.5,50.87,17.48,26.48
227,1,339.0,50.89,17.5,26.5
228,1,340.5,50.91,17.52,26.52
229,1,342.0,50.93,17.55,26.55
230,1,343.5,50.95,17.57,26.57
231,1,345.0,50.97,17.59,26.59
232,1,346.5,50.99,17.61,26.61
233,1,348.0,51.01,17.64,26.64
234,1,349.5,51.03,17.66,26.66
235,1,351.0,51.05,17.68,26.68
236,1,352.5,51.08,17.7,26.7
237,1,354.0,51.1,17.73,26.73
238,1,355.5,51.12,17.75,26.75
239,1,357.0,51.14,17.77,26.77
240,1,358.5,51.16,17.79,26.79
241,1,360.0,51.18,17.81,26.81
242,1,361.5,51.2,17.84,26.84
243,1,363.0,51.22,17.86,26.86
244,1,364.5,51.24,17.88,26.88
245,1,366.0,51.27,17.9,26.9
246,1,367.5,51.29,17.92,26.92
247,1,369.0,51.31,17.94,26.94
248,1,370.5,51.33,17.96,26.96
249,1,372.0,51.35,17.98,26.98
250,1,373.5,51.37,18.0,27.0
251,1,375.0,51.39,18.02,27.02
252,1,376.5,51.41,18.04,27.04
253,1,378.0,51.43,18.06,27.06
254,1,379.5,51.46,18.08,27.08
255,1,381.0,51.48,18.1,27.1
256,1,382.5,51.5,18.11,27.11
257,1,384.0,51.52,18.13,27.13
258,1,385.5,51.54,18.15,27.15
259,1,387.0,51.56,18.17,27.17
260,1,388.5,51.58,18.18,27.18
261,1,390.0,51.6,18.2,27.2
262,1,391.5,51.62,18.21,27.21
263,1,393.0,51.64,18.23,27.23
264,1,394.5,51.66,18.24,27.24
265,1,396.0,51.67,18.26,27.26
266,1,397.5,51.69,18.27,27.27
267,1,399.0,51.71,18.28,27.28
268,1,400.5,51.73,18.3,27.3
269,1,402.0,51.75,18.31,27.31
270,1,403.5,51.77,18.32,27.32
271,1,405.0,51.78,18.33,27.33
272,1,406.5,51.8,18.34,27.34
273,1,408.0,51.82,18.35,27.35
274,1,409.5,51.83,18.36,27.36
275,1,411.0,51.85,18.37,27.37
276,1,412.5,51.87,18.38,27.38
277,1,414.0,51.88,18.39,27.39
278,1,415.5,51.9,18.39,27.39
279,1,417.0,51.91,18.4,27.4
280,1,418.5,51.93,18.41,27.41
281,1,420.0,51.94,18.41,27.41
282,1,421.5,51.95,18.42,27.42
283,1,423.0,51.97,18.42,27.42
284,1,424.5,51.98,18.42,27.42
285,1,426.0,51.99,18.43,27.43
286,1,427.5,52.0,18.43,27.43
287,1,429.0,52.02,18.43,27.43
288,1,430.5,52.03,18.43,27.43
289,1,432.0,52.04,18.43,27.43
290,1,433.5,52.05,18.43,27.43
291,1,435.0,52.06,18.43,27.43
292,1,436.5,52.07,18.43,27.43
293,1,438.0,52.08,18.42,27.42
294,1,439.5,52.09,18.42,27.42
295,1,441.0,52.09,18.42,27.42
296,1,442.5,52.1,18.41,27.41
297,1,444.0,52.11,18.41,27.41
298,1,445.5,52.12,18.4,27.4
299,1,447.0,52.12,18.39,27.39
300,1,448.5,52.13,18.39,27.39
301,1,450.0,52.13,18.38,27.38
302,1,451.5,52.14,18.37,27.37
303,1,453.0,52.14,18.36,27.36
304,1,454.5,52.14,18.35,27.35
305,1,456.0,52.15,18.34,27.34
306,1,457.5,52.15,18.32,27.32
307,1,459.0,52.15,18.31,27.31
308,1,460.5,52.15,18.3,27.3
309,1,462.0,52.15,18.28,27.28
310,1,463.5,52.15,18.27,27.27
311,1,465.0,52.15,18.25,27.25
312,1,466.5,52.15,18.24,27.24
313,1,468.0,52.15,18.22,27.22
314,1,469.5,52.15,18.2,27.2
315,1,471.0,52.15,18.19,27.19
316,1,472.5,52.15,18.17,27.17
317,1,474.0,52.14,18.15,27.15
318,1,475.5,52.14,18.13,27.13
319,1,477.0,52.13,18.1,27.1
320,1,478.5,52.13,18.08,27.08
321,1,480.0,52.12,18.06,27.06
322,1,481.5,52.12,18.04,27.04
323,1,483.0,52.11,18.01,27.01
324,1,484.5,52.1,17.99,26.99
325,1,486.0,52.09,17.96,26.96
326,1,487.5,52.08,17.94,26.94
327,1,489.0,52.08,17.91,26.91
328,1,490.5,52.07,17.88,26.88
329,1,492.0,52.06,17.86,26.86
330,1,493.5,52.04,17.83,26.83
331,1,495.0,52.03,17.8,26.8
332,1,496.5,52.02,17.77,26.77
333,1,498.0,52.01,17.74,26.74
334,1,499.5,52.0,17.71,26.71
335,1,501.0,51.98,17.68,26.68
336,1,502.5,51.97,17.65,26.65
337,1,504.0,51.95,17.62,26.62
338,1,505.5,51.94,17.58,26.58
339,1,507.0,51.92,17.55,26.55
340,1,508.5,51.91,17.52,26.52
341,1,510.0,51.89,17.48,26.48
342,1,511.5,51.87,17.45,26.45
343,1,513.0,51.85,17.41,26.41
344,1,514.5,51.83,17.38,26.38
345,1,516.0,51.82,17.34,26.34
346,1,517.5,51.8,17.3,26.3
347,1,519.0,51.78,17.27,26.27
348,1,520.5,51.76,17.23,26.23
349,1,522.0,51.73,17.19,26.19
350,1,523.5,51.71,17.15,26.15
351,1,525.0,51.69,17.11,26.11
352,1,526.5,51.67,17.07,26.07
353,1,528.0,51.65,17.03,26.03
354,1,529.5,51.62,16.99,25.99
355,1,531.0,51.6,16.95,25.95
356,1,532.5,51.57,16.91,25.91
357,1,534.0,51.55,16.87,25.87
358,1,535.5,51.52,16.83,25.83
359,1,537.0,51.5,16.79,25.79
360,1,538.5,51.47,16.75,25.75
361,1,540.0,51.45,16.71,25.71
362,1,541.5,51.42,16.67,25.67
363,1,543.0,51.39,16.62,25.62
364,1,544.5,51.37,16.58,25.58
365,1,546.0,51.34,16.54,25.54
366,1,547.5,51.31,16.5,25.5
367,1,549.0,51.28,16.45,25.45
368,1,550.5,51.25,16.41,25.41
369,1,552.0,51.22,16.37,25.37
370,1,553.5,51.19,16.32,25.32
371,1,555.0,51.16,16.28,25.28
372,1,556.5,51.13,16.24,25.24
373,1,558.0,51.1,16.19,25.19
374,1,559.5,51.07,16.15,25.15
375,1,561.0,51.04,16.11,25.11
376,1,562.5,51.01,16.06,25.06
377,1,564.0,50.97,16.02,25.02
378,1,565.5,50.94,15.98,24.98
379,1,567.0,50.91,15.93,24.93
380,1,568.5,50.88,15.89,24.89
381,1,570.0,50.84,15.85,24.85
382,1,571.5,50.81,15.81,24.81
383,1,573.0,50.78,15.76,24.76
384,1,574.5,50.75,15.72,24.72
385,1,576.0,50.71,15.68,24.68
386,1,577.5,50.68,15.64,24.64
387,1,579.0,50.64,15.59,24.59
388,1,580.5,50.61,15.55,24.55
389,1,582.0,50.58,15.51,24.51
390,1,583.5,50.54,15.47,24.47
391,1,585.0,50.51,15.43,24.43
392,1,586.5,50.47,15.39,24.39
393,1,588.0,50.44,15.34,24.34
394,1,589.5,50.4,15.3,24.3
395,1,591.0,50.37,15.26,24.26
396,1,592.5,50.33,15.22,24.22
397,1,594.0,50.3,15.18,24.18
398,1,595.5,50.26,15.15,24.15
399,1,597.0,50.23,15.11,24.11
400,1,598.5,50.19,15.07,24.07
401,1,600.0,50.16,15.03,24.03
402,1,601.5,50.12,14.99,23.99
403,1,603.0,50.09,14.96,23.96
404,1,604.5,50.05,14.92,23.92
405,1,606.0,50.01,14.88,23.88
406,1,607.5,49.98,14.85,23.85
407,1,609.0,49.94,14.81,23.81
408,1,610.5,49.91,14.78,23.78
409,1,612.0,49.87,14.74,23.74
410,1,613.5,49.84,14.71,23.71
411,1,615.0,49.8,14.68,23.68
412,1,616.5,49.77,14.64,23.64
413,1,618.0,49.74,14.61,23.61
414,1,619.5,49.7,14.58,23.58
415,1,621.0,49.67,14.55,23.55
416,1,622.5,49.63,14.52,23.52
417,1,624.0,49.6,14.49,23.49
418,1,625.5,49.57,14.46,23.46
419,1,627.0,49.53,14.43,23.43
420,1,628.5,49.5,14.41,23.41
421,1,630.0,49.46,14.38,23.38
422,1,631.5,49.43,14.35,23.35
423,1,633.0,49.4,14.33,23.33
424,1,634.5,49.37,14.3,23.3
425,1,636.0,49.33,14.28,23.28
426,1,637.5,49.3,14.25,23.25
427,1,639.0,49.27,14.23,23.23
428,1,640.5,49.24,14.21,23.21
429,1,642.0,49.21,14.19,23.19
430,1,643.5,49.18,14.17,23.17
431,1,645.0,49.15,14.15,23.15
432,1,646.5,49.12,14.13,23.13
433,1,648.0,49.09,14.11,23.11
434,1,649.5,49.06,14.1,23.1
435,1,651.0,49.03,14.08,23.08
436,1,652.5,49.0,14.06,23.06
437,1,654.0,48.97,14.05,23.05
438,1,655.5,48.94,14.03,23.03
439,1,657.0,48.91,14.02,23.02
440,1,658.5,48.88,14.01,23.01
441,1,660.0,48.86,14.0,23.0
442,1,661.5,48.83,13.99,22.99
443,1,663.0,48.8,13.98,22.98
444,1,664.5,48.78,13.97,22.97
445,1,666.0,48.75,13.96,22.96
446,1,667.5,48.73,13.95,22.95
447,1,669.0,48.7,13.95,22.95
448,1,670.5,48.68,13.94,22.94
449,1,672.0,48.65,13.94,22.94
450,1,673.5,48.63,13.93,22.93
451,1,675.0,48.61,13.93,22.93
452,1,676.5,48.58,13.93,22.93
453,1,678.0,48.56,13.93,22.93
454,1,679.5,48.54,13.93,22.93
455,1,681.0,48.52,13.93,22.93
456,1,682.5,48.5,13.93,22.93
457,1,684.0,48.48,13.93,22.93
458,1,685.5,48.46,13.93,22.93
459,1,687.0,48.44,13.94,22.94
460,1,688.5,48.42,13.94,22.94
461,1,690.0,48.4,13.95,22.95
462,1,691.5,48.38,13.95,22.95
463,1,693.0,48.37,13.96,22.96
464,1,694.5,48.35,13.97,22.97
465,1,696.0,48.33,13.98,22.98
466,1,697.5,48.32,13.99,22.99
467,1,699.0,48.3,14.0,23.0
468,1,700.5,48.29,14.01,23.01
469,1,702.0,48.27,14.02,23.02
470,1,703.5,48.26,14.04,23.04
471,1,705.0,48.24,14.05,23.05
472,1,706.5,48.23,14.07,23.07
473,1,708.0,48.22,14.08,23.08
474,1,709.5,48.21,14.1,23.1
475,1,711.0,48.2,14.12,23.12
476,1,712.5,48.19,14.14,23.14
477,1,714.0,48.18,14.16,23.16
478,1,715.5,48.17,14.18,23.18
479,1,717.0,48.16,14.2,23.2
480,1,718.5,48.15,14.22,23.22
481,1,720.0,48.14,14.24,23.24
482,1,721.5,48.13,14.26,23.26
483,1,723.0,48.12,14.29,23.29
484,1,724.5,48.12,14.31,23.31
485,1,726.0,48.11,14.34,23.34
486,1,727.5,48.11,14.37,23.37
487,1,729.0,48.1,14.39,23.39
488,1,730.5,48.1,14.42,23.42
489,1,732.0,48.09,14.45,23.45
490,1,733.5,48.09,14.48,23.48
491,1,735.0,48.09,14.51,23.51
492,1,736.5,48.08,14.54,23.54
493,1,738.0,48.08,14.57,23.57
494,1,739.5,48.08,14.6,23.6
495,1,741.0,48.08,14.63,23.63
496,1,742.5,48.08,14.67,23.67
497,1,744.0,48.08,14.7,23.7
498,1,745.5,48.08,14.73,23.73
499,1,747.0,48.08,14.77,23.77
500,1,748.5,48.08,14.8,23.8
501,1,750.0,48.08,14.84,23.84
502,1,751.5,48.08,14.88,23.88
503,1,753.0,48.09,14.91,23.91
504,1,754.5,48.09,14.95,23.95
505,1,756.0,48.09,14.99,23.99
506,1,757.5,48.1,15.03,24.03
507,1,759.0,48.1,15.07,24.07
508,1,760.5,48.11,15.11,24.11
509,1,762.0,48.11,15.15,24.15
510,1,763.5,48.12,15.19,24.19
511,1,765.0,48.12,15.23,24.23
512,1,766.5,48.13,15.27,24.27
513,1,768.0,48.14,15.31,24.31
514,1,769.5,48.14,15.35,24.35
515,1,771.0,48.15,15.39,24.39
516,1,772.5,48.16,15.44,24.44
517,1,774.0,48.17,15.48,24.48
518,1,775.5,48.17,15.52,24.52
519,1,777.0,48.18,15.57,24.57
520,1,778.5,48.19,15.61,24.61
521,1,780.0,48.2,15.65,24.65
522,1,781.5,48.21,15.7,24.7
523,1,783.0,48.22,15.74,24.74
524,1,784.5,48.23,15.79,24.79
525,1,786.0,48.24,15.83,24.83
526,1,787.5,48.26,15.88,24.88
527,1,789.0,48.27,15.92,24.92
528,1,790.5,48.28,15.97,24.97
529,1,792.0,48.29,16.02,25.02
530,1,793.5,48.3,16.06,25.06
531,1,795.0,48.31,16.11,25.11
532,1,796.5,48.33,16.15,25.15
533,1,798.0,48.34,16.2,25.2
534,1,799.5,48.35,16.25,25.25
535,1,801.0,48.37,16.29,25.29
536,1,802.5,48.38,16.34,25.34
537,1,804.0,48.39,16.38,25.38
538,1,805.5,48.41,16.43,25.43
539,1,807.0,48.42,16.48,25.48
540,1,808.5,48.44,16.52,25.52
541,1,810.0,48.45,16.57,25.57
542,1,811.5,48.46,16.62,25.62
543,1,813.0,48.48,16.66,25.66
544,1,814.5,48.49,16.71,25.71
545,1,816.0,48.51,16.75,25.75
546,1,817.5,48.52,16.8,25.8
547,1,819.0,48.54,16.85,25.85
548,1,820.5,48.55,16.89,25.89
549,1,822.0,48.57,16.94,25.94
550,1,823.5,48.58,16.98,25.98
551,1,825.0,48.6,17.03,26.03
552,1,826.5,48.61,17.07,26.07
553,1,828.0,48.63,17.11,26.11
554,1,829.5,48.65,17.16,26.16
555,1,831.0,48.66,17.2,26.2
556,1,832.5,48.68,17.25,26.25
557,1,834.0,48.69,17.29,26.29
558,1,835.5,48.71,17.33,26.33
559,1,837.0,48.72,17.38,26.38
560,1,838.5,48.74,17.42,26.42
561,1,840.0,48.75,17.46,26.46
562,1,841.5,48.77,17.5,26.5
563,1,843.0,48.78,17.54,26.54
564,1,844.5,48.8,17.58,26.58
565,1,846.0,48.81,17.62,26.62
566,1,847.5,48.83,17.66,26.66
567,1,849.0,48.84,17.7,26.7
568,1,850.5,48.86,17.74,26.74
569,1,852.0,48.87,17.78,26.78
570,1,853.5,48.89,17.82,26.82
571,1,855.0,48.9,17.86,26.86
572,1,856.5,48.91,17.9,26.9
573,1,858.0,48.93,17.93,26.93
574,1,859.5,48.94,17.97,26.97
575,1,861.0,48.95,18.01,27.01
576,1,862.5,48.97,18.04,27.04
577,1,864.0,48.98,18.08,27.08
578,1,865.5,48.99,18.11,27.11
579,1,867.0,49.01,18.14,27.14
580,1,868.5,49.02,18.18,27.18
581,1,870.0,49.03,18.21,27.21
582,1,871.5,49.04,18.24,27.24
583,1,873.0,49.06,18.27,27.27
584,1,874.5,49.07,18.31,27.31
585,1,876.0,49.08,18.34,27.34
586,1,877.5,49.09,18.37,27.37
587,1,879.0,49.1,18.39,27.39
588,1,880.5,49.11,18.42,27.42
589,1,882.0,49.12,18.45,27.45
590,1,883.5,49.13,18.48,27.48
591,1,885.0,49.14,18.51,27.51
592,1,886.5,49.15,18.53,27.53
593,1,888.0,49.16,18.56,27.56
594,1,889.5,49.17,18.58,27.58
595,1,891.0,49.18,18.61,27.61
596,1,892.5,49.19,18.63,27.63
597,1,894.0,49.19,18.65,27.65
598,1,895.5,49.2,18.67,27.67
599,1,897.0,49.21,18.7,27.7
600,1,898.5,49.22,18.72,27.72
601,1,900.0,49.22,18.74,27.74
602,1,901.5,49.23,18.76,27.76
603,1,903.0,49.23,18.78,27.78
604,1,904.5,49.24,18.79,27.79
605,1,906.0,49.25,18.81,27.81
606,1,907.5,49.25,18.83,27.83
607,1,909.0,49.25,18.85,27.85
608,1,910.5,49.26,18.86,27.86
609,1,912.0,49.26,18.88,27.88
610,1,913.5,49.27,18.89,27.89
611,1,915.0,49.27,18.9,27.9
612,1,916.5,49.27,18.92,27.92
613,1,918.0,49.27,18.93,27.93
614,1,919.5,49.27,18.94,27.94
615,1,921.0,49.28,18.95,27.95
616,1,922.5,49.28,18.96,27.96
617,1,924.0,49.28,18.97,27.97
618,1,925.5,49.28,18.98,27.98
619,1,927.0,49.28,18.99,27.99
620,1,928.5,49.28,19.0,28.0
621,1,930.0,49.28,19.0,28.0
622,1,931.5,49.28,19.01,28.01
623,1,933.0,49.27,19.02,28.02
624,1,934.5,49.27,19.02,28.02
625,1,936.0,49.27,19.03,28.03
626,1,937.5,49.27,19.03,28.03
627,1,939.0,49.26,19.03,28.03
628,1,940.5,49.26,19.04,28.04
629,1,942.0,49.26,19.04,28.04
630,1,943.5,49.25,19.04,28.04
631,1,945.0,49.25,19.04,28.04
632,1,946.5,49.24,19.04,28.04
633,1,948.0,49.24,19.04,28.04
634,1,949.5,49.23,19.04,28.04
635,1,951.0,49.22,19.04,28.04
636,1,952.5,49.22,19.04,28.04
637,1,954.0,49.21,19.04,28.04
638,1,955.5,49.2,19.04,28.04
639,1,957.0,49.19,19.03,28.03
640,1,958.5,49.19,19.03,28.03
641,1,960.0,49.18,19.03,28.03
642,1,961.5,49.17,19.02,28.02
643,1,963.0,49.16,19.02,28.02
644,1,964.5,49.15,19.01,28.01
645,1,966.0,49.14,19.0,28.0
646,1,967.5,49.13,19.0,28.0
647,1,969.0,49.12,18.99,27.99
648,1,970.5,49.11,18.99,27.99
649,1,972.0,49.1,18.98,27.98
650,1,973.5,49.09,18.97,27.97
651,1,975.0,49.08,18.96,27.96
652,1,976.5,49.06,18.95,27.95
653,1,978.0,49.05,18.95,27.95
654,1,979.5,49.04,18.94,27.94
655,1,981.0,49.03,18.93,27.93
656,1,982.5,49.01,18.92,27.92
657,1,984.0,49.0,18.91,27.91
658,1,985.5,48.99,18.9,27.9
659,1,987.0,48.97,18.89,27.89
660,1,988.5,48.96,18.88,27.88
661,1,990.0,48.95,18.86,27.86
662,1,991.5,48.93,18.85,27.85
663,1,993.0,48.92,18.84,27.84
664,1,994.5,48.9,18.83,27.83
665,1,996.0,48.89,18.82,27.82
666,1,997.5,48.87,18.81,27.81
667,1,999.0,48.86,18.8,27.8
668,1,1000.5,48.84,18.78,27.78
669,1,1002.0,48.83,18.77,27.77
670,1,1003.5,48.81,18.76,27.76
671,1,1005.0,48.79,18.75,27.75
672,1,1006.5,48.78,18.74,27.74
673,1,1008.0,48.76,18.72,27.72
674,1,1009.5,48.74,18.71,27.71
675,1,1011.0,48.73,18.7,27.7
676,1,1012.5,48.71,18.69,27.69
677,1,1014.0,48.69,18.67,27.67
678,1,1015.5,48.68,18.66,27.66
679,1,1017.0,48.66,18.65,27.65
680,1,1018.5,48.64,18.64,27.64
681,1,1020.0,48.63,18.62,27.62
682,1,1021.5,48.61,18.61,27.61
683,1,1023.0,48.59,18.6,27.6
684,1,1024.5,48.58,18.59,27.59
685,1,1026.0,48.56,18.58,27.58
686,1,1027.5,48.54,18.57,27.57
687,1,1029.0,48.53,18.56,27.56
688,1,1030.5,48.51,18.54,27.54
689,1,1032.0,48.49,18.53,27.53
690,1,1033.5,48.47,18.52,27.52
691,1,1035.0,48.46,18.51,27.51
692,1,1036.5,48.44,18.5,27.5
693,1,1038.0,48.42,18.49,27.49
694,1,1039.5,48.41,18.48,27.48
695,1,1041.0,48.39,18.47,27.47
696,1,1042.5,48.37,18.47,27.47
697,1,1044.0,48.36,18.46,27.46
698,1,1045.5,48.34,18.45,27.45
699,1,1047.0,48.33,18.44,27.44
700,1,1048.5,48.31,18.43,27.43
701,1,1050.0,48.29,18.43,27.43
702,1,1051.5,48.28,18.42,27.42
703,1,1053.0,48.26,18.41,27.41
704,1,1054.5,48.25,18.41,27.41
705,1,1056.0,48.23,18.4,27.4
706,1,1057.5,48.22,18.4,27.4
707,1,1059.0,48.2,18.39,27.39
708,1,1060.5,48.19,18.39,27.39
709,1,1062.0,48.18,18.39,27.39
710,1,1063.5,48.16,18.38,27.38
711,1,1065.0,48.15,18.38,27.38
712,1,1066.5,48.14,18.38,27.38
713,1,1068.0,48.12,18.38,27.38
714,1,1069.5,48.11,18.38,27.38
715,1,1071.0,48.1,18.38,27.38
716,1,1072.5,48.09,18.38,27.38
717,1,1074.0,48.07,18.38,27.38
718,1,1075.5,48.06,18.38,27.38
719,1,1077.0,48.05,18.38,27.38
720,1,1078.5,48.04,18.39,27.39
721,1,1080.0,48.03,18.39,27.39
722,1,1081.5,48.02,18.39,27.39
723,1,1083.0,48.01,18.4,27.4
724,2,1084.5,48.0,18.4,27.4
725,2,1086.0,47.99,18.41,27.41
726,2,1087.5,47.98,18.42,27.42
727,2,1089.0,47.98,18.43,27.43
728,2,1090.5,47.97,18.43,27.43
729,2,1092.0,47.96,18.44,27.44
730,2,1093.5,47.95,18.45,27.45
731,2,1095.0,47.95,18.46,27.46
732,2,1096.5,47.94,18.48,27.48
733,2,1098.0,47.94,18.49,27.49
734,2,1099.5,47.93,18.5,27.5
735,2,1101.0,47.93,18.51,27.51
736,2,1102.5,47.92,18.53,27.53
737,2,1104.0,47.92,18.54,27.54
738,2,1105.5,47.92,18.56,27.56
739,2,1107.0,47.92,18.58,27.58
740,2,1108.5,47.91,18.59,27.59
741,2,1110.0,47.91,18.61,27.61
742,2,1111.5,47.91,18.63,27.63
743,2,1113.0,47.91,18.65,27.65
744,2,1114.5,47.91,18.67,27.67
745,2,1116.0,47.91,18.69,27.69
746,2,1117.5,47.91,18.72,27.72
747,2,1119.0,47.92,18.74,27.74
748,2,1120.5,47.92,18.76,27.76
749,2,1122.0,47.92,18.79,27.79
750,2,1123.5,47.92,18.81,27.81
751,2,1125.0,47.93,18.84,27.84
752,2,1126.5,47.93,18.87,27.87
753,2,1128.0,47.94,18.9,27.9
754,2,1129.5,47.94,18.92,27.92
755,2,1131.0,47.95,18.95,27.95
756,2,1132.5,47.96,18.98,27.98
757,2,1134.0,47.97,19.02,28.02
758,2,1135.5,47.97,19.05,28.05
759,2,1137.0,47.98,19.08,28.08
760,2,1138.5,47.99,19.12,28.12
761,2,1140.0,48.0,19.15,28.15
762,2,1141.5,48.01,19.19,28.19
763,2,1143.0,48.03,19.22,28.22
764,2,1144.5,48.04,19.26,28.26
765,2,1146.0,48.05,19.3,28.3
766,2,1147.5,48.06,19.34,28.34
767,2,1149.0,48.08,19.38,28.38
768,2,1150.5,48.09,19.42,28.42
769,2,1152.0,48.11,19.46,28.46
770,2,1153.5,48.12,19.5,28.5
771,2,1155.0,48.14,19.54,28.54
772,2,1156.5,48.16,19.58,28.58
773,2,1158.0,48.17,19.63,28.63
774,2,1159.5,48.19,19.67,28.67
775,2,1161.0,48.21,19.72,28.72
776,2,1162.5,48.23,19.77,28.77
777,2,1164.0,48.25,19.81,28.81
778,2,1165.5,48.27,19.86,28.86
779,2,1167.0,48.29,19.91,28.91
780,2,1168.5,48.31,19.96,28.96
781,2,1170.0,48.34,20.01,29.01
782,2,1171.5,48.36,20.06,29.06
783,2,1173.0,48.38,20.11,29.11
784,2,1174.5,48.41,20.16,29.16
785,2,1176.0,48.43,20.22,29.22
786,2,1177.5,48.46,20.27,29.27
787,2,1179.0,48.48,20.33,29.33
788,2,1180.5,48.51,20.38,29.38
789,2,1182.0,48.54,20.44,29.44
790,2,1183.5,48.57,20.49,29.49
791,2,1185.0,48.59,20.55,29.55
792,2,1186.5,48.62,20.61,29.61
793,2,1188.0,48.65,20.66,29.66
794,2,1189.5,48.68,20.72,29.72
795,2,1191.0,48.71,20.78,29.78
796,2,1192.5,48.74,20.84,29.84
797,2,1194.0,48.78,20.9,29.9
798,2,1195.5,48.81,20.96,29.96
799,2,1197.0,48.84,21.02,30.02
800,2,1198.5,48.87,21.08,30.08
801,2,1200.0,48.91,21.15,30.15
802,2,1201.5,48.94,21.21,30.21
803,2,1203.0,48.98,21.27,30.27
804,2,1204.5,49.01,21.34,30.34
805,2,1206.0,49.05,21.4,30.4
806,2,1207.5,49.09,21.46,30.46
807,2,1209.0,49.12,21.53,30.53
808,2,1210.5,49.16,21.59,30.59
809,2,1212.0,49.2,21.66,30.66
810,2,1213.5,49.24,21.72,30.72
811,2,1215.0,49.28,21.79,30.79
812,2,1216.5,49.31,21.86,30.86
813,2,1218.0,49.35,21.92,30.92
814,2,1219.5,49.39,21.99,30.99
815,2,1221.0,49.43,22.06,31.06
816,2,1222.5,49.48,22.13,31.13
817,2,1224.0,49.52,22.19,31.19
818,2,1225.5,49.56,22.26,31.26
819,2,1227.0,49.6,22.33,31.33
820,2,1228.5,49.64,22.4,31.4
821,2,1230.0,49.69,22.47,31.47
822,2,1231.5,49.73,22.54,31.54
823,2,1233.0,49.77,22.61,31.61
824,2,1234.5,49.82,22.67,31.67
825,2,1236.0,49.86,22.74,31.74
826,2,1237.5,49.9,22.81,31.81
827,2,1239.0,49.95,22.88,31.88
828,2,1240.5,49.99,22.95,31.95
829,2,1242.0,50.04,23.02,32.02
830,2,1243.5,50.09,23.09,32.09
831,2,1245.0,50.13,23.16,32.16
832,2,1246.5,50.18,23.23,32.23
833,2,1248.0,50.22,23.3,32.3
834,2,1249.5,50.27,23.37,32.37
835,2,1251.0,50.32,23.44,32.44
836,2,1252.5,50.36,23.51,32.51
837,2,1254.0,50.41,23.58,32.58
838,2,1255.5,50.46,23.65,32.65
839,2,1257.0,50.51,23.72,32.72
840,2,1258.5,50.55,23.78,32.78
841,2,1260.0,50.6,23.85,32.85
842,2,1261.5,50.65,23.92,32.92
843,2,1263.0,50.7,23.99,32.99
844,2,1264.5,50.75,24.06,33.06
845,2,1266.0,50.79,24.13,33.13
846,2,1267.5,50.84,24.19,33.19
847,2,1269.0,50.89,24.26,33.26
848,2,1270.5,50.94,24.33,33.33
849,2,1272.0,50.99,24.4,33.4
850,2,1273.5,51.04,24.46,33.46
851,2,1275.0,51.09,24.53,33.53
852,2,1276.5,51.13,24.6,33.6
853,2,1278.0,51.18,24.66,33.66
854,2,1279.5,51.23,24.73,33.73
855,2,1281.0,51.28,24.79,33.79
856,2,1282.5,51.33,24.86,33.86
857,2,1284.0,51.38,24.92,33.92
858,2,1285.5,51.43,24.98,33.98
859,2,1287.0,51.47,25.05,34.05
860,2,1288.5,51.52,25.11,34.11
861,2,1290.0,51.57,25.17,34.17
862,2,1291.5,51.62,25.24,34.24
863,2,1293.0,51.67,25.3,34.3
864,2,1294.5,51.72,25.36,34.36
865,2,1296.0,51.76,25.42,34.42
866,2,1297.5,51.81,25.48,34.48
867,2,1299.0,51.86,25.54,34.54
868,2,1300.5,51.91,25.6,34.6
869,2,1302.0,51.95,25.66,34.66
870,2,1303.5,52.0,25.71,34.71
871,2,1305.0,52.05,25.77,34.77
872,2,1306.5,52.09,25.83,34.83
873,2,1308.0,52.14,25.88,34.88
874,2,1309.5,52.19,25.94,34.94
875,2,1311.0,52.23,26.0,35.0
876,2,1312.5,52.28,26.05,35.05
877,2,1314.0,52.33,26.1,35.1
878,2,1315.5,52.37,26.16,35.16
879,2,1317.0,52.42,26.21,35.21
880,2,1318.5,52.46,26.26,35.26
881,2,1320.0,52.5,26.31,35.31
882,2,1321.5,52.55,26.36,35.36
883,2,1323.0,52.59,26.41,35.41
884,2,1324.5,52.64,26.46,35.46
885,2,1326.0,52.68,26.51,35.51
886,2,1327.5,52.72,26.56,35.56
887,2,1329.0,52.76,26.6,35.6
888,2,1330.5,52.81,26.65,35.65
889,2,1332.0,52.85,26.69,35.69
890,2,1333.5,52.89,26.74,35.74
891,2,1335.0,52.93,26.78,35.78
892,2,1336.5,52.97,26.83,35.83
893,2,1338.0,53.01,26.87,35.87
894,2,1339.5,53.05,26.91,35.91
895,2,1341.0,53.09,26.95,35.95
896,2,1342.5,53.13,26.99,35.99
897,2,1344.0,53.17,27.03,36.03
898,2,1345.5,53.21,27.07,36.07
899,2,1347.0,53.25,27.11,36.11
900,2,1348.5,53.28,27.14,36.14
901,2,1350.0,53.32,27.18,36.18
902,2,1351.5,53.36,27.21,36.21
903,2,1353.0,53.39,27.25,36.25
904,2,1354.5,53.43,27.28,36.28
905,2,1356.0,53.46,27.32,36.32
906,2,1357.5,53.5,27.35,36.35
907,2,1359.0,53.53,27.38,36.38
908,2,1360.5,53.57,27.41,36.41
909,2,1362.0,53.6,27.44,36.44
910,2,1363.5,53.63,27.47,36.47
911,2,1365.0,53.66,27.5,36.5
912,2,1366.5,53.7,27.53,36.53
913,2,1368.0,53.73,27.55,36.55
914,2,1369.5,53.76,27.58,36.58
915,2,1371.0,53.79,27.6,36.6
916,2,1372.5,53.82,27.63,36.63
917,2,1374.0,53.85,27.65,36.65
918,2,1375.5,53.88,27.68,36.68
919,2,1377.0,53.9,27.7,36.7
920,2,1378.5,53.93,27.72,36.72
921,2,1380.0,53.96,27.74,36.74
922,2,1381.5,53.99,27.76,36.76
923,2,1383.0,54.01,27.78,36.78
924,2,1384.5,54.04,27.8,36.8
925,2,1386.0,54.06,27.81,36.81
926,2,1387.5,54.09,27.83,36.83
927,2,1389.0,54.11,27.85,36.85
928,2,1390.5,54.14,27.86,36.86
929,2,1392.0,54.16,27.88,36.88
930,2,1393.5,54.18,27.89,36.89
931,2,1395.0,54.2,27.91,36.91
932,2,1396.5,54.22,27.92,36.92
933,2,1398.0,54.25,27.93,36.93
934,2,1399.5,54.27,27.94,36.94
935,2,1401.0,54.29,27.95,36.95
936,2,1402.5,54.31,27.96,36.96
937,2,1404.0,54.32,27.97,36.97
938,2,1405.5,54.34,27.98,36.98
939,2,1407.0,54.36,27.99,36.99
940,2,1408.5,54.38,28.0,37.0
941,2,1410.0,54.39,28.0,37.0
942,2,1411.5,54.41,28.01,37.01
943,2,1413.0,54.43,28.02,37.02
944,2,1414.5,54.44,28.02,37.02
945,2,1416.0,54.46,28.03,37.03
946,2,1417.5,54.47,28.03,37.03
947,2,1419.0,54.49,28.04,37.04
948,2,1420.5,54.5,28.04,37.04
949,2,1422.0,54.51,28.04,37.04
950,2,1423.5,54.52,28.04,37.04
951,2,1425.0,54.54,28.04,37.04
952,2,1426.5,54.55,28.05,37.05
953,2,1428.0,54.56,28.05,37.05
954,2,1429.5,54.57,28.05,37.05
955,2,1431.0,54.58,28.05,37.05
956,2,1432.5,54.59,28.05,37.05
957,2,1434.0,54.6,28.05,37.05
958,2,1435.5,54.61,28.04,37.04
959,2,1437.0,54.62,28.04,37.04
960,2,1438.5,54.62,28.04,37.04
961,2,1440.0,54.63,28.04,37.04
962,2,1441.5,54.64,28.04,37.04
963,2,1443.0,54.65,28.03,37.03
964,2,1444.5,54.65,28.03,37.03
965,2,1446.0,54.66,28.03,37.03
966,2,1447.5,54.67,28.02,37.02
967,2,1449.0,54.67,28.02,37.02
968,2,1450.5,54.68,28.01,37.01
969,2,1452.0,54.68,28.01,37.01
970,2,1453.5,54.68,28.0,37.0
971,2,1455.0,54.69,28.0,37.0
972,2,1456.5,54.69,27.99,36.99
973,2,1458.0,54.7,27.99,36.99
974,2,1459.5,54.7,27.98,36.98
975,2,1461.0,54.7,27.98,36.98
976,2,1462.5,54.7,27.97,36.97
977,2,1464.0,54.71,27.97,36.97
978,2,1465.5,54.71,27.96,36.96
979,2,1467.0,54.71,27.96,36.96
980,2,1468.5,54.71,27.95,36.95
981,2,1470.0,54.71,27.94,36.94
982,2,1471.5,54.71,27.94,36.94
983,2,1473.0,54.71,27.93,36.93
984,2,1474.5,54.71,27.93,36.93
985,2,1476.0,54.71,27.92,36.92
986,2,1477.5,54.71,27.91,36.91
987,2,1479.0,54.71,27.91,36.91
988,2,1480.5,54.71,27.9,36.9
989,2,1482.0,54.71,27.9,36.9
990,2,1483.5,54.71,27.89,36.89
991,2,1485.0,54.71,27.88,36.88
992,2,1486.5,54.71,27.88,36.88
993,2,1488.0,54.71,27.87,36.87
994,2,1489.5,54.71,27.87,36.87
995,2,1491.0,54.71,27.86,36.86
996,2,1492.5,54.71,27.86,36.86
997,2,1494.0,54.71,27.86,36.86
998,2,1495.5,54.7,27.85,36.85
999,2,1497.0,54.7,27.85,36.85
1000,2,1498.5,54.7,27.84,36.84
1001,2,1500.0,54.7,27.84,36.84
1002,2,1501.5,54.7,27.84,36.84
1003,2,1503.0,54.69,27.83,36.83
1004,2,1504.5,54.69,27.83,36.83
1005,2,1506.0,54.69,27.83,36.83
1006,2,1507.5,54.69,27.83,36.83
1007,2,1509.0,54.69,27.83,36.83
1008,2,1510.5,54.69,27.83,36.83
1009,2,1512.0,54.68,27.82,36.82
1010,2,1513.5,54.68,27.82,36.82
1011,2,1515.0,54.68,27.82,36.82
1012,2,1516.5,54.68,27.83,36.83
1013,2,1518.0,54.68,27.83,36.83
1014,2,1519.5,54.68,27.83,36.83
1015,2,1521.0,54.67,27.83,36.83
1016,2,1522.5,54.67,27.83,36.83
1017,2,1524.0,54.67,27.83,36.83
1018,2,1525.5,54.67,27.84,36.84
1019,2,1527.0,54.67,27.84,36.84
1020,2,1528.5,54.67,27.85,36.85
1021,2,1530.0,54.67,27.85,36.85
1022,2,1531.5,54.67,27.86,36.86
1023,2,1533.0,54.67,27.86,36.86
1024,2,1534.5,54.67,27.87,36.87
1025,2,1536.0,54.67,27.88,36.88
1026,2,1537.5,54.67,27.88,36.88
1027,2,1539.0,54.67,27.89,36.89
1028,2,1540.5,54.67,27.9,36.9
1029,2,1542.0,54.67,27.91,36.91
1030,2,1543.5,54.67,27.92,36.92
1031,2,1545.0,54.67,27.93,36.93
1032,2,1546.5,54.67,27.94,36.94
1033,2,1548.0,54.67,27.96,36.96
1034,2,1549.5,54.68,27.97,36.97
1035,2,1551.0,54.68,27.98,36.98
1036,2,1552.5,54.68,28.0,37.0
1037,2,1554.0,54.68,28.01,37.01
1038,2,1555.5,54.69,28.03,37.03
1039,2,1557.0,54.69,28.04,37.04
1040,2,1558.5,54.69,28.06,37.06
1041,2,1560.0,54.7,28.08,37.08
1042,2,1561.5,54.7,28.09,37.09
1043,2,1563.0,54.7,28.11,37.11
1044,2,1564.5,54.71,28.13,37.13
1045,2,1566.0,54.71,28.15,37.15
1046,2,1567.5,54.72,28.17,37.17
1047,2,1569.0,54.73,28.19,37.19
1048,2,1570.5,54.73,28.22,37.22
1049,2,1572.0,54.74,28.24,37.24
1050,2,1573.5,54.74,28.26,37.26
1051,2,1575.0,54.75,28.29,37.29
1052,2,1576.5,54.76,28.31,37.31
1053,2,1578.0,54.77,28.34,37.34
1054,2,1579.5,54.77,28.36,37.36
1055,2,1581.0,54.78,28.39,37.39
1056,2,1582.5,54.79,28.42,37.42
1057,2,1584.0,54.8,28.45,37.45
1058,2,1585.5,54.81,28.48,37.48
1059,2,1587.0,54.82,28.51,37.51
1060,2,1588.5,54.83,28.54,37.54
1061,2,1590.0,54.84,28.57,37.57
1062,2,1591.5,54.85,28.6,37.6
1063,2,1593.0,54.87,28.64,37.64
1064,2,1594.5,54.88,28.67,37.67
1065,2,1596.0,54.89,28.7,37.7
1066,2,1597.5,54.9,28.74,37.74
1067,2,1599.0,54.92,28.77,37.77
1068,2,1600.5,54.93,28.81,37.81
1069,2,1602.0,54.94,28.85,37.85
1070,2,1603.5,54.96,28.89,37.89
1071,2,1605.0,54.97,28.92,37.92
1072,2,1606.5,54.99,28.96,37.96
1073,2,1608.0,55.0,29.0,38.0
1074,2,1609.5,55.02,29.04,38.04
1075,2,1611.0,55.04,29.09,38.09
1076,2,1612.5,55.05,29.13,38.13
1077,2,1614.0,55.07,29.17,38.17
1078,2,1615.5,55.09,29.21,38.21
1079,2,1617.0,55.11,29.26,38.26
1080,2,1618.5,55.12,29.3,38.3
1081,2,1620.0,55.14,29.35,38.35
1082,2,1621.5,55.16,29.39,38.39
1083,2,1623.0,55.18,29.44,38.44
1084,2,1624.5,55.2,29.48,38.48
1085,2,1626.0,55.22,29.53,38.53
1086,2,1627.5,55.24,29.58,38.58
1087,2,1629.0,55.26,29.63,38.63
1088,2,1630.5,55.29,29.68,38.68
1089,2,1632.0,55.31,29.73,38.73
1090,2,1633.5,55.33,29.78,38.78
1091,2,1635.0,55.35,29.83,38.83
1092,2,1636.5,55.37,29.88,38.88
1093,2,1638.0,55.4,29.93,38.93
1094,2,1639.5,55.42,29.98,38.98
1095,2,1641.0,55.45,30.04,39.04
1096,2,1642.5,55.47,30.09,39.09
1097,2,1644.0,55.5,30.14,39.14
1098,2,1645.5,55.52,30.2,39.2
1099,2,1647.0,55.55,30.25,39.25
1100,2,1648.5,55.57,30.3,39.3
1101,2,1650.0,55.6,30.36,39.36
1102,2,1651.5,55.62,30.41,39.41
1103,2,1653.0,55.65,30.47,39.47
1104,2,1654.5,55.68,30.53,39.53
1105,2,1656.0,55.7,30.58,39.58
1106,2,1657.5,55.73,30.64,39.64
1107,2,1659.0,55.76,30.7,39.7
1108,2,1660.5,55.79,30.75,39.75
1109,2,1662.0,55.82,30.81,39.81
1110,2,1663.5,55.85,30.87,39.87
1111,2,1665.0,55.87,30.93,39.93
1112,2,1666.5,55.9,30.99,39.99
1113,2,1668.0,55.93,31.05,40.05
1114,2,1669.5,55.96,31.11,40.11
1115,2,1671.0,55.99,31.16,40.16
1116,2,1672.5,56.02,31.22,40.22
1117,2,1674.0,56.05,31.28,40.28
1118,2,1675.5,56.08,31.34,40.34
1119,2,1677.0,56.11,31.4,40.4
1120,2,1678.5,56.15,31.46,40.46
1121,2,1680.0,56.18,31.52,40.52
1122,2,1681.5,56.21,31.58,40.58
1123,2,1683.0,56.24,31.64,40.64
1124,2,1684.5,56.27,31.7,40.7
1125,2,1686.0,56.3,31.76,40.76
1126,2,1687.5,56.33,31.82,40.82
1127,2,1689.0,56.37,31.88,40.88
1128,2,1690.5,56.4,31.94,40.94
1129,2,1692.0,56.43,32.0,41.0
1130,2,1693.5,56.46,32.06,41.06
1131,2,1695.0,56.49,32.12,41.12
1132,2,1696.5,56.53,32.18,41.18
1133,2,1698.0,56.56,32.24,41.24
1134,2,1699.5,56.59,32.3,41.3
1135,2,1701.0,56.62,32.36,41.36
1136,2,1702.5,56.66,32.42,41.42
1137,2,1704.0,56.69,32.48,41.48
1138,2,1705.5,56.72,32.54,41.54
1139,2,1707.0,56.75,32.6,41.6
1140,2,1708.5,56.79,32.66,41.66
1141,2,1710.0,56.82,32.72,41.72
1142,2,1711.5,56.85,32.77,41.77
1143,2,1713.0,56.89,32.83,41.83
1144,2,1714.5,56.92,32.89,41.89
1145,2,1716.0,56.95,32.95,41.95
1146,2,1717.5,56.98,33.01,42.01
1147,2,1719.0,57.01,33.06,42.06
1148,2,1720.5,57.05,33.12,42.12
1149,2,1722.0,57.08,33.17,42.17
1150,2,1723.5,57.11,33.23,42.23
1151,2,1725.0,57.14,33.29,42.29
1152,2,1726.5,57.17,33.34,42.34
1153,2,1728.0,57.21,33.4,42.4
1154,2,1729.5,57.24,33.45,42.45
1155,2,1731.0,57.27,33.5,42.5
1156,2,1732.5,57.3,33.56,42.56
1157,2,1734.0,57.33,33.61,42.61
1158,2,1735.5,57.36,33.66,42.66
1159,2,1737.0,57.39,33.71,42.71
1160,2,1738.5,57.42,33.77,42.77
1161,2,1740.0,57.45,33.82,42.82
1162,2,1741.5,57.48,33.87,42.87
1163,2,1743.0,57.51,33.92,42.92
1164,2,1744.5,57.54,33.97,42.97
1165,2,1746.0,57.57,34.01,43.01
1166,2,1747.5,57.6,34.06,43.06
1167,2,1749.0,57.63,34.11,43.11
1168,2,1750.5,57.66,34.16,43.16
1169,2,1752.0,57.68,34.2,43.2
1170,2,1753.5,57.71,34.25,43.25
1171,2,1755.0,57.74,34.29,43.29
1172,2,1756.5,57.77,34.34,43.34
1173,2,1758.0,57.79,34.38,43.38
1174,2,1759.5,57.82,34.42,43.42
1175,2,1761.0,57.85,34.47,43.47
1176,2,1762.5,57.87,34.51,43.51
1177,2,1764.0,57.9,34.55,43.55
1178,2,1765.5,57.92,34.59,43.59
1179,2,1767.0,57.95,34.63,43.63
1180,2,1768.5,57.97,34.67,43.67
1181,2,1770.0,57.99,34.71,43.71
1182,2,1771.5,58.02,34.74,43.74
1183,2,1773.0,58.04,34.78,43.78
1184,2,1774.5,58.06,34.82,43.82
1185,2,1776.0,58.09,34.85,43.85
1186,2,1777.5,58.11,34.88,43.88
1187,2,1779.0,58.13,34.92,43.92
1188,2,1780.5,58.15,34.95,43.95
1189,2,1782.0,58.17,34.98,43.98
1190,2,1783.5,58.19,35.01,44.01
1191,2,1785.0,58.21,35.04,44.04
1192,2,1786.5,58.23,35.07,44.07
1193,2,1788.0,58.25,35.1,44.1
1194,2,1789.5,58.26,35.13,44.13
1195,2,1791.0,58.28,35.16,44.16
1196,2,1792.5,58.3,35.18,44.18
1197,2,1794.0,58.31,35.21,44.21
1198,2,1795.5,58.33,35.23,44.23
1199,2,1797.0,58.35,35.26,44.26
1200,2,1798.5,58.36,35.28,44.28
1201,2,1800.0,58.38,35.3,44.3
1202,2,1801.5,58.39,35.32,44.32
1203,2,1803.0,58.4,35.34,44.34
1204,2,1804.5,58.42,35.36,44.36
1205,2,1806.0,58.43,35.38,44.38
1206,2,1807.5,58.44,35.4,44.4
1207,2,1809.0,58.45,35.42,44.42
1208,2,1810.5,58.46,35.43,44.43
1209,2,1812.0,58.47,35.45,44.45
1210,2,1813.5,58.48,35.46,44.46
1211,2,1815.0,58.49,35.48,44.48
1212,2,1816.5,58.5,35.49,44.49
1213,2,1818.0,58.51,35.5,44.5
1214,2,1819.5,58.51,35.51,44.51
1215,2,1821.0,58.52,35.52,44.52
1216,2,1822.5,58.53,35.53,44.53
1217,2,1824.0,58.53,35.54,44.54
1218,2,1825.5,58.54,35.55,44.55
1219,2,1827.0,58.54,35.56,44.56
1220,2,1828.5,58.55,35.56,44.56
1221,2,1830.0,58.55,35.57,44.57
1222,2,1831.5,58.55,35.58,44.58
1223,2,1833.0,58.55,35.58,44.58
1224,2,1834.5,58.56,35.58,44.58
1225,2,1836.0,58.56,35.58,44.58
1226,2,1837.5,58.56,35.59,44.59
1227,2,1839.0,58.56,35.59,44.59
1228,2,1840.5,58.56,35.59,44.59
1229,2,1842.0,58.55,35.59,44.59
1230,2,1843.5,58.55,35.59,44.59
1231,2,1845.0,58.55,35.58,44.58
1232,2,1846.5,58.55,35.58,44.58
1233,2,1848.0,58.54,35.58,44.58
1234,2,1849.5,58.54,35.57,44.57
1235,2,1851.0,58.54,35.57,44.57
1236,2,1852.5,58.53,35.56,44.56
1237,2,1854.0,58.53,35.56,44.56
1238,2,1855.5,58.52,35.55,44.55
1239,2,1857.0,58.51,35.54,44.54
1240,2,1858.5,58.51,35.53,44.53
1241,2,1860.0,58.5,35.53,44.53
1242,2,1861.5,58.49,35.52,44.52
1243,2,1863.0,58.48,35.51,44.51
1244,2,1864.5,58.47,35.5,44.5
1245,2,1866.0,58.46,35.48,44.48
1246,2,1867.5,58.45,35.47,44.47
1247,2,1869.0,58.44,35.46,44.46
1248,2,1870.5,58.43,35.45,44.45
1249,2,1872.0,58.42,35.43,44.43
1250,2,1873.5,58.41,35.42,44.42
1251,2,1875.0,58.39,35.4,44.4
1252,2,1876.5,58.38,35.39,44.39
1253,2,1878.0,58.37,35.37,44.37
1254,2,1879.5,58.35,35.36,44.36
1255,2,1881.0,58.34,35.34,44.34
1256,2,1882.5,58.33,35.32,44.32
1257,2,1884.0,58.31,35.31,44.31
1258,2,1885.5,58.29,35.29,44.29
1259,2,1887.0,58.28,35.27,44.27
1260,2,1888.5,58.26,35.25,44.25
1261,2,1890.0,58.25,35.23,44.23
1262,2,1891.5,58.23,35.21,44.21
1263,2,1893.0,58.21,35.19,44.19
1264,2,1894.5,58.19,35.17,44.17
1265,2,1896.0,58.17,35.15,44.15
1266,2,1897.5,58.16,35.13,44.13
1267,2,1899.0,58.14,35.11,44.11
1268,2,1900.5,58.12,35.09,44.09
1269,2,1902.0,58.1,35.07,44.07
1270,2,1903.5,58.08,35.05,44.05
1271,2,1905.0,58.06,35.03,44.03
1272,2,1906.5,58.04,35.0,44.0
1273,2,1908.0,58.02,34.98,43.98
1274,2,1909.5,58.0,34.96,43.96
1275,2,1911.0,57.97,34.94,43.94
1276,2,1912.5,57.95,34.91,43.91
1277,2,1914.0,57.93,34.89,43.89
1278,2,1915.5,57.91,34.87,43.87
1279,2,1917.0,57.89,34.84,43.84
1280,2,1918.5,57.86,34.82,43.82
1281,2,1920.0,57.84,34.8,43.8
1282,2,1921.5,57.82,34.77,43.77
1283,2,1923.0,57.79,34.75,43.75
1284,2,1924.5,57.77,34.73,43.73
1285,2,1926.0,57.75,34.7,43.7
1286,2,1927.5,57.72,34.68,43.68
1287,2,1929.0,57.7,34.66,43.66
1288,2,1930.5,57.68,34.63,43.63
1289,2,1932.0,57.65,34.61,43.61
1290,2,1933.5,57.63,34.59,43.59
1291,2,1935.0,57.6,34.56,43.56
1292,2,1936.5,57.58,34.54,43.54
1293,2,1938.0,57.56,34.52,43.52
1294,2,1939.5,57.53,34.5,43.5
1295,2,1941.0,57.51,34.47,43.47
1296,2,1942.5,57.48,34.45,43.45
1297,2,1944.0,57.46,34.43,43.43
1298,2,1945.5,57.43,34.41,43.41
1299,2,1947.0,57.41,34.38,43.38
1300,2,1948.5,57.38,34.36,43.36
1301,2,1950.0,57.36,34.34,43.34
1302,2,1951.5,57.34,34.32,43.32
1303,2,1953.0,57.31,34.3,43.3
1304,2,1954.5,57.29,34.28,43.28
1305,2,1956.0,57.26,34.26,43.26
1306,2,1957.5,57.24,34.24,43.24
1307,2,1959.0,57.21,34.22,43.22
1308,2,1960.5,57.19,34.2,43.2
1309,2,1962.0,57.17,34.18,43.18
1310,2,1963.5,57.14,34.16,43.16
1311,2,1965.0,57.12,34.15,43.15
1312,2,1966.5,57.1,34.13,43.13
1313,2,1968.0,57.07,34.11,43.11
1314,2,1969.5,57.05,34.09,43.09
1315,2,1971.0,57.03,34.08,43.08
1316,2,1972.5,57.0,34.06,43.06
1317,2,1974.0,56.98,34.05,43.05
1318,2,1975.5,56.96,34.03,43.03
1319,2,1977.0,56.94,34.02,43.02
1320,2,1978.5,56.91,34.0,43.0
1321,2,1980.0,56.89,33.99,42.99
1322,2,1981.5,56.87,33.98,42.98
1323,2,1983.0,56.85,33.96,42.96
1324,2,1984.5,56.83,33.95,42.95
1325,2,1986.0,56.81,33.94,42.94
1326,2,1987.5,56.79,33.93,42.93
1327,2,1989.0,56.77,33.92,42.92
1328,2,1990.5,56.75,33.91,42.91
1329,2,1992.0,56.73,33.9,42.9
1330,2,1993.5,56.71,33.89,42.89
1331,2,1995.0,56.69,33.88,42.88
1332,2,1996.5,56.67,33.88,42.88
1333,2,1998.0,56.65,33.87,42.87
1334,2,1999.5,56.64,33.86,42.86
1335,2,2001.0,56.62,33.86,42.86
1336,2,2002.5,56.6,33.85,42.85
1337,2,2004.0,56.58,33.85,42.85
1338,2,2005.5,56.57,33.85,42.85
1339,2,2007.0,56.55,33.84,42.84
1340,2,2008.5,56.54,33.84,42.84
1341,2,2010.0,56.52,33.84,42.84
1342,2,2011.5,56.51,33.84,42.84
1343,2,2013.0,56.49,33.84,42.84
1344,2,2014.5,56.48,33.84,42.84
1345,2,2016.0,56.47,33.84,42.84
1346,2,2017.5,56.45,33.84,42.84
1347,2,2019.0,56.44,33.84,42.84
1348,2,2020.5,56.43,33.85,42.85
1349,2,2022.0,56.42,33.85,42.85
1350,2,2023.5,56.41,33.86,42.86
1351,2,2025.0,56.39,33.86,42.86
1352,2,2026.5,56.38,33.87,42.87
1353,2,2028.0,56.38,33.87,42.87
1354,2,2029.5,56.37,33.88,42.88
1355,2,2031.0,56.36,33.89,42.89
1356,2,2032.5,56.35,33.9,42.9
1357,2,2034.0,56.34,33.91,42.91
1358,2,2035.5,56.33,33.92,42.92
1359,2,2037.0,56.33,33.93,42.93
1360,2,2038.5,56.32,33.94,42.94
1361,2,2040.0,56.32,33.95,42.95
1362,2,2041.5,56.31,33.97,42.97
1363,3,2043.0,56.31,33.98,42.98
1364,3,2044.5,56.3,33.99,42.99
1365,3,2046.0,56.3,34.01,43.01
1366,3,2047.5,56.3,34.02,43.02
1367,3,2049.0,56.29,34.04,43.04
1368,3,2050.5,56.29,34.06,43.06
1369,3,2052.0,56.29,34.08,43.08
1370,3,2053.5,56.29,34.09,43.09
1371,3,2055.0,56.29,34.11,43.11
1372,3,2056.5,56.29,34.13,43.13
1373,3,2058.0,56.29,34.15,43.15
1374,3,2059.5,56.29,34.17,43.17
1375,3,2061.0,56.3,34.2,43.2
1376,3,2062.5,56.3,34.22,43.22
1377,3,2064.0,56.3,34.24,43.24
1378,3,2065.5,56.3,34.26,43.26
1379,3,2067.0,56.31,34.29,43.29
1380,3,2068.5,56.31,34.31,43.31
1381,3,2070.0,56.32,34.34,43.34
1382,3,2071.5,56.32,34.36,43.36
1383,3,2073.0,56.33,34.39,43.39
1384,3,2074.5,56.34,34.42,43.42
1385,3,2076.0,56.34,34.44,43.44
1386,3,2077.5,56.35,34.47,43.47
1387,3,2079.0,56.36,34.5,43.5
1388,3,2080.5,56.37,34.53,43.53
1389,3,2082.0,56.38,34.56,43.56
1390,3,2083.5,56.39,34.59,43.59
1391,3,2085.0,56.4,34.62,43.62
1392,3,2086.5,56.41,34.65,43.65
1393,3,2088.0,56.42,34.68,43.68
1394,3,2089.5,56.43,34.72,43.72
1395,3,2091.0,56.45,34.75,43.75
1396,3,2092.5,56.46,34.78,43.78
1397,3,2094.0,56.47,34.81,43.81
1398,3,2095.5,56.49,34.85,43.85
1399,3,2097.0,56.5,34.88,43.88
1400,3,2098.5,56.52,34.92,43.92
1401,3,2100.0,56.53,34.95,43.95
1402,3,2101.5,56.55,34.99,43.99
1403,3,2103.0,56.57,35.02,44.02
1404,3,2104.5,56.58,35.06,44.06
1405,3,2106.0,56.6,35.1,44.1
1406,3,2107.5,56.62,35.13,44.13
1407,3,2109.0,56.64,35.17,44.17
1408,3,2110.5,56.65,35.21,44.21
1409,3,2112.0,56.67,35.24,44.24
1410,3,2113.5,56.69,35.28,44.28
1411,3,2115.0,56.71,35.32,44.32
1412,3,2116.5,56.73,35.36,44.36
1413,3,2118.0,56.75,35.4,44.4
1414,3,2119.5,56.77,35.43,44.43
1415,3,2121.0,56.8,35.47,44.47
1416,3,2122.5,56.82,35.51,44.51
1417,3,2124.0,56.84,35.55,44.55
1418,3,2125.5,56.86,35.59,44.59
1419,3,2127.0,56.89,35.63,44.63
1420,3,2128.5,56.91,35.67,44.67
1421,3,2130.0,56.93,35.71,44.71
1422,3,2131.5,56.96,35.75,44.75
1423,3,2133.0,56.98,35.79,44.79
1424,3,2134.5,57.01,35.83,44.83
1425,3,2136.0,57.03,35.87,44.87
1426,3,2137.5,57.05,35.91,44.91
1427,3,2139.0,57.08,35.94,44.94
1428,3,2140.5,57.11,35.98,44.98
1429,3,2142.0,57.13,36.02,45.02
1430,3,2143.5,57.16,36.06,45.06
1431,3,2145.0,57.18,36.1,45.1
1432,3,2146.5,57.21,36.14,45.14
1433,3,2148.0,57.24,36.18,45.18
1434,3,2149.5,57.26,36.22,45.22
1435,3,2151.0,57.29,36.26,45.26
1436,3,2152.5,57.32,36.3,45.3
1437,3,2154.0,57.35,36.34,45.34
1438,3,2155.5,57.37,36.37,45.37
1439,3,2157.0,57.4,36.41,45.41
1440,3,2158.5,57.43,36.45,45.45
1441,3,2160.0,57.46,36.49,45.49
1442,3,2161.5,57.49,36.52,45.52
1443,3,2163.0,57.52,36.56,45.56
1444,3,2164.5,57.54,36.6,45.6
1445,3,2166.0,57.57,36.63,45.63
1446,3,2167.5,57.6,36.67,45.67
1447,3,2169.0,57.63,36.71,45.71
1448,3,2170.5,57.66,36.74,45.74
1449,3,2172.0,57.69,36.78,45.78
1450,3,2173.5,57.72,36.81,45.81
1451,3,2175.0,57.74,36.85,45.85
1452,3,2176.5,57.77,36.88,45.88
1453,3,2178.0,57.8,36.91,45.91
1454,3,2179.5,57.83,36.95,45.95
1455,3,2181.0,57.86,36.98,45.98
1456,3,2182.5,57.89,37.01,46.01
1457,3,2184.0,57.92,37.04,46.04
1458,3,2185.5,57.95,37.07,46.07
1459,3,2187.0,57.98,37.1,46.1
1460,3,2188.5,58.0,37.13,46.13
1461,3,2190.0,58.03,37.16,46.16
1462,3,2191.5,58.06,37.19,46.19
1463,3,2193.0,58.09,37.22,46.22
1464,3,2194.5,58.12,37.25,46.25
1465,3,2196.0,58.15,37.28,46.28
1466,3,2197.5,58.17,37.3,46.3
1467,3,2199.0,58.2,37.33,46.33
1468,3,2200.5,58.23,37.35,46.35
1469,3,2202.0,58.26,37.38,46.38
1470,3,2203.5,58.29,37.4,46.4
1471,3,2205.0,58.31,37.43,46.43
1472,3,2206.5,58.34,37.45,46.45
1473,3,2208.0,58.37,37.47,46.47
1474,3,2209.5,58.39,37.49,46.49
1475,3,2211.0,58.42,37.51,46.51
1476,3,2212.5,58.45,37.53,46.53
1477,3,2214.0,58.47,37.55,46.55
1478,3,2215.5,58.5,37.57,46.57
1479,3,2217.0,58.52,37.59,46.59
1480,3,2218.5,58.55,37.61,46.61
1481,3,2220.0,58.57,37.62,46.62
1482,3,2221.5,58.6,37.64,46.64
1483,3,2223.0,58.62,37.65,46.65
1484,3,2224.5,58.65,37.67,46.67
1485,3,2226.0,58.67,37.68,46.68
1486,3,2227.5,58.69,37.69,46.69
1487,3,2229.0,58.72,37.7,46.7
1488,3,2230.5,58.74,37.72,46.72
1489,3,2232.0,58.76,37.73,46.73
1490,3,2233.5,58.79,37.73,46.73
1491,3,2235.0,58.81,37.74,46.74
1492,3,2236.5,58.83,37.75,46.75
1493,3,2238.0,58.85,37.76,46.76
1494,3,2239.5,58.87,37.76,46.76
1495,3,2241.0,58.89,37.77,46.77
1496,3,2242.5,58.91,37.77,46.77
1497,3,2244.0,58.93,37.78,46.78
1498,3,2245.5,58.95,37.78,46.78
1499,3,2247.0,58.97,37.78,46.78
1500,3,2248.5,58.99,37.78,46.78
1501,3,2250.0,59.0,37.78,46.78
1502,3,2251.5,59.02,37.78,46.78
1503,3,2253.0,59.04,37.78,46.78
1504,3,2254.5,59.06,37.78,46.78
1505,3,2256.0,59.07,37.77,46.77
1506,3,2257.5,59.09,37.77,46.77
1507,3,2259.0,59.1,37.76,46.76
1508,3,2260.5,59.12,37.76,46.76
1509,3,2262.0,59.13,37.75,46.75
1510,3,2263.5,59.15,37.74,46.74
1511,3,2265.0,59.16,37.73,46.73
1512,3,2266.5,59.17,37.73,46.73
1513,3,2268.0,59.19,37.72,46.72
1514,3,2269.5,59.2,37.7,46.7
1515,3,2271.0,59.21,37.69,46.69
1516,3,2272.5,59.22,37.68,46.68
1517,3,2274.0,59.23,37.67,46.67
1518,3,2275.5,59.24,37.65,46.65
1519,3,2277.0,59.25,37.64,46.64
1520,3,2278.5,59.26,37.62,46.62
1521,3,2280.0,59.27,37.6,46.6
1522,3,2281.5,59.28,37.59,46.59
1523,3,2283.0,59.29,37.57,46.57
1524,3,2284.5,59.3,37.55,46.55
1525,3,2286.0,59.3,37.53,46.53
1526,3,2287.5,59.31,37.51,46.51
1527,3,2289.0,59.32,37.49,46.49
1528,3,2290.5,59.32,37.46,46.46
1529,3,2292.0,59.33,37.44,46.44
1530,3,2293.5,59.33,37.42,46.42
1531,3,2295.0,59.34,37.39,46.39
1532,3,2296.5,59.34,37.37,46.37
1533,3,2298.0,59.34,37.34,46.34
1534,3,2299.5,59.35,37.31,46.31
1535,3,2301.0,59.35,37.29,46.29
1536,3,2302.5,59.35,37.26,46.26
1537,3,2304.0,59.35,37.23,46.23
1538,3,2305.5,59.35,37.2,46.2
1539,3,2307.0,59.36,37.17,46.17
1540,3,2308.5,59.36,37.14,46.14
1541,3,2310.0,59.36,37.11,46.11
1542,3,2311.5,59.35,37.07,46.07
1543,3,2313.0,59.35,37.04,46.04
1544,3,2314.5,59.35,37.01,46.01
1545,3,2316.0,59.35,36.97,45.97
1546,3,2317.5,59.35,36.94,45.94
1547,3,2319.0,59.34,36.9,45.9
1548,3,2320.5,59.34,36.87,45.87
1549,3,2322.0,59.34,36.83,45.83
1550,3,2323.5,59.33,36.79,45.79
1551,3,2325.0,59.33,36.76,45.76
1552,3,2326.5,59.32,36.72,45.72
1553,3,2328.0,59.32,36.68,45.68
1554,3,2329.5,59.31,36.64,45.64
1555,3,2331.0,59.31,36.6,45.6
1556,3,2332.5,59.3,36.56,45.56
1557,3,2334.0,59.29,36.52,45.52
1558,3,2335.5,59.29,36.48,45.48
1559,3,2337.0,59.28,36.44,45.44
1560,3,2338.5,59.27,36.4,45.4
1561,3,2340.0,59.26,36.36,45.36
1562,3,2341.5,59.25,36.31,45.31
1563,3,2343.0,59.24,36.27,45.27
1564,3,2344.5,59.23,36.23,45.23
1565,3,2346.0,59.22,36.18,45.18
1566,3,2347.5,59.21,36.14,45.14
1567,3,2349.0,59.2,36.1,45.1
1568,3,2350.5,59.19,36.05,45.05
1569,3,2352.0,59.18,36.01,45.01
1570,3,2353.5,59.17,35.96,44.96
1571,3,2355.0,59.16,35.92,44.92
1572,3,2356.5,59.15,35.87,44.87
1573,3,2358.0,59.14,35.83,44.83
1574,3,2359.5,59.12,35.78,44.78
1575,3,2361.0,59.11,35.74,44.74
1576,3,2362.5,59.1,35.69,44.69
1577,3,2364.0,59.09,35.64,44.64
1578,3,2365.5,59.07,35.6,44.6
1579,3,2367.0,59.06,35.55,44.55
1580,3,2368.5,59.05,35.5,44.5
1581,3,2370.0,59.03,35.46,44.46
1582,3,2371.5,59.02,35.41,44.41
1583,3,2373.0,59.01,35.36,44.36
1584,3,2374.5,58.99,35.32,44.32
1585,3,2376.0,58.98,35.27,44.27
1586,3,2377.5,58.96,35.22,44.22
1587,3,2379.0,58.95,35.18,44.18
1588,3,2380.5,58.93,35.13,44.13
1589,3,2382.0,58.92,35.08,44.08
1590,3,2383.5,58.9,35.04,44.04
1591,3,2385.0,58.89,34.99,43.99
1592,3,2386.5,58.87,34.95,43.95
1593,3,2388.0,58.86,34.9,43.9
1594,3,2389.5,58.84,34.85,43.85
1595,3,2391.0,58.83,34.81,43.81
1596,3,2392.5,58.81,34.76,43.76
1597,3,2394.0,58.8,34.72,43.72
1598,3,2395.5,58.78,34.67,43.67
1599,3,2397.0,58.77,34.63,43.63
1600,3,2398.5,58.75,34.58,43.58
1601,3,2400.0,58.74,34.54,43.54
1602,3,2401.5,58.72,34.49,43.49
1603,3,2403.0,58.71,34.45,43.45
1604,3,2404.5,58.69,34.4,43.4
1605,3,2406.0,58.68,34.36,43.36
1606,3,2407.5,58.66,34.32,43.32
1607,3,2409.0,58.64,34.27,43.27
1608,3,2410.5,58.63,34.23,43.23
1609,3,2412.0,58.62,34.19,43.19
1610,3,2413.5,58.6,34.15,43.15
1611,3,2415.0,58.59,34.11,43.11
1612,3,2416.5,58.57,34.07,43.07
1613,3,2418.0,58.56,34.03,43.03
1614,3,2419.5,58.54,33.99,42.99
1615,3,2421.0,58.53,33.95,42.95
1616,3,2422.5,58.51,33.91,42.91
1617,3,2424.0,58.5,33.87,42.87
1618,3,2425.5,58.49,33.83,42.83
1619,3,2427.0,58.47,33.79,42.79
1620,3,2428.5,58.46,33.75,42.75
1621,3,2430.0,58.45,33.72,42.72
1622,3,2431.5,58.43,33.68,42.68
1623,3,2433.0,58.42,33.65,42.65
1624,3,2434.5,58.41,33.61,42.61
1625,3,2436.0,58.4,33.58,42.58
1626,3,2437.5,58.39,33.54,42.54
1627,3,2439.0,58.37,33.51,42.51
1628,3,2440.5,58.36,33.47,42.47
1629,3,2442.0,58.35,33.44,42.44
1630,3,2443.5,58.34,33.41,42.41
1631,3,2445.0,58.33,33.38,42.38
1632,3,2446.5,58.32,33.35,42.35
1633,3,2448.0,58.31,33.32,42.32
1634,3,2449.5,58.3,33.29,42.29
1635,3,2451.0,58.29,33.26,42.26
1636,3,2452.5,58.28,33.23,42.23
1637,3,2454.0,58.27,33.2,42.2
1638,3,2455.5,58.26,33.18,42.18
1639,3,2457.0,58.26,33.15,42.15
1640,3,2458.5,58.25,33.13,42.13
1641,3,2460.0,58.24,33.1,42.1
1642,3,2461.5,58.23,33.08,42.08
1643,3,2463.0,58.23,33.05,42.05
1644,3,2464.5,58.22,33.03,42.03
1645,3,2466.0,58.21,33.01,42.01
1646,3,2467.5,58.21,32.99,41.99
1647,3,2469.0,58.2,32.97,41.97
1648,3,2470.5,58.2,32.95,41.95
1649,3,2472.0,58.2,32.93,41.93
1650,3,2473.5,58.19,32.91,41.91
1651,3,2475.0,58.19,32.89,41.89
1652,3,2476.5,58.18,32.87,41.87
1653,3,2478.0,58.18,32.86,41.86
1654,3,2479.5,58.18,32.84,41.84
1655,3,2481.0,58.18,32.83,41.83
1656,3,2482.5,58.18,32.81,41.81
1657,3,2484.0,58.18,32.8,41.8
1658,3,2485.5,58.17,32.79,41.79
1659,3,2487.0,58.17,32.77,41.77
1660,3,2488.5,58.17,32.76,41.76
1661,3,2490.0,58.18,32.75,41.75
1662,3,2491.5,58.18,32.74,41.74
1663,3,2493.0,58.18,32.73,41.73
1664,3,2494.5,58.18,32.72,41.72
1665,3,2496.0,58.18,32.72,41.72
1666,3,2497.5,58.19,32.71,41.71
1667,3,2499.0,58.19,32.7,41.7
1668,3,2500.5,58.19,32.7,41.7
1669,3,2502.0,58.2,32.69,41.69
1670,3,2503.5,58.2,32.69,41.69
1671,3,2505.0,58.21,32.68,41.68
1672,3,2506.5,58.21,32.68,41.68
1673,3,2508.0,58.22,32.68,41.68
1674,3,2509.5,58.23,32.67,41.67
1675,3,2511.0,58.23,32.67,41.67
1676,3,2512.5,58.24,32.67,41.67
1677,3,2514.0,58.25,32.67,41.67
1678,3,2515.5,58.26,32.67,41.67
1679,3,2517.0,58.26,32.68,41.68
1680,3,2518.5,58.27,32.68,41.68
1681,3,2520.0,58.28,32.68,41.68
1682,3,2521.5,58.29,32.68,41.68
1683,3,2523.0,58.3,32.69,41.69
1684,3,2524.5,58.31,32.69,41.69
1685,3,2526.0,58.33,32.7,41.7
1686,3,2527.5,58.34,32.7,41.7
1687,3,2529.0,58.35,32.71,41.71
1688,3,2530.5,58.36,32.71,41.71
1689,3,2532.0,58.38,32.72,41.72
1690,3,2533.5,58.39,32.73,41.73
1691,3,2535.0,58.4,32.74,41.74
1692,3,2536.5,58.42,32.75,41.75
1693,3,2538.0,58.43,32.76,41.76
1694,3,2539.5,58.45,32.77,41.77
1695,3,2541.0,58.46,32.78,41.78
1696,3,2542.5,58.48,32.79,41.79
1697,3,2544.0,58.49,32.8,41.8
1698,3,2545.5,58.51,32.81,41.81
1699,3,2547.0,58.53,32.82,41.82
1700,3,2548.5,58.54,32.83,41.83
1701,3,2550.0,58.56,32.85,41.85
1702,3,2551.5,58.58,32.86,41.86
1703,3,2553.0,58.6,32.87,41.87
1704,3,2554.5,58.62,32.89,41.89
1705,3,2556.0,58.64,32.9,41.9
1706,3,2557.5,58.65,32.92,41.92
1707,3,2559.0,58.67,32.93,41.93
1708,3,2560.5,58.69,32.95,41.95
1709,3,2562.0,58.71,32.96,41.96
1710,3,2563.5,58.73,32.98,41.98
1711,3,2565.0,58.76,33.0,42.0
1712,3,2566.5,58.78,33.01,42.01
1713,3,2568.0,58.8,33.03,42.03
1714,3,2569.5,58.82,33.05,42.05
1715,3,2571.0,58.84,33.06,42.06
1716,3,2572.5,58.86,33.08,42.08
1717,3,2574.0,58.89,33.1,42.1
1718,3,2575.5,58.91,33.11,42.11
1719,3,2577.0,58.93,33.13,42.13
1720,3,2578.5,58.95,33.15,42.15
1721,3,2580.0,58.98,33.17,42.17
1722,3,2581.5,59.0,33.19,42.19
1723,3,2583.0,59.02,33.2,42.2
1724,3,2584.5,59.05,33.22,42.22
1725,3,2586.0,59.07,33.24,42.24
1726,3,2587.5,59.09,33.26,42.26
1727,3,2589.0,59.12,33.28,42.28
1728,3,2590.5,59.14,33.3,42.3
1729,3,2592.0,59.17,33.32,42.32
1730,3,2593.5,59.19,33.33,42.33
1731,3,2595.0,59.22,33.35,42.35
1732,3,2596.5,59.24,33.37,42.37
1733,3,2598.0,59.26,33.39,42.39
1734,3,2599.5,59.29,33.41,42.41
1735,3,2601.0,59.31,33.43,42.43
1736,3,2602.5,59.34,33.44,42.44
1737,3,2604.0,59.36,33.46,42.46
1738,3,2605.5,59.39,33.48,42.48
1739,3,2607.0,59.41,33.5,42.5
1740,3,2608.5,59.44,33.51,42.51
1741,3,2610.0,59.46,33.53,42.53
1742,3,2611.5,59.49,33.55,42.55
1743,3,2613.0,59.51,33.56,42.56
1744,3,2614.5,59.54,33.58,42.58
1745,3,2616.0,59.56,33.6,42.6
1746,3,2617.5,59.59,33.61,42.61
1747,3,2619.0,59.61,33.63,42.63
1748,3,2620.5,59.64,33.64,42.64
1749,3,2622.0,59.66,33.66,42.66
1750,3,2623.5,59.69,33.67,42.67
1751,3,2625.0,59.71,33.69,42.69
1752,3,2626.5,59.73,33.7,42.7
1753,3,2628.0,59.76,33.72,42.72
1754,3,2629.5,59.78,33.73,42.73
1755,3,2631.0,59.81,33.74,42.74
1756,3,2632.5,59.83,33.75,42.75
1757,3,2634.0,59.85,33.77,42.77
1758,3,2635.5,59.87,33.78,42.78
1759,3,2637.0,59.9,33.79,42.79
1760,3,2638.5,59.92,33.8,42.8
1761,3,2640.0,59.94,33.81,42.81
1762,3,2641.5,59.97,33.82,42.82
1763,3,2643.0,59.99,33.83,42.83
1764,3,2644.5,60.01,33.84,42.84
1765,3,2646.0,60.03,33.85,42.85
1766,3,2647.5,60.05,33.85,42.85
1767,3,2649.0,60.07,33.86,42.86
1768,3,2650.5,60.09,33.87,42.87
1769,3,2652.0,60.11,33.87,42.87
1770,3,2653.5,60.13,33.88,42.88
1771,3,2655.0,60.15,33.88,42.88
1772,3,2656.5,60.17,33.89,42.89
1773,3,2658.0,60.19,33.89,42.89
1774,3,2659.5,60.21,33.89,42.89
1775,3,2661.0,60.23,33.9,42.9
1776,3,2662.5,60.25,33.9,42.9
1777,3,2664.0,60.26,33.9,42.9
1778,3,2665.5,60.28,33.9,42.9
1779,3,2667.0,60.3,33.9,42.9
1780,3,2668.5,60.31,33.9,42.9
1781,3,2670.0,60.33,33.9,42.9
1782,3,2671.5,60.35,33.89,42.89
1783,3,2673.0,60.36,33.89,42.89
1784,3,2674.5,60.38,33.89,42.89
1785,3,2676.0,60.39,33.88,42.88
1786,3,2677.5,60.4,33.88,42.88
1787,3,2679.0,60.42,33.87,42.87
1788,3,2680.5,60.43,33.86,42.86
1789,3,2682.0,60.44,33.86,42.86
1790,3,2683.5,60.45,33.85,42.85
1791,3,2685.0,60.46,33.84,42.84
1792,3,2686.5,60.48,33.83,42.83
1793,3,2688.0,60.49,33.82,42.82
1794,3,2689.5,60.5,33.81,42.81
1795,3,2691.0,60.51,33.8,42.8
1796,3,2692.5,60.51,33.78,42.78
1797,3,2694.0,60.52,33.77,42.77
1798,3,2695.5,60.53,33.76,42.76
1799,3,2697.0,60.54,33.74,42.74
1800,3,2698.5,60.54,33.73,42.73
1801,3,2700.0,60.55,33.71,42.71
1802,3,2701.5,60.56,33.69,42.69
1803,3,2703.0,60.56,33.67,42.67
1804,3,2704.5,60.57,33.65,42.65
1805,3,2706.0,60.57,33.64,42.64
1806,3,2707.5,60.57,33.61,42.61
1807,3,2709.0,60.58,33.59,42.59
1808,3,2710.5,60.58,33.57,42.57
1809,3,2712.0,60.58,33.55,42.55
1810,3,2713.5,60.58,33.53,42.53
1811,3,2715.0,60.58,33.5,42.5
1812,3,2716.5,60.58,33.48,42.48
1813,3,2718.0,60.58,33.45,42.45
1814,3,2719.5,60.58,33.42,42.42
1815,3,2721.0,60.58,33.4,42.4
1816,3,2722.5,60.57,33.37,42.37
1817,3,2724.0,60.57,33.34,42.34
1818,3,2725.5,60.57,33.31,42.31
1819,3,2727.0,60.56,33.28,42.28
1820,3,2728.5,60.56,33.25,42.25
1821,3,2730.0,60.55,33.22,42.22
1822,3,2731.5,60.55,33.19,42.19
1823,3,2733.0,60.54,33.15,42.15
1824,3,2734.5,60.53,33.12,42.12
1825,3,2736.0,60.52,33.08,42.08
1826,3,2737.5,60.52,33.05,42.05
1827,3,2739.0,60.51,33.01,42.01
1828,3,2740.5,60.5,32.98,41.98
1829,3,2742.0,60.49,32.94,41.94
1830,3,2743.5,60.48,32.9,41.9
1831,3,2745.0,60.46,32.86,41.86
1832,3,2746.5,60.45,32.82,41.82
1833,3,2748.0,60.44,32.78,41.78
1834,3,2749.5,60.43,32.74,41.74
1835,3,2751.0,60.41,32.7,41.7
1836,3,2752.5,60.4,32.66,41.66
1837,3,2754.0,60.38,32.62,41.62
1838,3,2755.5,60.37,32.57,41.57
1839,3,2757.0,60.35,32.53,41.53
1840,3,2758.5,60.34,32.49,41.49
1841,3,2760.0,60.32,32.44,41.44
1842,3,2761.5,60.3,32.4,41.4
1843,3,2763.0,60.28,32.35,41.35
1844,3,2764.5,60.26,32.31,41.31
1845,3,2766.0,60.24,32.26,41.26
1846,3,2767.5,60.22,32.21,41.21
1847,3,2769.0,60.2,32.16,41.16
1848,3,2770.5,60.18,32.12,41.12
1849,3,2772.0,60.16,32.07,41.07
1850,3,2773.5,60.14,32.02,41.02
1851,3,2775.0,60.12,31.97,40.97
1852,3,2776.5,60.09,31.92,40.92
1853,3,2778.0,60.07,31.87,40.87
1854,3,2779.5,60.05,31.82,40.82
1855,3,2781.0,60.02,31.77,40.77
1856,3,2782.5,60.0,31.71,40.71
1857,3,2784.0,59.97,31.66,40.66
1858,3,2785.5,59.94,31.61,40.61
1859,3,2787.0,59.92,31.56,40.56
1860,3,2788.5,59.89,31.5,40.5
1861,3,2790.0,59.86,31.45,40.45
1862,3,2791.5,59.84,31.4,40.4
1863,3,2793.0,59.81,31.34,40.34
1864,3,2794.5,59.78,31.29,40.29
1865,3,2796.0,59.75,31.24,40.24
1866,3,2797.5,59.72,31.18,40.18
1867,3,2799.0,59.69,31.13,40.13
1868,3,2800.5,59.66,31.07,40.07
1869,3,2802.0,59.63,31.02,40.02
1870,3,2803.5,59.6,30.96,39.96
1871,3,2805.0,59.57,30.91,39.91
1872,3,2806.5,59.54,30.85,39.85
1873,3,2808.0,59.51,30.8,39.8
1874,3,2809.5,59.47,30.74,39.74
1875,3,2811.0,59.44,30.69,39.69
1876,3,2812.5,59.41,30.63,39.63
1877,3,2814.0,59.38,30.58,39.58
1878,3,2815.5,59.34,30.52,39.52
1879,3,2817.0,59.31,30.47,39.47
1880,3,2818.5,59.27,30.41,39.41
1881,3,2820.0,59.24,30.35,39.35
1882,3,2821.5,59.21,30.3,39.3
1883,3,2823.0,59.17,30.24,39.24
1884,3,2824.5,59.14,30.19,39.19
1885,3,2826.0,59.1,30.13,39.13
1886,3,2827.5,59.07,30.08,39.08
1887,3,2829.0,59.03,30.02,39.02
1888,3,2830.5,58.99,29.97,38.97
1889,3,2832.0,58.96,29.91,38.91
1890,3,2833.5,58.92,29.86,38.86
1891,3,2835.0,58.89,29.8,38.8
1892,3,2836.5,58.85,29.75,38.75
1893,3,2838.0,58.81,29.7,38.7
1894,3,2839.5,58.78,29.64,38.64
1895,3,2841.0,58.74,29.59,38.59
1896,3,2842.5,58.7,29.54,38.54
1897,3,2844.0,58.67,29.48,38.48
1898,3,2845.5,58.63,29.43,38.43
1899,3,2847.0,58.59,29.38,38.38
1900,3,2848.5,58.56,29.33,38.33
1901,3,2850.0,58.52,29.28,38.28
1902,3,2851.5,58.48,29.23,38.23
1903,3,2853.0,58.45,29.18,38.18
1904,3,2854.5,58.41,29.13,38.13
1905,3,2856.0,58.37,29.08,38.08
1906,3,2857.5,58.33,29.03,38.03
1907,3,2859.0,58.3,28.98,37.98
1908,3,2860.5,58.26,28.93,37.93
1909,3,2862.0,58.22,28.88,37.88
1910,3,2863.5,58.19,28.83,37.83
1911,3,2865.0,58.15,28.79,37.79
1912,3,2866.5,58.11,28.74,37.74
1913,3,2868.0,58.08,28.69,37.69
1914,3,2869.5,58.04,28.65,37.65
1915,3,2871.0,58.01,28.6,37.6
1916,3,2872.5,57.97,28.56,37.56
1917,3,2874.0,57.93,28.52,37.52
1918,3,2875.5,57.9,28.47,37.47
1919,3,2877.0,57.86,28.43,37.43
1920,3,2878.5,57.83,28.39,37.39
1921,3,2880.0,57.79,28.35,37.35
1922,3,2881.5,57.76,28.31,37.31
1923,3,2883.0,57.72,28.27,37.27
1924,3,2884.5,57.69,28.23,37.23
1925,3,2886.0,57.65,28.19,37.19
1926,3,2887.5,57.62,28.15,37.15
1927,3,2889.0,57.58,28.11,37.11
1928,3,2890.5,57.55,28.08,37.08
1929,3,2892.0,57.52,28.04,37.04
1930,3,2893.5,57.48,28.0,37.0
1931,3,2895.0,57.45,27.97,36.97
1932,3,2896.5,57.42,27.94,36.94
1933,3,2898.0,57.39,27.9,36.9
1934,3,2899.5,57.35,27.87,36.87
1935,3,2901.0,57.32,27.84,36.84
1936,3,2902.5,57.29,27.81,36.81
1937,3,2904.0,57.26,27.78,36.78
1938,3,2905.5,57.23,27.75,36.75
1939,3,2907.0,57.2,27.72,36.72
1940,3,2908.5,57.17,27.69,36.69
1941,3,2910.0,57.14,27.67,36.67
1942,3,2911.5,57.11,27.64,36.64
1943,3,2913.0,57.08,27.62,36.62
1944,3,2914.5,57.05,27.59,36.59
1945,3,2916.0,57.03,27.57,36.57
1946,3,2917.5,57.0,27.54,36.54
1947,3,2919.0,56.97,27.52,36.52
1948,3,2920.5,56.95,27.5,36.5
1949,3,2922.0,56.92,27.48,36.48
1950,3,2923.5,56.89,27.46,36.46
1951,3,2925.0,56.87,27.44,36.44
1952,3,2926.5,56.84,27.42,36.42
1953,3,2928.0,56.82,27.41,36.41
1954,3,2929.5,56.79,27.39,36.39
1955,3,2931.0,56.77,27.37,36.37
1956,3,2932.5,56.75,27.36,36.36
1957,4,2934.0,56.72,27.35,36.35
1958,4,2935.5,56.7,27.33,36.33
1959,4,2937.0,56.68,27.32,36.32
1960,4,2938.5,56.66,27.31,36.31
1961,4,2940.0,56.64,27.3,36.3
1962,4,2941.5,56.62,27.29,36.29
1963,4,2943.0,56.6,27.28,36.28
1964,4,2944.5,56.58,27.27,36.27
1965,4,2946.0,56.56,27.27,36.27
1966,4,2947.5,56.54,27.26,36.26
1967,4,2949.0,56.52,27.25,36.25
1968,4,2950.5,56.51,27.25,36.25
1969,4,2952.0,56.49,27.24,36.24
1970,4,2953.5,56.47,27.24,36.24
1971,4,2955.0,56.46,27.24,36.24
1972,4,2956.5,56.44,27.24,36.24
1973,4,2958.0,56.43,27.24,36.24
1974,4,2959.5,56.41,27.24,36.24
1975,4,2961.0,56.4,27.24,36.24
1976,4,2962.5,56.38,27.24,36.24
1977,4,2964.0,56.37,27.24,36.24
1978,4,2965.5,56.36,27.24,36.24
1979,4,2967.0,56.35,27.25,36.25
1980,4,2968.5,56.34,27.25,36.25
1981,4,2970.0,56.33,27.26,36.26
1982,4,2971.5,56.32,27.26,36.26
1983,4,2973.0,56.31,27.27,36.27
1984,4,2974.5,56.3,27.28,36.28
1985,4,2976.0,56.29,27.29,36.29
1986,4,2977.5,56.28,27.29,36.29
1987,4,2979.0,56.27,27.3,36.3
1988,4,2980.5,56.26,27.31,36.31
1989,4,2982.0,56.26,27.32,36.32
1990,4,2983.5,56.25,27.34,36.34
1991,4,2985.0,56.25,27.35,36.35
1992,4,2986.5,56.24,27.36,36.36
1993,4,2988.0,56.24,27.37,36.37
1994,4,2989.5,56.23,27.39,36.39
1995,4,2991.0,56.23,27.4,36.4
1996,4,2992.5,56.22,27.42,36.42
1997,4,2994.0,56.22,27.43,36.43
1998,4,2995.5,56.22,27.45,36.45
1999,4,2997.0,56.22,27.47,36.47
2000,4,2998.5,56.22,27.48,36.48
2001,4,3000.0,56.22,27.5,36.5
2002,4,3001.5,56.21,27.52,36.52
2003,4,3003.0,56.21,27.54,36.54
2004,4,3004.5,56.22,27.56,36.56
2005,4,3006.0,56.22,27.58,36.58
2006,4,3007.5,56.22,27.6,36.6
2007,4,3009.0,56.22,27.62,36.62
2008,4,3010.5,56.22,27.64,36.64
2009,4,3012.0,56.22,27.66,36.66
2010,4,3013.5,56.23,27.68,36.68
2011,4,3015.0,56.23,27.7,36.7
2012,4,3016.5,56.23,27.73,36.73
2013,4,3018.0,56.24,27.75,36.75
2014,4,3019.5,56.24,27.77,36.77
2015,4,3021.0,56.25,27.8,36.8
2016,4,3022.5,56.25,27.82,36.82
2017,4,3024.0,56.26,27.84,36.84
2018,4,3025.5,56.26,27.87,36.87
2019,4,3027.0,56.27,27.89,36.89
2020,4,3028.5,56.27,27.92,36.92
2021,4,3030.0,56.28,27.94,36.94
2022,4,3031.5,56.29,27.97,36.97
2023,4,3033.0,56.3,27.99,36.99
2024,4,3034.5,56.3,28.02,37.02
2025,4,3036.0,56.31,28.04,37.04
2026,4,3037.5,56.32,28.07,37.07
2027,4,3039.0,56.33,28.1,37.1
2028,4,3040.5,56.34,28.12,37.12
2029,4,3042.0,56.35,28.15,37.15
2030,4,3043.5,56.36,28.18,37.18
2031,4,3045.0,56.37,28.2,37.2
2032,4,3046.5,56.38,28.23,37.23
2033,4,3048.0,56.39,28.26,37.26
2034,4,3049.5,56.4,28.28,37.28
2035,4,3051.0,56.41,28.31,37.31
2036,4,3052.5,56.42,28.34,37.34
2037,4,3054.0,56.43,28.36,37.36
2038,4,3055.5,56.44,28.39,37.39
2039,4,3057.0,56.45,28.41,37.41
2040,4,3058.5,56.46,28.44,37.44
2041,4,3060.0,56.47,28.47,37.47
2042,4,3061.5,56.48,28.49,37.49
2043,4,3063.0,56.5,28.52,37.52
2044,4,3064.5,56.51,28.55,37.55
2045,4,3066.0,56.52,28.57,37.57
2046,4,3067.5,56.53,28.6,37.6
2047,4,3069.0,56.54,28.62,37.62
2048,4,3070.5,56.56,28.65,37.65
2049,4,3072.0,56.57,28.67,37.67
2050,4,3073.5,56.58,28.7,37.7
2051,4,3075.0,56.59,28.72,37.72
2052,4,3076.5,56.6,28.75,37.75
2053,4,3078.0,56.62,28.77,37.77
2054,4,3079.5,56.63,28.79,37.79
2055,4,3081.0,56.64,28.82,37.82
2056,4,3082.5,56.65,28.84,37.84
2057,4,3084.0,56.67,28.86,37.86
2058,4,3085.5,56.68,28.89,37.89
2059,4,3087.0,56.69,28.91,37.91
2060,4,3088.5,56.7,28.93,37.93
2061,4,3090.0,56.71,28.95,37.95
2062,4,3091.5,56.73,28.97,37.97
2063,4,3093.0,56.74,28.99,37.99
2064,4,3094.5,56.75,29.01,38.01
2065,4,3096.0,56.76,29.03,38.03
2066,4,3097.5,56.77,29.05,38.05
2067,4,3099.0,56.79,29.07,38.07
2068,4,3100.5,56.8,29.09,38.09
2069,4,3102.0,56.81,29.1,38.1
2070,4,3103.5,56.82,29.12,38.12
2071,4,3105.0,56.83,29.14,38.14
2072,4,3106.5,56.84,29.15,38.15
2073,4,3108.0,56.85,29.17,38.17
2074,4,3109.5,56.86,29.19,38.19
2075,4,3111.0,56.87,29.2,38.2
2076,4,3112.5,56.88,29.21,38.21
2077,4,3114.0,56.89,29.23,38.23
2078,4,3115.5,56.9,29.24,38.24
2079,4,3117.0,56.91,29.25,38.25
2080,4,3118.5,56.92,29.26,38.26
2081,4,3120.0,56.93,29.28,38.28
2082,4,3121.5,56.94,29.29,38.29
2083,4,3123.0,56.95,29.3,38.3
2084,4,3124.5,56.96,29.31,38.31
2085,4,3126.0,56.97,29.31,38.31
2086,4,3127.5,56.98,29.32,38.32
2087,4,3129.0,56.98,29.33,38.33
2088,4,3130.5,56.99,29.34,38.34
2089,4,3132.0,57.0,29.34,38.34
2090,4,3133.5,57.0,29.35,38.35
2091,4,3135.0,57.01,29.35,38.35
2092,4,3136.5,57.02,29.36,38.36
2093,4,3138.0,57.02,29.36,38.36
2094,4,3139.5,57.03,29.36,38.36
2095,4,3141.0,57.03,29.36,38.36
2096,4,3142.5,57.04,29.37,38.37
2097,4,3144.0,57.04,29.37,38.37
2098,4,3145.5,57.05,29.37,38.37
2099,4,3147.0,57.05,29.37,38.37
2100,4,3148.5,57.05,29.36,38.36
2101,4,3150.0,57.06,29.36,38.36
2102,4,3151.5,57.06,29.36,38.36
2103,4,3153.0,57.06,29.36,38.36
2104,4,3154.5,57.07,29.35,38.35
2105,4,3156.0,57.07,29.35,38.35
2106,4,3157.5,57.07,29.34,38.34
2107,4,3159.0,57.07,29.33,38.33
2108,4,3160.5,57.07,29.33,38.33
2109,4,3162.0,57.07,29.32,38.32
2110,4,3163.5,57.07,29.31,38.31
2111,4,3165.0,57.07,29.3,38.3
2112,4,3166.5,57.07,29.29,38.29
2113,4,3168.0,57.07,29.28,38.28
2114,4,3169.5,57.07,29.27,38.27
2115,4,3171.0,57.06,29.26,38.26
2116,4,3172.5,57.06,29.25,38.25
2117,4,3174.0,57.06,29.23,38.23
2118,4,3175.5,57.05,29.22,38.22
2119,4,3177.0,57.05,29.2,38.2
2120,4,3178.5,57.05,29.19,38.19
2121,4,3180.0,57.04,29.17,38.17
2122,4,3181.5,57.04,29.16,38.16
2123,4,3183.0,57.03,29.14,38.14
2124,4,3184.5,57.03,29.12,38.12
2125,4,3186.0,57.02,29.1,38.1
2126,4,3187.5,57.01,29.08,38.08
2127,4,3189.0,57.01,29.06,38.06
2128,4,3190.5,57.0,29.04,38.04
2129,4,3192.0,56.99,29.02,38.02
2130,4,3193.5,56.98,29.0,38.0
2131,4,3195.0,56.97,28.98,37.98
2132,4,3196.5,56.97,28.95,37.95
2133,4,3198.0,56.96,28.93,37.93
2134,4,3199.5,56.95,28.91,37.91
2135,4,3201.0,56.94,28.88,37.88
2136,4,3202.5,56.93,28.86,37.86
2137,4,3204.0,56.92,28.83,37.83
2138,4,3205.5,56.9,28.8,37.8
2139,4,3207.0,56.89,28.78,37.78
2140,4,3208.5,56.88,28.75,37.75
2141,4,3210.0,56.87,28.72,37.72
2142,4,3211.5,56.86,28.69,37.69
2143,4,3213.0,56.84,28.66,37.66
2144,4,3214.5,56.83,28.64,37.64
2145,4,3216.0,56.82,28.61,37.61
2146,4,3217.5,56.8,28.58,37.58
2147,4,3219.0,56.79,28.54,37.54
2148,4,3220.5,56.77,28.51,37.51
2149,4,3222.0,56.76,28.48,37.48
2150,4,3223.5,56.74,28.45,37.45
2151,4,3225.0,56.73,28.42,37.42
2152,4,3226.5,56.71,28.38,37.38
2153,4,3228.0,56.69,28.35,37.35
2154,4,3229.5,56.68,28.32,37.32
2155,4,3231.0,56.66,28.28,37.28
2156,4,3232.5,56.64,28.25,37.25
2157,4,3234.0,56.63,28.22,37.22
2158,4,3235.5,56.61,28.18,37.18
2159,4,3237.0,56.59,28.15,37.15
2160,4,3238.5,56.57,28.11,37.11
2161,4,3240.0,56.55,28.08,37.08
2162,4,3241.5,56.54,28.04,37.04
2163,4,3243.0,56.52,28.0,37.0
2164,4,3244.5,56.5,27.97,36.97
2165,4,3246.0,56.48,27.93,36.93
2166,4,3247.5,56.46,27.89,36.89
2167,4,3249.0,56.44,27.86,36.86
2168,4,3250.5,56.42,27.82,36.82
2169,4,3252.0,56.4,27.78,36.78
2170,4,3253.5,56.38,27.75,36.75
2171,4,3255.0,56.36,27.71,36.71
2172,4,3256.5,56.34,27.67,36.67
2173,4,3258.0,56.32,27.63,36.63
2174,4,3259.5,56.29,27.6,36.6
2175,4,3261.0,56.27,27.56,36.56
2176,4,3262.5,56.25,27.52,36.52
2177,4,3264.0,56.23,27.48,36.48
2178,4,3265.5,56.21,27.45,36.45
2179,4,3267.0,56.19,27.41,36.41
2180,4,3268.5,56.17,27.37,36.37
2181,4,3270.0,56.15,27.33,36.33
2182,4,3271.5,56.12,27.3,36.3
2183,4,3273.0,56.1,27.26,36.26
2184,4,3274.5,56.08,27.22,36.22
2185,4,3276.0,56.06,27.19,36.19
2186,4,3277.5,56.04,27.15,36.15
2187,4,3279.0,56.01,27.11,36.11
2188,4,3280.5,55.99,27.08,36.08
2189,4,3282.0,55.97,27.04,36.04
2190,4,3283.5,55.95,27.0,36.0
2191,4,3285.0,55.93,26.97,35.97
2192,4,3286.5,55.91,26.93,35.93
2193,4,3288.0,55.88,26.9,35.9
2194,4,3289.5,55.86,26.86,35.86
2195,4,3291.0,55.84,26.83,35.83
2196,4,3292.5,55.82,26.79,35.79
2197,4,3294.0,55.8,26.76,35.76
2198,4,3295.5,55.78,26.72,35.72
2199,4,3297.0,55.75,26.69,35.69
2200,4,3298.5,55.73,26.66,35.66
2201,4,3300.0,55.71,26.62,35.62
2202,4,3301.5,55.69,26.59,35.59
2203,4,3303.0,55.67,26.56,35.56
2204,4,3304.5,55.65,26.53,35.53
2205,4,3306.0,55.63,26.5,35.5
2206,4,3307.5,55.61,26.46,35.46
2207,4,3309.0,55.59,26.43,35.43
2208,4,3310.5,55.57,26.4,35.4
2209,4,3312.0,55.55,26.37,35.37
2210,4,3313.5,55.53,26.35,35.35
2211,4,3315.0,55.51,26.32,35.32
2212,4,3316.5,55.49,26.29,35.29
2213,4,3318.0,55.48,26.26,35.26
2214,4,3319.5,55.46,26.23,35.23
2215,4,3321.0,55.44,26.21,35.21
2216,4,3322.5,55.42,26.18,35.18
2217,4,3324.0,55.4,26.16,35.16
2218,4,3325.5,55.39,26.13,35.13
2219,4,3327.0,55.37,26.11,35.11
2220,4,3328.5,55.35,26.08,35.08
2221,4,3330.0,55.34,26.06,35.06
2222,4,3331.5,55.32,26.04,35.04
2223,4,3333.0,55.31,26.02,35.02
2224,4,3334.5,55.29,26.0,35.0
2225,4,3336.0,55.28,25.98,34.98
2226,4,3337.5,55.26,25.96,34.96
2227,4,3339.0,55.25,25.94,34.94
2228,4,3340.5,55.23,25.92,34.92
2229,4,3342.0,55.22,25.9,34.9
2230,4,3343.5,55.21,25.88,34.88
2231,4,3345.0,55.2,25.87,34.87
2232,4,3346.5,55.18,25.85,34.85
2233,4,3348.0,55.17,25.84,34.84
2234,4,3349.5,55.16,25.82,34.82
2235,4,3351.0,55.15,25.81,34.81
2236,4,3352.5,55.14,25.8,34.8
2237,4,3354.0,55.13,25.79,34.79
2238,4,3355.5,55.12,25.78,34.78
2239,4,3357.0,55.11,25.76,34.76
2240,4,3358.5,55.1,25.76,34.76
2241,4,3360.0,55.1,25.75,34.75
2242,4,3361.5,55.09,25.74,34.74
2243,4,3363.0,55.08,25.73,34.73
2244,4,3364.5,55.08,25.72,34.72
2245,4,3366.0,55.07,25.72,34.72
2246,4,3367.5,55.06,25.71,34.71
2247,4,3369.0,55.06,25.71,34.71
2248,4,3370.5,55.06,25.71,34.71
2249,4,3372.0,55.05,25.7,34.7
2250,4,3373.5,55.05,25.7,34.7
2251,4,3375.0,55.05,25.7,34.7
2252,4,3376.5,55.04,25.7,34.7
2253,4,3378.0,55.04,25.7,34.7
2254,4,3379.5,55.04,25.7,34.7
2255,4,3381.0,55.04,25.71,34.71
2256,4,3382.5,55.04,25.71,34.71
2257,4,3384.0,55.04,25.71,34.71
2258,4,3385.5,55.04,25.72,34.72
2259,4,3387.0,55.04,25.72,34.72
2260,4,3388.5,55.05,25.73,34.73
2261,4,3390.0,55.05,25.74,34.74
2262,4,3391.5,55.05,25.75,34.75
2263,4,3393.0,55.06,25.75,34.75
2264,4,3394.5,55.06,25.76,34.76
2265,4,3396.0,55.07,25.77,34.77
2266,4,3397.5,55.07,25.78,34.78
2267,4,3399.0,55.08,25.8,34.8
2268,4,3400.5,55.09,25.81,34.81
2269,4,3402.0,55.09,25.82,34.82
2270,4,3403.5,55.1,25.84,34.84
2271,4,3405.0,55.11,25.85,34.85
2272,4,3406.5,55.12,25.87,34.87
2273,4,3408.0,55.13,25.88,34.88
2274,4,3409.5,55.14,25.9,34.9
2275,4,3411.0,55.15,25.92,34.92
2276,4,3412.5,55.16,25.94,34.94
2277,4,3414.0,55.18,25.96,34.96
2278,4,3415.5,55.19,25.98,34.98
2279,4,3417.0,55.2,26.0,35.0
2280,4,3418.5,55.22,26.02,35.02
2281,4,3420.0,55.23,26.04,35.04
2282,4,3421.5,55.25,26.06,35.06
2283,4,3423.0,55.26,26.09,35.09
2284,4,3424.5,55.28,26.11,35.11
2285,4,3426.0,55.29,26.14,35.14
2286,4,3427.5,55.31,26.16,35.16
2287,4,3429.0,55.33,26.19,35.19
2288,4,3430.5,55.35,26.21,35.21
2289,4,3432.0,55.37,26.24,35.24
2290,4,3433.5,55.39,26.27,35.27
2291,4,3435.0,55.41,26.3,35.3
2292,4,3436.5,55.43,26.33,35.33
2293,4,3438.0,55.45,26.36,35.36
2294,4,3439.5,55.47,26.39,35.39
2295,4,3441.0,55.49,26.42,35.42
2296,4,3442.5,55.52,26.45,35.45
2297,4,3444.0,55.54,26.48,35.48
2298,4,3445.5,55.56,26.51,35.51
2299,4,3447.0,55.59,26.55,35.55
2300,4,3448.5,55.61,26.58,35.58
2301,4,3450.0,55.64,26.61,35.61
2302,4,3451.5,55.66,26.65,35.65
2303,4,3453.0,55.69,26.68,35.68
2304,4,3454.5,55.71,26.72,35.72
2305,4,3456.0,55.74,26.75,35.75
2306,4,3457.5,55.77,26.79,35.79
2307,4,3459.0,55.8,26.82,35.82
2308,4,3460.5,55.83,26.86,35.86
2309,4,3462.0,55.85,26.9,35.9
2310,4,3463.5,55.88,26.93,35.93
2311,4,3465.0,55.91,26.97,35.97
2312,4,3466.5,55.94,27.01,36.01
2313,4,3468.0,55.97,27.05,36.05
2314,4,3469.5,56.0,27.09,36.09
2315,4,3471.0,56.03,27.13,36.13
2316,4,3472.5,56.07,27.16,36.16
2317,4,3474.0,56.1,27.2,36.2
2318,4,3475.5,56.13,27.24,36.24
2319,4,3477.0,56.16,27.28,36.28
2320,4,3478.5,56.2,27.32,36.32
2321,4,3480.0,56.23,27.36,36.36
2322,4,3481.5,56.26,27.4,36.4
2323,4,3483.0,56.3,27.44,36.44
2324,4,3484.5,56.33,27.48,36.48
2325,4,3486.0,56.36,27.52,36.52
2326,4,3487.5,56.4,27.56,36.56
2327,4,3489.0,56.43,27.6,36.6
2328,4,3490.5,56.47,27.65,36.65
2329,4,3492.0,56.5,27.69,36.69
2330,4,3493.5,56.54,27.73,36.73
2331,4,3495.0,56.58,27.77,36.77
2332,4,3496.5,56.61,27.81,36.81
2333,4,3498.0,56.65,27.85,36.85
2334,4,3499.5,56.68,27.89,36.89
2335,4,3501.0,56.72,27.93,36.93
2336,4,3502.5,56.76,27.97,36.97
2337,4,3504.0,56.79,28.01,37.01
2338,4,3505.5,56.83,28.05,37.05
2339,4,3507.0,56.87,28.09,37.09
2340,4,3508.5,56.91,28.13,37.13
2341,4,3510.0,56.94,28.17,37.17
2342,4,3511.5,56.98,28.21,37.21
2343,4,3513.0,57.02,28.25,37.25
2344,4,3514.5,57.06,28.29,37.29
2345,4,3516.0,57.09,28.33,37.33
2346,4,3517.5,57.13,28.37,37.37
2347,4,3519.0,57.17,28.41,37.41
2348,4,3520.5,57.21,28.44,37.44
2349,4,3522.0,57.24,28.48,37.48
2350,4,3523.5,57.28,28.52,37.52
2351,4,3525.0,57.32,28.56,37.56
2352,4,3526.5,57.36,28.59,37.59
2353,4,3528.0,57.4,28.63,37.63
2354,4,3529.5,57.43,28.67,37.67
2355,4,3531.0,57.47,28.7,37.7
2356,4,3532.5,57.51,28.74,37.74
2357,4,3534.0,57.55,28.77,37.77
2358,4,3535.5,57.58,28.81,37.81
2359,4,3537.0,57.62,28.84,37.84
2360,4,3538.5,57.66,28.88,37.88
2361,4,3540.0,57.69,28.91,37.91
2362,4,3541.5,57.73,28.94,37.94
2363,4,3543.0,57.77,28.98,37.98
2364,4,3544.5,57.8,29.01,38.01
2365,4,3546.0,57.84,29.04,38.04
2366,4,3547.5,57.88,29.07,38.07
2367,4,3549.0,57.91,29.1,38.1
2368,4,3550.5,57.95,29.13,38.13
2369,4,3552.0,57.98,29.16,38.16
2370,4,3553.5,58.02,29.19,38.19
2371,4,3555.0,58.05,29.22,38.22
2372,4,3556.5,58.09,29.24,38.24
2373,4,3558.0,58.12,29.27,38.27
2374,4,3559.5,58.16,29.3,38.3
2375,4,3561.0,58.19,29.32,38.32
2376,4,3562.5,58.23,29.35,38.35
2377,4,3564.0,58.26,29.37,38.37
2378,4,3565.5,58.29,29.4,38.4
2379,4,3567.0,58.33,29.42,38.42
2380,4,3568.5,58.36,29.44,38.44
2381,4,3570.0,58.39,29.46,38.46
2382,4,3571.5,58.42,29.48,38.48
2383,4,3573.0,58.45,29.5,38.5
2384,4,3574.5,58.49,29.52,38.52
2385,4,3576.0,58.52,29.54,38.54
2386,4,3577.5,58.55,29.56,38.56
2387,4,3579.0,58.58,29.58,38.58
2388,4,3580.5,58.61,29.59,38.59
2389,4,3582.0,58.64,29.61,38.61
2390,4,3583.5,58.67,29.63,38.63
2391,4,3585.0,58.69,29.64,38.64
2392,4,3586.5,58.72,29.65,38.65
2393,4,3588.0,58.75,29.67,38.67
2394,4,3589.5,58.78,29.68,38.68
2395,4,3591.0,58.8,29.69,38.69
2396,4,3592.5,58.83,29.7,38.7
2397,4,3594.0,58.86,29.71,38.71
2398,4,3595.5,58.88,29.72,38.72
2399,4,3597.0,58.91,29.73,38.73
2400,4,3598.5,58.93,29.74,38.74
2401,4,3600.0,58.95,29.74,38.74
2402,4,3601.5,58.98,29.75,38.75
2403,4,3603.0,59.0,29.76,38.76
2404,4,3604.5,59.02,29.76,38.76
2405,4,3606.0,59.04,29.76,38.76
2406,4,3607.5,59.07,29.77,38.77
2407,4,3609.0,59.09,29.77,38.77
2408,4,3610.5,59.11,29.77,38.77
2409,4,3612.0,59.13,29.77,38.77
2410,4,3613.5,59.15,29.77,38.77
2411,4,3615.0,59.17,29.77,38.77
2412,4,3616.5,59.18,29.77,38.77
2413,4,3618.0,59.2,29.76,38.76
2414,4,3619.5,59.22,29.76,38.76
2415,4,3621.0,59.24,29.76,38.76
2416,4,3622.5,59.25,29.75,38.75
2417,4,3624.0,59.27,29.75,38.75
2418,4,3625.5,59.28,29.74,38.74
2419,4,3627.0,59.3,29.73,38.73
2420,4,3628.5,59.31,29.73,38.73
2421,4,3630.0,59.32,29.72,38.72
2422,4,3631.5,59.34,29.71,38.71
2423,4,3633.0,59.35,29.7,38.7
2424,4,3634.5,59.36,29.69,38.69
2425,4,3636.0,59.37,29.67,38.67
2426,4,3637.5,59.38,29.66,38.66
2427,4,3639.0,59.39,29.65,38.65
2428,4,3640.5,59.4,29.64,38.64
2429,4,3642.0,59.41,29.62,38.62
2430,4,3643.5,59.42,29.61,38.61
2431,4,3645.0,59.43,29.59,38.59
2432,4,3646.5,59.43,29.57,38.57
2433,4,3648.0,59.44,29.56,38.56
2434,4,3649.5,59.45,29.54,38.54
2435,4,3651.0,59.45,29.52,38.52
2436,4,3652.5,59.46,29.5,38.5
2437,4,3654.0,59.46,29.48,38.48
2438,4,3655.5,59.47,29.46,38.46
2439,4,3657.0,59.47,29.44,38.44
2440,4,3658.5,59.47,29.42,38.42
2441,4,3660.0,59.47,29.4,38.4
2442,4,3661.5,59.48,29.37,38.37
2443,4,3663.0,59.48,29.35,38.35
2444,4,3664.5,59.48,29.32,38.32
2445,4,3666.0,59.48,29.3,38.3
2446,4,3667.5,59.48,29.28,38.28
2447,4,3669.0,59.48,29.25,38.25
2448,4,3670.5,59.48,29.22,38.22
2449,4,3672.0,59.47,29.2,38.2
2450,4,3673.5,59.47,29.17,38.17
2451,4,3675.0,59.47,29.14,38.14
2452,4,3676.5,59.47,29.11,38.11
2453,4,3678.0,59.46,29.09,38.09
2454,4,3679.5,59.46,29.06,38.06
2455,4,3681.0,59.45,29.03,38.03
2456,4,3682.5,59.45,29.0,38.0
2457,4,3684.0,59.44,28.97,37.97
2458,4,3685.5,59.44,28.94,37.94
2459,4,3687.0,59.43,28.91,37.91
2460,4,3688.5,59.42,28.88,37.88
2461,4,3690.0,59.41,28.84,37.84
2462,4,3691.5,59.41,28.81,37.81
2463,4,3693.0,59.4,28.78,37.78
2464,4,3694.5,59.39,28.75,37.75
2465,4,3696.0,59.38,28.72,37.72
2466,4,3697.5,59.37,28.68,37.68
2467,4,3699.0,59.36,28.65,37.65
2468,4,3700.5,59.35,28.62,37.62
2469,4,3702.0,59.34,28.58,37.58
2470,4,3703.5,59.33,28.55,37.55
2471,4,3705.0,59.32,28.51,37.51
2472,4,3706.5,59.3,28.48,37.48
2473,4,3708.0,59.29,28.45,37.45
2474,4,3709.5,59.28,28.41,37.41
2475,4,3711.0,59.27,28.38,37.38
2476,4,3712.5,59.25,28.34,37.34
2477,4,3714.0,59.24,28.31,37.31
2478,4,3715.5,59.23,28.27,37.27
2479,4,3717.0,59.21,28.24,37.24
2480,4,3718.5,59.2,28.2,37.2
2481,4,3720.0,59.18,28.17,37.17
2482,4,3721.5,59.17,28.13,37.13
2483,4,3723.0,59.15,28.1,37.1
2484,4,3724.5,59.14,28.06,37.06
2485,4,3726.0,59.12,28.03,37.03
2486,4,3727.5,59.11,27.99,36.99
2487,4,3729.0,59.09,27.96,36.96
2488,4,3730.5,59.07,27.92,36.92
2489,4,3732.0,59.06,27.89,36.89
2490,4,3733.5,59.04,27.85,36.85
2491,4,3735.0,59.02,27.82,36.82
2492,4,3736.5,59.01,27.79,36.79
2493,4,3738.0,58.99,27.75,36.75
2494,4,3739.5,58.97,27.72,36.72
2495,4,3741.0,58.95,27.68,36.68
2496,4,3742.5,58.94,27.65,36.65
2497,4,3744.0,58.92,27.62,36.62
2498,4,3745.5,58.9,27.58,36.58
2499,4,3747.0,58.88,27.55,36.55
2500,4,3748.5,58.87,27.52,36.52
2501,4,3750.0,58.85,27.49,36.49
2502,4,3751.5,58.83,27.45,36.45
2503,4,3753.0,58.81,27.42,36.42
2504,4,3754.5,58.79,27.39,36.39
2505,4,3756.0,58.78,27.36,36.36
2506,4,3757.5,58.76,27.33,36.33
2507,4,3759.0,58.74,27.3,36.3
2508,4,3760.5,58.72,27.27,36.27
2509,4,3762.0,58.7,27.24,36.24
2510,5,3763.5,58.68,27.21,36.21
2511,5,3765.0,58.67,27.18,36.18
2512,5,3766.5,58.65,27.16,36.16
2513,5,3768.0,58.63,27.13,36.13
2514,5,3769.5,58.61,27.1,36.1
2515,5,3771.0,58.59,27.07,36.07
2516,5,3772.5,58.58,27.05,36.05
2517,5,3774.0,58.56,27.02,36.02
2518,5,3775.5,58.54,27.0,36.0
2519,5,3777.0,58.52,26.97,35.97
2520,5,3778.5,58.5,26.95,35.95
2521,5,3780.0,58.49,26.93,35.93
2522,5,3781.5,58.47,26.9,35.9
2523,5,3783.0,58.45,26.88,35.88
2524,5,3784.5,58.44,26.86,35.86
2525,5,3786.0,58.42,26.84,35.84
2526,5,3787.5,58.4,26.82,35.82
2527,5,3789.0,58.39,26.8,35.8
2528,5,3790.5,58.37,26.78,35.78
2529,5,3792.0,58.35,26.76,35.76
2530,5,3793.5,58.34,26.74,35.74
2531,5,3795.0,58.32,26.72,35.72
2532,5,3796.5,58.31,26.71,35.71
2533,5,3798.0,58.29,26.69,35.69
2534,5,3799.5,58.28,26.67,35.67
2535,5,3801.0,58.26,26.66,35.66
2536,5,3802.5,58.25,26.64,35.64
2537,5,3804.0,58.23,26.63,35.63
2538,5,3805.5,58.22,26.62,35.62
2539,5,3807.0,58.2,26.61,35.61
2540,5,3808.5,58.19,26.59,35.59
2541,5,3810.0,58.18,26.58,35.58
2542,5,3811.5,58.17,26.57,35.57
2543,5,3813.0,58.15,26.56,35.56
2544,5,3814.5,58.14,26.56,35.56
2545,5,3816.0,58.13,26.55,35.55
2546,5,3817.5,58.12,26.54,35.54
2547,5,3819.0,58.11,26.53,35.53
2548,5,3820.5,58.09,26.53,35.53
2549,5,3822.0,58.08,26.52,35.52
2550,5,3823.5,58.07,26.52,35.52
2551,5,3825.0,58.06,26.51,35.51
2552,5,3826.5,58.05,26.51,35.51
2553,5,3828.0,58.04,26.51,35.51
2554,5,3829.5,58.04,26.51,35.51
2555,5,3831.0,58.03,26.51,35.51
2556,5,3832.5,58.02,26.51,35.51
2557,5,3834.0,58.01,26.51,35.51
2558,5,3835.5,58.0,26.51,35.51
2559,5,3837.0,58.0,26.51,35.51
2560,5,3838.5,57.99,26.52,35.52
2561,5,3840.0,57.98,26.52,35.52
2562,5,3841.5,57.98,26.52,35.52
2563,5,3843.0,57.97,26.53,35.53
2564,5,3844.5,57.97,26.54,35.54
2565,5,3846.0,57.96,26.54,35.54
2566,5,3847.5,57.96,26.55,35.55
2567,5,3849.0,57.95,26.56,35.56
2568,5,3850.5,57.95,26.57,35.57
2569,5,3852.0,57.95,26.58,35.58
2570,5,3853.5,57.94,26.59,35.59
2571,5,3855.0,57.94,26.6,35.6
2572,5,3856.5,57.94,26.61,35.61
2573,5,3858.0,57.94,26.62,35.62
2574,5,3859.5,57.94,26.64,35.64
2575,5,3861.0,57.94,26.65,35.65
2576,5,3862.5,57.94,26.66,35.66
2577,5,3864.0,57.94,26.68,35.68
2578,5,3865.5,57.94,26.69,35.69
2579,5,3867.0,57.94,26.71,35.71
2580,5,3868.5,57.94,26.73,35.73
2581,5,3870.0,57.94,26.75,35.75
2582,5,3871.5,57.94,26.76,35.76
2583,5,3873.0,57.94,26.78,35.78
2584,5,3874.5,57.95,26.8,35.8
2585,5,3876.0,57.95,26.82,35.82
2586,5,3877.5,57.95,26.84,35.84
2587,5,3879.0,57.96,26.86,35.86
2588,5,3880.5,57.96,26.89,35.89
2589,5,3882.0,57.97,26.91,35.91
2590,5,3883.5,57.97,26.93,35.93
2591,5,3885.0,57.98,26.95,35.95
2592,5,3886.5,57.98,26.98,35.98
2593,5,3888.0,57.99,27.0,36.0
2594,5,3889.5,58.0,27.03,36.03
2595,5,3891.0,58.0,27.05,36.05
2596,5,3892.5,58.01,27.08,36.08
2597,5,3894.0,58.02,27.11,36.11
2598,5,3895.5,58.02,27.13,36.13
2599,5,3897.0,58.03,27.16,36.16
2600,5,3898.5,58.04,27.19,36.19
2601,5,3900.0,58.05,27.22,36.22
2602,5,3901.5,58.06,27.25,36.25
2603,5,3903.0,58.07,27.27,36.27
2604,5,3904.5,58.08,27.3,36.3
2605,5,3906.0,58.09,27.33,36.33
2606,5,3907.5,58.1,27.36,36.36
2607,5,3909.0,58.11,27.39,36.39
2608,5,3910.5,58.12,27.42,36.42
2609,5,3912.0,58.13,27.46,36.46
2610,5,3913.5,58.14,27.49,36.49
2611,5,3915.0,58.16,27.52,36.52
2612,5,3916.5,58.17,27.55,36.55
2613,5,3918.0,58.18,27.58,36.58
2614,5,3919.5,58.19,27.61,36.61
2615,5,3921.0,58.21,27.65,36.65
2616,5,3922.5,58.22,27.68,36.68
2617,5,3924.0,58.23,27.71,36.71
2618,5,3925.5,58.25,27.75,36.75
2619,5,3927.0,58.26,27.78,36.78
2620,5,3928.5,58.27,27.81,36.81
2621,5,3930.0,58.29,27.85,36.85
2622,5,3931.5,58.3,27.88,36.88
2623,5,3933.0,58.32,27.91,36.91
2624,5,3934.5,58.33,27.95,36.95
2625,5,3936.0,58.34,27.98,36.98
2626,5,3937.5,58.36,28.02,37.02
2627,5,3939.0,58.37,28.05,37.05
2628,5,3940.5,58.39,28.08,37.08
2629,5,3942.0,58.4,28.12,37.12
2630,5,3943.5,58.42,28.15,37.15
2631,5,3945.0,58.44,28.19,37.19
2632,5,3946.5,58.45,28.22,37.22
2633,5,3948.0,58.47,28.25,37.25
2634,5,3949.5,58.48,28.29,37.29
2635,5,3951.0,58.5,28.32,37.32
2636,5,3952.5,58.51,28.35,37.35
2637,5,3954.0,58.53,28.39,37.39
2638,5,3955.5,58.54,28.42,37.42
2639,5,3957.0,58.56,28.45,37.45
2640,5,3958.5,58.58,28.49,37.49
2641,5,3960.0,58.59,28.52,37.52
2642,5,3961.5,58.61,28.55,37.55
2643,5,3963.0,58.62,28.58,37.58
2644,5,3964.5,58.64,28.61,37.61
2645,5,3966.0,58.65,28.65,37.65
2646,5,3967.5,58.67,28.68,37.68
2647,5,3969.0,58.69,28.71,37.71
2648,5,3970.5,58.7,28.74,37.74
2649,5,3972.0,58.72,28.77,37.77
2650,5,3973.5,58.73,28.8,37.8
2651,5,3975.0,58.75,28.83,37.83
2652,5,3976.5,58.76,28.86,37.86
2653,5,3978.0,58.78,28.89,37.89
2654,5,3979.5,58.79,28.92,37.92
2655,5,3981.0,58.81,28.95,37.95
2656,5,3982.5,58.82,28.97,37.97
2657,5,3984.0,58.84,29.0,38.0
2658,5,3985.5,58.85,29.03,38.03
2659,5,3987.0,58.86,29.05,38.05
2660,5,3988.5,58.88,29.08,38.08
2661,5,3990.0,58.89,29.11,38.11
2662,5,3991.5,58.9,29.13,38.13
2663,5,3993.0,58.92,29.15,38.15
2664,5,3994.5,58.93,29.18,38.18
2665,5,3996.0,58.94,29.2,38.2
2666,5,3997.5,58.96,29.22,38.22
2667,5,3999.0,58.97,29.25,38.25
2668,5,4000.5,58.98,29.27,38.27
2669,5,4002.0,58.99,29.29,38.29
2670,5,4003.5,59.0,29.31,38.31
2671,5,4005.0,59.01,29.33,38.33
2672,5,4006.5,59.02,29.35,38.35
2673,5,4008.0,59.04,29.37,38.37
2674,5,4009.5,59.05,29.39,38.39
2675,5,4011.0,59.06,29.4,38.4
2676,5,4012.5,59.06,29.42,38.42
2677,5,4014.0,59.07,29.44,38.44
2678,5,4015.5,59.08,29.45,38.45
2679,5,4017.0,59.09,29.47,38.47
2680,5,4018.5,59.1,29.48,38.48
2681,5,4020.0,59.11,29.49,38.49
2682,5,4021.5,59.11,29.51,38.51
2683,5,4023.0,59.12,29.52,38.52
2684,5,4024.5,59.13,29.53,38.53
2685,5,4026.0,59.13,29.54,38.54
2686,5,4027.5,59.14,29.55,38.55
2687,5,4029.0,59.14,29.56,38.56
2688,5,4030.5,59.15,29.56,38.56
2689,5,4032.0,59.15,29.57,38.57
2690,5,4033.5,59.16,29.58,38.58
2691,5,4035.0,59.16,29.58,38.58
2692,5,4036.5,59.16,29.59,38.59
2693,5,4038.0,59.17,29.59,38.59
2694,5,4039.5,59.17,29.6,38.6
2695,5,4041.0,59.17,29.6,38.6
2696,5,4042.5,59.17,29.6,38.6
2697,5,4044.0,59.17,29.6,38.6
2698,5,4045.5,59.17,29.6,38.6
2699,5,4047.0,59.17,29.6,38.6
2700,5,4048.5,59.17,29.6,38.6
2701,5,4050.0,59.17,29.6,38.6
2702,5,4051.5,59.17,29.6,38.6
2703,5,4053.0,59.17,29.59,38.59
2704,5,4054.5,59.16,29.59,38.59
2705,5,4056.0,59.16,29.58,38.58
2706,5,4057.5,59.16,29.58,38.58
2707,5,4059.0,59.15,29.57,38.57
2708,5,4060.5,59.15,29.56,38.56
2709,5,4062.0,59.14,29.55,38.55
2710,5,4063.5,59.13,29.54,38.54
2711,5,4065.0,59.13,29.53,38.53
2712,5,4066.5,59.12,29.52,38.52
2713,5,4068.0,59.11,29.51,38.51
2714,5,4069.5,59.11,29.5,38.5
2715,5,4071.0,59.1,29.48,38.48
2716,5,4072.5,59.09,29.47,38.47
2717,5,4074.0,59.08,29.45,38.45
2718,5,4075.5,59.07,29.44,38.44
2719,5,4077.0,59.06,29.42,38.42
2720,5,4078.5,59.05,29.4,38.4
2721,5,4080.0,59.03,29.39,38.39
2722,5,4081.5,59.02,29.37,38.37
2723,5,4083.0,59.01,29.35,38.35
2724,5,4084.5,59.0,29.33,38.33
2725,5,4086.0,58.98,29.31,38.31
2726,5,4087.5,58.97,29.28,38.28
2727,5,4089.0,58.95,29.26,38.26
2728,5,4090.5,58.94,29.24,38.24
2729,5,4092.0,58.92,29.21,38.21
2730,5,4093.5,58.9,29.19,38.19
2731,5,4095.0,58.89,29.16,38.16
2732,5,4096.5,58.87,29.14,38.14
2733,5,4098.0,58.85,29.11,38.11
2734,5,4099.5,58.83,29.08,38.08
2735,5,4101.0,58.81,29.06,38.06
2736,5,4102.5,58.79,29.03,38.03
2737,5,4104.0,58.77,29.0,38.0
2738,5,4105.5,58.75,28.97,37.97
2739,5,4107.0,58.73,28.94,37.94
2740,5,4108.5,58.71,28.9,37.9
2741,5,4110.0,58.69,28.87,37.87
2742,5,4111.5,58.66,28.84,37.84
2743,5,4113.0,58.64,28.81,37.81
2744,5,4114.5,58.62,28.77,37.77
2745,5,4116.0,58.59,28.74,37.74
2746,5,4117.5,58.57,28.7,37.7
2747,5,4119.0,58.54,28.67,37.67
2748,5,4120.5,58.52,28.63,37.63
2749,5,4122.0,58.49,28.6,37.6
2750,5,4123.5,58.46,28.56,37.56
2751,5,4125.0,58.44,28.52,37.52
2752,5,4126.5,58.41,28.48,37.48
2753,5,4128.0,58.38,28.45,37.45
2754,5,4129.5,58.35,28.41,37.41
2755,5,4131.0,58.32,28.37,37.37
2756,5,4132.5,58.3,28.33,37.33
2757,5,4134.0,58.27,28.29,37.29
2758,5,4135.5,58.24,28.25,37.25
2759,5,4137.0,58.21,28.21,37.21
2760,5,4138.5,58.18,28.16,37.16
2761,5,4140.0,58.14,28.12,37.12
2762,5,4141.5,58.11,28.08,37.08
2763,5,4143.0,58.08,28.04,37.04
2764,5,4144.5,58.05,28.0,37.0
2765,5,4146.0,58.02,27.95,36.95
2766,5,4147.5,57.98,27.91,36.91
2767,5,4149.0,57.95,27.87,36.87
2768,5,4150.5,57.92,27.82,36.82
2769,5,4152.0,57.88,27.78,36.78
2770,5,4153.5,57.85,27.74,36.74
2771,5,4155.0,57.82,27.69,36.69
2772,5,4156.5,57.78,27.65,36.65
2773,5,4158.0,57.75,27.6,36.6
2774,5,4159.5,57.71,27.56,36.56
2775,5,4161.0,57.68,27.51,36.51
2776,5,4162.5,57.64,27.47,36.47
2777,5,4164.0,57.61,27.42,36.42
2778,5,4165.5,57.57,27.38,36.38
2779,5,4167.0,57.53,27.33,36.33
2780,5,4168.5,57.5,27.29,36.29
2781,5,4170.0,57.46,27.24,36.24
2782,5,4171.5,57.43,27.2,36.2
2783,5,4173.0,57.39,27.15,36.15
2784,5,4174.5,57.35,27.1,36.1
2785,5,4176.0,57.32,27.06,36.06
2786,5,4177.5,57.28,27.01,36.01
2787,5,4179.0,57.24,26.97,35.97
2788,5,4180.5,57.2,26.92,35.92
2789,5,4182.0,57.17,26.88,35.88
2790,5,4183.5,57.13,26.83,35.83
2791,5,4185.0,57.09,26.79,35.79
2792,5,4186.5,57.05,26.74,35.74
2793,5,4188.0,57.02,26.7,35.7
2794,5,4189.5,56.98,26.65,35.65
2795,5,4191.0,56.94,26.61,35.61
2796,5,4192.5,56.9,26.57,35.57
2797,5,4194.0,56.87,26.52,35.52
2798,5,4195.5,56.83,26.48,35.48
2799,5,4197.0,56.79,26.44,35.44
2800,5,4198.5,56.75,26.39,35.39
2801,5,4200.0,56.71,26.35,35.35
2802,5,4201.5,56.68,26.31,35.31
2803,5,4203.0,56.64,26.27,35.27
2804,5,4204.5,56.6,26.22,35.22
2805,5,4206.0,56.57,26.18,35.18
2806,5,4207.5,56.53,26.14,35.14
2807,5,4209.0,56.49,26.1,35.1
2808,5,4210.5,56.45,26.06,35.06
2809,5,4212.0,56.42,26.02,35.02
2810,5,4213.5,56.38,25.98,34.98
2811,5,4215.0,56.34,25.94,34.94
2812,5,4216.5,56.31,25.9,34.9
2813,5,4218.0,56.27,25.86,34.86
2814,5,4219.5,56.24,25.83,34.83
2815,5,4221.0,56.2,25.79,34.79
2816,5,4222.5,56.16,25.75,34.75
2817,5,4224.0,56.13,25.71,34.71
2818,5,4225.5,56.09,25.68,34.68
2819,5,4227.0,56.06,25.64,34.64
2820,5,4228.5,56.02,25.61,34.61
2821,5,4230.0,55.99,25.57,34.57
2822,5,4231.5,55.96,25.54,34.54
2823,5,4233.0,55.92,25.51,34.51
2824,5,4234.5,55.89,25.47,34.47
2825,5,4236.0,55.85,25.44,34.44
2826,5,4237.5,55.82,25.41,34.41
2827,5,4239.0,55.79,25.38,34.38
2828,5,4240.5,55.76,25.35,34.35
2829,5,4242.0,55.73,25.32,34.32
2830,5,4243.5,55.69,25.29,34.29
2831,5,4245.0,55.66,25.26,34.26
2832,5,4246.5,55.63,25.23,34.23
2833,5,4248.0,55.6,25.21,34.21
2834,5,4249.5,55.57,25.18,34.18
2835,5,4251.0,55.54,25.15,34.15
2836,5,4252.5,55.51,25.13,34.13
2837,5,4254.0,55.48,25.1,34.1
2838,5,4255.5,55.45,25.08,34.08
2839,5,4257.0,55.43,25.06,34.06
2840,5,4258.5,55.4,25.03,34.03
2841,5,4260.0,55.37,25.01,34.01
2842,5,4261.5,55.34,24.99,33.99
2843,5,4263.0,55.32,24.97,33.97
2844,5,4264.5,55.29,24.95,33.95
2845,5,4266.0,55.27,24.93,33.93
2846,5,4267.5,55.24,24.91,33.91
2847,5,4269.0,55.22,24.89,33.89
2848,5,4270.5,55.19,24.88,33.88
2849,5,4272.0,55.17,24.86,33.86
2850,5,4273.5,55.15,24.85,33.85
2851,5,4275.0,55.12,24.83,33.83
2852,5,4276.5,55.1,24.82,33.82
2853,5,4278.0,55.08,24.8,33.8
2854,5,4279.5,55.06,24.79,33.79
2855,5,4281.0,55.04,24.78,33.78
2856,5,4282.5,55.02,24.77,33.77
2857,5,4284.0,55.0,24.76,33.76
2858,5,4285.5,54.98,24.75,33.75
2859,5,4287.0,54.96,24.74,33.74
2860,5,4288.5,54.94,24.73,33.73
2861,5,4290.0,54.93,24.72,33.72
2862,5,4291.5,54.91,24.71,33.71
2863,5,4293.0,54.89,24.71,33.71
2864,5,4294.5,54.88,24.7,33.7
2865,5,4296.0,54.86,24.7,33.7
2866,5,4297.5,54.85,24.69,33.69
2867,5,4299.0,54.83,24.69,33.69
2868,5,4300.5,54.82,24.69,33.69
2869,5,4302.0,54.81,24.69,33.69
2870,5,4303.5,54.79,24.69,33.69
2871,5,4305.0,54.78,24.68,33.68
2872,5,4306.5,54.77,24.69,33.69
2873,5,4308.0,54.76,24.69,33.69
2874,5,4309.5,54.75,24.69,33.69
2875,5,4311.0,54.74,24.69,33.69
2876,5,4312.5,54.73,24.69,33.69
2877,5,4314.0,54.72,24.7,33.7
2878,5,4315.5,54.72,24.7,33.7
2879,5,4317.0,54.71,24.7,33.7
2880,5,4318.5,54.7,24.71,33.71
2881,5,4320.0,54.7,24.72,33.72
2882,5,4321.5,54.69,24.72,33.72
2883,5,4323.0,54.68,24.73,33.73
2884,5,4324.5,54.68,24.74,33.74
2885,5,4326.0,54.68,24.75,33.75
2886,5,4327.5,54.67,24.75,33.75
2887,5,4329.0,54.67,24.76,33.76
2888,5,4330.5,54.67,24.77,33.77
2889,5,4332.0,54.66,24.78,33.78
2890,5,4333.5,54.66,24.8,33.8
2891,5,4335.0,54.66,24.81,33.81
2892,5,4336.5,54.66,24.82,33.82
2893,5,4338.0,54.66,24.83,33.83
2894,5,4339.5,54.66,24.85,33.85
2895,5,4341.0,54.66,24.86,33.86
2896,5,4342.5,54.67,24.87,33.87
2897,5,4344.0,54.67,24.89,33.89
2898,5,4345.5,54.67,24.9,33.9
2899,5,4347.0,54.67,24.92,33.92
2900,5,4348.5,54.68,24.93,33.93
2901,5,4350.0,54.68,24.95,33.95
2902,5,4351.5,54.69,24.97,33.97
2903,5,4353.0,54.69,24.98,33.98
2904,5,4354.5,54.7,25.0,34.0
2905,5,4356.0,54.7,25.02,34.02
2906,5,4357.5,54.71,25.04,34.04
2907,5,4359.0,54.72,25.05,34.05
2908,5,4360.5,54.73,25.07,34.07
2909,5,4362.0,54.73,25.09,34.09
2910,5,4363.5,54.74,25.11,34.11
2911,5,4365.0,54.75,25.13,34.13
2912,5,4366.5,54.76,25.15,34.15
2913,5,4368.0,54.77,25.17,34.17
2914,5,4369.5,54.78,25.19,34.19
2915,5,4371.0,54.79,25.21,34.21
2916,5,4372.5,54.8,25.23,34.23
2917,5,4374.0,54.81,25.25,34.25
2918,5,4375.5,54.82,25.27,34.27
2919,5,4377.0,54.83,25.29,34.29
2920,5,4378.5,54.85,25.32,34.32
2921,5,4380.0,54.86,25.34,34.34
2922,5,4381.5,54.87,25.36,34.36
2923,5,4383.0,54.88,25.38,34.38
2924,5,4384.5,54.9,25.4,34.4
2925,5,4386.0,54.91,25.42,34.42
2926,5,4387.5,54.93,25.44,34.44
2927,5,4389.0,54.94,25.47,34.47
2928,5,4390.5,54.95,25.49,34.49
2929,5,4392.0,54.97,25.51,34.51
2930,5,4393.5,54.98,25.53,34.53
2931,5,4395.0,55.0,25.55,34.55
2932,5,4396.5,55.02,25.57,34.57
2933,5,4398.0,55.03,25.59,34.59
2934,5,4399.5,55.05,25.62,34.62
2935,5,4401.0,55.06,25.64,34.64
2936,5,4402.5,55.08,25.66,34.66
2937,5,4404.0,55.1,25.68,34.68
2938,5,4405.5,55.11,25.7,34.7
2939,5,4407.0,55.13,25.72,34.72
2940,5,4408.5,55.15,25.74,34.74
2941,5,4410.0,55.16,25.76,34.76
2942,5,4411.5,55.18,25.78,34.78
2943,5,4413.0,55.2,25.8,34.8
2944,5,4414.5,55.22,25.82,34.82
2945,5,4416.0,55.23,25.84,34.84
2946,5,4417.5,55.25,25.85,34.85
2947,5,4419.0,55.27,25.87,34.87
2948,5,4420.5,55.29,25.89,34.89
2949,5,4422.0,55.3,25.91,34.91
2950,5,4423.5,55.32,25.93,34.93
2951,5,4425.0,55.34,25.94,34.94
2952,5,4426.5,55.36,25.96,34.96
2953,5,4428.0,55.38,25.98,34.98
2954,5,4429.5,55.39,25.99,34.99
2955,5,4431.0,55.41,26.01,35.01
2956,5,4432.5,55.43,26.02,35.02
2957,5,4434.0,55.45,26.04,35.04
2958,5,4435.5,55.47,26.05,35.05
2959,5,4437.0,55.48,26.06,35.06
2960,5,4438.5,55.5,26.08,35.08
2961,5,4440.0,55.52,26.09,35.09
2962,5,4441.5,55.54,26.1,35.1
2963,5,4443.0,55.55,26.11,35.11
2964,5,4444.5,55.57,26.12,35.12
2965,5,4446.0,55.59,26.13,35.13
2966,5,4447.5,55.61,26.14,35.14
2967,5,4449.0,55.62,26.15,35.15
2968,5,4450.5,55.64,26.16,35.16
2969,5,4452.0,55.66,26.17,35.17
2970,5,4453.5,55.67,26.18,35.18
2971,5,4455.0,55.69,26.18,35.18
2972,5,4456.5,55.71,26.19,35.19
2973,5,4458.0,55.72,26.19,35.19
2974,5,4459.5,55.74,26.2,35.2
2975,5,4461.0,55.75,26.2,35.2
2976,5,4462.5,55.77,26.21,35.21
2977,5,4464.0,55.78,26.21,35.21
2978,5,4465.5,55.8,26.21,35.21
2979,5,4467.0,55.81,26.21,35.21
2980,5,4468.5,55.83,26.21,35.21
2981,5,4470.0,55.84,26.21,35.21
2982,5,4471.5,55.85,26.21,35.21
2983,5,4473.0,55.87,26.21,35.21
2984,5,4474.5,55.88,26.21,35.21
2985,5,4476.0,55.89,26.21,35.21
2986,5,4477.5,55.91,26.2,35.2
2987,5,4479.0,55.92,26.2,35.2
2988,5,4480.5,55.93,26.19,35.19
2989,5,4482.0,55.94,26.19,35.19
2990,5,4483.5,55.95,26.18,35.18
2991,5,4485.0,55.96,26.17,35.17
2992,5,4486.5,55.97,26.16,35.16
2993,5,4488.0,55.98,26.15,35.15
2994,5,4489.5,55.99,26.14,35.14
2995,5,4491.0,56.0,26.13,35.13
2996,5,4492.5,56.01,26.12,35.12
2997,5,4494.0,56.02,26.11,35.11
2998,5,4495.5,56.03,26.1,35.1
2999,5,4497.0,56.04,26.08,35.08
3000,5,4498.5,56.04,26.07,35.07
3001,5,4500.0,56.05,26.05,35.05
3002,5,4501.5,56.06,26.03,35.03
3003,5,4503.0,56.06,26.02,35.02
3004,5,4504.5,56.07,26.0,35.0
3005,5,4506.0,56.07,25.98,34.98
3006,5,4507.5,56.08,25.96,34.96
3007,5,4509.0,56.08,25.94,34.94
3008,5,4510.5,56.09,25.92,34.92
3009,5,4512.0,56.09,25.89,34.89
3010,5,4513.5,56.09,25.87,34.87
3011,5,4515.0,56.09,25.85,34.85
3012,5,4516.5,56.1,25.82,34.82
3013,5,4518.0,56.1,25.8,34.8
3014,5,4519.5,56.1,25.77,34.77
3015,5,4521.0,56.1,25.74,34.74
3016,5,4522.5,56.1,25.72,34.72
3017,5,4524.0,56.1,25.69,34.69
3018,5,4525.5,56.1,25.66,34.66
3019,5,4527.0,56.1,25.63,34.63
3020,5,4528.5,56.1,25.59,34.59
3021,5,4530.0,56.09,25.56,34.56
3022,5,4531.5,56.09,25.53,34.53
3023,5,4533.0,56.09,25.5,34.5
3024,5,4534.5,56.08,25.46,34.46
3025,5,4536.0,56.08,25.43,34.43
3026,5,4537.5,56.08,25.39,34.39
3027,5,4539.0,56.07,25.35,34.35
3028,5,4540.5,56.06,25.32,34.32
3029,5,4542.0,56.06,25.28,34.28
3030,5,4543.5,56.05,25.24,34.24
3031,5,4545.0,56.04,25.2,34.2
3032,5,4546.5,56.04,25.16,34.16
3033,5,4548.0,56.03,25.12,34.12
3034,5,4549.5,56.02,25.08,34.08
3035,5,4551.0,56.01,25.04,34.04
3036,5,4552.5,56.0,24.99,33.99
3037,5,4554.0,55.99,24.95,33.95
3038,5,4555.5,55.98,24.91,33.91
3039,5,4557.0,55.97,24.86,33.86
3040,5,4558.5,55.96,24.81,33.81
3041,5,4560.0,55.95,24.77,33.77
3042,5,4561.5,55.94,24.72,33.72
3043,5,4563.0,55.92,24.67,33.67
3044,5,4564.5,55.91,24.63,33.63
3045,5,4566.0,55.9,24.58,33.58
3046,5,4567.5,55.88,24.53,33.53
3047,5,4569.0,55.87,24.48,33.48
3048,5,4570.5,55.85,24.43,33.43
3049,5,4572.0,55.84,24.38,33.38
3050,5,4573.5,55.82,24.33,33.33
3051,5,4575.0,55.8,24.28,33.28
3052,5,4576.5,55.79,24.22,33.22
3053,5,4578.0,55.77,24.17,33.17
3054,5,4579.5,55.75,24.12,33.12
3055,5,4581.0,55.74,24.06,33.06
3056,5,4582.5,55.72,24.01,33.01
3057,5,4584.0,55.7,23.96,32.96
3058,5,4585.5,55.68,23.9,32.9
3059,5,4587.0,55.66,23.85,32.85
3060,5,4588.5,55.64,23.79,32.79
3061,5,4590.0,55.62,23.74,32.74
3062,5,4591.5,55.6,23.68,32.68
3063,5,4593.0,55.58,23.62,32.62
3064,5,4594.5,55.56,23.57,32.57
3065,5,4596.0,55.54,23.51,32.51
3066,5,4597.5,55.51,23.45,32.45
3067,5,4599.0,55.49,23.39,32.39
3068,5,4600.5,55.47,23.34,32.34
3069,5,4602.0,55.45,23.28,32.28
3070,5,4603.5,55.42,23.22,32.22
3071,5,4605.0,55.4,23.16,32.16
3072,5,4606.5,55.38,23.1,32.1
3073,5,4608.0,55.35,23.04,32.04
3074,5,4609.5,55.33,22.98,31.98
3075,5,4611.0,55.3,22.92,31.92
3076,5,4612.5,55.28,22.86,31.86
3077,5,4614.0,55.26,22.81,31.81
3078,5,4615.5,55.23,22.75,31.75
3079,5,4617.0,55.2,22.69,31.69
3080,5,4618.5,55.18,22.63,31.63
3081,5,4620.0,55.15,22.57,31.57
3082,5,4621.5,55.13,22.51,31.51
3083,5,4623.0,55.1,22.45,31.45
3084,5,4624.5,55.08,22.39,31.39
3085,5,4626.0,55.05,22.33,31.33
3086,5,4627.5,55.02,22.27,31.27
3087,5,4629.0,55.0,22.21,31.21
3088,5,4630.5,54.97,22.15,31.15
3089,5,4632.0,54.94,22.09,31.09
3090,5,4633.5,54.91,22.03,31.03
3091,5,4635.0,54.89,21.97,30.97
3092,5,4636.5,54.86,21.91,30.91
3093,5,4638.0,54.83,21.85,30.85
3094,5,4639.5,54.81,21.8,30.8
3095,5,4641.0,54.78,21.74,30.74
3096,5,4642.5,54.75,21.68,30.68
3097,5,4644.0,54.72,21.62,30.62
3098,5,4645.5,54.7,21.56,30.56
3099,5,4647.0,54.67,21.51,30.51
3100,5,4648.5,54.64,21.45,30.45
3101,5,4650.0,54.61,21.39,30.39
3102,5,4651.5,54.58,21.33,30.33
3103,5,4653.0,54.56,21.28,30.28
3104,5,4654.5,54.53,21.22,30.22
3105,5,4656.0,54.5,21.17,30.17
3106,5,4657.5,54.47,21.11,30.11
3107,5,4659.0,54.45,21.06,30.06
3108,5,4660.5,54.42,21.0,30.0
3109,5,4662.0,54.39,20.95,29.95
3110,5,4663.5,54.37,20.89,29.89
3111,5,4665.0,54.34,20.84,29.84
3112,5,4666.5,54.31,20.79,29.79
3113,5,4668.0,54.28,20.73,29.73
3114,5,4669.5,54.26,20.68,29.68
3115,5,4671.0,54.23,20.63,29.63
3116,5,4672.5,54.2,20.58,29.58
3117,5,4674.0,54.18,20.53,29.53
3118,5,4675.5,54.15,20.48,29.48
3119,5,4677.0,54.13,20.43,29.43
3120,5,4678.5,54.1,20.38,29.38
3121,5,4680.0,54.07,20.33,29.33
3122,5,4681.5,54.05,20.28,29.28
3123,5,4683.0,54.02,20.24,29.24
3124,5,4684.5,54.0,20.19,29.19
3125,5,4686.0,53.97,20.14,29.14
3126,5,4687.5,53.95,20.1,29.1
3127,5,4689.0,53.92,20.05,29.05
3128,5,4690.5,53.9,20.01,29.01
3129,5,4692.0,53.88,19.96,28.96
3130,5,4693.5,53.85,19.92,28.92
3131,5,4695.0,53.83,19.88,28.88
3132,5,4696.5,53.81,19.84,28.84
3133,5,4698.0,53.78,19.8,28.8
3134,5,4699.5,53.76,19.76,28.76
3135,5,4701.0,53.74,19.72,28.72
3136,5,4702.5,53.72,19.68,28.68
3137,5,4704.0,53.7,19.64,28.64
3138,5,4705.5,53.68,19.6,28.6
3139,5,4707.0,53.65,19.56,28.56
3140,5,4708.5,53.63,19.53,28.53
3141,5,4710.0,53.61,19.49,28.49
3142,5,4711.5,53.59,19.46,28.46
3143,5,4713.0,53.57,19.42,28.42
3144,5,4714.5,53.56,19.39,28.39
3145,5,4716.0,53.54,19.36,28.36
3146,5,4717.5,53.52,19.32,28.32
3147,5,4719.0,53.5,19.29,28.29
3148,5,4720.5,53.48,19.26,28.26
3149,5,4722.0,53.47,19.23,28.23
3150,5,4723.5,53.45,19.2,28.2
3151,5,4725.0,53.43,19.17,28.17
3152,5,4726.5,53.42,19.15,28.15
3153,5,4728.0,53.4,19.12,28.12
3154,5,4729.5,53.39,19.09,28.09
3155,5,4731.0,53.37,19.07,28.07
3156,5,4732.5,53.36,19.04,28.04
3157,5,4734.0,53.34,19.02,28.02
3158,5,4735.5,53.33,19.0,28.0
3159,5,4737.0,53.32,18.98,27.98
3160,5,4738.5,53.3,18.95,27.95
3161,5,4740.0,53.29,18.93,27.93
3162,5,4741.5,53.28,18.91,27.91
3163,5,4743.0,53.27,18.89,27.89
3164,5,4744.5,53.26,18.88,27.88
3165,5,4746.0,53.25,18.86,27.86
3166,5,4747.5,53.23,18.84,27.84
3167,5,4749.0,53.23,18.82,27.82
3168,5,4750.5,53.22,18.81,27.81
3169,5,4752.0,53.21,18.79,27.79
3170,5,4753.5,53.2,18.78,27.78
3171,5,4755.0,53.19,18.77,27.77
3172,5,4756.5,53.18,18.75,27.75
3173,5,4758.0,53.18,18.74,27.74
3174,5,4759.5,53.17,18.73,27.73
3175,5,4761.0,53.16,18.72,27.72
3176,5,4762.5,53.16,18.71,27.71
3177,5,4764.0,53.15,18.7,27.7
3178,5,4765.5,53.15,18.69,27.69
3179,5,4767.0,53.14,18.68,27.68
3180,5,4768.5,53.14,18.68,27.68
3181,5,4770.0,53.14,18.67,27.67
3182,5,4771.5,53.13,18.66,27.66
3183,5,4773.0,53.13,18.66,27.66
3184,5,4774.5,53.13,18.65,27.65
3185,5,4776.0,53.13,18.65,27.65
3186,5,4777.5,53.12,18.65,27.65
3187,5,4779.0,53.12,18.64,27.64
3188,5,4780.5,53.12,18.64,27.64
3189,5,4782.0,53.12,18.64,27.64
3190,5,4783.5,53.12,18.64,27.64
3191,5,4785.0,53.12,18.64,27.64
3192,5,4786.5,53.12,18.64,27.64
3193,5,4788.0,53.13,18.64,27.64
3194,5,4789.5,53.13,18.64,27.64
3195,5,4791.0,53.13,18.64,27.64
3196,5,4792.5,53.13,18.65,27.65
3197,5,4794.0,53.13,18.65,27.65
3198,5,4795.5,53.14,18.65,27.65
3199,5,4797.0,53.14,18.66,27.66
3200,5,4798.5,53.15,18.66,27.66
3201,5,4800.0,53.15,18.66,27.66
3202,5,4801.5,53.15,18.67,27.67
3203,5,4803.0,53.16,18.67,27.67
3204,5,4804.5,53.16,18.68,27.68
3205,5,4806.0,53.17,18.69,27.69
3206,5,4807.5,53.18,18.69,27.69
3207,5,4809.0,53.18,18.7,27.7
3208,5,4810.5,53.19,18.71,27.71
3209,5,4812.0,53.2,18.72,27.72
3210,5,4813.5,53.2,18.72,27.72
3211,5,4815.0,53.21,18.73,27.73
3212,5,4816.5,53.22,18.74,27.74
3213,5,4818.0,53.23,18.75,27.75
3214,5,4819.5,53.24,18.76,27.76
3215,5,4821.0,53.24,18.77,27.77
3216,5,4822.5,53.25,18.78,27.78
3217,5,4824.0,53.26,18.79,27.79
3218,5,4825.5,53.27,18.8,27.8
3219,5,4827.0,53.28,18.81,27.81
3220,5,4828.5,53.29,18.82,27.82
3221,5,4830.0,53.3,18.83,27.83
3222,5,4831.5,53.31,18.84,27.84
3223,5,4833.0,53.32,18.85,27.85
3224,5,4834.5,53.33,18.86,27.86
3225,5,4836.0,53.34,18.87,27.87
3226,5,4837.5,53.35,18.89,27.89
3227,5,4839.0,53.36,18.9,27.9
3228,5,4840.5,53.37,18.91,27.91
3229,5,4842.0,53.38,18.92,27.92
3230,5,4843.5,53.4,18.93,27.93
3231,5,4845.0,53.41,18.94,27.94
3232,5,4846.5,53.42,18.95,27.95
3233,5,4848.0,53.43,18.97,27.97
3234,5,4849.5,53.44,18.98,27.98
3235,5,4851.0,53.45,18.99,27.99
3236,5,4852.5,53.46,19.0,28.0
3237,5,4854.0,53.48,19.01,28.01
3238,5,4855.5,53.49,19.02,28.02
3239,5,4857.0,53.5,19.03,28.03
3240,5,4858.5,53.51,19.04,28.04
3241,5,4860.0,53.52,19.06,28.06
3242,5,4861.5,53.53,19.07,28.07
3243,5,4863.0,53.55,19.08,28.08
3244,5,4864.5,53.56,19.09,28.09
3245,5,4866.0,53.57,19.1,28.1
3246,5,4867.5,53.58,19.11,28.11
3247,5,4869.0,53.59,19.12,28.12
3248,5,4870.5,53.6,19.13,28.13
3249,5,4872.0,53.62,19.13,28.13
3250,5,4873.5,53.63,19.14,28.14
3251,5,4875.0,53.64,19.15,28.15
3252,5,4876.5,53.65,19.16,28.16
3253,5,4878.0,53.66,19.17,28.17
3254,5,4879.5,53.67,19.18,28.18
3255,5,4881.0,53.68,19.18,28.18
3256,5,4882.5,53.69,19.19,28.19
3257,5,4884.0,53.7,19.2,28.2
3258,5,4885.5,53.71,19.2,28.2
3259,5,4887.0,53.72,19.21,28.21
3260,5,4888.5,53.73,19.21,28.21
3261,5,4890.0,53.74,19.22,28.22
3262,5,4891.5,53.75,19.22,28.22
3263,5,4893.0,53.76,19.23,28.23
3264,5,4894.5,53.77,19.23,28.23
3265,5,4896.0,53.78,19.23,28.23
3266,5,4897.5,53.79,19.23,28.23
3267,5,4899.0,53.79,19.24,28.24
3268,5,4900.5,53.8,19.24,28.24
3269,5,4902.0,53.81,19.24,28.24
3270,5,4903.5,53.82,19.24,28.24
3271,5,4905.0,53.82,19.24,28.24
3272,5,4906.5,53.83,19.24,28.24
3273,5,4908.0,53.84,19.24,28.24
3274,5,4909.5,53.84,19.24,28.24
3275,5,4911.0,53.85,19.23,28.23
3276,5,4912.5,53.85,19.23,28.23
3277,5,4914.0,53.86,19.23,28.23
3278,5,4915.5,53.86,19.22,28.22
3279,5,4917.0,53.87,19.22,28.22
3280,5,4918.5,53.87,19.21,28.21
3281,5,4920.0,53.87,19.21,28.21
3282,5,4921.5,53.88,19.2,28.2
3283,5,4923.0,53.88,19.19,28.19
3284,5,4924.5,53.88,19.18,28.18
3285,5,4926.0,53.88,19.18,28.18
3286,5,4927.5,53.88,19.17,28.17
3287,5,4929.0,53.88,19.16,28.16
3288,5,4930.5,53.88,19.14,28.14
3289,5,4932.0,53.88,19.13,28.13
3290,5,4933.5,53.88,19.12,28.12
3291,5,4935.0,53.88,19.11,28.11
3292,6,4936.5,53.88,19.1,28.1
3293,6,4938.0,53.88,19.08,28.08
3294,6,4939.5,53.88,19.07,28.07
3295,6,4941.0,53.87,19.05,28.05
3296,6,4942.5,53.87,19.03,28.03
3297,6,4944.0,53.87,19.02,28.02
3298,6,4945.5,53.86,19.0,28.0
3299,6,4947.0,53.86,18.98,27.98
3300,6,4948.5,53.85,18.96,27.96
3301,6,4950.0,53.84,18.94,27.94
3302,6,4951.5,53.84,18.92,27.92
3303,6,4953.0,53.83,18.9,27.9
3304,6,4954.5,53.82,18.88,27.88
3305,6,4956.0,53.81,18.86,27.86
3306,6,4957.5,53.81,18.83,27.83
3307,6,4959.0,53.8,18.81,27.81
3308,6,4960.5,53.79,18.78,27.78
3309,6,4962.0,53.78,18.76,27.76
3310,6,4963.5,53.77,18.73,27.73
3311,6,4965.0,53.75,18.7,27.7
3312,6,4966.5,53.74,18.68,27.68
3313,6,4968.0,53.73,18.65,27.65
3314,6,4969.5,53.72,18.62,27.62
3315,6,4971.0,53.7,18.59,27.59
3316,6,4972.5,53.69,18.56,27.56
3317,6,4974.0,53.67,18.53,27.53
3318,6,4975.5,53.66,18.49,27.49
3319,6,4977.0,53.64,18.46,27.46
3320,6,4978.5,53.62,18.43,27.43
3321,6,4980.0,53.61,18.39,27.39
3322,6,4981.5,53.59,18.36,27.36
3323,6,4983.0,53.57,18.32,27.32
3324,6,4984.5,53.55,18.29,27.29
3325,6,4986.0,53.53,18.25,27.25
3326,6,4987.5,53.51,18.21,27.21
3327,6,4989.0,53.49,18.18,27.18
3328,6,4990.5,53.47,18.14,27.14
3329,6,4992.0,53.45,18.1,27.1
3330,6,4993.5,53.43,18.06,27.06
3331,6,4995.0,53.4,18.02,27.02
3332,6,4996.5,53.38,17.98,26.98
3333,6,4998.0,53.36,17.93,26.93
3334,6,4999.5,53.33,17.89,26.89
3335,6,5001.0,53.31,17.85,26.85
3336,6,5002.5,53.28,17.81,26.81
3337,6,5004.0,53.26,17.76,26.76
3338,6,5005.5,53.23,17.72,26.72
3339,6,5007.0,53.2,17.67,26.67
3340,6,5008.5,53.17,17.63,26.63
3341,6,5010.0,53.14,17.58,26.58
3342,6,5011.5,53.12,17.53,26.53
3343,6,5013.0,53.09,17.49,26.49
3344,6,5014.5,53.06,17.44,26.44
3345,6,5016.0,53.03,17.39,26.39
3346,6,5017.5,53.0,17.34,26.34
3347,6,5019.0,52.96,17.3,26.3
3348,6,5020.5,52.93,17.25,26.25
3349,6,5022.0,52.9,17.2,26.2
3350,6,5023.5,52.87,17.15,26.15
3351,6,5025.0,52.83,17.1,26.1
3352,6,5026.5,52.8,17.05,26.05
3353,6,5028.0,52.77,16.99,25.99
3354,6,5029.5,52.73,16.94,25.94
3355,6,5031.0,52.7,16.89,25.89
3356,6,5032.5,52.66,16.84,25.84
3357,6,5034.0,52.62,16.79,25.79
3358,6,5035.5,52.59,16.73,25.73
3359,6,5037.0,52.55,16.68,25.68
3360,6,5038.5,52.51,16.63,25.63
3361,6,5040.0,52.48,16.57,25.57
3362,6,5041.5,52.44,16.52,25.52
3363,6,5043.0,52.4,16.47,25.47
3364,6,5044.5,52.36,16.41,25.41
3365,6,5046.0,52.32,16.36,25.36
3366,6,5047.5,52.28,16.3,25.3
3367,6,5049.0,52.24,16.25,25.25
3368,6,5050.5,52.2,16.2,25.2
3369,6,5052.0,52.16,16.14,25.14
3370,6,5053.5,52.12,16.09,25.09
3371,6,5055.0,52.08,16.03,25.03
3372,6,5056.5,52.04,15.98,24.98
3373,6,5058.0,51.99,15.92,24.92
3374,6,5059.5,51.95,15.87,24.87
3375,6,5061.0,51.91,15.81,24.81
3376,6,5062.5,51.87,15.76,24.76
3377,6,5064.0,51.82,15.7,24.7
3378,6,5065.5,51.78,15.65,24.65
3379,6,5067.0,51.74,15.59,24.59
3380,6,5068.5,51.69,15.54,24.54
3381,6,5070.0,51.65,15.48,24.48
3382,6,5071.5,51.61,15.43,24.43
3383,6,5073.0,51.56,15.37,24.37
3384,6,5074.5,51.52,15.32,24.32
3385,6,5076.0,51.47,15.26,24.26
3386,6,5077.5,51.43,15.21,24.21
3387,6,5079.0,51.38,15.16,24.16
3388,6,5080.5,51.34,15.1,24.1
3389,6,5082.0,51.29,15.05,24.05
3390,6,5083.5,51.25,15.0,24.0
3391,6,5085.0,51.2,14.94,23.94
3392,6,5086.5,51.16,14.89,23.89
3393,6,5088.0,51.11,14.84,23.84
3394,6,5089.5,51.07,14.79,23.79
3395,6,5091.0,51.02,14.73,23.73
3396,6,5092.5,50.98,14.68,23.68
3397,6,5094.0,50.93,14.63,23.63
3398,6,5095.5,50.88,14.58,23.58
3399,6,5097.0,50.84,14.53,23.53
3400,6,5098.5,50.79,14.48,23.48
3401,6,5100.0,50.75,14.43,23.43
3402,6,5101.5,50.7,14.38,23.38
3403,6,5103.0,50.66,14.33,23.33
3404,6,5104.5,50.61,14.28,23.28
3405,6,5106.0,50.56,14.24,23.24
3406,6,5107.5,50.52,14.19,23.19
3407,6,5109.0,50.47,14.14,23.14
3408,6,5110.5,50.43,14.1,23.1
3409,6,5112.0,50.38,14.05,23.05
3410,6,5113.5,50.34,14.01,23.01
3411,6,5115.0,50.29,13.96,22.96
3412,6,5116.5,50.25,13.92,22.92
3413,6,5118.0,50.2,13.87,22.87
3414,6,5119.5,50.16,13.83,22.83
3415,6,5121.0,50.11,13.79,22.79
3416,6,5122.5,50.07,13.75,22.75
3417,6,5124.0,50.03,13.7,22.7
3418,6,5125.5,49.98,13.66,22.66
3419,6,5127.0,49.94,13.62,22.62
3420,6,5128.5,49.9,13.59,22.59
3421,6,5130.0,49.85,13.55,22.55
3422,6,5131.5,49.81,13.51,22.51
3423,6,5133.0,49.77,13.47,22.47
3424,6,5134.5,49.72,13.44,22.44
3425,6,5136.0,49.68,13.4,22.4
3426,6,5137.5,49.64,13.36,22.36
3427,6,5139.0,49.6,13.33,22.33
3428,6,5140.5,49.56,13.3,22.3
3429,6,5142.0,49.52,13.26,22.26
3430,6,5143.5,49.48,13.23,22.23
3431,6,5145.0,49.44,13.2,22.2
3432,6,5146.5,49.4,13.17,22.17
3433,6,5148.0,49.36,13.14,22.14
3434,6,5149.5,49.32,13.11,22.11
3435,6,5151.0,49.28,13.08,22.08
3436,6,5152.5,49.24,13.06,22.06
3437,6,5154.0,49.2,13.03,22.03
3438,6,5155.5,49.17,13.0,22.0
3439,6,5157.0,49.13,12.98,21.98
3440,6,5158.5,49.09,12.96,21.96
3441,6,5160.0,49.06,12.93,21.93
3442,6,5161.5,49.02,12.91,21.91
3443,6,5163.0,48.98,12.89,21.89
3444,6,5164.5,48.95,12.87,21.87
3445,6,5166.0,48.91,12.85,21.85
3446,6,5167.5,48.88,12.83,21.83
3447,6,5169.0,48.85,12.81,21.81
3448,6,5170.5,48.81,12.8,21.8
3449,6,5172.0,48.78,12.78,21.78
3450,6,5173.5,48.75,12.76,21.76
3451,6,5175.0,48.72,12.75,21.75
3452,6,5176.5,48.68,12.74,21.74
3453,6,5178.0,48.65,12.72,21.72
3454,6,5179.5,48.62,12.71,21.71
3455,6,5181.0,48.59,12.7,21.7
3456,6,5182.5,48.56,12.69,21.69
3457,6,5184.0,48.54,12.68,21.68
3458,6,5185.5,48.51,12.67,21.67
3459,6,5187.0,48.48,12.67,21.67
3460,6,5188.5,48.45,12.66,21.66
3461,6,5190.0,48.43,12.65,21.65
3462,6,5191.5,48.4,12.65,21.65
3463,6,5193.0,48.37,12.64,21.64
3464,6,5194.5,48.35,12.64,21.64
3465,6,5196.0,48.32,12.64,21.64
3466,6,5197.5,48.3,12.64,21.64
3467,6,5199.0,48.28,12.64,21.64
3468,6,5200.5,48.25,12.64,21.64
3469,6,5202.0,48.23,12.64,21.64
3470,6,5203.5,48.21,12.64,21.64
3471,6,5205.0,48.19,12.64,21.64
3472,6,5206.5,48.17,12.65,21.65
3473,6,5208.0,48.15,12.65,21.65
3474,6,5209.5,48.13,12.66,21.66
3475,6,5211.0,48.11,12.66,21.66
3476,6,5212.5,48.09,12.67,21.67
3477,6,5214.0,48.07,12.68,21.68
3478,6,5215.5,48.06,12.69,21.69
3479,6,5217.0,48.04,12.7,21.7
3480,6,5218.5,48.02,12.71,21.71
3481,6,5220.0,48.01,12.72,21.72
3482,6,5221.5,47.99,12.73,21.73
3483,6,5223.0,47.98,12.74,21.74
3484,6,5224.5,47.96,12.76,21.76
3485,6,5226.0,47.95,12.77,21.77
3486,6,5227.5,47.94,12.78,21.78
3487,6,5229.0,47.93,12.8,21.8
3488,6,5230.5,47.91,12.82,21.82
3489,6,5232.0,47.9,12.83,21.83
3490,6,5233.5,47.89,12.85,21.85
3491,6,5235.0,47.88,12.87,21.87
3492,6,5236.5,47.87,12.89,21.89
3493,6,5238.0,47.86,12.91,21.91
3494,6,5239.5,47.86,12.93,21.93
3495,6,5241.0,47.85,12.95,21.95
3496,6,5242.5,47.84,12.97,21.97
3497,6,5244.0,47.83,12.99,21.99
3498,6,5245.5,47.83,13.02,22.02
3499,6,5247.0,47.82,13.04,22.04
3500,6,5248.5,47.82,13.06,22.06
3501,6,5250.0,47.81,13.09,22.09
3502,6,5251.5,47.81,13.11,22.11
3503,6,5253.0,47.8,13.14,22.14
3504,6,5254.5,47.8,13.16,22.16
3505,6,5256.0,47.8,13.19,22.19
3506,6,5257.5,47.8,13.22,22.22
3507,6,5259.0,47.79,13.25,22.25
3508,6,5260.5,47.79,13.27,22.27
3509,6,5262.0,47.79,13.3,22.3
3510,6,5263.5,47.79,13.33,22.33
3511,6,5265.0,47.79,13.36,22.36
3512,6,5266.5,47.79,13.39,22.39
3513,6,5268.0,47.79,13.42,22.42
3514,6,5269.5,47.79,13.45,22.45
3515,6,5271.0,47.8,13.48,22.48
3516,6,5272.5,47.8,13.51,22.51
3517,6,5274.0,47.8,13.55,22.55
3518,6,5275.5,47.8,13.58,22.58
3519,6,5277.0,47.81,13.61,22.61
3520,6,5278.5,47.81,13.64,22.64
3521,6,5280.0,47.81,13.68,22.68
3522,6,5281.5,47.82,13.71,22.71
3523,6,5283.0,47.82,13.74,22.74
3524,6,5284.5,47.83,13.78,22.78
3525,6,5286.0,47.83,13.81,22.81
3526,6,5287.5,47.84,13.84,22.84
3527,6,5289.0,47.85,13.88,22.88
3528,6,5290.5,47.85,13.91,22.91
3529,6,5292.0,47.86,13.95,22.95
3530,6,5293.5,47.87,13.98,22.98
3531,6,5295.0,47.87,14.02,23.02
3532,6,5296.5,47.88,14.05,23.05
3533,6,5298.0,47.89,14.09,23.09
3534,6,5299.5,47.9,14.12,23.12
3535,6,5301.0,47.91,14.16,23.16
3536,6,5302.5,47.91,14.19,23.19
3537,6,5304.0,47.92,14.23,23.23
3538,6,5305.5,47.93,14.26,23.26
3539,6,5307.0,47.94,14.3,23.3
3540,6,5308.5,47.95,14.33,23.33
3541,6,5310.0,47.96,14.37,23.37
3542,6,5311.5,47.97,14.4,23.4
3543,6,5313.0,47.98,14.44,23.44
3544,6,5314.5,47.99,14.47,23.47
3545,6,5316.0,48.0,14.51,23.51
3546,6,5317.5,48.01,14.54,23.54
3547,6,5319.0,48.02,14.57,23.57
3548,6,5320.5,48.03,14.61,23.61
3549,6,5322.0,48.04,14.64,23.64
3550,6,5323.5,48.05,14.68,23.68
3551,6,5325.0,48.07,14.71,23.71
3552,6,5326.5,48.08,14.74,23.74
3553,6,5328.0,48.09,14.78,23.78
3554,6,5329.5,48.1,14.81,23.81
3555,6,5331.0,48.11,14.84,23.84
3556,6,5332.5,48.12,14.88,23.88
3557,6,5334.0,48.13,14.91,23.91
3558,6,5335.5,48.14,14.94,23.94
3559,6,5337.0,48.16,14.97,23.97
3560,6,5338.5,48.17,15.0,24.0
3561,6,5340.0,48.18,15.03,24.03
3562,6,5341.5,48.19,15.06,24.06
3563,6,5343.0,48.2,15.09,24.09
3564,6,5344.5,48.21,15.12,24.12
3565,6,5346.0,48.22,15.15,24.15
3566,6,5347.5,48.24,15.18,24.18
3567,6,5349.0,48.25,15.21,24.21
3568,6,5350.5,48.26,15.24,24.24
3569,6,5352.0,48.27,15.27,24.27
3570,6,5353.5,48.28,15.29,24.29
3571,6,5355.0,48.29,15.32,24.32
3572,6,5356.5,48.3,15.35,24.35
3573,6,5358.0,48.31,15.37,24.37
3574,6,5359.5,48.32,15.4,24.4
3575,6,5361.0,48.33,15.42,24.42
3576,6,5362.5,48.34,15.45,24.45
3577,6,5364.0,48.35,15.47,24.47
3578,6,5365.5,48.36,15.49,24.49
3579,6,5367.0,48.37,15.52,24.52
3580,6,5368.5,48.38,15.54,24.54
3581,6,5370.0,48.39,15.56,24.56
3582,6,5371.5,48.4,15.58,24.58
3583,6,5373.0,48.41,15.6,24.6
3584,6,5374.5,48.42,15.62,24.62
3585,6,5376.0,48.43,15.64,24.64
3586,6,5377.5,48.44,15.66,24.66
3587,6,5379.0,48.44,15.68,24.68
3588,6,5380.5,48.45,15.7,24.7
3589,6,5382.0,48.46,15.71,24.71
3590,6,5383.5,48.47,15.73,24.73
3591,6,5385.0,48.47,15.75,24.75
3592,6,5386.5,48.48,15.76,24.76
3593,6,5388.0,48.49,15.77,24.77
3594,6,5389.5,48.49,15.79,24.79
3595,6,5391.0,48.5,15.8,24.8
3596,6,5392.5,48.5,15.81,24.81
3597,6,5394.0,48.51,15.83,24.83
3598,6,5395.5,48.52,15.84,24.84
3599,6,5397.0,48.52,15.85,24.85
3600,6,5398.5,48.52,15.86,24.86
3601,6,5400.0,48.53,15.87,24.87
3602,6,5401.5,48.53,15.88,24.88
3603,6,5403.0,48.54,15.88,24.88
3604,6,5404.5,48.54,15.89,24.89
3605,6,5406.0,48.54,15.9,24.9
3606,6,5407.5,48.55,15.9,24.9
3607,6,5409.0,48.55,15.91,24.91
3608,6,5410.5,48.55,15.91,24.91
3609,6,5412.0,48.55,15.92,24.92
3610,6,5413.5,48.55,15.92,24.92
3611,6,5415.0,48.55,15.92,24.92
3612,6,5416.5,48.55,15.93,24.93
3613,6,5418.0,48.55,15.93,24.93
3614,6,5419.5,48.55,15.93,24.93
3615,6,5421.0,48.55,15.93,24.93
3616,6,5422.5,48.55,15.93,24.93
3617,6,5424.0,48.55,15.93,24.93
3618,6,5425.5,48.55,15.92,24.92
3619,6,5427.0,48.55,15.92,24.92
3620,6,5428.5,48.54,15.92,24.92
3621,6,5430.0,48.54,15.92,24.92
3622,6,5431.5,48.54,15.91,24.91
3623,6,5433.0,48.54,15.91,24.91
3624,6,5434.5,48.53,15.9,24.9
3625,6,5436.0,48.53,15.89,24.89
3626,6,5437.5,48.52,15.89,24.89
3627,6,5439.0,48.52,15.88,24.88
3628,6,5440.5,48.51,15.87,24.87
3629,6,5442.0,48.51,15.86,24.86
3630,6,5443.5,48.5,15.85,24.85
3631,6,5445.0,48.49,15.84,24.84
3632,6,5446.5,48.49,15.83,24.83
3633,6,5448.0,48.48,15.82,24.82
3634,6,5449.5,48.47,15.81,24.81
3635,6,5451.0,48.47,15.8,24.8
3636,6,5452.5,48.46,15.79,24.79
3637,6,5454.0,48.45,15.78,24.78
3638,6,5455.5,48.44,15.76,24.76
3639,6,5457.0,48.43,15.75,24.75
3640,6,5458.5,48.42,15.73,24.73
3641,6,5460.0,48.41,15.72,24.72
3642,6,5461.5,48.4,15.7,24.7
3643,6,5463.0,48.39,15.69,24.69
3644,6,5464.5,48.38,15.67,24.67
3645,6,5466.0,48.37,15.66,24.66
3646,6,5467.5,48.36,15.64,24.64
3647,6,5469.0,48.35,15.62,24.62
3648,6,5470.5,48.33,15.6,24.6
3649,6,5472.0,48.32,15.59,24.59
3650,6,5473.5,48.31,15.57,24.57
3651,6,5475.0,48.3,15.55,24.55
3652,6,5476.5,48.28,15.53,24.53
3653,6,5478.0,48.27,15.51,24.51
3654,6,5479.5,48.26,15.49,24.49
3655,6,5481.0,48.24,15.47,24.47
3656,6,5482.5,48.23,15.45,24.45
3657,6,5484.0,48.21,15.43,24.43
3658,6,5485.5,48.2,15.41,24.41
3659,6,5487.0,48.18,15.39,24.39
3660,6,5488.5,48.17,15.37,24.37
3661,6,5490.0,48.15,15.34,24.34
3662,6,5491.5,48.14,15.32,24.32
3663,6,5493.0,48.12,15.3,24.3
3664,6,5494.5,48.11,15.28,24.28
3665,6,5496.0,48.09,15.26,24.26
3666,6,5497.5,48.07,15.23,24.23
3667,6,5499.0,48.06,15.21,24.21
3668,6,5500.5,48.04,15.19,24.19
3669,6,5502.0,48.02,15.17,24.17
3670,6,5503.5,48.01,15.14,24.14
3671,6,5505.0,47.99,15.12,24.12
3672,6,5506.5,47.97,15.1,24.1
3673,6,5508.0,47.96,15.08,24.08
3674,6,5509.5,47.94,15.05,24.05
3675,6,5511.0,47.92,15.03,24.03
3676,6,5512.5,47.9,15.01,24.01
3677,6,5514.0,47.89,14.98,23.98
3678,6,5515.5,47.87,14.96,23.96
3679,6,5517.0,47.85,14.94,23.94
3680,6,5518.5,47.83,14.92,23.92
3681,6,5520.0,47.81,14.89,23.89
3682,6,5521.5,47.8,14.87,23.87
3683,6,5523.0,47.78,14.85,23.85
3684,6,5524.5,47.76,14.83,23.83
3685,6,5526.0,47.74,14.8,23.8
3686,6,5527.5,47.72,14.78,23.78
3687,6,5529.0,47.71,14.76,23.76
3688,6,5530.5,47.69,14.74,23.74
3689,6,5532.0,47.67,14.72,23.72
3690,6,5533.5,47.65,14.7,23.7
3691,6,5535.0,47.63,14.68,23.68
3692,6,5536.5,47.62,14.66,23.66
3693,6,5538.0,47.6,14.64,23.64
3694,6,5539.5,47.58,14.62,23.62
3695,6,5541.0,47.56,14.6,23.6
3696,6,5542.5,47.55,14.58,23.58
3697,6,5544.0,47.53,14.56,23.56
3698,6,5545.5,47.51,14.54,23.54
3699,6,5547.0,47.49,14.52,23.52
3700,6,5548.5,47.48,14.5,23.5
3701,6,5550.0,47.46,14.49,23.49
3702,6,5551.5,47.44,14.47,23.47
3703,6,5553.0,47.43,14.45,23.45
3704,6,5554.5,47.41,14.44,23.44
3705,6,5556.0,47.39,14.42,23.42
3706,6,5557.5,47.38,14.41,23.41
3707,6,5559.0,47.36,14.39,23.39
3708,6,5560.5,47.35,14.38,23.38
3709,6,5562.0,47.33,14.36,23.36
3710,6,5563.5,47.32,14.35,23.35
3711,6,5565.0,47.3,14.34,23.34
3712,6,5566.5,47.29,14.33,23.33
3713,6,5568.0,47.27,14.31,23.31
3714,6,5569.5,47.26,14.3,23.3
3715,6,5571.0,47.25,14.29,23.29
3716,6,5572.5,47.23,14.28,23.28
3717,6,5574.0,47.22,14.27,23.27
3718,6,5575.5,47.21,14.27,23.27
3719,6,5577.0,47.19,14.26,23.26
3720,6,5578.5,47.18,14.25,23.25
3721,6,5580.0,47.17,14.24,23.24
3722,6,5581.5,47.16,14.24,23.24
3723,6,5583.0,47.15,14.23,23.23
3724,6,5584.5,47.14,14.23,23.23
3725,6,5586.0,47.13,14.23,23.23
3726,6,5587.5,47.12,14.22,23.22
3727,6,5589.0,47.11,14.22,23.22
3728,6,5590.5,47.1,14.22,23.22
3729,6,5592.0,47.09,14.22,23.22
3730,6,5593.5,47.08,14.22,23.22
3731,6,5595.0,47.08,14.22,23.22
3732,6,5596.5,47.07,14.22,23.22
3733,6,5598.0,47.06,14.22,23.22
3734,6,5599.5,47.05,14.22,23.22
3735,6,5601.0,47.05,14.23,23.23
3736,6,5602.5,47.04,14.23,23.23
3737,6,5604.0,47.04,14.24,23.24
3738,6,5605.5,47.03,14.24,23.24
3739,6,5607.0,47.03,14.25,23.25
3740,6,5608.5,47.03,14.26,23.26
3741,6,5610.0,47.02,14.27,23.27
3742,6,5611.5,47.02,14.28,23.28
3743,6,5613.0,47.02,14.29,23.29
3744,6,5614.5,47.02,14.3,23.3
3745,6,5616.0,47.02,14.31,23.31
3746,6,5617.5,47.02,14.32,23.32
3747,6,5619.0,47.02,14.34,23.34
3748,6,5620.5,47.02,14.35,23.35
3749,6,5622.0,47.02,14.36,23.36
3750,6,5623.5,47.02,14.38,23.38
3751,6,5625.0,47.02,14.4,23.4
3752,6,5626.5,47.02,14.42,23.42
3753,6,5628.0,47.03,14.43,23.43
3754,6,5629.5,47.03,14.45,23.45
3755,6,5631.0,47.04,14.47,23.47
3756,6,5632.5,47.04,14.49,23.49
3757,6,5634.0,47.05,14.52,23.52
3758,6,5635.5,47.05,14.54,23.54
3759,6,5637.0,47.06,14.56,23.56
3760,6,5638.5,47.07,14.59,23.59
3761,6,5640.0,47.08,14.61,23.61
3762,6,5641.5,47.08,14.64,23.64
3763,6,5643.0,47.09,14.66,23.66
3764,6,5644.5,47.1,14.69,23.69
3765,6,5646.0,47.11,14.72,23.72
3766,6,5647.5,47.12,14.75,23.75
3767,6,5649.0,47.14,14.78,23.78
3768,6,5650.5,47.15,14.81,23.81
3769,6,5652.0,47.16,14.84,23.84
3770,6,5653.5,47.17,14.87,23.87
3771,6,5655.0,47.19,14.91,23.91
3772,6,5656.5,47.2,14.94,23.94
3773,6,5658.0,47.22,14.98,23.98
3774,6,5659.5,47.23,15.01,24.01
3775,6,5661.0,47.25,15.05,24.05
3776,6,5662.5,47.27,15.09,24.09
3777,6,5664.0,47.28,15.12,24.12
3778,6,5665.5,47.3,15.16,24.16
3779,6,5667.0,47.32,15.2,24.2
3780,6,5668.5,47.34,15.24,24.24
3781,6,5670.0,47.36,15.28,24.28
3782,6,5671.5,47.38,15.33,24.33
3783,6,5673.0,47.4,15.37,24.37
3784,6,5674.5,47.42,15.41,24.41
3785,6,5676.0,47.44,15.45,24.45
3786,6,5677.5,47.47,15.5,24.5
3787,6,5679.0,47.49,15.54,24.54
3788,6,5680.5,47.51,15.59,24.59
3789,6,5682.0,47.54,15.64,24.64
3790,6,5683.5,47.56,15.68,24.68
3791,6,5685.0,47.59,15.73,24.73
3792,6,5686.5,47.61,15.78,24.78
3793,6,5688.0,47.64,15.83,24.83
3794,6,5689.5,47.67,15.88,24.88
3795,6,5691.0,47.7,15.93,24.93
3796,6,5692.5,47.72,15.98,24.98
3797,6,5694.0,47.75,16.03,25.03
3798,6,5695.5,47.78,16.08,25.08
3799,6,5697.0,47.81,16.13,25.13
3800,6,5698.5,47.84,16.19,25.19
3801,6,5700.0,47.87,16.24,25.24
3802,6,5701.5,47.9,16.29,25.29
3803,6,5703.0,47.93,16.35,25.35
3804,6,5704.5,47.97,16.4,25.4
3805,6,5706.0,48.0,16.46,25.46
3806,6,5707.5,48.03,16.51,25.51
3807,6,5709.0,48.06,16.57,25.57
3808,6,5710.5,48.1,16.63,25.63
3809,6,5712.0,48.13,16.68,25.68
3810,6,5713.5,48.17,16.74,25.74
3811,6,5715.0,48.2,16.8,25.8
3812,6,5716.5,48.24,16.86,25.86
3813,6,5718.0,48.27,16.91,25.91
3814,6,5719.5,48.31,16.97,25.97
3815,6,5721.0,48.35,17.03,26.03
3816,6,5722.5,48.38,17.09,26.09
3817,6,5724.0,48.42,17.15,26.15
3818,6,5725.5,48.46,17.21,26.21
3819,6,5727.0,48.5,17.27,26.27
3820,6,5728.5,48.53,17.33,26.33
3821,6,5730.0,48.57,17.39,26.39
3822,6,5731.5,48.61,17.45,26.45
3823,6,5733.0,48.65,17.51,26.51
3824,6,5734.5,48.69,17.57,26.57
3825,6,5736.0,48.73,17.63,26.63
3826,6,5737.5,48.77,17.7,26.7
3827,6,5739.0,48.81,17.76,26.76
3828,6,5740.5,48.85,17.82,26.82
3829,6,5742.0,48.89,17.88,26.88
3830,6,5743.5,48.93,17.94,26.94
3831,6,5745.0,48.98,18.0,27.0
3832,6,5746.5,49.02,18.06,27.06
3833,6,5748.0,49.06,18.13,27.13
3834,6,5749.5,49.1,18.19,27.19
3835,6,5751.0,49.14,18.25,27.25
3836,6,5752.5,49.19,18.31,27.31
3837,6,5754.0,49.23,18.37,27.37
3838,6,5755.5,49.27,18.43,27.43
3839,6,5757.0,49.31,18.49,27.49
3840,6,5758.5,49.36,18.56,27.56
3841,6,5760.0,49.4,18.62,27.62
3842,6,5761.5,49.44,18.68,27.68
3843,6,5763.0,49.48,18.74,27.74
3844,6,5764.5,49.53,18.8,27.8
3845,6,5766.0,49.57,18.86,27.86
3846,6,5767.5,49.61,18.92,27.92
3847,6,5769.0,49.66,18.98,27.98
3848,6,5770.5,49.7,19.04,28.04
3849,6,5772.0,49.74,19.1,28.1
3850,6,5773.5,49.79,19.16,28.16
3851,6,5775.0,49.83,19.22,28.22
3852,6,5776.5,49.87,19.28,28.28
3853,6,5778.0,49.92,19.33,28.33
3854,6,5779.5,49.96,19.39,28.39
3855,6,5781.0,50.0,19.45,28.45
3856,6,5782.5,50.05,19.51,28.51
3857,6,5784.0,50.09,19.56,28.56
3858,6,5785.5,50.13,19.62,28.62
3859,6,5787.0,50.18,19.68,28.68
3860,6,5788.5,50.22,19.73,28.73
3861,6,5790.0,50.26,19.79,28.79
3862,6,5791.5,50.3,19.84,28.84
3863,6,5793.0,50.35,19.9,28.9
3864,6,5794.5,50.39,19.95,28.95
3865,6,5796.0,50.43,20.0,29.0
3866,6,5797.5,50.47,20.06,29.06
3867,6,5799.0,50.51,20.11,29.11
3868,6,5800.5,50.56,20.16,29.16
3869,6,5802.0,50.6,20.21,29.21
3870,6,5803.5,50.64,20.26,29.26
3871,6,5805.0,50.68,20.31,29.31
3872,6,5806.5,50.72,20.36,29.36
3873,6,5808.0,50.76,20.41,29.41
3874,6,5809.5,50.8,20.46,29.46
3875,6,5811.0,50.84,20.51,29.51
3876,6,5812.5,50.88,20.56,29.56
3877,6,5814.0,50.92,20.61,29.61
3878,6,5815.5,50.96,20.65,29.65
3879,6,5817.0,51.0,20.7,29.7
3880,6,5818.5,51.04,20.74,29.74
3881,6,5820.0,51.07,20.79,29.79
3882,6,5821.5,51.11,20.83,29.83
3883,6,5823.0,51.15,20.87,29.87
3884,6,5824.5,51.19,20.92,29.92
3885,6,5826.0,51.22,20.96,29.96
3886,6,5827.5,51.26,21.0,30.0
3887,6,5829.0,51.29,21.04,30.04
3888,6,5830.5,51.33,21.08,30.08
3889,6,5832.0,51.37,21.12,30.12
3890,6,5833.5,51.4,21.16,30.16
3891,6,5835.0,51.43,21.19,30.19
3892,6,5836.5,51.47,21.23,30.23
3893,6,5838.0,51.5,21.27,30.27
3894,6,5839.5,51.54,21.3,30.3
3895,6,5841.0,51.57,21.34,30.34
3896,6,5842.5,51.6,21.37,30.37
3897,6,5844.0,51.63,21.41,30.41
3898,6,5845.5,51.66,21.44,30.44
3899,6,5847.0,51.69,21.47,30.47
3900,6,5848.5,51.72,21.5,30.5
3901,6,5850.0,51.75,21.53,30.53
3902,6,5851.5,51.78,21.56,30.56
3903,6,5853.0,51.81,21.59,30.59
3904,6,5854.5,51.84,21.62,30.62
3905,6,5856.0,51.87,21.65,30.65
3906,6,5857.5,51.9,21.67,30.67
3907,6,5859.0,51.92,21.7,30.7
3908,6,5860.5,51.95,21.72,30.72
3909,6,5862.0,51.98,21.75,30.75
3910,6,5863.5,52.0,21.77,30.77
3911,6,5865.0,52.03,21.79,30.79
3912,6,5866.5,52.05,21.82,30.82
3913,6,5868.0,52.07,21.84,30.84
3914,6,5869.5,52.1,21.86,30.86
3915,6,5871.0,52.12,21.88,30.88
3916,6,5872.5,52.14,21.9,30.9
3917,6,5874.0,52.16,21.92,30.92
3918,6,5875.5,52.18,21.93,30.93
3919,6,5877.0,52.2,21.95,30.95
3920,6,5878.5,52.22,21.97,30.97
3921,6,5880.0,52.24,21.98,30.98
3922,6,5881.5,52.26,22.0,31.0
3923,6,5883.0,52.28,22.01,31.01
3924,6,5884.5,52.3,22.03,31.03
3925,6,5886.0,52.32,22.04,31.04
3926,6,5887.5,52.33,22.05,31.05
3927,6,5889.0,52.35,22.06,31.06
3928,6,5890.5,52.37,22.07,31.07
3929,6,5892.0,52.38,22.08,31.08
3930,6,5893.5,52.4,22.09,31.09
3931,6,5895.0,52.41,22.1,31.1
3932,6,5896.5,52.42,22.11,31.11
3933,6,5898.0,52.44,22.12,31.12
3934,6,5899.5,52.45,22.12,31.12
3935,6,5901.0,52.46,22.13,31.13
3936,6,5902.5,52.47,22.13,31.13
3937,6,5904.0,52.48,22.14,31.14
3938,6,5905.5,52.49,22.14,31.14
3939,6,5907.0,52.5,22.15,31.15
3940,6,5908.5,52.51,22.15,31.15
3941,6,5910.0,52.52,22.15,31.15
3942,6,5911.5,52.53,22.16,31.16
3943,6,5913.0,52.54,22.16,31.16
3944,6,5914.5,52.54,22.16,31.16
3945,6,5916.0,52.55,22.16,31.16
3946,6,5917.5,52.55,22.16,31.16
3947,6,5919.0,52.56,22.16,31.16
3948,6,5920.5,52.57,22.16,31.16
3949,6,5922.0,52.57,22.16,31.16
3950,6,5923.5,52.57,22.16,31.16
3951,6,5925.0,52.58,22.15,31.15
3952,6,5926.5,52.58,22.15,31.15
3953,6,5928.0,52.58,22.15,31.15
3954,6,5929.5,52.59,22.15,31.15
3955,6,5931.0,52.59,22.14,31.14
3956,6,5932.5,52.59,22.14,31.14
3957,6,5934.0,52.59,22.13,31.13
3958,6,5935.5,52.59,22.13,31.13
3959,6,5937.0,52.59,22.12,31.12
3960,6,5938.5,52.59,22.12,31.12
3961,6,5940.0,52.59,22.11,31.11
3962,6,5941.5,52.59,22.11,31.11
3963,6,5943.0,52.58,22.1,31.1
3964,6,5944.5,52.58,22.09,31.09
3965,6,5946.0,52.58,22.09,31.09
3966,6,5947.5,52.58,22.08,31.08
3967,6,5949.0,52.57,22.07,31.07
3968,6,5950.5,52.57,22.06,31.06
3969,6,5952.0,52.57,22.06,31.06
3970,6,5953.5,52.56,22.05,31.05
3971,6,5955.0,52.56,22.04,31.04
3972,6,5956.5,52.55,22.03,31.03
3973,6,5958.0,52.55,22.02,31.02
3974,6,5959.5,52.54,22.02,31.02
3975,6,5961.0,52.53,22.01,31.01
3976,6,5962.5,52.53,22.0,31.0
3977,6,5964.0,52.52,21.99,30.99
3978,6,5965.5,52.52,21.98,30.98
3979,6,5967.0,52.51,21.97,30.97
3980,6,5968.5,52.5,21.97,30.97
3981,6,5970.0,52.49,21.96,30.96
3982,6,5971.5,52.48,21.95,30.95
3983,6,5973.0,52.48,21.94,30.94
3984,6,5974.5,52.47,21.93,30.93
3985,6,5976.0,52.46,21.92,30.92
3986,6,5977.5,52.45,21.92,30.92
3987,6,5979.0,52.44,21.91,30.91
3988,6,5980.5,52.43,21.9,30.9
3989,6,5982.0,52.42,21.89,30.89
3990,6,5983.5,52.41,21.88,30.88
3991,6,5985.0,52.4,21.88,30.88
3992,6,5986.5,52.39,21.87,30.87
3993,6,5988.0,52.38,21.86,30.86
3994,6,5989.5,52.37,21.85,30.85
3995,6,5991.0,52.36,21.85,30.85
3996,6,5992.5,52.35,21.84,30.84
3997,6,5994.0,52.34,21.83,30.83
3998,6,5995.5,52.33,21.83,30.83
3999,6,5997.0,52.32,21.82,30.82
4000,6,5998.5,52.31,21.82,30.82
