id_anneau,Avance_RDC[mm/mn],Couple_RDC[kN.m],PousseeTotale[kN],CapteurPressionsTerreFront1[bar],CapteurPressionsTerreFront2[bar],CapteurPressionsTerreFront3[bar],CapteurPressionsTerreFront4[bar],PressionInjectionMortierA1[bar],PressionInjectionMortierA2[bar],PressionInjectionMortierA5[bar],PressionInjectionMortierA6[bar],QuantiteMortierInjecteTotale[m3]
1,41.514,2411.234,19166.363,2.73,2.871,2.968,3.066,3.134,3.497,3.522,3.54,10.888
2,32.731,3035.591,20661.448,2.775,2.996,2.935,3.068,3.362,3.287,3.459,3.568,10.623
3,41.651,2485.447,26212.412,2.724,2.799,2.907,3.043,3.37,3.323,3.304,3.496,10.575
4,46.893,2937.369,23657.46,2.703,2.743,2.893,3.006,3.314,3.328,3.544,3.393,10.775
5,,,,,2.776,2.834,2.971,3.251,3.361,3.388,3.165,10.748
6,41.84,2572.069,24473.647,2.711,2.77,2.885,3.016,3.313,3.295,3.368,3.222,10.288
7,49.194,2680.164,21337.83,2.839,2.913,2.979,3.094,3.456,3.373,3.569,3.485,10.823
8,36.993,3031.458,20992.183,2.693,2.813,2.91,2.972,3.119,3.499,3.201,3.394,10.188
9,44.461,2859.751,19107.947,2.748,2.784,2.979,3.026,3.153,3.401,3.471,3.443,10.195
10,50.679,2740.968,23071.272,2.859,3.02,3.135,3.17,3.464,3.375,3.545,3.712,10.727
11,50.261,3286.806,20776.162,2.813,2.904,2.979,3.094,3.268,3.592,3.56,3.435,9.621
12,52.229,3267.259,26459.788,2.852,2.987,3.053,3.148,3.507,3.573,3.515,3.413,10.605
13,36.128,2870.951,22383.984,2.633,2.896,2.99,3.049,3.243,3.278,3.497,3.324,9.712
14,40.293,2208.584,21149.839,2.65,2.822,2.865,3.03,3.041,3.328,3.256,3.329,10.379
15,43.108,1839.465,23314.65,2.881,2.932,3.095,3.155,3.407,3.34,3.701,3.189,10.481
16,46.387,2677.89,21777.201,2.686,2.837,2.915,3.018,3.267,3.105,3.439,3.45,10.626
17,36.327,3068.96,22304.732,2.779,2.884,3.041,3.082,3.363,3.318,3.3,3.368,10.957
18,43.77,2374.02,22087.06,2.793,2.88,3.032,3.104,3.595,3.505,3.111,3.166,10.451
19,38.107,3306.668,23450.029,2.801,2.861,2.996,3.019,3.216,3.572,3.443,3.18,10.65
20,41.743,2453.933,23109.668,2.871,2.992,3.054,3.164,3.495,3.65,3.492,3.79,10.627
21,34.192,3370.109,22611.182,2.88,3.01,3.093,3.225,3.39,3.5,3.398,3.312,9.905
22,45.415,3336.471,19620.671,2.823,3.008,3.054,3.126,3.452,3.433,3.137,3.64,11.082
23,32.622,3153.466,23588.469,2.801,2.882,3.009,3.112,3.595,3.434,3.512,3.539,10.431
24,44.196,2512.991,23244.61,2.827,2.942,3.008,3.153,3.742,3.381,3.606,3.382,10.932
25,35.937,3470.315,18619.36,2.816,2.85,2.978,3.057,3.289,3.419,3.631,3.316,10.614
26,38.176,2766.899,21340.167,2.827,2.887,2.995,3.074,3.425,3.2,3.319,3.361,10.601
27,45.176,2769.996,21358.666,2.785,2.968,2.977,3.133,3.449,3.239,3.342,3.488,9.672
28,43.71,2842.219,22086.419,2.811,2.892,3.023,3.074,3.349,3.387,3.408,3.302,10.844
29,35.88,2271.202,23392.628,2.894,3.006,3.05,3.199,3.43,3.621,3.654,3.316,10.657
30,30.091,3130.704,23320.51,2.781,2.902,2.994,3.082,3.04,3.402,3.321,3.298,10.779
31,43.084,3330.001,21245.653,2.891,2.957,3.067,3.106,3.408,3.408,3.617,3.307,10.766
32,43.139,3206.829,22036.952,2.709,2.833,2.972,3.039,3.531,3.203,3.355,3.542,9.994
33,34.507,2725.151,22543.807,2.879,2.972,3.048,3.153,3.397,3.481,3.453,3.408,10.409
34,51.053,2576.687,23307.508,2.901,3.002,3.08,3.155,3.521,3.508,3.468,3.569,10.395
35,46.457,2628.378,24761.011,2.869,3.037,3.107,3.157,3.292,3.527,3.786,3.425,10.308
36,34.597,3453.171,26016.457,2.997,3.142,3.259,3.292,3.639,3.992,3.797,4.013,10.034
37,46.514,3280.937,23499.117,2.902,2.978,3.07,3.239,3.665,3.328,3.483,3.612,10.2
38,35.23,2777.18,22728.698,2.855,2.906,3.018,3.173,3.522,3.24,3.398,3.746,10.493
39,49.887,2636.383,20924.489,2.992,3.114,3.206,3.308,3.588,3.756,3.271,3.495,9.951
40,50.5,2350.085,24610.189,2.868,2.912,3.056,3.163,3.307,3.442,3.667,3.61,9.961
41,50.917,2727.775,22155.185,2.921,3.071,3.107,3.211,3.555,3.578,3.281,3.704,10.271
42,35.668,2636.305,24309.328,2.929,3.077,3.085,3.242,3.628,3.45,3.581,3.445,10.119
43,40.249,3397.283,24470.054,2.798,2.943,3.084,3.176,3.407,3.61,3.258,3.542,10.513
44,35.553,2201.686,20040.899,2.987,3.082,3.218,3.327,3.528,3.606,3.714,3.402,10.299
45,37.104,2852.04,21964.667,2.92,3.02,3.161,3.295,3.718,3.673,3.572,3.487,10.596
46,52.313,3498.616,22666.69,2.917,3.024,3.144,3.225,3.707,3.504,3.514,3.44,9.93
47,42.673,2876.336,22965.335,2.933,2.982,3.179,3.248,3.468,3.543,3.612,3.524,11.17
48,40.758,2733.836,22531.036,2.968,3.082,3.225,3.281,3.696,3.471,3.788,3.685,10.133
49,41.035,2169.652,23218.72,2.877,3.001,3.1,3.174,3.374,3.466,3.652,3.581,10.157
50,37.745,3253.339,19906.654,2.808,2.982,3.08,3.159,3.671,3.256,3.289,3.473,11.009
51,39.19,2810.16,23351.406,2.985,3.128,3.121,3.309,3.512,3.856,3.444,3.595,10.623
52,44.568,2574.212,23132.835,2.925,2.991,3.102,3.186,3.334,3.607,3.5,3.711,10.439
53,40.401,3220.661,22179.849,2.875,3.073,3.175,3.274,3.623,3.608,3.877,3.684,10.015
54,40.003,2842.595,22500.277,2.997,3.169,3.236,3.343,3.419,3.752,3.507,3.558,10.926
55,40.978,2295.443,20686.904,3.026,3.139,3.238,3.297,3.788,3.643,3.778,3.579,10.082
56,42.42,3047.512,24664.128,2.991,3.118,3.205,3.271,3.738,3.535,3.827,3.68,10.735
57,41.044,3262.961,23639.256,3.062,3.14,3.258,3.328,3.565,3.518,3.624,3.938,10.995
58,39.392,2618.281,22779.228,2.916,2.989,3.132,3.242,3.533,3.733,3.669,3.58,10.156
59,39.726,3614.953,22576.333,3.048,3.123,3.249,3.325,3.738,3.395,3.524,3.673,10.896
60,44.171,2441.448,25844.715,3.096,3.114,3.17,3.38,3.81,3.615,3.513,3.668,11.016
61,40.153,3710.166,24050.427,3.048,3.117,3.258,3.351,3.753,3.599,3.544,3.675,10.194
62,40.814,2737.555,23241.777,3.034,3.1,3.17,3.319,3.662,3.516,3.691,3.584,11.047
63,38.466,3741.462,22445.491,2.827,2.97,3.014,3.112,3.196,3.501,3.185,3.059,10.524
64,41.397,2966.313,22643.292,3.021,3.193,3.289,3.345,3.706,3.584,3.555,3.828,10.553
65,44.493,2824.191,22954.516,3.004,3.095,3.191,3.274,3.625,3.721,3.816,3.615,10.02
66,32.714,2521.833,21237.155,3.051,3.088,3.262,3.332,3.525,3.898,3.462,3.738,10.916
67,42.803,2711.704,22445.482,3.109,3.181,3.287,3.383,3.875,3.612,3.721,3.666,10.564
68,45.029,2315.7,23602.369,3.073,3.172,3.245,3.332,3.592,3.73,3.639,3.623,10.404
69,41.948,2626.2,22655.534,3.076,3.174,3.256,3.394,3.616,3.563,3.502,3.77,9.934
70,38.698,3401.311,22831.377,3.001,3.083,3.162,3.298,3.643,3.519,3.432,3.366,10.325
71,46.618,2591.304,23358.859,2.993,3.124,3.199,3.316,3.537,3.562,3.641,3.407,10.68
72,46.701,3417.613,21223.167,3.08,3.195,3.256,3.32,3.64,3.889,3.82,3.664,10.17
73,37.272,2840.392,24475.059,3.111,3.188,3.232,3.343,3.762,3.626,3.872,3.548,10.512
74,44.093,2958.184,21722.648,3.102,3.147,3.286,3.424,3.638,3.733,3.424,3.447,10.81
75,42.94,2953.035,24539.11,3.1,3.146,3.31,3.376,3.843,3.654,3.656,3.705,9.878
76,31.494,2605.755,22793.057,3.095,3.202,3.277,3.354,3.843,3.858,3.47,3.503,10.562
77,43.458,3321.083,23335.519,3.084,3.183,3.324,3.36,3.421,3.521,3.837,3.599,10.784
78,34.724,2734.559,21644.774,3.079,3.176,3.303,3.335,3.757,3.656,3.791,3.765,10.631
79,41.903,2634.936,21714.522,3.099,3.184,3.263,3.397,3.581,3.665,3.905,3.608,10.462
80,34.309,3456.416,24954.385,3.116,3.265,3.384,3.418,3.772,3.624,3.782,3.932,10.484
81,44.363,2714.903,22815.936,3.162,3.203,3.265,3.324,3.647,3.638,3.784,3.785,11.178
82,53.606,2449.717,21692.201,3.154,3.248,3.345,3.411,3.854,3.837,3.829,3.824,11.909
83,38.564,2709.962,22610.121,3.089,3.214,3.298,3.443,3.823,4.0,3.86,3.504,10.343
84,36.977,3187.666,22469.281,3.145,3.188,3.304,3.442,3.602,3.776,3.693,3.54,9.732
85,33.64,2754.007,22923.651,3.065,3.154,3.303,3.401,3.521,3.806,3.635,3.953,11.036
86,36.536,3031.109,23703.286,3.095,3.242,3.346,3.451,3.732,3.572,3.589,3.739,10.941
87,46.941,3191.924,22423.973,3.122,3.281,3.366,3.457,3.987,4.086,3.733,3.589,10.218
88,41.939,3313.467,25348.468,3.103,3.198,3.275,3.359,3.745,3.362,3.687,3.438,10.382
89,33.04,3550.406,24294.949,3.054,3.237,3.333,3.434,3.622,3.744,3.503,3.484,9.998
90,40.477,3409.928,20790.103,3.132,3.258,3.34,3.451,3.614,3.685,3.758,3.641,10.327
91,39.754,3061.326,21635.531,3.032,3.178,3.304,3.438,3.908,3.619,3.571,3.951,10.601
92,44.723,2645.316,20983.573,3.112,3.231,3.319,3.419,3.454,3.754,3.73,3.55,10.309
93,39.193,2891.702,22101.63,3.146,3.18,3.267,3.367,3.515,3.408,3.819,3.6,10.008
94,43.677,2468.928,21842.865,3.118,3.177,3.276,3.374,3.762,3.788,3.682,3.744,11.403
95,41.154,2715.316,24996.816,3.09,3.189,3.288,3.371,3.532,3.852,3.496,3.836,10.265
96,33.169,3268.313,23634.497,3.133,3.2,3.322,3.415,3.712,3.784,3.872,3.562,10.2
97,36.43,3016.207,25650.93,3.137,3.296,3.31,3.428,3.577,4.12,3.488,3.694,10.428
98,48.251,2726.39,22255.684,3.122,3.265,3.377,3.413,3.901,4.059,4.125,3.906,10.542
99,43.478,3023.365,20688.829,3.148,3.299,3.372,3.471,4.004,3.819,3.819,3.822,10.841
100,42.62,2565.378,23246.445,3.205,3.251,3.36,3.46,3.607,3.685,3.626,3.57,10.777
101,41.578,3332.778,25419.831,3.12,3.293,3.334,3.435,3.534,3.882,3.614,3.559,10.561
102,33.456,2916.505,21596.971,3.159,3.254,3.337,3.44,3.706,3.836,3.669,3.648,10.178
103,40.297,3684.177,21372.067,3.104,3.261,3.337,3.479,3.604,3.968,4.054,3.751,10.587
104,43.828,2502.689,24114.387,3.202,3.272,3.404,3.463,3.755,3.93,3.667,3.73,10.159
105,45.37,2598.578,22716.971,3.205,3.315,3.373,3.5,3.858,3.891,3.53,4.057,11.323
106,46.939,2750.729,23721.318,3.262,3.355,3.455,3.593,3.918,3.903,3.906,3.84,10.11
107,43.642,3022.44,21048.633,3.22,3.401,3.453,3.605,4.147,3.713,3.881,3.94,9.556
108,,,,,3.393,3.452,3.574,4.056,3.936,3.786,3.935,9.909
109,38.918,2912.867,23927.537,3.311,3.401,3.486,3.568,4.241,3.809,3.879,4.056,11.523
110,48.855,3401.478,23996.038,3.127,3.259,3.392,3.475,3.939,3.7,3.689,3.796,10.41
111,36.9,3193.429,23873.549,3.227,3.366,3.451,3.566,3.868,3.772,3.818,3.654,10.334
112,43.451,2419.361,24408.872,3.271,3.325,3.421,3.652,3.874,3.623,3.813,4.362,11.249
113,40.479,2950.021,22470.701,3.197,3.332,3.466,3.562,3.982,3.772,3.695,3.871,11.117
114,48.117,2342.551,21687.704,3.311,3.43,3.528,3.671,3.817,4.048,4.097,4.177,10.991
115,41.107,3647.851,19382.06,3.396,3.449,3.585,3.614,4.029,3.776,3.833,3.626,10.547
116,45.501,2671.712,22045.477,3.299,3.34,3.495,3.537,4.091,3.796,3.997,3.963,11.068
117,38.269,3155.407,23201.811,3.266,3.34,3.468,3.607,4.077,3.922,3.864,3.897,10.894
118,47.808,2806.103,23304.485,3.114,3.236,3.353,3.492,3.609,4.001,3.827,3.651,10.247
119,46.659,2784.431,23093.153,3.217,3.278,3.417,3.489,3.656,3.609,3.77,3.8,10.137
120,49.697,2288.401,22829.704,3.279,3.368,3.464,3.548,3.487,3.903,3.792,3.821,10.747
121,40.429,2842.244,20984.267,3.203,3.335,3.416,3.506,3.892,4.018,3.566,3.955,10.436
122,46.458,2886.217,25697.414,3.16,3.263,3.323,3.451,3.941,3.595,3.764,3.772,10.477
123,45.485,3108.776,24418.348,3.236,3.32,3.424,3.526,3.643,3.781,3.923,3.661,10.201
124,47.729,3460.528,23517.387,3.254,3.296,3.438,3.556,4.092,3.911,3.991,3.818,10.951
125,45.648,3568.188,22781.515,3.284,3.439,3.499,3.553,3.912,3.764,3.534,3.833,9.83
126,42.908,4002.684,22969.231,3.264,3.315,3.401,3.531,3.718,3.852,3.699,3.896,10.53
127,47.832,2233.799,24953.491,3.208,3.309,3.453,3.533,3.762,3.879,3.905,3.634,11.086
128,28.541,3835.098,21930.553,3.217,3.32,3.453,3.569,3.678,3.811,3.653,3.942,10.382
129,40.386,3177.953,23483.882,3.265,3.351,3.437,3.571,3.749,4.084,3.84,3.613,10.453
130,37.72,3226.156,22828.611,3.201,3.277,3.398,3.474,3.814,3.63,3.763,3.73,11.409
131,47.789,2895.379,21158.185,3.295,3.413,3.465,3.61,3.804,3.754,4.171,3.737,9.969
132,41.099,2994.569,21964.098,3.428,3.495,3.567,3.612,3.872,3.985,4.015,4.025,11.223
133,45.785,3250.609,21567.371,3.258,3.395,3.48,3.594,3.769,3.621,4.07,3.797,10.95
134,42.79,3174.087,23574.423,3.236,3.291,3.417,3.549,3.786,3.685,3.909,3.72,10.357
135,47.55,2636.513,23391.18,3.275,3.364,3.443,3.52,4.138,3.75,3.968,4.052,10.519
136,46.215,2686.31,20532.39,3.195,3.277,3.391,3.498,3.776,3.56,3.834,3.686,10.226
137,42.105,2639.51,23285.549,3.185,3.291,3.329,3.473,3.81,4.096,3.65,3.905,10.847
138,44.645,2763.736,22281.293,3.347,3.406,3.464,3.606,3.659,3.611,3.729,3.973,10.429
139,42.142,2505.481,23323.133,3.261,3.372,3.396,3.582,3.837,3.895,3.966,3.703,10.335
140,,,,,3.337,3.463,3.514,3.603,3.985,3.839,3.847,9.825
141,44.634,3446.129,25250.054,3.2,3.289,3.349,3.489,3.531,3.724,3.676,3.771,10.674
142,49.931,3299.814,24409.588,3.21,3.331,3.397,3.505,3.922,3.789,3.781,3.716,10.125
143,46.454,2843.584,23634.15,3.336,3.43,3.46,3.576,4.067,3.772,3.802,4.072,10.257
144,38.175,2682.148,22256.764,3.282,3.361,3.457,3.613,3.705,3.916,3.943,3.77,10.734
145,46.394,2401.67,26720.382,3.3,3.382,3.496,3.657,3.987,3.99,3.772,3.951,10.377
146,38.097,2942.8,24645.445,3.327,3.478,3.567,3.691,3.775,3.869,4.073,3.829,10.041
147,27.081,2232.679,23474.481,3.257,3.33,3.448,3.55,3.913,3.823,3.596,4.004,10.731
148,37.292,3240.148,23603.667,3.345,3.405,3.522,3.667,3.797,3.936,3.816,3.62,10.729
149,42.882,3011.031,23705.366,3.251,3.361,3.481,3.569,3.803,3.835,4.012,3.804,9.759
150,34.786,2653.231,25029.871,3.232,3.358,3.466,3.511,3.917,3.909,3.881,3.623,10.481
151,42.991,2405.593,24792.101,3.24,3.387,3.464,3.556,3.754,3.954,3.813,3.819,10.026
152,47.901,2667.685,24334.781,3.339,3.422,3.496,3.608,3.871,3.924,3.641,3.922,10.475
153,41.648,3404.947,25943.627,3.19,3.294,3.438,3.536,3.796,4.047,3.764,3.788,10.871
154,44.238,3292.013,23352.192,3.288,3.414,3.522,3.621,3.962,3.989,4.001,3.627,10.52
155,40.624,3057.409,21728.03,3.365,3.468,3.53,3.662,3.988,3.966,4.234,4.354,10.456
156,30.202,3140.141,23147.194,3.304,3.374,3.492,3.6,4.004,3.941,3.803,4.048,9.991
157,43.262,3122.181,23059.484,3.273,3.379,3.502,3.526,3.348,3.759,3.863,3.637,9.542
158,38.269,3280.869,22361.939,3.202,3.297,3.438,3.509,3.859,3.807,3.745,3.753,10.699
159,43.472,2468.24,20609.685,3.417,3.468,3.571,3.711,3.828,3.935,4.039,3.703,10.807
160,32.212,3063.771,24799.842,3.318,3.383,3.521,3.645,4.102,4.117,3.841,3.852,10.543
161,42.92,2910.825,24937.751,3.277,3.389,3.472,3.601,3.791,3.94,3.749,3.697,10.809
162,44.717,3179.829,21691.26,3.256,3.4,3.431,3.547,3.787,4.015,3.914,3.829,10.511
163,49.014,2800.583,24094.757,3.295,3.399,3.52,3.589,3.608,3.853,3.923,3.901,10.251
164,43.179,2912.537,22703.159,3.236,3.339,3.427,3.569,3.698,3.943,3.802,3.784,10.746
165,35.469,3109.492,22734.251,3.26,3.391,3.504,3.548,3.863,3.905,3.542,3.686,10.638
166,42.24,3304.858,26525.901,3.251,3.375,3.405,3.523,3.613,3.705,3.723,3.571,10.017
167,32.343,2713.853,26430.526,3.347,3.349,3.539,3.654,3.807,3.503,3.966,3.786,11.242
168,32.59,3221.033,23298.588,3.187,3.368,3.424,3.561,3.607,3.844,3.913,3.936,10.722
169,43.348,2951.904,22800.876,3.298,3.436,3.517,3.597,4.051,4.057,3.918,3.907,10.278
170,44.931,2676.591,23568.757,3.278,3.368,3.421,3.55,3.946,3.643,3.941,3.579,10.999
171,43.232,3110.671,24796.323,3.27,3.351,3.497,3.561,3.569,3.786,3.819,3.942,10.475
172,48.136,2763.479,21480.541,3.408,3.509,3.623,3.759,4.062,4.278,4.093,3.929,10.205
173,46.195,2608.768,23612.571,3.325,3.436,3.479,3.584,3.733,4.117,3.994,3.935,10.227
174,45.028,3684.192,24769.939,3.218,3.383,3.456,3.585,4.021,3.686,3.676,3.77,11.563
175,33.921,3186.984,23520.073,3.254,3.367,3.474,3.52,4.08,3.65,3.865,3.893,10.84
176,38.635,2650.975,23784.088,3.214,3.287,3.339,3.507,3.865,3.714,3.654,3.788,10.088
177,42.992,3363.222,20785.316,3.316,3.409,3.5,3.633,4.159,3.87,3.823,4.07,9.852
178,34.895,3149.979,24733.398,3.274,3.442,3.562,3.622,4.013,3.79,4.008,3.928,10.084
179,36.019,3201.845,22073.662,3.248,3.384,3.433,3.527,3.889,4.014,3.873,3.759,9.849
180,34.475,3097.813,20462.695,3.338,3.471,3.461,3.611,4.02,3.803,3.853,3.963,9.892
181,38.749,2555.549,20030.265,3.268,3.322,3.455,3.578,3.827,3.873,3.918,4.117,9.733
182,43.002,2461.655,22706.806,3.106,3.244,3.372,3.466,3.732,3.7,3.665,3.888,10.713
183,48.095,3031.417,23681.842,3.187,3.277,3.415,3.471,3.624,3.812,3.615,3.726,11.003
184,42.34,2469.174,22813.351,3.267,3.301,3.409,3.499,3.811,3.579,3.918,3.814,10.639
185,40.373,2853.13,25792.365,3.287,3.302,3.417,3.575,3.923,3.502,3.68,3.646,10.334
186,36.915,2337.319,22386.189,3.253,3.347,3.506,3.649,3.735,3.883,3.904,3.731,10.316
187,48.717,2841.423,20683.463,3.23,3.344,3.442,3.518,3.831,3.662,3.757,3.711,10.197
188,43.421,3062.776,21251.407,3.222,3.379,3.458,3.56,3.807,4.029,3.924,3.893,10.376
189,45.777,2935.195,25564.859,3.283,3.345,3.429,3.554,3.771,3.912,3.901,3.95,9.742
190,36.945,3234.042,23196.344,3.171,3.269,3.421,3.533,3.951,3.619,3.883,3.989,10.37
191,35.892,3068.87,23143.018,3.176,3.279,3.359,3.514,3.466,3.615,3.964,3.653,10.367
192,43.419,3245.599,24097.686,3.258,3.326,3.429,3.538,3.792,3.957,3.866,3.941,10.592
193,42.719,3168.79,22315.213,3.25,3.364,3.478,3.539,4.032,3.801,3.911,3.88,10.051
194,48.286,3289.178,23641.478,3.159,3.229,3.408,3.51,3.981,3.596,4.197,3.721,10.472
195,38.859,2881.538,21432.254,3.162,3.278,3.417,3.488,4.02,3.963,3.671,3.689,10.437
196,40.95,3348.443,19800.572,3.198,3.321,3.403,3.501,3.936,4.033,3.811,3.804,10.201
197,39.557,3050.098,22602.676,3.216,3.34,3.439,3.534,3.655,3.938,3.931,3.992,10.86
198,47.384,3138.943,26178.117,3.199,3.25,3.397,3.503,3.863,4.014,3.724,4.02,10.348
199,38.138,3052.524,22904.033,3.209,3.283,3.423,3.521,3.963,3.881,3.955,3.659,10.901
200,46.074,2917.163,24753.433,3.187,3.314,3.365,3.504,3.668,3.683,3.398,3.834,10.099
201,41.917,3245.324,18791.006,3.177,3.228,3.316,3.45,3.74,4.09,3.739,3.704,10.189
202,44.97,2428.651,22908.578,3.161,3.294,3.427,3.453,3.771,3.972,3.719,3.716,10.562
203,48.964,2619.791,25397.204,3.214,3.281,3.377,3.487,3.869,4.0,3.505,3.699,10.492
204,44.747,2387.803,24185.901,3.323,3.342,3.478,3.568,3.772,4.001,4.11,4.121,10.049
205,51.845,3306.163,20508.041,3.183,3.301,3.366,3.506,3.621,3.456,3.688,3.956,10.813
206,43.948,2884.429,21128.881,3.231,3.262,3.444,3.579,3.844,3.877,4.193,3.716,10.281
207,33.055,3232.05,22033.248,3.166,3.332,3.406,3.523,3.769,4.204,3.722,3.597,10.992
208,44.063,3782.233,21165.418,3.14,3.181,3.372,3.409,3.845,3.836,3.532,3.54,11.173
209,41.133,3342.897,23998.077,3.135,3.227,3.34,3.419,3.655,3.807,3.516,3.576,10.295
210,37.837,2205.699,22924.133,3.19,3.284,3.349,3.475,3.642,3.594,3.716,3.562,10.118
211,41.17,2641.704,24689.02,3.287,3.314,3.428,3.578,3.701,3.894,3.694,3.924,10.376
212,37.755,3470.042,23413.145,3.121,3.253,3.381,3.412,3.599,3.822,3.579,3.768,10.362
213,44.313,3032.176,21775.483,3.128,3.237,3.352,3.426,3.945,3.777,3.824,3.843,11.055
214,43.583,3473.489,22781.618,3.03,3.094,3.224,3.311,3.586,3.558,3.69,3.684,9.416
215,46.632,3830.721,21636.792,3.134,3.239,3.395,3.458,3.607,3.546,3.863,3.7,10.295
216,45.313,2761.523,24334.394,3.213,3.284,3.429,3.514,3.73,3.725,3.608,3.77,10.267
217,45.398,4011.83,22840.537,3.181,3.338,3.34,3.491,3.81,3.706,3.963,3.81,10.914
218,35.242,3018.06,21094.885,3.217,3.312,3.36,3.493,3.775,3.927,3.662,3.781,10.76
219,40.76,3048.861,21458.552,3.122,3.257,3.376,3.484,3.703,3.631,3.557,3.824,10.289
220,32.389,3395.189,22325.268,3.138,3.263,3.39,3.425,3.832,4.014,3.646,3.451,10.744
221,45.152,4509.496,21909.257,3.255,3.317,3.354,3.501,4.033,3.879,3.787,3.782,10.158
222,42.133,3081.861,25194.894,3.202,3.299,3.326,3.486,4.012,3.944,3.992,3.828,10.731
223,43.515,3764.397,22053.485,3.063,3.144,3.244,3.401,3.485,3.711,3.6,3.54,10.554
224,41.655,3496.978,22371.409,3.219,3.342,3.398,3.532,3.865,3.777,3.661,3.533,10.748
225,43.657,3135.866,25675.753,3.102,3.212,3.312,3.344,3.724,3.8,3.806,3.734,11.162
226,31.922,3273.888,24398.053,3.242,3.28,3.445,3.486,3.909,3.771,3.837,3.833,10.139
227,43.759,2739.471,24277.268,3.239,3.306,3.412,3.547,4.047,3.792,3.897,3.961,9.56
228,50.897,2965.668,24472.827,3.19,3.276,3.354,3.517,3.597,3.915,3.82,3.899,10.486
229,44.011,2546.652,21742.05,3.212,3.322,3.39,3.508,3.917,3.965,3.898,3.523,9.231
230,39.868,3415.925,22691.571,3.245,3.289,3.4,3.526,3.648,4.144,4.141,3.683,9.683
231,48.767,2656.731,19991.547,3.135,3.153,3.32,3.375,3.764,3.892,3.594,3.596,10.86
232,43.768,3066.848,23853.971,3.148,3.273,3.375,3.435,3.753,3.688,3.729,4.002,9.971
233,44.001,2455.012,23849.319,3.134,3.298,3.366,3.485,3.821,3.618,3.855,3.808,10.285
234,52.055,2730.641,22142.059,3.11,3.172,3.3,3.356,3.805,3.61,3.876,3.55,11.174
235,44.461,2412.152,23378.3,3.227,3.367,3.454,3.567,3.827,3.85,3.934,3.808,10.284
236,38.887,3074.956,24269.782,3.136,3.158,3.317,3.393,3.53,3.577,3.535,3.967,10.126
237,37.894,2765.327,22694.254,3.095,3.218,3.264,3.375,3.576,3.546,3.92,3.757,10.373
238,47.706,3009.633,23832.544,3.167,3.259,3.337,3.445,3.804,3.687,3.479,3.875,10.542
239,33.968,3570.936,21408.276,3.191,3.285,3.421,3.514,3.891,3.737,3.812,3.676,10.409
240,39.577,3636.076,21392.747,3.093,3.195,3.354,3.432,3.823,3.855,3.469,3.55,10.44
241,38.717,2414.986,24257.398,3.13,3.202,3.306,3.377,3.621,3.542,3.897,3.629,10.162
242,47.073,2490.869,20910.953,3.107,3.272,3.381,3.439,3.643,3.766,3.878,3.687,9.869
243,41.054,3324.613,24328.613,3.063,3.149,3.308,3.367,3.655,3.564,3.64,3.629,10.432
244,42.999,3203.255,23816.507,3.087,3.197,3.303,3.42,3.829,3.742,3.59,3.888,10.824
245,32.713,3282.888,24556.796,3.118,3.193,3.321,3.406,3.602,3.726,3.625,3.774,10.925
246,39.536,3328.965,22798.707,3.103,3.219,3.303,3.41,3.555,3.624,3.706,3.873,10.263
247,41.925,3536.792,24564.953,3.162,3.196,3.328,3.407,3.596,3.7,3.773,3.917,10.601
248,41.842,3263.244,25354.407,3.231,3.351,3.365,3.495,3.859,3.703,4.077,3.941,10.988
249,42.062,3282.606,25082.527,3.135,3.312,3.392,3.495,3.807,3.88,4.084,3.928,10.14
250,45.024,3088.106,24581.979,3.131,3.236,3.301,3.444,3.692,3.856,3.931,3.582,10.596
251,43.311,2676.185,21819.024,3.091,3.24,3.339,3.405,3.754,3.729,3.605,3.709,10.71
252,48.745,3179.449,21731.836,3.2,3.284,3.374,3.436,3.535,3.906,3.764,3.798,11.425
253,39.438,3335.933,24223.614,3.138,3.285,3.353,3.47,3.701,3.658,3.698,3.687,10.711
254,41.458,2627.575,21098.826,3.131,3.255,3.414,3.472,3.896,3.688,3.862,4.247,10.412
255,39.843,3844.11,22211.121,3.223,3.299,3.327,3.48,3.946,3.54,3.747,4.054,11.044
256,49.881,3518.344,21628.334,3.075,3.155,3.288,3.401,3.603,3.515,3.775,3.67,10.354
257,48.421,2383.981,21387.329,3.023,3.151,3.214,3.336,3.461,3.511,3.549,3.61,10.185
258,35.387,3231.726,24424.802,3.081,3.255,3.351,3.421,3.844,3.676,3.589,3.734,10.143
259,35.661,2937.452,25001.731,3.182,3.257,3.313,3.464,3.971,3.67,3.981,3.606,10.283
260,46.607,3741.714,22212.414,3.139,3.281,3.327,3.455,3.944,3.746,3.531,3.773,10.926
261,47.216,3527.931,23532.628,3.135,3.168,3.28,3.435,3.561,3.789,3.564,3.599,10.699
262,44.751,3504.06,24067.707,3.083,3.175,3.336,3.428,3.737,3.862,3.522,3.573,9.871
263,34.735,3197.626,22195.647,3.125,3.24,3.371,3.515,3.623,3.837,3.933,3.656,11.041
264,39.21,3389.792,22815.422,3.106,3.282,3.346,3.457,3.77,3.731,3.988,3.508,10.261
265,38.806,3525.878,20658.85,3.232,3.326,3.389,3.486,3.623,3.696,3.758,3.679,10.794
266,40.753,2573.432,20875.282,3.033,3.097,3.248,3.319,3.616,3.583,3.423,3.478,10.503
267,41.142,3162.681,22051.784,3.053,3.132,3.294,3.329,3.842,3.727,3.638,3.408,10.374
268,33.906,3073.985,22018.838,3.152,3.294,3.379,3.49,3.973,3.52,3.537,4.132,10.84
269,38.661,3135.237,23075.036,3.215,3.243,3.33,3.439,3.621,3.488,3.9,3.75,10.241
270,39.338,3493.666,23988.832,3.169,3.195,3.335,3.434,3.817,3.928,3.556,4.184,9.635
271,31.56,2935.808,26535.032,3.061,3.214,3.328,3.417,3.817,3.908,3.775,3.573,10.716
272,50.46,2590.137,19964.499,3.093,3.191,3.232,3.388,4.019,3.721,3.659,3.889,10.381
273,50.439,2609.154,19992.446,3.106,3.232,3.291,3.45,3.782,3.665,3.474,3.793,10.656
274,37.833,3415.498,24468.71,3.096,3.21,3.269,3.353,3.551,3.946,3.9,3.631,9.624
275,39.366,2618.5,20939.454,3.047,3.132,3.256,3.343,3.573,3.43,3.713,3.723,9.983
276,39.492,2916.663,24766.996,3.134,3.163,3.28,3.425,3.777,3.728,3.62,3.308,10.111
277,38.212,3300.738,22851.313,3.094,3.183,3.374,3.408,3.915,3.821,3.896,3.877,10.764
278,44.796,2765.681,24272.816,3.169,3.257,3.389,3.473,3.516,3.729,3.733,3.905,10.86
279,36.594,2347.417,24500.493,3.219,3.27,3.4,3.549,3.756,3.648,3.936,3.98,10.645
280,46.708,3072.322,23206.837,3.164,3.28,3.386,3.474,3.573,3.479,3.604,3.815,10.374
281,45.173,3187.265,21130.455,3.167,3.235,3.319,3.396,3.968,3.867,3.846,3.895,10.4
282,41.968,2583.395,23080.366,3.211,3.328,3.351,3.53,3.938,3.985,3.872,3.829,10.589
283,51.825,3337.342,20471.382,3.115,3.211,3.26,3.417,3.74,3.61,3.594,3.637,9.948
284,46.257,2647.095,22871.586,3.115,3.164,3.303,3.404,3.814,3.529,3.657,3.885,10.52
285,40.187,2382.971,26314.583,3.081,3.191,3.319,3.386,3.945,3.623,3.762,3.539,10.287
286,41.041,3386.067,21725.033,3.166,3.235,3.329,3.427,3.712,3.768,3.755,3.644,10.312
287,47.853,3202.558,21860.324,3.226,3.302,3.517,3.552,3.863,3.821,3.729,3.809,11.079
288,38.137,3172.977,19765.815,3.067,3.234,3.325,3.381,3.629,3.743,3.736,3.878,9.753
289,36.748,2521.821,23738.226,3.185,3.288,3.376,3.504,4.281,4.009,3.585,3.672,10.391
290,46.129,2303.889,22897.146,3.054,3.203,3.354,3.405,4.064,3.57,3.999,3.868,9.988
291,45.728,3009.596,24469.566,3.164,3.336,3.361,3.426,3.962,3.573,3.682,4.099,10.391
292,38.358,2886.81,21958.659,3.137,3.28,3.344,3.494,3.657,3.945,3.655,3.74,10.296
293,51.649,2762.676,21146.333,3.183,3.29,3.352,3.428,3.796,3.61,3.742,3.763,10.614
294,40.035,3093.669,24013.816,3.176,3.238,3.382,3.428,3.866,3.852,3.836,3.825,10.58
295,47.259,3423.011,22587.17,3.096,3.203,3.317,3.417,3.75,3.575,3.829,3.799,10.911
296,44.482,2682.608,22870.381,3.226,3.34,3.401,3.533,3.8,3.851,3.9,3.853,10.106
297,38.05,3131.527,25464.141,3.261,3.298,3.389,3.456,3.753,3.621,3.983,3.771,10.755
298,41.536,3039.49,24371.193,3.108,3.228,3.262,3.46,3.633,3.687,4.11,3.826,11.031
299,29.779,3987.541,24485.598,3.194,3.275,3.326,3.419,3.752,3.997,3.642,3.743,10.101
300,,,,,3.24,3.32,3.388,3.811,3.815,3.976,3.623,10.654
301,42.473,2724.755,25505.174,3.127,3.227,3.332,3.407,3.893,3.5,3.603,3.465,10.765
302,46.928,3170.133,20936.312,3.079,3.203,3.316,3.391,3.919,3.582,3.724,3.789,10.17
303,37.937,4220.712,25780.928,3.121,3.304,3.399,3.515,3.694,3.76,3.73,3.69,9.977
304,41.177,2709.04,21531.027,3.356,3.421,3.487,3.624,3.942,3.724,4.206,3.856,10.703
305,35.199,2806.583,22753.768,3.197,3.356,3.42,3.524,3.675,3.767,4.134,3.797,10.957
306,38.409,3059.752,19992.718,3.231,3.314,3.349,3.481,3.643,3.708,3.723,3.992,10.308
307,45.969,2669.249,23069.954,3.159,3.227,3.346,3.438,3.596,3.672,3.617,3.944,10.643
308,44.72,3437.246,20624.058,3.181,3.254,3.39,3.486,3.872,3.78,3.811,3.77,9.724
309,48.797,2753.359,23106.489,3.257,3.336,3.424,3.545,3.793,3.908,4.017,3.91,10.359
310,47.389,3195.486,23303.82,3.189,3.221,3.334,3.449,3.528,3.859,3.864,3.802,10.472
311,42.905,3046.347,25690.477,3.214,3.269,3.382,3.496,3.909,3.747,3.87,3.481,9.816
312,29.445,3515.426,25782.817,3.044,3.193,3.319,3.415,3.966,3.611,3.52,3.793,10.371
313,49.318,3650.04,23415.719,3.114,3.164,3.349,3.45,3.667,3.804,3.954,3.903,10.34
314,43.169,3287.67,23596.063,3.055,3.226,3.318,3.37,3.75,3.768,3.699,3.651,10.095
315,57.96,2824.374,23202.929,3.272,3.337,3.494,3.63,3.935,3.725,3.826,3.973,10.481
316,51.498,3230.796,25039.545,3.213,3.282,3.409,3.523,3.934,3.857,3.654,3.571,9.965
317,45.329,2952.41,23911.317,3.205,3.333,3.414,3.473,3.726,3.882,3.479,3.637,10.097
318,43.318,3236.477,22289.228,3.196,3.291,3.33,3.531,3.552,3.745,3.857,3.519,10.422
319,40.622,2990.193,24741.67,3.105,3.232,3.288,3.408,3.516,3.744,3.457,3.898,10.492
320,36.62,3118.377,23788.802,3.172,3.29,3.414,3.508,3.969,3.896,3.77,3.934,9.858
321,38.873,2946.874,22458.024,3.19,3.221,3.38,3.489,3.92,3.89,3.913,3.987,10.784
322,41.685,3248.452,22242.263,3.112,3.245,3.324,3.433,3.573,3.628,3.655,3.742,9.988
323,36.523,3987.836,23363.328,3.226,3.278,3.383,3.463,3.573,3.851,3.859,3.8,10.565
324,40.334,3835.82,22660.977,3.193,3.27,3.404,3.469,3.856,3.673,3.725,3.882,10.34
325,47.171,3115.367,22518.596,3.144,3.285,3.385,3.453,3.659,3.633,3.758,3.824,10.682
326,36.718,3330.392,24142.401,3.157,3.263,3.339,3.51,3.726,3.711,3.613,3.613,9.898
327,40.587,2573.801,24363.202,3.095,3.267,3.33,3.403,3.878,4.022,3.692,3.878,10.498
328,40.128,3532.724,23576.168,3.209,3.249,3.406,3.521,3.752,3.721,3.813,3.645,10.64
329,42.262,3628.793,27180.594,3.312,3.353,3.464,3.578,3.936,3.752,3.828,3.764,10.794
330,36.808,2634.807,25068.281,3.106,3.206,3.307,3.402,3.545,3.649,3.733,3.638,10.443
331,39.282,2748.401,23964.473,3.164,3.273,3.39,3.398,3.96,3.502,3.87,3.969,10.534
332,29.852,2703.803,22256.586,3.157,3.274,3.308,3.449,3.593,3.814,4.023,4.093,10.673
333,40.452,3208.891,22433.735,3.248,3.213,3.417,3.443,3.789,3.812,3.44,3.524,9.989
334,44.696,2916.506,25785.211,3.167,3.228,3.317,3.464,3.857,3.835,3.851,3.78,10.313
335,44.673,3525.211,23663.352,3.305,3.373,3.482,3.539,3.63,3.884,3.654,3.759,10.671
336,46.773,3443.99,24444.197,3.193,3.291,3.397,3.51,3.492,3.683,3.594,3.86,10.544
337,36.049,2728.0,25835.852,3.161,3.225,3.334,3.387,3.836,3.715,3.718,3.6,10.4
338,42.6,2933.312,22350.931,3.079,3.2,3.265,3.389,3.632,3.458,3.694,3.639,10.585
339,41.667,3175.33,23159.636,3.161,3.29,3.367,3.482,4.079,3.754,3.881,3.929,10.408
340,39.823,3196.939,22897.425,3.242,3.365,3.444,3.57,3.698,3.849,3.768,3.72,10.226
341,42.679,3691.132,22812.267,3.232,3.309,3.428,3.488,3.8,3.888,3.427,3.546,10.123
342,41.389,3570.487,21633.342,3.104,3.179,3.236,3.342,3.585,3.648,3.51,3.71,10.201
343,36.392,4051.241,22964.214,3.095,3.222,3.349,3.435,3.879,3.67,3.569,3.695,9.187
344,49.163,2476.514,22906.795,3.185,3.259,3.383,3.508,4.12,3.814,3.628,3.799,10.333
345,49.005,4435.644,22913.857,3.275,3.367,3.445,3.546,3.819,4.019,3.811,3.828,10.238
346,34.803,3626.791,22629.248,3.228,3.31,3.43,3.483,3.643,3.934,3.885,3.876,10.624
347,43.724,3289.041,26159.992,3.164,3.281,3.454,3.472,3.926,3.681,3.797,4.013,10.053
348,37.639,2990.527,24376.412,3.269,3.343,3.436,3.575,3.884,3.883,3.814,3.757,10.189
349,44.894,3687.449,22225.809,3.221,3.351,3.402,3.6,3.847,3.986,3.825,4.016,10.376
350,36.921,3977.67,24636.465,3.245,3.252,3.394,3.476,3.801,3.728,3.807,3.672,10.823
351,34.942,3694.244,23756.346,3.214,3.325,3.407,3.512,3.796,3.638,3.717,3.983,10.196
352,43.221,3825.008,21790.035,3.16,3.283,3.387,3.407,3.789,3.543,3.634,3.48,10.228
353,38.053,3423.738,25490.833,3.195,3.253,3.382,3.469,3.953,3.86,3.659,3.547,9.847
354,41.904,3263.506,24698.223,3.196,3.274,3.458,3.56,3.908,3.914,3.747,3.88,10.103
355,38.46,3103.757,23866.531,3.119,3.214,3.347,3.432,3.994,3.964,3.764,3.555,10.837
356,35.136,2689.888,24857.572,3.198,3.319,3.399,3.483,3.781,3.685,3.6,3.96,9.81
357,27.751,3358.684,26174.008,3.236,3.327,3.415,3.483,4.206,3.86,3.577,3.817,10.181
358,45.597,3870.362,27805.892,3.217,3.344,3.471,3.6,3.777,3.837,3.965,3.721,10.787
359,42.269,4222.23,23172.066,3.173,3.264,3.296,3.414,3.703,3.767,3.614,3.93,10.238
360,29.923,3425.929,26546.899,3.274,3.345,3.481,3.538,3.971,4.17,4.055,3.817,10.189
361,35.219,2780.38,24542.542,3.211,3.298,3.42,3.599,3.851,4.003,3.722,3.959,10.466
362,39.421,3280.236,24306.182,3.357,3.398,3.547,3.557,3.939,3.919,3.773,3.785,9.869
363,47.219,3573.552,23688.176,3.213,3.293,3.392,3.499,3.829,3.905,4.061,3.666,9.93
364,44.223,4054.306,26209.528,3.196,3.319,3.391,3.484,3.706,4.019,3.838,3.777,10.619
365,44.727,3470.313,22821.936,3.309,3.423,3.484,3.608,3.681,4.078,3.798,3.919,10.426
366,42.723,3899.792,25200.819,3.222,3.358,3.435,3.544,3.951,3.741,3.765,3.829,10.683
367,40.719,3656.398,25491.014,3.158,3.331,3.47,3.537,3.709,3.786,4.025,3.965,10.396
368,41.426,3562.113,24366.254,3.377,3.509,3.522,3.653,3.932,3.906,3.819,4.103,10.228
369,42.922,3516.792,23143.363,3.323,3.422,3.584,3.615,4.043,3.978,3.677,3.757,9.473
370,37.842,3491.066,26781.216,3.154,3.221,3.425,3.39,3.68,3.721,3.908,3.805,10.223
371,30.564,3262.938,23171.868,3.265,3.322,3.455,3.562,3.634,3.948,3.575,4.007,10.16
372,42.721,3352.416,25156.372,3.254,3.42,3.492,3.615,4.049,3.919,3.719,4.014,10.37
373,39.926,3153.665,24035.101,3.39,3.465,3.544,3.665,3.945,3.998,3.94,3.9,10.417
374,33.374,3652.187,22830.466,3.441,3.51,3.607,3.731,4.165,4.152,3.735,4.145,9.806
375,39.725,2763.614,25911.575,3.421,3.545,3.616,3.79,4.446,3.998,3.742,3.93,9.98
376,46.641,2999.684,23432.782,3.403,3.513,3.596,3.708,3.938,3.956,4.113,4.119,10.479
377,36.449,3688.598,21902.614,3.325,3.422,3.517,3.581,4.131,3.989,3.88,3.804,10.893
378,39.326,2956.118,24520.983,3.284,3.41,3.516,3.566,3.964,3.918,4.032,3.915,9.859
379,38.656,3489.307,21923.69,3.353,3.397,3.54,3.617,3.98,4.052,3.734,3.829,10.628
380,36.661,3159.86,23007.238,3.38,3.523,3.587,3.729,4.048,4.475,3.856,3.921,10.679
381,37.503,2768.621,24590.339,3.486,3.493,3.608,3.757,4.035,3.869,4.046,3.868,10.61
382,39.944,3314.97,24095.461,3.287,3.377,3.507,3.575,3.982,3.906,3.941,4.032,10.165
383,45.438,3831.625,22485.55,3.413,3.548,3.586,3.668,3.919,4.049,4.059,3.866,9.851
384,41.614,3195.102,25488.969,3.432,3.592,3.642,3.776,4.291,4.039,4.25,3.917,10.984
385,45.34,3606.601,24700.144,3.414,3.557,3.648,3.726,4.023,4.223,3.831,3.983,10.264
386,40.049,3639.456,21470.814,3.558,3.697,3.8,3.839,4.177,4.244,4.056,4.346,10.245
387,41.546,2733.68,22145.477,3.397,3.57,3.656,3.737,3.866,4.106,4.124,4.142,10.942
388,33.258,3615.407,26986.172,3.478,3.481,3.645,3.753,4.132,3.881,3.636,3.885,10.414
389,43.269,3060.677,22572.187,3.452,3.499,3.601,3.767,4.133,3.952,3.849,4.357,10.988
390,45.58,3676.632,25074.342,3.389,3.449,3.613,3.649,3.997,3.816,3.953,4.004,10.056
391,41.55,3146.869,24010.642,3.327,3.451,3.576,3.63,3.856,3.844,3.917,4.174,9.837
392,46.321,3543.967,25514.024,3.408,3.516,3.663,3.704,4.099,3.973,4.024,4.333,10.617
393,47.084,4520.706,22296.326,3.469,3.587,3.672,3.774,4.07,4.136,4.073,4.094,10.675
394,42.002,3056.706,24290.911,3.456,3.582,3.626,3.749,3.897,3.931,3.985,3.876,9.66
395,43.584,2804.821,23253.454,3.463,3.578,3.658,3.795,4.087,4.16,4.305,3.86,10.087
396,50.95,3311.532,23904.837,3.443,3.566,3.593,3.798,4.155,3.944,4.159,3.657,10.91
397,37.49,3557.979,24563.593,3.522,3.598,3.681,3.819,4.127,3.887,4.252,4.48,10.344
398,43.28,3894.817,24553.771,3.513,3.56,3.636,3.767,4.053,3.993,3.761,3.804,10.502
399,50.433,3842.727,22756.077,3.494,3.564,3.641,3.82,4.021,4.364,4.018,4.187,9.236
400,38.316,3150.909,23234.912,3.47,3.555,3.647,3.765,3.891,4.004,4.224,4.124,10.731
401,50.771,3087.649,21684.368,3.382,3.493,3.605,3.731,4.113,3.852,4.03,3.937,9.776
402,42.142,2730.045,24201.089,3.386,3.534,3.656,3.712,4.022,4.067,3.979,3.783,9.811
403,38.252,2912.807,24534.219,3.571,3.632,3.712,3.874,4.354,4.145,3.977,4.201,11.39
404,44.503,3224.398,23126.53,3.447,3.553,3.664,3.781,3.745,3.834,4.165,4.229,10.92
405,45.556,3675.451,24172.481,3.476,3.628,3.701,3.786,3.894,4.091,4.044,3.727,9.342
406,39.351,3833.836,26644.942,3.491,3.589,3.694,3.776,3.868,4.194,4.036,4.211,10.94
407,42.742,2862.971,21610.556,3.311,3.453,3.571,3.64,3.648,3.876,3.889,3.778,9.602
408,39.91,2972.317,25787.793,3.475,3.527,3.693,3.771,4.193,3.996,3.966,4.194,10.35
409,38.933,3281.833,22063.241,3.404,3.491,3.574,3.761,4.122,4.019,3.843,3.939,10.2
410,43.651,3383.437,26385.861,3.474,3.554,3.691,3.764,4.024,3.912,3.888,4.264,10.811
411,46.57,3439.303,23289.506,3.408,3.528,3.629,3.746,4.422,3.939,3.91,4.295,10.295
412,37.756,2643.246,24441.279,3.464,3.589,3.637,3.705,4.258,3.969,3.803,4.328,10.897
413,40.964,2743.974,26776.283,3.463,3.556,3.586,3.676,4.036,4.112,3.935,4.078,10.553
414,51.773,3574.909,22686.779,3.457,3.583,3.636,3.778,3.962,4.105,4.124,4.072,10.43
415,44.64,3686.215,25586.336,3.469,3.505,3.642,3.794,3.985,4.085,3.982,4.009,10.09
416,34.515,2953.529,23624.613,3.396,3.475,3.59,3.689,4.094,3.973,3.951,3.724,9.714
417,45.569,3243.619,25477.698,3.403,3.476,3.621,3.703,4.084,3.98,4.101,4.135,9.53
418,36.008,3535.824,24653.61,3.514,3.535,3.651,3.785,3.913,4.041,4.222,3.754,10.321
419,34.269,3340.588,23525.948,3.61,3.594,3.725,3.841,4.18,4.301,4.283,4.063,10.057
420,41.48,2817.077,20847.469,3.489,3.53,3.673,3.735,3.967,3.971,4.103,3.966,10.73
421,48.597,3304.729,24475.823,3.471,3.578,3.661,3.781,4.218,4.305,4.06,3.946,10.205
422,46.438,2759.485,24231.361,3.432,3.615,3.688,3.721,3.852,4.075,4.054,4.472,9.894
423,48.855,3396.897,24629.685,3.396,3.43,3.523,3.67,3.766,4.229,3.685,3.824,10.0
424,45.878,3076.672,23929.744,3.324,3.438,3.515,3.601,3.955,4.166,3.868,4.399,10.298
425,40.143,2904.412,22969.98,3.451,3.522,3.635,3.716,4.1,4.078,4.196,3.943,11.244
426,44.374,3218.718,22727.94,3.259,3.375,3.539,3.617,4.103,3.814,3.79,4.076,10.46
427,50.557,2917.749,21800.963,3.398,3.527,3.623,3.685,3.9,4.089,3.791,3.888,10.572
428,51.831,2740.463,21831.889,3.312,3.49,3.602,3.657,3.827,4.061,3.88,3.962,10.064
429,34.017,3433.492,24599.205,3.343,3.461,3.572,3.689,4.06,4.002,3.693,3.855,10.173
430,43.391,2921.372,23633.965,3.417,3.49,3.557,3.631,4.101,3.872,4.161,3.814,9.793
431,38.55,3717.335,21041.866,3.404,3.476,3.692,3.75,4.22,4.134,4.19,3.957,9.909
432,46.53,3642.521,24477.754,3.379,3.473,3.577,3.613,3.869,3.747,3.89,4.295,9.288
433,45.253,3532.093,22491.296,3.334,3.388,3.511,3.641,4.053,4.164,3.849,3.718,9.65
434,41.886,2650.691,24450.003,3.379,3.506,3.594,3.696,4.049,4.029,3.76,4.34,9.1
435,38.362,3437.272,24234.477,3.514,3.668,3.729,3.841,3.839,4.339,3.926,4.035,10.573
436,43.979,2843.466,25360.251,3.373,3.457,3.608,3.661,4.136,4.134,3.969,3.737,10.428
437,41.449,3603.279,24979.843,3.227,3.328,3.471,3.599,3.991,3.916,4.035,3.895,10.388
438,42.577,2789.554,23081.323,3.329,3.51,3.564,3.676,3.677,3.699,4.02,3.967,9.646
439,41.114,3093.18,22811.306,3.502,3.618,3.696,3.802,4.278,4.092,4.258,4.162,10.574
440,43.477,3474.162,22793.291,3.389,3.512,3.574,3.64,3.941,3.839,4.097,4.076,9.999
441,41.927,2996.448,25986.714,3.39,3.51,3.587,3.662,3.937,3.898,3.852,3.985,10.844
442,45.908,3043.026,21719.064,3.37,3.523,3.558,3.641,4.025,4.116,4.235,4.263,10.713
443,28.063,3255.882,23043.933,3.372,3.458,3.616,3.704,3.907,3.929,3.88,4.243,9.672
444,40.622,3138.945,24531.673,3.362,3.492,3.535,3.661,4.089,4.074,3.757,3.956,9.739
445,39.411,3305.189,21795.431,3.317,3.454,3.539,3.649,3.686,3.907,3.744,3.72,9.708
446,43.424,3295.6,22197.484,3.296,3.43,3.483,3.648,3.804,3.829,3.77,3.925,9.599
447,46.039,2701.946,21376.414,3.304,3.374,3.504,3.59,3.582,3.626,4.157,4.01,10.321
448,42.877,4166.01,24222.923,3.347,3.397,3.506,3.585,3.97,3.799,3.637,4.094,9.423
449,42.134,3674.629,21467.566,3.262,3.43,3.489,3.651,4.014,3.874,3.873,3.823,10.043
450,39.35,3421.374,21422.404,3.216,3.338,3.396,3.497,3.82,3.923,3.611,3.885,9.879
451,45.424,2940.402,25066.227,3.291,3.32,3.396,3.507,3.928,3.856,3.6,3.607,9.556
452,50.893,3612.868,20575.3,3.235,3.335,3.497,3.578,3.789,3.967,3.837,3.944,10.201
453,43.884,3040.396,22650.203,3.186,3.365,3.462,3.584,3.805,4.042,3.869,3.9,10.51
454,42.901,3257.337,23613.529,3.196,3.305,3.386,3.506,3.719,3.847,3.595,3.758,10.13
455,43.89,3146.79,22667.145,3.225,3.361,3.494,3.591,3.874,3.908,3.89,3.769,10.405
456,39.048,3315.475,22914.199,3.2,3.27,3.418,3.442,3.742,3.603,3.838,3.928,10.663
457,37.833,3920.687,24383.347,3.15,3.283,3.402,3.499,3.849,3.797,3.825,3.737,9.97
458,37.57,3078.893,22032.65,3.102,3.253,3.367,3.439,3.973,3.78,3.532,3.831,10.794
459,42.608,3764.901,24414.717,3.14,3.268,3.426,3.475,3.934,3.642,3.818,3.845,10.78
460,45.38,3415.352,24133.931,3.174,3.296,3.395,3.504,3.775,3.773,3.947,3.688,10.319
461,43.254,2874.953,22414.317,3.169,3.281,3.379,3.54,3.919,3.997,3.595,3.687,10.874
462,40.271,4124.812,24664.675,3.116,3.179,3.249,3.348,3.95,3.55,3.604,3.532,10.189
463,44.983,3496.354,22396.553,3.203,3.363,3.486,3.481,4.044,3.859,3.772,3.904,10.569
464,40.286,2605.425,23144.151,3.124,3.21,3.313,3.492,3.69,3.745,3.853,3.785,10.631
465,43.638,3046.876,22707.246,3.082,3.194,3.347,3.429,3.531,3.758,3.655,3.57,10.102
466,39.268,2834.305,22289.488,3.178,3.307,3.4,3.507,3.929,3.945,3.671,3.87,10.138
467,43.734,2847.966,23628.478,3.201,3.333,3.409,3.487,3.801,4.115,3.583,3.789,10.5
468,37.352,2856.548,20290.225,3.11,3.187,3.347,3.363,3.69,3.684,3.846,3.559,9.63
469,34.026,3200.211,22275.569,3.126,3.254,3.307,3.431,3.9,3.806,3.665,3.798,10.404
470,44.531,3246.888,22766.635,3.078,3.152,3.32,3.384,3.658,3.811,3.759,3.695,9.983
471,48.97,3470.192,24292.312,3.177,3.255,3.342,3.486,3.836,3.601,3.784,3.676,10.068
472,39.733,3202.428,23940.733,3.181,3.266,3.423,3.48,3.796,3.614,3.616,4.008,9.81
473,29.364,3201.034,22791.61,3.104,3.225,3.33,3.404,3.605,3.647,3.456,3.465,9.98
474,47.525,3766.673,25687.834,3.225,3.312,3.444,3.531,3.869,3.851,3.764,3.932,10.0
475,42.681,2918.541,21298.514,3.157,3.246,3.344,3.404,3.629,4.009,3.628,3.566,10.158
476,53.526,3379.21,23199.412,3.092,3.298,3.295,3.401,3.708,3.73,3.508,3.573,9.512
477,49.226,3593.156,23477.301,3.189,3.268,3.313,3.424,3.799,3.825,3.663,3.721,10.605
478,39.385,3599.705,21484.176,3.007,3.14,3.225,3.341,3.479,3.743,3.508,3.771,10.09
479,41.813,2883.115,21322.493,3.066,3.213,3.256,3.449,3.689,3.57,3.63,3.618,9.871
480,44.48,3017.986,23612.949,3.091,3.179,3.307,3.405,3.654,3.812,3.766,3.966,10.54
481,38.996,3153.256,22513.406,3.125,3.179,3.292,3.335,3.475,3.661,3.686,3.619,10.52
482,49.832,3458.647,24753.949,3.144,3.299,3.332,3.496,3.863,3.717,3.672,3.692,10.031
483,45.31,3614.948,22463.071,3.139,3.178,3.264,3.403,3.84,3.863,3.816,3.647,9.784
484,38.182,3131.831,22671.724,3.113,3.194,3.265,3.422,3.717,3.88,3.564,3.837,10.827
485,48.903,3766.281,25214.618,2.927,3.112,3.159,3.3,3.504,3.678,3.537,3.493,10.588
486,35.708,3427.852,21469.624,3.085,3.159,3.215,3.357,3.645,3.639,3.717,3.762,10.039
487,45.052,2903.917,23318.127,3.023,3.081,3.283,3.284,3.551,3.736,3.656,3.238,9.902
488,35.781,3548.918,24707.224,3.133,3.234,3.353,3.409,3.886,3.731,3.822,3.88,10.499
489,47.087,2495.332,23241.68,3.008,3.077,3.192,3.287,3.646,3.723,3.383,3.618,10.074
490,38.07,3132.659,22449.946,3.027,3.187,3.17,3.324,3.656,3.574,3.605,3.512,9.881
491,39.4,2408.937,24655.749,3.089,3.195,3.267,3.391,3.754,3.757,3.653,3.586,10.399
492,43.645,3234.633,20658.819,3.064,3.188,3.276,3.319,3.739,3.615,3.549,3.7,10.075
493,43.823,3605.238,22930.634,2.972,3.037,3.127,3.259,3.496,3.556,3.527,3.596,9.936
494,43.913,3468.185,21882.055,3.044,3.149,3.207,3.358,3.838,3.46,3.648,3.445,10.262
495,42.689,2273.52,23382.956,2.995,3.147,3.258,3.33,3.685,3.728,3.652,3.829,10.575
496,37.142,3306.426,22596.754,2.989,3.128,3.196,3.352,3.69,3.64,3.197,3.523,10.123
497,40.936,3441.627,22199.202,2.997,3.129,3.172,3.277,3.453,3.695,3.522,3.286,9.311
498,42.045,3508.56,24289.392,2.988,3.099,3.161,3.329,3.456,3.73,3.695,3.713,9.946
499,43.625,3447.856,23273.555,2.904,2.993,3.146,3.184,3.282,3.46,3.83,3.357,10.132
500,39.106,3506.293,23709.62,2.965,3.034,3.116,3.233,3.665,3.556,3.482,3.562,10.026
501,45.774,2633.106,24268.686,2.959,3.081,3.215,3.279,3.609,3.755,3.384,3.653,9.885
502,39.844,3163.012,20613.396,2.911,3.055,3.147,3.174,3.763,3.448,3.488,3.28,10.419
503,38.766,2936.581,22584.82,3.0,3.074,3.162,3.286,3.652,3.541,3.541,3.378,9.959
504,37.241,3159.871,22694.51,2.98,3.128,3.208,3.29,3.715,3.522,3.63,3.874,10.019
505,37.126,3285.247,24197.197,2.889,3.034,3.149,3.248,3.528,3.583,3.232,3.788,9.84
506,36.875,2851.18,20275.327,2.904,3.045,3.123,3.189,3.473,3.827,3.491,3.584,10.445
507,38.694,2990.0,23726.485,3.009,3.128,3.229,3.274,3.51,3.536,3.652,3.751,9.65
508,49.234,3412.334,24806.76,2.939,3.066,3.14,3.24,3.329,3.426,3.492,3.405,10.315
509,42.074,2967.173,22310.188,2.977,3.009,3.126,3.292,3.538,3.487,3.445,3.239,9.732
510,50.895,3015.722,24013.853,2.923,3.009,3.059,3.189,3.514,3.497,3.39,3.519,10.014
511,33.079,3214.463,22725.295,2.918,2.992,3.156,3.185,3.724,3.597,3.617,3.403,10.191
512,45.976,3699.401,23883.607,2.931,3.065,3.143,3.306,3.803,3.573,3.283,3.683,9.918
513,45.35,3053.341,24512.967,2.897,3.048,3.086,3.259,3.346,3.482,3.652,3.595,10.203
514,33.557,2567.072,23648.34,2.864,2.979,3.094,3.161,3.625,3.447,3.505,3.357,10.619
515,42.849,2814.029,25642.791,2.847,2.996,3.077,3.146,3.44,3.548,3.293,3.341,9.793
516,42.882,3239.733,21848.698,2.84,2.982,3.061,3.206,3.535,3.294,3.649,3.638,10.266
517,43.951,2513.632,24378.142,2.827,2.896,3.01,3.109,3.354,3.479,3.273,3.566,9.988
518,38.863,2850.997,26461.625,2.855,2.967,2.999,3.153,3.242,3.251,3.348,3.33,10.238
519,44.217,2843.79,22561.44,2.802,2.959,3.041,3.148,3.269,3.459,3.696,3.506,10.917
520,47.105,3952.959,22563.3,2.743,2.894,3.002,3.075,3.571,3.316,3.383,3.537,10.104
521,36.922,3494.516,22450.663,2.829,2.95,3.008,3.146,3.591,3.274,3.447,3.254,9.737
522,40.034,2865.575,21492.348,2.868,2.978,3.05,3.128,3.643,3.454,3.394,2.94,10.228
523,45.007,2816.792,20982.7,2.73,2.84,2.998,3.072,3.493,3.673,3.252,3.133,10.735
524,37.444,2690.361,25963.16,2.768,2.883,2.965,3.091,3.204,3.2,3.494,3.371,10.463
525,46.343,3214.582,22092.309,2.824,2.846,3.024,3.106,3.29,3.583,3.357,3.248,9.955
526,42.048,3156.867,24507.308,2.635,2.78,2.916,2.974,3.105,3.39,3.121,3.049,9.782
527,46.567,2612.696,24392.906,2.811,2.922,3.032,3.181,3.381,3.355,3.402,3.476,10.015
528,26.896,3315.728,24390.733,2.804,2.895,3.067,3.088,3.096,3.602,3.371,3.497,9.449
529,46.809,3609.63,20397.657,2.797,2.897,3.011,3.112,3.433,3.449,3.306,3.425,10.167
530,44.482,3385.082,21865.729,2.764,2.884,2.978,3.06,3.288,3.271,3.267,3.407,9.844
531,45.384,3188.887,23459.946,2.72,2.841,2.961,3.033,3.492,3.228,3.321,3.294,10.694
532,38.522,3729.63,22975.045,2.816,2.89,3.048,3.128,3.212,3.351,3.382,3.548,10.177
533,50.391,3309.838,23140.612,2.679,2.792,2.895,2.952,3.514,3.365,3.489,3.207,10.058
534,38.264,3286.897,22400.606,2.771,2.863,3.03,3.146,3.332,3.683,3.545,3.18,10.548
535,46.731,3477.85,21010.679,2.741,2.848,2.919,3.058,3.293,3.228,3.458,3.337,9.664
536,41.649,2623.268,23221.555,2.717,2.806,2.935,3.002,3.232,3.296,3.412,3.037,10.141
537,32.555,3784.274,22191.729,2.776,2.912,2.956,3.15,3.411,3.498,3.316,3.099,10.131
538,45.32,3248.821,20015.851,2.815,2.916,3.041,3.112,3.428,3.484,3.329,3.594,10.291
539,42.312,3153.754,22406.349,2.72,2.83,2.92,3.035,3.668,3.417,3.391,3.445,10.087
540,38.298,3461.523,21211.908,2.705,2.867,2.964,3.002,3.043,3.392,3.339,3.241,9.652
541,41.277,2760.315,24772.789,2.655,2.778,2.848,2.913,3.195,3.045,3.249,3.193,10.834
542,55.832,2846.814,20335.217,2.774,2.858,3.003,3.072,3.402,3.329,3.32,3.375,10.074
543,38.693,3347.005,21480.266,2.737,2.892,2.907,3.037,3.415,3.406,3.24,3.251,10.093
544,47.077,3386.058,23300.328,2.777,2.822,2.932,3.019,3.373,3.409,3.064,3.289,9.497
545,41.271,2654.874,21411.852,2.758,2.95,2.989,3.099,3.335,3.303,3.406,3.499,10.806
546,43.021,3115.319,25304.872,2.625,2.732,2.764,2.91,3.316,2.971,3.202,3.284,10.448
547,46.839,2823.519,22671.486,2.66,2.785,2.827,2.94,3.474,3.337,3.316,3.251,10.328
548,46.775,3019.456,22703.744,2.733,2.762,2.918,3.017,3.23,3.087,3.52,3.45,10.423
549,44.143,2773.183,23370.505,2.676,2.762,2.857,2.961,3.354,3.2,3.287,3.183,9.897
550,37.07,3483.893,26442.16,2.588,2.652,2.777,2.927,3.053,3.232,3.195,3.26,10.107
551,43.468,3261.569,23383.938,2.707,2.81,2.897,2.988,3.399,3.015,3.428,3.164,9.877
552,43.187,2774.259,23507.56,2.673,2.782,2.845,2.997,3.113,3.337,3.15,3.368,10.783
553,39.06,3343.888,22965.718,2.768,2.837,2.995,2.988,3.477,3.44,3.404,3.413,10.202
554,36.719,3176.067,22313.758,2.798,2.884,2.999,3.099,3.083,3.086,3.388,3.098,10.347
555,48.169,3158.511,25260.896,2.637,2.747,2.871,2.99,3.115,3.176,3.213,3.173,10.344
556,36.269,2611.125,23752.481,2.696,2.789,2.836,3.02,3.545,3.234,3.118,3.286,9.913
557,45.492,2730.262,22362.767,2.714,2.727,2.917,2.969,3.266,3.384,3.301,3.133,10.349
558,38.334,3072.238,21080.472,2.62,2.719,2.897,2.919,3.207,3.205,3.621,3.422,10.809
559,45.399,2811.233,23020.538,2.675,2.766,2.862,2.944,3.462,3.102,3.215,3.416,10.113
560,32.285,2993.729,22809.711,2.678,2.79,2.885,2.934,3.5,3.319,3.11,3.193,9.763
561,46.458,3388.097,20379.169,2.672,2.788,2.932,2.958,3.338,3.32,3.466,3.204,9.823
562,40.509,3456.893,20897.634,2.562,2.636,2.737,2.88,3.078,2.92,3.239,2.983,9.64
563,37.299,3118.65,20186.277,2.714,2.8,2.953,3.013,3.296,3.406,3.289,3.513,10.171
564,51.988,3027.668,23625.665,2.657,2.753,2.833,2.936,3.073,3.182,3.249,3.156,9.866
565,41.92,2453.346,22136.254,2.618,2.744,2.823,2.943,3.273,3.336,3.246,3.17,9.439
566,43.144,3138.845,20466.055,2.529,2.567,2.736,2.807,3.122,3.095,3.196,3.053,11.076
567,42.876,2984.057,21220.727,2.631,2.667,2.818,2.913,3.334,2.903,3.212,3.162,10.627
568,45.898,3012.632,22996.865,2.556,2.655,2.782,2.832,3.263,3.229,3.393,3.072,9.653
569,39.406,3410.175,20864.689,2.647,2.721,2.817,2.985,3.312,3.441,3.056,3.022,10.492
570,50.112,2651.577,21076.333,2.636,2.795,2.838,2.943,3.376,3.147,3.373,3.206,9.462
571,38.067,3442.787,22239.339,2.652,2.768,2.876,2.963,3.36,3.396,3.342,3.399,10.721
572,39.356,2766.988,22894.164,2.631,2.68,2.795,2.874,3.313,3.231,3.357,3.365,10.346
573,43.094,2598.914,21062.135,2.649,2.677,2.777,2.929,3.008,3.168,3.356,3.232,9.78
574,52.733,2809.501,19692.646,2.605,2.741,2.837,2.902,3.369,3.464,3.136,3.256,9.413
575,39.729,2734.676,23953.804,2.514,2.61,2.649,2.815,2.842,2.865,3.188,2.995,10.009
576,44.085,3128.098,22363.483,2.579,2.648,2.853,2.864,3.304,3.147,3.065,3.181,10.324
577,39.898,3885.155,23200.79,2.583,2.634,2.775,2.854,3.492,3.063,3.029,3.105,9.616
578,38.331,3830.497,22256.8,2.656,2.72,2.758,2.905,3.224,3.418,3.194,3.247,10.737
579,43.53,3049.322,22071.122,2.56,2.634,2.779,2.869,3.306,3.28,3.109,3.282,10.078
580,49.524,3093.419,22991.797,2.639,2.642,2.815,2.933,3.171,3.051,3.126,3.302,10.403
581,35.53,3681.716,22845.63,2.568,2.675,2.712,2.857,3.238,3.021,3.202,3.14,9.764
582,43.298,3562.316,23088.26,2.602,2.674,2.786,2.908,3.277,3.093,3.357,3.052,9.984
583,44.738,2843.415,23774.184,2.661,2.804,2.88,2.969,3.161,3.51,3.293,3.404,9.452
584,40.996,3386.185,21356.455,2.645,2.777,2.86,2.985,2.965,3.258,3.123,3.127,10.036
585,40.545,3299.92,22039.026,2.595,2.767,2.833,2.966,3.391,2.87,3.325,3.173,10.203
586,38.132,3619.365,21447.043,2.646,2.712,2.846,2.909,3.326,2.825,3.176,3.209,10.379
587,39.986,4202.161,21661.22,2.522,2.584,2.759,2.827,3.059,2.897,2.939,3.327,10.627
588,39.166,3126.875,18431.262,2.535,2.573,2.719,2.791,3.403,3.112,3.061,3.003,10.688
589,46.775,3471.087,19579.587,2.484,2.571,2.719,2.804,3.062,2.97,3.126,2.958,10.516
590,39.048,3210.412,23453.815,2.562,2.72,2.723,2.833,2.739,3.25,3.101,3.08,8.882
591,43.614,3260.478,20640.671,2.653,2.755,2.823,2.898,3.403,3.144,3.315,3.166,9.947
592,48.353,2858.277,21102.954,2.519,2.64,2.68,2.851,3.1,3.136,3.201,3.247,10.145
593,37.106,3059.433,22924.245,2.563,2.653,2.725,2.849,3.082,3.077,3.065,3.418,9.656
594,37.502,3384.97,20174.179,2.477,2.576,2.713,2.814,2.92,3.326,3.24,3.061,10.188
595,42.264,2851.271,25300.515,2.484,2.569,2.689,2.765,3.059,2.773,3.181,2.836,10.807
596,39.311,3335.876,24737.467,2.581,2.628,2.774,2.877,3.197,3.243,3.174,3.233,10.164
597,46.933,3299.444,19093.258,2.519,2.614,2.692,2.826,3.03,3.275,3.107,3.098,10.859
598,45.978,3107.705,24069.259,2.533,2.569,2.754,2.793,2.919,3.274,3.257,3.128,10.309
599,43.622,3998.531,23711.725,2.638,2.709,2.875,2.941,3.428,3.356,3.429,3.119,10.151
600,48.023,3574.193,23784.396,2.547,2.657,2.742,2.795,2.787,3.173,2.896,3.147,9.369
601,40.6,3501.401,20048.477,2.564,2.652,2.786,2.802,3.201,3.096,3.042,3.099,10.089
602,42.59,3619.507,21879.189,2.49,2.647,2.668,2.808,3.212,3.312,3.225,3.284,10.44
603,47.981,3240.426,22828.468,2.548,2.632,2.73,2.859,3.143,3.386,3.073,3.118,10.305
604,54.158,3041.914,22054.593,2.48,2.556,2.712,2.791,2.88,3.208,2.988,3.053,9.852
605,40.053,3423.545,22885.644,2.448,2.649,2.678,2.814,3.079,3.19,3.189,3.16,10.17
606,40.513,3319.796,22425.517,2.567,2.656,2.759,2.913,3.342,3.161,3.349,2.889,10.036
607,49.928,3495.692,24185.411,2.529,2.558,2.683,2.828,3.085,3.089,3.272,3.058,10.319
608,42.475,3268.508,19842.319,2.369,2.471,2.607,2.728,2.965,3.068,3.238,3.038,10.311
609,34.947,3108.133,23635.906,2.436,2.595,2.702,2.767,3.2,3.115,3.074,2.86,10.954
610,44.317,3012.292,23673.543,2.527,2.626,2.752,2.835,3.11,3.043,3.143,2.975,10.4
611,42.15,2730.999,24661.987,2.607,2.711,2.778,2.868,3.108,3.257,2.962,3.19,10.552
612,42.931,2731.556,19292.005,2.533,2.642,2.731,2.887,2.792,2.908,3.211,3.201,10.357
613,46.842,3683.886,19434.037,2.62,2.686,2.787,2.887,3.192,3.166,3.274,3.059,9.554
614,39.675,3212.091,21201.579,2.489,2.496,2.632,2.756,3.041,3.015,3.04,3.202,10.482
615,,,,,2.698,2.749,2.843,3.071,3.23,2.894,2.977,10.533
616,38.579,2914.608,21308.344,2.528,2.681,2.666,2.831,3.049,3.208,3.024,3.172,10.957
617,48.28,2958.193,24943.548,2.509,2.696,2.757,2.835,2.716,2.904,3.143,3.336,10.049
618,43.739,3386.005,20691.322,2.381,2.433,2.531,2.656,2.897,3.231,3.103,2.93,9.435
619,29.088,3263.612,23154.32,2.537,2.702,2.767,2.888,3.153,3.176,3.268,2.88,9.809
620,46.919,3772.737,22734.631,2.533,2.581,2.713,2.778,2.895,2.99,3.277,3.166,10.152
621,44.27,2299.076,23942.249,2.595,2.699,2.787,2.882,3.276,3.251,3.045,2.991,10.432
622,28.057,3245.017,22848.443,2.506,2.651,2.687,2.826,3.572,3.143,2.923,3.079,9.759
623,50.313,3321.391,21336.771,2.48,2.591,2.62,2.717,3.4,3.186,2.998,3.082,10.448
624,51.409,2985.497,18739.768,2.491,2.596,2.672,2.801,3.08,3.084,3.137,3.068,10.057
625,42.669,3439.224,22174.533,2.521,2.624,2.687,2.853,2.966,3.138,3.267,2.954,10.118
626,45.367,3042.143,25256.069,2.482,2.66,2.667,2.862,3.294,3.153,2.964,3.018,9.965
627,40.125,3200.894,21512.796,2.488,2.566,2.726,2.83,2.932,3.119,3.087,2.975,9.583
628,39.671,3894.413,22204.195,2.436,2.519,2.674,2.758,2.952,3.208,3.168,3.001,10.333
629,47.911,2754.097,23697.623,2.605,2.663,2.73,2.875,3.062,3.428,3.339,3.491,10.24
630,39.89,3377.437,20801.87,2.466,2.518,2.7,2.797,2.866,3.13,3.228,3.118,9.992
631,39.74,2977.784,22616.165,2.472,2.557,2.722,2.79,3.192,3.021,2.735,2.949,10.138
632,44.383,2698.349,23595.641,2.452,2.568,2.667,2.811,2.949,3.159,3.055,2.824,9.741
633,34.939,3359.383,21440.347,2.561,2.697,2.768,2.859,3.277,3.093,2.814,3.282,11.018
634,39.776,2259.245,23298.793,2.518,2.671,2.756,2.852,3.389,3.345,3.157,3.355,10.675
635,45.982,3335.244,22571.971,2.381,2.639,2.623,2.717,2.809,2.952,3.102,3.342,10.475
636,32.955,2579.3,22246.279,2.437,2.594,2.692,2.866,3.106,2.931,3.238,3.216,10.193
637,41.175,3135.693,23777.119,2.442,2.606,2.639,2.813,3.047,2.63,2.966,3.469,9.849
638,39.736,2875.315,18605.986,2.584,2.625,2.751,2.926,3.255,3.182,3.159,3.277,10.026
639,37.929,3523.78,22152.279,2.527,2.667,2.67,2.825,3.193,2.846,3.006,3.096,9.389
640,35.567,3224.535,24182.484,2.544,2.544,2.678,2.761,2.986,2.995,3.094,3.026,10.185
641,37.04,3324.394,23913.561,2.487,2.605,2.691,2.748,3.254,3.031,2.943,3.063,10.297
642,38.234,2606.452,22617.135,2.531,2.63,2.68,2.854,3.297,3.103,3.002,3.178,10.399
643,37.583,3645.786,23860.801,2.437,2.626,2.684,2.763,3.221,2.976,2.905,3.063,10.74
644,40.402,2889.661,24489.503,2.58,2.666,2.825,2.865,2.982,3.055,3.292,2.919,10.172
645,39.648,3697.178,21107.186,2.406,2.577,2.686,2.747,2.558,2.916,3.042,2.899,9.701
646,36.526,2779.881,24200.663,2.457,2.497,2.581,2.76,3.131,3.093,3.184,3.124,9.768
647,43.329,3623.536,22175.989,2.576,2.693,2.758,2.915,3.252,3.552,3.172,3.496,10.227
648,42.995,3525.633,23461.054,2.484,2.614,2.697,2.787,3.244,2.968,3.035,3.106,10.619
649,34.686,3629.3,21352.56,2.562,2.705,2.776,2.855,3.434,3.219,3.022,3.326,9.867
650,46.822,2781.722,23144.123,2.522,2.64,2.741,2.859,3.178,2.954,3.235,3.264,10.968
651,40.717,3025.975,19650.1,2.424,2.51,2.62,2.744,3.002,2.958,2.918,3.117,9.586
652,44.557,3197.279,20776.814,2.502,2.516,2.638,2.77,3.1,3.244,2.899,2.996,9.634
653,,,,,2.635,2.704,2.754,3.447,2.882,3.245,3.257,10.174
654,36.413,3952.999,25908.859,2.537,2.611,2.693,2.775,3.091,3.002,3.052,2.982,10.145
655,41.85,3113.471,22731.756,2.507,2.576,2.713,2.824,3.365,3.052,3.087,2.63,10.854
656,36.74,3177.687,24320.584,2.457,2.582,2.648,2.791,3.358,3.271,3.029,3.313,9.767
657,46.658,3044.979,23109.561,2.504,2.576,2.76,2.784,2.973,3.205,3.038,3.198,9.761
658,52.293,3658.572,22577.674,2.584,2.634,2.777,2.836,3.235,3.123,3.278,3.415,9.782
659,45.45,2933.152,23041.893,2.533,2.659,2.739,2.847,3.146,3.334,3.402,3.173,10.264
660,41.758,2897.376,21049.571,2.482,2.564,2.675,2.739,2.892,2.973,2.989,3.4,10.386
661,39.667,3472.143,18940.045,2.51,2.581,2.677,2.779,3.308,3.225,3.046,3.05,9.724
662,37.557,3073.953,25063.704,2.466,2.617,2.715,2.777,3.128,2.956,3.365,3.076,10.153
663,40.656,3930.81,20660.522,2.412,2.475,2.618,2.721,3.141,2.995,2.985,3.054,9.87
664,37.571,3222.717,24460.576,2.563,2.683,2.732,2.84,2.944,3.18,3.173,3.341,10.365
665,38.651,2362.134,21790.293,2.52,2.603,2.728,2.818,3.07,3.007,3.095,3.19,9.692
666,48.222,3019.086,21696.87,2.54,2.583,2.709,2.859,3.252,3.226,3.263,3.248,10.46
667,39.897,2505.942,20642.45,2.487,2.635,2.69,2.856,3.276,3.106,2.83,3.076,9.966
668,45.453,3120.433,20918.083,2.562,2.647,2.71,2.84,3.271,3.15,3.135,3.142,10.082
669,46.879,3046.137,20533.549,2.535,2.66,2.775,2.814,3.333,3.039,3.191,3.214,9.817
670,42.44,3083.363,23392.978,2.568,2.686,2.724,2.829,3.321,2.967,3.059,2.941,10.536
671,43.603,2559.601,23237.521,2.471,2.631,2.689,2.794,3.159,3.311,3.059,3.168,9.872
672,42.567,3370.399,20596.507,2.498,2.641,2.728,2.829,3.133,3.394,2.83,2.927,10.29
673,37.662,2738.587,24395.949,2.462,2.547,2.652,2.789,3.119,3.111,3.156,2.866,9.794
674,40.537,3987.526,22252.369,2.483,2.581,2.702,2.758,3.222,3.052,3.105,3.141,10.037
675,45.06,3750.334,22180.659,2.523,2.622,2.715,2.879,3.151,3.221,3.117,3.0,9.538
676,35.148,2614.04,20438.239,2.487,2.601,2.727,2.792,2.955,3.117,2.567,3.234,9.528
677,39.224,3289.263,23178.34,2.456,2.6,2.712,2.868,3.201,3.064,2.761,3.284,10.432
678,43.757,3100.811,23621.653,2.498,2.604,2.756,2.791,3.18,3.063,2.96,3.254,9.702
679,44.506,3498.278,23635.659,2.531,2.613,2.712,2.796,2.782,3.064,3.087,2.909,9.3
680,41.923,3197.405,19790.398,2.433,2.559,2.63,2.716,2.912,3.006,2.992,3.075,10.46
681,40.03,3303.407,23651.346,2.432,2.582,2.626,2.698,3.157,2.96,3.459,3.043,10.609
682,43.773,2766.048,24915.808,2.503,2.622,2.722,2.804,3.026,3.191,3.024,3.016,9.584
683,43.122,2630.11,22222.252,2.537,2.612,2.691,2.842,3.241,3.127,3.347,2.917,10.273
684,41.956,2470.106,24043.222,2.469,2.563,2.772,2.789,3.25,3.004,3.134,2.927,10.029
685,41.919,3541.382,20143.857,2.503,2.595,2.774,2.842,3.17,3.027,3.228,3.276,10.755
686,43.395,3346.632,21817.744,2.477,2.594,2.685,2.748,3.261,3.077,3.148,2.981,9.944
687,38.758,3390.99,22681.002,2.426,2.505,2.617,2.68,2.971,2.782,3.129,3.055,10.584
688,46.709,3130.889,24708.561,2.504,2.591,2.657,2.798,3.153,2.785,3.034,2.979,10.071
689,48.092,3251.304,22212.654,2.405,2.486,2.588,2.711,3.087,3.148,2.891,2.901,10.719
690,40.631,2855.424,20837.77,2.547,2.622,2.743,2.858,3.224,3.275,3.071,3.177,9.93
691,30.151,3385.227,20139.69,2.514,2.642,2.76,2.737,3.051,2.865,3.121,2.886,10.466
692,35.777,2780.041,21470.694,2.536,2.577,2.699,2.761,2.955,3.239,2.975,3.179,10.28
693,45.265,3047.013,23102.812,2.346,2.459,2.571,2.668,3.091,3.049,2.72,2.964,10.662
694,36.856,3107.747,23846.044,2.414,2.51,2.58,2.768,3.214,2.873,3.232,3.078,10.461
695,44.032,2990.198,21611.936,2.45,2.533,2.608,2.739,3.008,3.148,3.104,3.119,9.819
696,35.464,2842.36,20565.055,2.364,2.455,2.611,2.671,2.772,2.921,2.855,3.082,10.243
697,44.507,3300.559,25684.402,2.478,2.629,2.704,2.869,3.016,2.928,3.101,3.107,9.834
698,42.266,3221.048,23568.495,2.425,2.573,2.656,2.78,3.0,3.088,3.067,2.916,10.215
699,41.798,3176.282,22124.364,2.461,2.598,2.654,2.775,3.114,2.968,3.11,3.337,10.441
700,39.698,3215.183,22227.151,2.469,2.55,2.697,2.778,3.142,3.167,3.091,3.215,10.364
701,43.671,3260.782,23568.944,2.38,2.547,2.705,2.741,3.204,3.009,2.926,3.131,9.815
702,35.956,3044.271,20855.392,2.447,2.446,2.645,2.702,3.085,2.824,2.992,3.139,9.518
703,43.248,2437.868,21854.609,2.395,2.425,2.587,2.729,3.105,3.13,2.829,2.729,10.485
704,40.467,3304.223,21670.145,2.513,2.611,2.671,2.79,3.315,2.98,3.035,2.858,9.454
705,49.801,2449.711,20158.947,2.493,2.642,2.711,2.8,3.25,3.067,2.724,3.298,10.184
706,31.601,3451.294,20496.65,2.435,2.574,2.682,2.757,3.017,3.033,3.167,2.777,9.948
707,42.628,3279.833,21874.377,2.466,2.521,2.663,2.725,3.059,3.103,3.076,2.936,9.841
708,38.201,2798.897,22982.6,2.417,2.491,2.626,2.714,2.982,3.198,3.043,3.204,10.504
709,44.155,2874.016,21283.96,2.472,2.575,2.688,2.757,2.915,2.869,3.014,3.066,9.374
710,46.352,3052.557,22401.531,2.361,2.466,2.571,2.64,2.97,3.011,3.168,2.913,10.546
711,34.728,3530.657,23071.158,2.449,2.518,2.567,2.706,3.229,2.979,3.113,3.031,10.238
712,48.66,3582.277,23724.323,2.432,2.563,2.639,2.745,2.976,3.146,3.001,3.005,10.482
713,39.44,3885.438,23046.351,2.404,2.543,2.634,2.774,2.749,2.929,3.121,2.884,10.261
714,40.45,3487.469,23430.798,2.484,2.602,2.689,2.777,2.891,2.898,3.145,2.886,9.972
715,38.109,2833.613,22927.568,2.477,2.595,2.635,2.745,3.042,3.038,2.844,3.067,10.696
716,30.286,2833.526,22350.322,2.512,2.558,2.671,2.82,3.151,3.062,3.012,3.091,9.737
717,39.103,3967.369,21881.683,2.498,2.651,2.718,2.854,3.005,3.425,2.964,3.263,9.469
718,35.281,3759.687,20394.416,2.534,2.59,2.741,2.843,3.017,2.962,3.112,3.129,10.505
719,33.319,3302.222,23291.036,2.444,2.601,2.718,2.809,2.944,2.696,3.129,2.815,9.681
720,47.309,3818.186,21428.638,2.566,2.583,2.73,2.8,2.898,2.883,3.125,2.948,10.782
721,47.108,2738.041,20682.269,2.493,2.644,2.747,2.839,3.348,3.297,3.116,3.153,10.141
722,43.134,3920.151,22652.153,2.436,2.532,2.618,2.751,2.869,2.911,3.171,3.147,10.333
723,36.827,3411.78,22209.658,2.369,2.466,2.527,2.672,2.969,2.671,2.983,3.251,10.052
724,47.279,3388.713,25156.638,2.425,2.505,2.573,2.666,3.268,2.962,2.934,2.934,10.163
725,42.115,3079.316,21921.366,2.251,2.374,2.466,2.629,2.865,3.016,3.044,2.949,10.373
726,40.356,2589.337,23661.603,2.404,2.569,2.564,2.717,2.754,3.316,3.06,3.07,10.467
727,37.516,3352.093,23559.255,2.428,2.553,2.618,2.761,2.894,3.14,3.002,3.213,10.197
728,42.219,4041.978,21129.65,2.298,2.41,2.468,2.604,2.999,2.876,2.707,2.741,10.252
729,40.499,3106.874,23576.894,2.214,2.372,2.476,2.561,3.083,3.024,2.96,2.713,10.228
730,39.894,2956.493,20805.772,2.324,2.407,2.442,2.551,2.865,3.045,2.926,2.826,9.642
731,39.911,3091.361,21613.265,2.374,2.42,2.556,2.597,2.883,3.04,2.911,3.486,10.387
732,44.867,3242.94,21353.993,2.437,2.475,2.585,2.734,2.88,3.356,3.004,2.986,11.024
733,44.407,2807.324,22426.521,2.274,2.345,2.491,2.583,2.907,3.111,3.055,3.105,10.489
734,48.359,3461.007,19798.343,2.413,2.422,2.651,2.651,2.972,3.076,2.872,3.04,10.786
735,40.199,2914.029,24979.129,2.199,2.306,2.465,2.518,2.87,2.619,2.947,2.852,10.269
736,35.574,3712.825,22938.357,2.357,2.503,2.576,2.726,3.01,2.774,2.931,3.147,10.118
737,42.48,2628.656,18945.712,2.366,2.442,2.541,2.61,3.085,2.902,2.927,2.684,9.67
738,33.482,3578.699,23096.394,2.342,2.424,2.527,2.598,3.117,2.827,2.699,2.939,10.069
739,37.105,2932.283,24233.99,2.327,2.414,2.508,2.601,2.912,2.847,2.75,3.018,10.143
740,,,,,2.424,2.521,2.659,3.106,3.048,3.075,2.93,9.77
741,49.757,3331.73,22118.433,2.322,2.386,2.479,2.641,2.64,2.679,3.056,2.817,10.401
742,44.076,3191.295,22114.056,2.384,2.464,2.532,2.674,2.924,3.004,3.22,3.033,9.896
743,42.556,3061.491,20831.133,2.245,2.228,2.475,2.525,2.749,2.927,2.701,2.666,10.205
744,40.114,3682.368,22935.726,2.275,2.318,2.471,2.56,2.695,3.256,2.755,2.689,10.128
745,42.291,2868.068,20432.078,2.24,2.349,2.409,2.471,3.116,2.708,2.671,2.986,9.578
746,41.942,3690.631,21209.175,2.339,2.485,2.534,2.616,2.777,3.089,3.232,3.174,9.936
747,43.304,2292.184,21557.423,2.169,2.259,2.433,2.497,3.112,3.001,2.621,3.044,10.657
748,37.787,3305.685,24929.468,2.417,2.55,2.615,2.686,3.106,3.061,3.048,3.221,10.18
749,42.75,2643.877,22214.286,2.279,2.387,2.517,2.591,2.881,2.677,3.021,3.065,11.419
750,34.791,3190.311,22401.083,2.359,2.441,2.5,2.626,2.763,3.189,2.72,3.002,10.381
751,33.81,2650.69,20212.275,2.231,2.289,2.418,2.538,2.763,2.851,2.52,2.611,10.176
752,47.375,2784.567,21563.559,2.263,2.355,2.47,2.576,2.793,2.621,2.577,2.583,10.379
753,56.722,2818.555,21159.127,2.3,2.371,2.505,2.588,2.598,2.871,2.773,3.068,10.153
754,42.748,2971.103,20251.781,2.249,2.335,2.436,2.523,2.872,2.966,2.985,2.933,9.857
755,42.055,2386.799,23351.176,2.244,2.396,2.438,2.538,2.98,3.13,3.057,2.984,9.793
756,48.599,3292.62,20913.587,2.357,2.415,2.58,2.675,2.939,2.86,3.046,2.948,9.923
757,35.178,3057.32,23578.587,2.253,2.418,2.543,2.576,2.922,2.768,2.739,3.035,10.17
758,33.998,3044.888,22597.278,2.302,2.402,2.467,2.549,2.982,2.953,3.003,2.746,10.501
759,45.461,3308.177,19650.945,2.368,2.453,2.516,2.626,2.89,2.995,2.845,2.868,10.689
760,48.957,2774.263,20209.663,2.142,2.273,2.4,2.459,2.692,2.608,2.702,2.786,10.144
761,44.821,3248.409,21570.342,2.21,2.324,2.501,2.569,2.696,2.749,2.812,2.947,10.117
762,40.91,3296.675,21587.005,2.244,2.286,2.351,2.5,2.733,2.759,2.862,2.873,9.473
763,50.777,3617.235,21982.749,2.28,2.385,2.489,2.664,2.867,2.939,2.885,2.985,9.97
764,39.349,3549.415,21417.987,2.332,2.376,2.473,2.608,3.05,2.914,2.738,2.677,9.663
765,41.266,3091.547,23880.881,2.366,2.425,2.459,2.622,2.953,3.016,2.97,2.698,9.714
766,39.678,3355.738,21487.446,2.2,2.318,2.355,2.467,2.826,2.89,2.919,2.926,9.984
767,35.975,3314.065,21366.226,2.263,2.427,2.434,2.519,2.603,2.556,2.787,2.724,9.916
768,40.849,3266.574,24255.435,2.276,2.393,2.523,2.552,2.958,2.611,2.644,2.922,10.277
769,41.335,2418.757,24950.935,2.25,2.347,2.462,2.614,2.752,2.897,3.022,2.902,9.579
770,41.394,2811.394,23277.657,2.168,2.241,2.379,2.518,2.851,2.926,2.685,2.9,10.199
771,44.822,3283.844,22617.388,2.132,2.259,2.322,2.497,2.881,2.758,2.833,2.742,10.108
772,39.04,2935.904,23798.997,2.163,2.27,2.455,2.462,2.962,2.758,2.865,2.843,10.16
773,48.342,2957.335,22484.071,2.301,2.38,2.424,2.606,3.11,2.651,2.751,2.887,9.999
774,40.459,2912.528,20310.58,2.253,2.342,2.442,2.542,2.946,2.717,3.036,2.754,9.196
775,36.737,2889.17,23125.117,2.221,2.352,2.464,2.531,2.917,2.947,3.117,2.975,10.357
776,36.432,3240.265,22760.946,2.072,2.224,2.251,2.345,2.771,2.68,2.811,2.764,9.547
777,39.949,3772.005,21526.029,2.154,2.246,2.412,2.464,2.659,2.936,2.751,2.866,9.58
778,41.009,3429.133,21345.263,2.156,2.279,2.394,2.504,2.734,2.883,2.77,2.43,10.309
779,44.083,3631.018,19810.757,2.2,2.303,2.374,2.485,2.78,2.698,2.933,2.588,9.595
780,42.696,2727.651,23351.923,1.997,2.185,2.316,2.393,2.808,2.653,2.944,2.697,10.53
781,47.586,3956.652,18835.327,2.181,2.364,2.416,2.49,2.946,2.649,2.478,2.758,10.131
782,39.737,3446.697,20280.274,2.195,2.327,2.338,2.471,2.699,2.768,2.894,3.068,10.229
783,45.435,2751.666,18564.959,2.113,2.273,2.345,2.414,2.743,3.025,2.855,2.737,10.422
784,42.592,3056.165,22613.968,2.241,2.309,2.422,2.478,2.966,2.96,3.028,2.893,10.434
785,45.325,3568.128,24295.898,2.035,2.144,2.274,2.357,2.917,2.618,2.536,2.558,10.259
786,38.552,2976.545,22091.384,2.101,2.19,2.367,2.461,3.06,2.633,2.708,2.494,9.532
787,46.526,2806.115,22779.24,2.227,2.275,2.389,2.454,2.583,2.647,2.716,2.802,10.446
788,37.134,2701.264,19923.222,2.14,2.245,2.371,2.474,2.863,2.598,2.76,2.714,9.97
789,53.187,3133.994,24733.922,2.119,2.246,2.327,2.44,2.596,2.693,2.626,2.851,10.342
790,34.463,3625.191,21729.462,2.044,2.256,2.38,2.4,2.8,2.761,2.539,2.835,9.735
791,39.885,3114.847,23291.048,2.141,2.189,2.303,2.388,2.627,2.827,2.412,2.647,10.09
792,41.816,3038.494,25158.933,2.189,2.284,2.346,2.465,2.802,2.741,2.51,2.931,10.441
793,49.782,3641.437,19785.524,2.125,2.195,2.316,2.393,2.689,2.676,2.606,2.596,10.191
794,,,,,2.268,2.341,2.416,2.911,2.802,2.8,2.775,10.373
795,37.303,3286.515,25002.389,2.085,2.08,2.249,2.274,2.599,2.24,2.657,2.733,10.577
796,48.287,2992.995,21409.175,2.185,2.267,2.415,2.466,2.679,2.895,2.88,2.92,10.444
797,35.154,2442.173,21927.911,2.205,2.38,2.449,2.514,2.953,2.754,2.801,2.778,9.473
798,51.382,3347.206,20505.246,2.131,2.198,2.292,2.425,2.606,2.743,2.612,2.69,11.123
799,39.912,2892.007,22558.07,2.107,2.158,2.247,2.355,2.815,2.613,2.579,2.613,9.821
800,45.157,3694.094,19906.656,2.004,2.166,2.283,2.34,2.652,2.702,2.525,2.681,10.436
801,43.516,2703.237,23398.474,2.114,2.208,2.318,2.397,2.857,2.805,2.713,2.995,10.534
802,38.108,2655.925,21970.957,1.947,2.164,2.25,2.322,2.623,2.43,2.622,2.416,10.254
803,42.715,3579.942,20781.661,2.042,2.146,2.228,2.342,2.639,2.8,2.531,2.753,10.125
804,44.483,3418.711,21715.933,1.929,2.072,2.185,2.299,2.535,2.346,2.493,2.613,9.8
805,36.584,2949.134,21567.005,2.114,2.122,2.282,2.364,2.668,2.858,2.803,2.603,10.161
806,44.399,2895.675,23096.631,2.041,2.145,2.23,2.329,2.695,2.704,2.677,2.348,10.398
807,41.721,2869.325,21153.165,2.104,2.188,2.264,2.363,2.642,2.787,2.464,2.688,10.152
808,38.601,3437.73,22288.881,2.084,2.184,2.23,2.354,2.56,2.612,2.611,2.776,10.533
809,47.703,3329.705,22554.252,1.998,2.112,2.205,2.278,2.537,2.7,2.765,2.684,10.126
810,38.957,3630.682,22528.87,2.092,2.224,2.225,2.393,2.573,2.408,2.599,2.618,10.208
811,34.298,3125.548,21227.994,1.948,2.07,2.18,2.219,2.445,2.547,2.453,2.573,10.767
812,46.032,3049.471,21300.988,1.999,2.104,2.203,2.318,2.691,2.464,2.702,2.531,10.31
813,37.66,2826.832,19406.248,2.011,2.087,2.187,2.358,2.18,2.647,2.793,2.764,9.887
814,43.026,2910.311,21295.454,1.964,2.024,2.131,2.239,2.72,2.291,2.657,2.631,9.546
815,37.739,3270.859,20675.936,1.92,2.092,2.155,2.298,2.572,2.454,2.521,2.425,10.342
816,49.039,2743.318,22216.152,2.007,2.132,2.193,2.342,2.768,2.56,2.51,2.627,10.404
817,43.444,2726.198,21032.28,1.985,2.062,2.157,2.293,2.739,2.609,2.779,2.411,9.757
818,46.115,3257.253,19034.009,2.054,2.136,2.232,2.353,2.791,2.707,2.489,2.565,10.396
819,39.605,3065.355,19931.074,2.033,2.11,2.214,2.276,2.624,2.693,2.494,2.581,10.085
820,37.79,3005.146,18827.767,2.018,2.072,2.17,2.288,2.642,2.594,2.659,2.775,9.69
821,42.186,2931.061,21196.112,1.985,2.043,2.124,2.27,2.886,2.628,2.866,2.432,9.977
822,45.685,2784.457,21547.017,1.86,1.963,2.062,2.166,2.593,2.569,2.363,2.4,9.615
823,45.776,2992.439,21547.143,1.951,2.083,2.191,2.265,2.735,2.38,2.649,2.606,11.097
824,50.396,2988.003,19359.857,1.938,2.072,2.126,2.211,2.515,2.411,2.199,2.578,9.969
825,44.183,3560.267,20833.49,1.998,2.068,2.165,2.308,2.562,2.448,2.899,2.614,10.866
826,50.616,3403.757,22610.296,1.93,2.066,2.173,2.247,2.791,2.52,2.291,2.551,9.785
827,37.188,2836.908,19061.543,2.036,2.073,2.192,2.351,2.559,2.718,2.399,2.576,10.315
828,40.964,2808.74,21744.964,1.954,2.067,2.173,2.299,2.639,2.837,2.575,2.376,9.824
829,37.823,3240.358,21678.235,1.977,2.122,2.255,2.316,2.522,2.575,2.443,2.45,9.973
830,43.539,3105.502,20144.035,1.999,2.072,2.212,2.33,2.653,2.298,2.589,2.475,10.046
831,38.065,3643.968,21896.941,1.935,1.975,2.163,2.207,2.628,2.713,2.539,2.625,10.157
832,45.299,2714.472,22833.577,2.013,2.075,2.217,2.323,2.658,2.28,2.736,2.745,10.141
833,42.781,3278.085,17926.203,1.98,2.075,2.127,2.237,2.843,2.403,2.313,2.885,9.93
834,44.038,2633.483,19998.487,1.931,2.012,2.087,2.152,2.663,2.761,2.351,2.522,10.915
835,44.306,3393.056,22355.178,1.99,2.043,2.173,2.221,2.614,2.199,2.341,2.396,10.385
836,41.307,3222.787,23054.226,2.015,2.098,2.151,2.215,2.546,2.492,2.365,2.466,9.596
837,48.139,3454.457,18781.636,1.972,2.154,2.2,2.308,2.703,2.368,2.704,2.451,9.905
838,53.333,3120.288,21832.625,1.962,2.024,2.097,2.219,2.647,2.325,2.484,2.512,9.645
839,45.519,3374.068,20881.608,2.074,2.118,2.189,2.327,2.557,2.341,2.757,2.938,10.208
840,43.801,3203.717,22001.497,1.994,2.014,2.195,2.293,2.513,2.49,2.788,2.563,9.848
841,45.678,3139.391,21467.729,1.843,1.923,2.032,2.124,2.253,2.695,2.377,2.235,10.02
842,39.992,3653.195,21616.073,1.829,1.992,2.14,2.232,2.468,2.258,2.688,2.532,10.055
843,38.803,3605.655,21938.212,1.943,2.087,2.132,2.244,2.619,2.58,2.579,2.764,10.061
844,39.725,3662.599,21748.182,1.781,1.912,2.048,2.129,2.423,2.413,2.337,2.562,10.59
845,45.341,3378.416,23299.827,1.985,2.099,2.145,2.199,2.365,2.51,2.679,2.124,10.318
846,44.59,3039.729,21142.491,1.998,2.134,2.218,2.281,2.599,2.657,2.799,2.567,10.352
847,50.844,2807.273,20710.716,1.927,2.015,2.102,2.203,2.556,2.426,2.652,2.318,10.483
848,36.049,3025.547,21846.333,2.006,2.084,2.129,2.321,2.515,2.244,2.601,2.533,10.486
849,45.763,2711.455,24141.679,2.004,2.065,2.225,2.293,2.819,2.592,2.481,2.331,10.162
850,50.037,2856.379,20658.119,1.935,2.038,2.076,2.207,2.369,2.425,2.525,2.679,10.109
851,37.093,3162.063,22475.679,1.875,2.028,2.1,2.197,2.338,2.624,2.263,2.648,10.378
852,47.403,3087.811,21800.707,1.869,2.012,2.084,2.186,2.37,2.202,2.574,2.324,9.796
853,45.919,3149.227,22018.014,1.965,2.008,2.082,2.219,2.431,2.236,2.599,2.371,9.942
854,43.174,3215.38,19158.776,1.823,1.911,2.042,2.114,2.316,2.481,2.515,2.688,10.6
855,35.469,3679.221,20654.894,1.887,2.031,2.11,2.206,2.6,2.655,2.451,2.488,9.908
856,39.52,3037.47,22312.78,1.818,1.937,1.993,2.163,2.439,2.425,2.552,2.328,10.133
857,47.179,2484.131,21401.319,1.899,1.995,2.017,2.154,2.458,2.432,2.8,2.289,10.301
858,48.068,3237.62,24224.736,1.876,1.966,2.089,2.187,2.596,2.358,2.556,2.244,10.649
859,42.43,3323.812,20734.535,1.786,1.888,1.965,2.126,2.131,2.301,2.581,2.168,10.734
860,41.983,3364.516,19241.896,1.8,1.936,1.986,2.07,2.595,2.512,2.511,2.615,10.546
861,49.572,4078.593,22008.193,1.894,1.956,2.113,2.158,2.602,2.374,2.433,2.546,10.29
862,44.067,2562.899,19347.742,1.989,2.082,2.189,2.258,2.438,2.549,2.657,2.71,10.293
863,46.046,2792.713,22032.647,1.797,1.869,2.037,2.148,2.358,2.556,2.374,2.305,10.794
864,46.865,3210.97,21380.251,1.932,1.939,2.097,2.218,2.545,2.614,2.581,2.176,10.385
865,34.108,3330.183,19843.097,1.858,1.958,2.013,2.133,2.397,2.297,2.209,2.642,10.332
866,58.566,3378.188,21257.128,1.857,1.967,2.073,2.131,2.68,2.189,2.347,2.475,10.811
867,46.207,3710.685,19544.788,1.875,2.074,2.159,2.25,2.498,2.23,2.344,2.606,10.566
868,52.847,2834.669,23418.655,1.845,1.964,2.093,2.245,2.432,2.335,2.384,2.39,9.002
869,39.718,3471.154,19263.339,1.907,1.961,2.043,2.177,2.516,2.175,2.587,2.228,10.114
870,35.279,3156.319,21526.261,1.911,1.978,2.073,2.193,2.416,2.327,2.44,2.419,9.803
871,46.155,3719.309,20542.236,1.86,1.991,2.102,2.153,2.527,2.696,2.629,2.709,10.324
872,35.249,2887.135,20695.583,1.721,1.872,1.978,2.087,2.654,2.441,2.578,2.386,10.136
873,40.011,3084.36,18943.712,1.893,1.99,2.112,2.172,2.394,2.417,2.263,2.393,10.521
874,42.935,2975.805,20671.088,1.802,1.909,2.074,2.139,2.672,2.549,2.521,2.534,9.895
875,36.857,2872.985,20380.615,1.87,1.989,2.094,2.2,2.626,2.575,2.458,2.62,10.054
876,43.677,3637.133,21971.48,1.915,2.027,2.117,2.174,2.329,2.695,2.627,2.663,10.838
877,43.153,3308.568,22526.627,1.916,1.984,2.044,2.149,2.623,2.303,2.401,2.5,10.75
878,42.049,3590.683,21038.625,1.902,2.007,2.086,2.177,2.498,2.333,2.61,2.471,10.913
879,40.614,3673.059,18687.256,1.798,1.919,1.965,2.037,2.391,2.442,2.228,2.696,10.387
880,49.877,3060.816,19105.957,1.891,1.972,2.083,2.146,2.349,2.282,2.677,2.639,9.525
881,43.47,3433.596,19091.552,1.892,1.966,2.051,2.203,2.704,2.461,2.777,2.147,10.602
882,44.407,3553.008,21556.229,1.895,1.951,2.068,2.135,2.589,2.424,2.247,2.528,10.039
883,45.37,3448.583,21594.357,1.903,2.021,2.183,2.231,2.654,2.406,2.54,2.787,9.862
884,39.699,3704.648,19876.289,1.81,1.983,2.02,2.121,2.253,2.19,2.38,2.637,10.144
885,42.0,3352.197,21197.943,1.862,1.926,2.005,2.153,2.253,2.545,2.546,2.296,10.552
886,54.704,2404.889,20274.892,1.809,1.854,1.978,2.081,2.22,2.117,2.409,2.597,10.497
887,40.132,3633.564,21099.918,1.882,1.912,2.069,2.157,2.499,2.528,2.543,2.402,10.483
888,51.248,2236.053,20818.456,1.868,1.992,2.056,2.26,2.531,2.419,2.571,2.596,10.109
889,34.493,3446.813,22052.682,1.785,1.874,1.924,2.064,2.478,2.375,2.277,2.345,9.915
890,44.33,3651.238,21108.145,1.864,1.955,2.053,2.118,2.686,2.45,2.603,2.683,10.397
891,40.664,2634.374,21242.954,1.694,1.854,1.902,2.012,2.42,2.019,2.231,2.152,10.02
892,44.626,2594.848,18792.89,1.835,1.965,1.999,2.145,2.548,2.208,2.497,2.555,10.684
893,46.489,3298.483,19682.3,1.824,2.024,2.088,2.184,2.375,2.49,2.568,2.381,10.801
894,46.043,3450.92,20585.302,1.832,1.9,2.072,2.163,2.288,2.277,2.314,2.215,10.738
895,39.428,3214.023,18618.77,1.752,1.897,2.024,2.058,2.492,2.209,2.624,2.347,10.287
896,38.007,2623.847,21338.212,1.823,1.97,2.028,2.102,2.286,2.581,2.382,2.326,10.37
897,45.995,3795.059,24954.584,1.906,2.024,2.051,2.186,2.246,2.415,2.574,2.577,10.015
898,49.382,3377.464,21054.723,1.882,2.035,2.146,2.216,2.575,2.615,2.451,2.408,10.48
899,46.315,2570.765,21464.166,1.923,1.96,2.158,2.258,2.759,2.654,2.602,2.343,10.268
900,50.305,3488.76,22435.792,1.884,1.985,2.08,2.233,2.631,2.542,2.48,2.321,10.026
901,39.87,2100.545,22282.115,1.85,2.034,2.069,2.174,2.531,2.616,2.308,2.459,10.422
902,38.682,3357.515,23036.524,1.907,2.025,2.089,2.212,2.51,2.429,2.541,2.388,10.179
903,41.259,2385.011,21839.87,1.801,1.9,1.995,2.08,2.304,2.259,2.604,2.368,9.726
904,48.106,3353.251,20893.173,1.764,1.888,2.045,2.093,2.261,2.281,2.27,2.494,10.604
905,41.557,3277.776,21131.336,1.883,2.016,2.161,2.173,2.394,2.63,2.424,2.495,9.994
906,37.808,3634.164,20750.288,1.965,1.981,2.121,2.195,2.552,2.394,2.177,2.495,10.002
907,47.292,3236.652,20363.637,1.945,2.055,2.167,2.228,2.661,2.191,2.478,2.553,10.453
908,40.348,2966.694,23881.44,1.894,1.953,2.08,2.141,2.413,2.474,2.352,2.435,10.133
909,39.656,2633.298,21586.558,1.829,1.854,2.014,2.105,2.545,2.359,2.166,2.279,10.174
910,36.712,2742.4,21609.941,1.776,1.864,2.05,2.131,2.578,2.344,2.415,2.222,10.387
911,45.701,3531.089,20421.704,1.906,1.941,2.079,2.263,2.375,2.684,2.451,2.235,10.821
912,43.71,3203.457,23042.916,1.879,1.944,2.131,2.189,2.467,2.446,2.583,2.329,10.548
913,47.869,3368.768,21705.93,1.813,1.877,1.995,2.07,2.075,2.396,2.441,2.576,10.318
914,41.317,3251.266,19007.678,1.813,1.904,2.051,2.139,2.407,2.431,2.59,2.471,10.347
915,44.186,2696.009,23404.707,1.824,1.943,2.096,2.113,2.401,2.618,2.632,2.47,10.118
916,49.079,3204.816,19366.302,1.938,1.997,2.087,2.215,2.612,2.488,2.451,2.507,10.426
917,38.546,2948.993,18395.114,1.864,1.944,2.044,2.109,2.578,2.255,2.272,2.497,10.417
918,52.575,2359.479,20992.942,1.851,1.952,1.953,2.129,2.47,2.502,2.415,2.547,10.72
919,44.115,3464.21,20903.372,1.938,2.048,2.108,2.195,2.441,2.49,2.526,2.453,10.881
920,42.368,2917.801,21348.79,1.89,2.005,2.067,2.174,2.689,2.464,2.574,2.561,10.443
921,45.902,2998.289,20598.995,1.837,1.923,2.027,2.146,2.546,2.429,2.273,2.447,9.49
922,44.563,3383.358,21663.286,1.798,1.973,2.068,2.138,2.729,2.35,2.557,2.495,10.648
923,41.631,3040.991,21986.444,1.932,2.011,2.117,2.206,2.768,2.617,2.465,2.428,10.434
924,43.99,3076.178,23545.288,1.801,1.959,1.963,2.084,2.423,2.279,2.402,2.358,10.456
925,47.069,3809.872,24015.857,1.899,1.986,2.013,2.105,2.301,2.442,2.67,2.453,9.871
926,51.535,3257.547,18496.52,1.897,2.01,2.079,2.199,2.094,2.41,2.391,2.457,10.344
927,49.142,3523.638,19283.44,1.886,1.926,2.091,2.199,2.44,2.348,2.312,2.54,9.699
928,50.004,2043.768,23570.789,1.901,1.999,2.121,2.265,2.596,2.563,2.761,2.839,10.534
929,47.295,3153.027,20142.786,1.846,1.86,1.989,2.07,2.176,2.29,2.559,2.32,10.259
930,43.781,3332.589,23293.703,1.889,1.933,2.092,2.206,2.523,2.297,2.282,2.418,10.175
931,38.407,2999.232,21270.964,1.894,1.974,2.1,2.18,2.672,2.221,2.193,2.4,10.488
932,42.21,3679.362,20982.955,1.923,1.994,2.084,2.18,2.687,2.636,2.693,2.416,10.805
933,40.092,2715.785,20746.566,1.897,2.01,2.104,2.227,2.497,2.405,2.398,2.75,9.975
934,46.774,3355.478,21506.047,1.839,1.938,2.001,2.166,2.619,2.328,2.514,2.381,10.251
935,31.64,3032.026,21540.525,1.954,2.049,2.128,2.256,2.823,2.609,2.912,2.526,10.627
936,41.437,2573.69,20178.417,1.87,1.981,2.115,2.152,2.421,2.468,2.313,2.135,10.243
937,45.869,3122.291,22132.125,1.911,2.023,2.118,2.161,2.695,2.286,2.672,2.318,10.509
938,45.06,2987.234,19587.429,1.833,1.937,2.052,2.229,2.403,2.396,2.411,2.654,10.576
939,45.104,3445.405,19443.555,1.891,1.999,2.082,2.203,2.586,2.154,2.416,2.616,10.809
940,45.011,3078.74,20586.606,2.029,2.013,2.168,2.332,2.709,2.513,2.62,2.671,9.991
941,36.498,3560.727,21647.599,1.879,2.025,2.077,2.225,2.444,2.361,2.656,2.78,10.138
942,49.98,2759.07,24255.353,1.883,2.029,2.119,2.18,2.655,2.706,2.448,2.611,10.279
943,47.51,3011.763,23270.486,1.928,1.988,2.016,2.193,2.705,2.436,2.425,2.622,9.764
944,49.424,2296.193,20608.325,1.829,1.899,2.063,2.105,2.701,2.133,2.299,2.378,10.097
945,44.472,3427.262,20540.911,1.901,2.008,2.056,2.162,2.475,2.4,2.487,2.661,9.981
946,41.476,2359.183,20592.865,1.938,2.056,2.096,2.24,2.534,2.552,2.558,2.428,10.358
947,47.552,3676.903,19506.598,1.877,1.947,2.016,2.148,2.469,2.368,2.257,2.866,11.031
948,40.241,3124.389,19125.328,1.858,1.996,2.112,2.214,2.663,2.583,2.41,2.571,10.08
949,37.904,2808.454,21025.724,1.886,2.049,2.101,2.229,2.484,2.463,2.582,2.544,9.773
950,33.836,3364.893,22145.193,1.826,1.92,1.959,2.119,2.52,2.572,2.465,2.541,9.859
951,38.935,3221.314,23191.159,1.992,2.024,2.143,2.262,2.557,2.386,2.596,2.439,10.106
952,42.141,2373.358,19790.485,1.788,1.922,2.022,2.133,2.601,2.171,2.395,2.377,9.923
953,35.563,3428.855,19672.542,1.93,2.047,2.079,2.252,2.469,2.574,2.724,2.414,10.813
954,34.552,3924.505,19631.128,1.888,2.001,2.106,2.244,2.504,2.431,2.656,2.528,10.642
955,40.014,2400.814,21755.122,1.906,1.957,2.067,2.198,2.378,2.707,2.418,2.429,10.446
956,47.966,3205.898,22266.75,1.89,2.05,2.104,2.249,2.406,2.347,2.577,2.327,9.832
957,41.41,3670.237,18557.14,1.997,2.057,2.103,2.286,2.593,2.756,2.352,2.544,10.548
958,44.268,2993.84,22936.775,2.0,2.027,2.124,2.242,2.27,2.559,2.688,2.245,9.078
959,37.553,2344.06,21908.209,1.924,1.959,2.117,2.214,2.575,2.567,2.248,2.591,10.003
960,43.628,3156.136,20507.817,1.881,1.971,2.148,2.249,2.375,2.502,2.608,2.555,9.851
961,45.583,3462.945,22846.717,1.872,2.017,2.032,2.182,2.6,2.621,2.352,2.684,10.406
962,36.401,2769.909,21343.101,1.843,1.92,2.014,2.129,2.547,2.162,2.319,2.412,10.425
963,40.375,2143.014,23905.882,2.033,2.1,2.191,2.218,2.661,2.738,2.525,2.593,10.265
964,41.046,2346.13,22318.151,1.849,1.983,2.061,2.179,2.399,2.44,2.022,2.398,11.02
965,44.721,2556.513,20862.291,1.899,1.982,2.068,2.211,2.692,2.593,2.548,2.698,9.996
966,39.866,3484.892,22127.229,1.919,2.033,2.121,2.228,2.549,2.57,2.627,2.633,10.459
967,34.388,2820.445,22087.942,1.835,1.969,2.061,2.172,2.722,2.713,2.448,2.631,10.171
968,40.145,2992.364,20910.348,1.973,2.051,2.172,2.246,2.631,2.646,2.894,2.315,10.703
969,49.98,3282.883,19583.784,1.918,1.958,2.121,2.19,2.398,2.616,2.591,2.485,9.946
970,49.446,2277.549,21382.732,1.908,1.945,2.117,2.217,2.215,2.592,2.433,2.463,10.406
971,40.051,2996.618,21804.222,1.889,2.023,2.05,2.156,2.72,2.54,2.754,2.257,10.629
972,38.651,2935.169,19834.97,1.864,1.957,2.06,2.219,2.437,2.712,2.51,2.416,10.206
973,37.988,3117.244,23210.725,1.961,2.076,2.146,2.306,2.633,2.478,2.395,2.65,10.482
974,40.844,3056.164,19058.96,2.018,2.086,2.233,2.285,2.757,2.719,2.448,2.494,10.311
975,43.724,2860.977,20859.579,1.952,2.065,2.166,2.306,2.543,2.654,2.827,2.471,9.94
976,46.741,2880.817,21286.536,2.02,2.075,2.155,2.268,2.822,2.667,2.309,2.554,10.017
977,51.278,3097.216,20678.692,1.914,2.045,2.152,2.185,2.361,2.498,2.35,2.412,10.747
978,41.897,2801.99,22032.908,1.915,2.052,2.179,2.229,2.467,2.362,2.482,2.635,11.22
979,51.618,3703.232,21625.593,1.907,2.023,2.1,2.23,2.461,2.409,2.631,2.519,10.57
980,48.238,3595.688,21207.106,1.948,2.063,2.187,2.199,2.419,2.583,2.515,2.708,10.375
981,41.604,3322.694,18942.658,1.948,2.056,2.087,2.29,2.271,2.493,2.712,2.423,10.67
982,35.847,3005.854,20060.65,1.915,1.96,2.066,2.196,2.414,2.528,2.752,2.12,9.985
983,42.468,3013.972,22099.472,2.024,2.178,2.188,2.289,2.533,2.282,2.469,2.868,10.185
984,50.785,3460.667,23873.71,1.837,1.989,2.097,2.219,2.596,2.323,2.492,2.681,9.332
985,42.079,3147.511,17765.963,1.912,2.071,2.161,2.207,2.482,2.434,2.612,2.853,10.068
986,51.682,2764.229,20806.925,1.98,2.083,2.175,2.253,2.533,2.634,2.729,2.526,10.09
987,37.524,3236.287,21389.498,1.93,1.995,2.127,2.2,2.306,2.592,2.412,2.701,11.296
988,52.095,3260.894,21383.094,1.981,2.062,2.184,2.302,2.693,2.301,2.631,2.402,10.787
989,40.565,3249.048,21179.499,1.924,1.979,2.038,2.194,2.214,2.402,2.624,2.293,9.869
990,38.39,2701.874,22342.491,1.977,1.96,2.126,2.218,2.477,2.539,2.602,2.402,10.398
991,40.421,2657.166,19939.845,1.818,1.933,2.067,2.114,2.571,2.442,2.569,2.379,10.741
992,40.007,2839.637,20948.784,2.004,2.068,2.144,2.293,2.652,2.589,2.335,2.674,11.165
993,35.143,2693.502,20473.501,1.89,1.997,2.109,2.189,2.341,2.089,2.295,2.726,10.398
994,,,,,2.016,2.131,2.217,2.673,2.541,2.556,2.469,10.555
995,31.339,3418.348,21857.017,1.973,2.039,2.164,2.324,2.641,2.593,2.641,2.698,9.964
996,49.052,2948.387,22351.149,1.94,2.043,2.111,2.255,2.517,2.631,2.561,2.441,10.514
997,45.982,2974.365,20471.431,2.013,2.109,2.204,2.27,2.675,2.542,2.674,2.505,10.146
998,40.107,3049.233,21449.35,1.945,2.085,2.194,2.318,2.514,2.462,2.577,2.598,10.408
999,39.099,2251.805,21336.942,2.032,2.12,2.127,2.292,2.632,2.936,2.55,2.611,10.746
1000,49.906,3309.894,20715.269,1.984,2.024,2.164,2.233,2.685,2.508,2.425,2.58,10.796
1001,37.829,2983.358,21210.916,1.972,2.031,2.11,2.223,2.678,2.254,2.715,2.46,10.022
1002,47.573,2653.09,23826.568,1.917,2.108,2.201,2.267,2.344,2.667,2.428,2.642,10.119
1003,49.595,2921.943,20563.213,1.945,2.105,2.207,2.246,2.641,2.528,2.789,2.342,10.749
1004,46.643,3416.424,20361.01,2.033,2.136,2.161,2.29,2.403,2.535,2.776,2.781,10.586
1005,43.065,2999.519,22937.868,1.909,2.016,2.11,2.248,2.569,2.561,2.432,2.618,10.367
1006,46.412,3633.398,23211.509,1.942,1.986,2.123,2.183,2.598,2.463,2.576,2.533,9.89
1007,42.353,3608.31,22303.384,1.885,1.977,2.064,2.17,2.548,2.426,2.567,2.417,10.067
1008,48.591,3700.457,21226.268,1.914,1.986,2.161,2.212,2.627,2.476,2.573,2.586,9.576
1009,39.796,3275.287,21510.354,1.962,2.078,2.141,2.252,2.528,2.514,2.195,2.57,10.716
1010,52.378,3353.118,22090.128,1.913,1.965,2.077,2.22,2.387,2.629,2.496,2.73,10.106
1011,47.138,2363.023,22161.956,1.89,2.113,2.139,2.23,2.624,2.535,2.612,2.225,10.0
1012,42.364,2893.576,20893.007,1.965,2.065,2.155,2.313,2.728,2.64,2.283,2.577,9.419
1013,48.97,3462.239,22133.642,2.015,2.093,2.208,2.276,2.623,2.479,2.538,2.333,10.789
1014,48.411,3260.003,22253.226,1.889,2.051,2.055,2.202,2.443,2.585,2.678,2.481,10.267
1015,41.513,2187.694,22389.111,1.938,2.132,2.152,2.193,2.553,2.699,2.729,2.261,9.464
1016,37.675,2958.052,17726.735,1.889,1.993,2.062,2.131,2.401,2.383,2.35,2.342,10.337
1017,36.796,2842.308,21773.506,1.865,2.023,2.117,2.221,2.555,2.393,2.668,2.9,10.205
1018,39.65,3184.596,20106.096,1.981,2.054,2.103,2.201,2.547,2.459,2.473,2.616,10.777
1019,41.934,2849.748,20675.33,1.888,2.028,2.125,2.196,2.562,2.442,2.708,2.498,10.214
1020,42.364,2911.135,19258.1,1.859,1.98,2.108,2.227,2.417,2.52,2.545,2.453,10.1
1021,54.729,3063.009,18804.871,1.937,2.015,2.133,2.181,2.669,2.621,2.413,2.634,10.367
1022,43.13,2991.485,21379.448,1.899,1.975,2.093,2.162,2.387,2.286,2.861,2.494,10.974
1023,43.916,3192.595,24320.376,1.971,2.052,2.136,2.213,2.274,2.434,2.84,2.521,10.565
1024,40.371,2580.487,21787.362,1.931,2.001,2.157,2.189,2.516,2.51,2.733,2.558,10.454
1025,50.432,3096.546,22851.347,1.928,2.051,2.143,2.235,2.562,2.516,2.734,2.514,10.196
1026,36.275,3176.276,20037.757,1.89,2.102,2.147,2.302,2.417,2.575,2.5,2.826,10.356
1027,44.575,2597.844,22542.051,1.948,2.027,2.128,2.222,2.556,2.82,2.812,2.625,10.293
1028,42.906,3003.164,20389.744,1.889,1.996,2.126,2.159,2.501,2.535,2.494,2.438,10.557
1029,42.775,3495.061,22104.408,1.966,2.069,2.195,2.252,2.501,2.737,2.599,2.628,10.729
1030,43.576,3174.238,21441.996,1.965,2.038,2.143,2.236,2.386,2.241,2.237,2.479,10.049
1031,40.565,3173.987,20438.012,1.88,1.939,2.051,2.135,2.486,2.226,2.316,2.323,9.895
1032,38.058,2586.505,22305.709,1.912,2.026,2.045,2.272,2.593,2.649,2.427,2.197,9.32
1033,48.562,3608.254,21322.004,1.897,1.965,2.06,2.204,2.514,2.718,2.763,2.742,11.047
1034,50.169,2621.274,19251.151,1.814,1.867,2.023,2.127,2.514,2.358,2.522,2.601,10.323
1035,46.739,3032.057,22308.703,1.887,1.92,2.071,2.195,2.641,2.245,2.292,2.406,10.828
1036,49.692,2781.559,21053.277,1.892,2.01,2.081,2.206,2.594,2.522,2.59,2.599,10.536
1037,44.315,2933.943,20680.261,1.934,1.958,2.055,2.223,2.577,2.394,2.537,2.521,9.484
1038,32.213,3540.865,21105.442,1.835,1.926,2.04,2.156,2.113,2.329,2.225,2.377,10.976
1039,38.413,3328.239,16917.012,1.892,2.036,2.102,2.207,2.759,2.241,2.889,2.49,10.349
1040,45.905,3233.299,21182.718,1.936,2.029,2.154,2.251,2.623,2.786,2.552,2.586,10.151
1041,31.859,3299.063,18965.019,1.857,1.977,2.103,2.1,2.346,2.501,2.466,2.495,9.085
1042,44.18,3635.332,21627.546,1.844,1.998,2.168,2.231,2.383,2.521,2.594,2.548,10.069
1043,45.168,2048.297,20287.393,1.849,1.899,1.938,2.105,2.51,2.45,2.402,2.326,9.905
1044,44.993,2397.902,22478.163,1.9,2.03,2.165,2.238,2.425,2.215,2.537,2.617,10.448
1045,38.199,2974.005,19987.5,1.864,1.977,2.067,2.123,2.691,2.314,2.502,2.403,10.049
1046,41.762,2331.174,23555.989,1.823,1.929,2.054,2.15,2.146,2.525,2.467,2.32,10.323
1047,41.868,3346.643,22015.72,1.984,2.042,2.175,2.274,2.595,2.501,2.819,2.669,9.652
1048,44.715,2864.606,18978.407,1.924,1.996,2.137,2.199,2.282,2.561,2.399,2.506,9.982
1049,42.243,3087.97,21566.221,1.939,1.996,2.165,2.234,2.446,2.38,2.303,2.578,10.643
1050,34.94,3105.772,23417.115,1.92,1.996,2.097,2.276,2.322,2.542,2.46,2.554,10.549
1051,55.311,3196.511,21908.371,1.902,2.022,2.066,2.241,2.525,2.483,2.17,2.372,10.604
1052,45.211,3266.718,18593.576,1.857,1.914,2.001,2.117,2.388,2.528,2.393,2.243,10.655
1053,42.462,2603.078,20717.24,1.884,1.929,2.089,2.165,2.626,2.511,2.605,2.471,9.366
1054,40.985,2625.595,21878.744,1.837,1.947,2.055,2.147,2.356,2.625,2.436,2.616,9.531
1055,47.389,2926.125,22417.734,1.823,1.909,2.028,2.113,2.562,2.401,2.093,2.57,9.402
1056,44.697,2976.965,20259.248,1.843,1.953,2.066,2.14,2.545,2.433,2.325,2.467,10.008
1057,45.805,2761.26,21572.936,1.793,1.926,1.989,2.08,2.337,2.382,2.61,2.562,10.332
1058,36.254,2456.651,21718.666,1.86,1.936,2.082,2.171,2.402,2.59,2.507,2.076,10.312
1059,33.398,2334.822,22360.13,1.869,1.996,2.045,2.174,2.331,2.344,2.292,2.659,10.507
1060,50.322,3007.087,22768.14,1.871,1.946,2.082,2.153,2.271,2.275,2.597,2.332,10.53
1061,,,,,1.953,2.079,2.165,2.323,2.413,2.334,2.287,10.447
1062,45.138,3481.312,22177.641,1.846,1.937,1.989,2.122,2.331,2.393,2.47,2.318,10.48
1063,49.538,2953.715,19478.82,1.88,1.943,2.024,2.124,2.722,2.445,2.617,2.436,10.452
1064,41.838,4319.363,20037.815,1.812,1.935,2.028,2.166,2.426,2.363,2.65,2.325,10.209
1065,46.276,2525.884,21177.377,1.958,2.007,2.142,2.234,2.713,2.462,2.594,2.576,9.635
1066,34.846,2658.337,19079.629,1.787,1.904,1.975,2.057,2.398,2.483,2.518,2.209,10.574
1067,43.34,2735.492,18987.318,1.911,2.043,2.155,2.223,2.465,2.639,2.414,2.516,11.19
1068,43.427,3072.895,20458.358,1.728,1.928,2.024,2.095,2.172,2.083,2.344,2.378,10.73
1069,48.754,3640.827,21860.827,1.862,1.887,1.972,2.09,2.546,2.608,2.39,2.542,9.488
1070,41.614,2563.774,20171.442,1.836,1.979,2.078,2.116,2.448,2.243,2.604,2.334,10.835
1071,54.17,3064.459,23208.095,1.855,1.939,2.037,2.135,2.715,2.435,2.312,2.248,9.361
1072,31.127,3775.484,22005.009,1.789,1.918,1.97,2.116,2.679,2.608,2.44,2.543,10.453
1073,49.246,2114.75,18771.36,1.855,1.869,1.974,2.119,2.355,2.528,2.263,2.143,10.22
1074,35.146,3134.316,20225.127,1.917,2.006,2.081,2.145,2.318,2.483,2.27,2.54,10.386
1075,48.871,2857.761,20633.722,1.93,2.017,2.164,2.19,2.463,2.658,2.513,2.414,9.729
1076,47.935,3181.167,18657.519,1.8,1.935,1.983,2.054,2.52,2.226,2.125,2.147,9.729
1077,40.713,2230.764,21058.185,1.824,1.862,2.038,2.207,2.254,2.499,2.343,2.653,9.381
1078,42.095,3482.696,20104.307,1.761,1.873,1.945,2.096,2.491,2.429,2.447,2.418,9.715
1079,42.734,2672.886,19511.65,1.814,1.956,2.083,2.141,2.283,2.643,2.364,2.465,9.936
1080,47.973,3152.688,21368.823,1.777,1.896,1.943,2.116,2.213,2.362,2.364,2.37,10.641
1081,41.478,2997.549,19507.687,1.776,1.934,2.072,2.106,2.123,2.301,2.388,2.535,9.757
1082,45.789,2690.091,21344.873,1.66,1.818,1.952,2.041,2.496,2.614,2.72,2.491,9.959
1083,44.553,3322.451,22017.496,1.636,1.759,1.856,1.944,2.361,2.34,2.164,2.273,10.073
1084,47.397,2265.954,20141.111,1.857,2.004,2.093,2.197,2.42,2.499,2.381,2.496,9.73
1085,45.107,2064.269,18699.848,1.784,1.944,2.059,2.097,2.372,2.428,2.54,2.44,10.335
1086,46.41,2593.553,21158.8,1.851,1.963,1.979,2.13,2.557,2.485,2.547,2.359,10.549
1087,47.862,2427.896,23716.387,1.657,1.859,1.927,2.01,2.163,2.307,1.992,2.446,10.4
1088,47.72,2563.438,17865.436,1.648,1.768,1.836,2.027,2.122,2.336,2.294,2.24,10.236
1089,47.566,3149.584,20304.329,1.729,1.862,1.921,2.065,2.164,2.235,2.355,2.233,9.979
1090,43.351,2797.651,20154.814,1.746,1.833,1.929,2.096,2.32,2.319,2.408,2.334,10.007
1091,43.759,2984.965,20379.517,1.724,1.847,2.047,2.077,2.515,2.69,2.241,2.169,10.366
1092,40.529,3000.769,21747.04,1.738,1.865,1.954,2.004,2.286,2.093,2.359,2.433,10.391
1093,47.318,3265.781,20297.279,1.823,1.952,2.01,2.125,2.516,2.399,2.464,2.427,10.088
1094,39.556,3029.715,21799.291,1.793,1.879,1.946,2.094,2.278,2.139,2.57,2.443,9.751
1095,43.095,2745.262,21117.063,1.748,1.827,1.909,2.071,2.14,2.462,2.186,2.426,9.961
1096,43.773,2554.103,21558.851,1.797,1.905,2.031,2.062,2.519,2.613,2.471,2.192,10.595
1097,47.08,2391.151,17748.621,1.764,1.788,1.896,1.964,2.163,2.167,2.438,2.193,10.101
1098,46.687,3029.367,21789.84,1.772,1.823,1.955,2.048,2.377,2.29,2.383,2.568,10.339
1099,47.754,3046.506,21308.125,1.745,1.784,1.959,2.022,2.279,2.271,2.459,2.51,9.625
1100,45.298,2328.851,20053.918,1.724,1.825,1.91,1.97,2.251,2.377,1.967,2.212,10.17
1101,37.535,2427.244,21401.114,1.803,1.907,1.973,2.077,2.42,2.556,2.427,2.586,9.795
1102,41.879,3322.854,21990.057,1.79,1.86,1.96,2.076,2.427,2.312,2.105,2.558,9.937
1103,45.134,2687.682,19791.111,1.721,1.916,1.965,2.046,2.459,2.431,2.284,2.424,9.886
1104,46.088,2989.943,21513.718,1.772,1.871,1.991,2.116,2.64,2.412,2.302,2.506,9.955
1105,40.563,2555.024,16923.479,1.677,1.866,1.964,2.057,2.214,2.278,2.247,2.351,9.831
1106,41.283,2779.179,21971.176,1.824,1.913,1.99,2.056,2.64,2.275,2.703,2.392,10.03
1107,43.777,2189.578,20193.526,1.683,1.756,1.904,1.964,2.192,2.488,2.462,2.432,9.813
1108,38.525,3514.33,18975.455,1.733,1.767,1.942,2.023,2.332,2.511,2.258,2.401,10.298
1109,43.445,1826.803,18290.679,1.756,1.818,1.941,1.967,2.291,2.428,2.556,2.42,9.709
1110,49.824,3274.492,19241.004,1.636,1.775,1.879,1.973,2.365,2.302,2.266,2.144,10.305
1111,38.242,2220.909,17419.086,1.713,1.761,1.867,1.992,2.38,1.934,2.275,2.134,10.554
1112,37.619,2851.486,22396.238,1.649,1.761,1.856,1.966,2.047,2.319,2.169,2.178,10.594
1113,49.37,3088.574,20820.128,1.766,1.854,1.992,2.073,2.429,2.449,2.439,2.341,10.574
1114,43.562,2368.235,18010.729,1.675,1.839,1.873,1.953,2.168,2.088,2.316,2.427,10.636
1115,52.142,2756.886,18347.667,1.725,1.803,1.88,2.05,2.452,2.265,2.237,2.302,9.719
1116,37.728,2585.6,21250.81,1.721,1.817,1.927,1.983,2.301,2.635,2.276,2.746,9.979
1117,49.241,2938.083,23200.529,1.711,1.801,1.896,2.032,2.158,2.37,2.277,2.381,10.265
1118,45.707,2637.847,21350.135,1.714,1.79,1.879,2.04,2.225,2.203,2.399,2.207,10.409
1119,38.494,2043.575,20110.488,1.744,1.773,1.829,2.05,2.255,2.477,2.389,2.276,10.196
1120,46.142,3102.526,22739.711,1.711,1.817,1.894,2.007,2.437,2.292,2.339,2.18,9.926
1121,55.106,3467.279,20210.365,1.782,1.84,1.957,2.066,2.54,2.513,2.248,2.382,9.989
1122,48.635,3589.25,19728.827,1.682,1.734,1.829,1.925,2.193,2.318,2.345,2.303,10.355
1123,45.48,3499.504,19244.315,1.694,1.798,1.871,2.017,2.259,2.289,2.138,2.503,9.548
1124,42.683,2934.602,20752.369,1.57,1.72,1.804,1.896,2.071,2.173,2.085,2.289,10.573
1125,37.979,2806.968,19209.287,1.753,1.852,1.994,2.073,2.093,2.314,2.183,2.112,9.865
1126,37.887,2776.69,21784.133,1.6,1.674,1.781,1.872,2.311,2.152,2.009,2.267,9.802
1127,42.542,3309.418,21438.737,1.694,1.775,1.896,1.942,2.409,2.224,2.444,2.35,10.197
1128,48.844,2614.253,21139.637,1.683,1.759,1.859,1.955,2.058,2.147,1.933,2.356,9.546
1129,43.633,2269.521,22159.425,1.649,1.773,1.863,1.905,1.897,2.341,2.411,2.141,10.745
1130,52.599,2479.878,19316.333,1.717,1.814,1.898,1.984,2.177,2.122,2.183,2.438,10.678
1131,39.809,2955.819,18743.96,1.68,1.794,1.855,2.015,2.054,2.602,2.164,2.217,9.716
1132,39.164,3001.091,18351.379,1.59,1.693,1.87,1.98,2.012,2.137,2.183,2.209,9.759
1133,44.816,3265.034,18567.85,1.665,1.756,1.831,2.026,2.21,2.154,1.829,2.293,9.585
1134,44.115,2647.783,19560.842,1.644,1.758,1.925,2.016,2.443,2.112,2.449,2.328,10.18
1135,52.073,2805.098,23020.412,1.672,1.696,1.86,1.942,2.206,2.472,2.343,2.065,9.905
1136,47.74,3163.73,24294.682,1.577,1.663,1.736,1.939,2.25,2.2,2.249,2.154,10.322
1137,44.763,2952.62,16869.451,1.648,1.772,1.923,1.977,2.264,2.365,2.101,2.352,10.193
1138,40.759,2853.667,18657.386,1.774,1.762,1.853,1.983,2.168,2.366,2.41,2.006,10.421
1139,47.962,2699.481,20023.02,1.715,1.786,1.922,1.956,2.266,2.301,2.342,2.227,10.656
1140,56.528,3163.754,18823.832,1.584,1.718,1.801,1.92,2.276,2.294,2.26,2.298,10.443
1141,45.089,1945.948,19704.333,1.676,1.824,1.906,2.013,2.305,2.327,2.402,2.203,9.808
1142,38.362,2980.29,19968.279,1.832,1.938,1.987,2.121,2.511,2.557,2.558,2.56,10.223
1143,36.814,3381.499,18610.049,1.661,1.732,1.835,1.908,2.442,2.016,2.413,2.319,10.548
1144,42.855,2745.229,20388.957,1.685,1.805,1.844,1.946,2.107,2.332,2.479,2.429,10.507
1145,45.654,3064.437,19090.795,1.602,1.7,1.833,1.873,2.444,2.183,2.319,2.269,9.975
1146,41.106,2679.5,18194.183,1.636,1.724,1.823,1.883,2.006,2.222,2.221,2.127,10.209
1147,42.374,3164.706,19675.845,1.785,1.836,1.916,2.047,2.426,2.3,2.422,2.324,9.856
1148,,,,,1.848,1.993,2.031,2.227,2.181,2.236,2.131,10.295
1149,51.013,3035.134,19934.836,1.694,1.721,1.817,1.993,2.301,2.18,2.323,2.204,10.261
1150,38.338,2828.797,18453.016,1.577,1.729,1.792,1.883,2.36,2.41,2.175,2.354,10.25
1151,42.23,3157.525,22852.917,1.545,1.728,1.747,1.862,2.098,2.266,2.236,2.194,10.199
1152,49.972,3198.237,20299.543,1.59,1.688,1.792,1.861,2.112,2.218,2.018,2.261,10.953
1153,52.137,2756.597,20773.64,1.645,1.708,1.823,1.924,2.115,1.996,2.233,2.42,9.784
1154,41.752,2457.36,20647.556,1.597,1.656,1.782,1.91,2.165,2.165,2.091,2.028,10.203
1155,43.798,2484.98,19336.842,1.582,1.637,1.741,1.826,1.938,2.222,2.275,2.387,10.189
1156,53.938,2164.655,19626.09,1.682,1.756,1.896,1.935,2.179,2.468,2.311,2.335,10.278
1157,51.106,2593.714,18337.947,1.688,1.752,1.755,1.944,2.392,2.257,2.214,2.255,9.789
1158,40.762,2857.863,19686.826,1.579,1.684,1.807,1.866,1.948,2.15,2.341,1.92,10.288
1159,39.982,2607.98,22042.007,1.562,1.645,1.776,1.814,2.073,2.418,2.028,2.282,10.154
1160,45.411,3391.824,17190.8,1.65,1.757,1.929,1.971,1.998,2.239,2.243,2.46,10.319
1161,40.291,2635.08,20333.439,1.55,1.648,1.734,1.909,2.222,2.158,2.276,2.052,10.345
1162,42.737,2838.683,20973.591,1.655,1.699,1.838,1.959,2.047,1.979,2.238,2.415,10.017
1163,46.552,3139.629,18558.014,1.67,1.794,1.926,1.952,2.461,2.391,2.187,2.018,9.463
1164,36.659,2779.917,21145.178,1.623,1.737,1.848,1.901,2.079,2.091,1.941,2.199,10.454
1165,46.089,3157.571,19767.722,1.568,1.729,1.821,1.896,2.198,2.021,2.082,2.108,9.364
1166,47.154,3485.166,19192.33,1.565,1.679,1.77,1.915,2.285,2.002,2.403,2.322,11.087
1167,43.703,3052.726,19266.967,1.545,1.613,1.743,1.832,2.121,2.282,2.19,2.273,9.776
1168,48.952,2423.37,19774.69,1.498,1.646,1.742,1.867,2.258,2.062,2.202,2.195,10.319
1169,41.686,3111.721,18769.737,1.624,1.698,1.767,1.859,2.141,2.191,2.303,1.936,9.819
1170,43.387,2669.099,19642.752,1.482,1.554,1.659,1.806,2.169,2.076,1.785,2.049,10.304
1171,35.921,2348.13,19473.753,1.62,1.686,1.784,1.865,2.281,2.226,2.03,1.79,9.829
1172,30.1,3335.851,20618.016,1.621,1.676,1.784,1.847,2.209,2.035,2.337,2.171,10.075
1173,39.312,2907.088,19413.222,1.621,1.707,1.767,1.829,2.031,2.049,2.048,2.172,9.975
1174,44.307,2503.541,19377.243,1.57,1.69,1.755,1.892,1.984,2.053,2.319,2.262,9.381
1175,44.645,3095.805,17900.999,1.548,1.748,1.839,1.856,2.29,2.235,2.21,2.308,10.568
1176,43.148,2848.548,21306.502,1.607,1.724,1.854,1.906,2.244,2.211,2.269,2.301,10.301
1177,43.165,2481.874,21425.79,1.614,1.756,1.834,1.962,2.111,2.444,2.696,2.322,9.758
1178,44.024,3042.557,22718.479,1.617,1.692,1.866,1.887,2.451,2.288,2.385,2.423,10.688
1179,44.79,2720.72,20422.038,1.634,1.746,1.78,1.921,2.264,2.279,2.238,2.175,10.15
1180,40.783,2793.329,20188.803,1.546,1.671,1.746,1.871,2.057,1.937,2.231,2.03,9.679
1181,36.688,3620.142,19351.961,1.619,1.684,1.761,1.918,2.397,1.888,2.152,2.183,11.04
1182,47.635,2938.214,19696.984,1.566,1.706,1.743,1.834,2.222,2.62,2.423,2.234,9.519
1183,37.936,2864.477,20613.666,1.548,1.692,1.779,1.871,2.371,2.248,2.22,2.242,10.189
1184,51.876,2895.643,18216.402,1.477,1.607,1.715,1.804,2.061,1.997,1.986,1.901,9.822
1185,39.252,2816.0,21689.457,1.449,1.581,1.676,1.818,2.204,1.932,1.975,2.078,9.997
1186,42.728,2956.211,16473.423,1.644,1.667,1.809,1.893,2.348,2.224,2.212,2.127,9.641
1187,49.085,2781.815,21489.39,1.593,1.663,1.763,1.845,2.199,2.176,2.064,2.021,10.315
1188,42.153,3170.225,19166.609,1.497,1.621,1.778,1.886,2.109,2.14,1.849,2.22,10.287
1189,38.565,3361.8,21591.351,1.496,1.657,1.746,1.846,2.313,1.69,2.217,2.257,10.221
1190,43.501,2743.323,19984.044,1.584,1.685,1.784,1.854,2.188,2.28,2.159,2.136,9.618
1191,48.926,2168.648,19853.537,1.599,1.749,1.851,1.895,2.071,2.096,2.181,2.165,10.175
1192,44.346,2407.516,20959.072,1.664,1.732,1.819,1.905,2.263,2.261,1.999,2.341,10.633
1193,43.527,2849.649,19848.603,1.605,1.658,1.784,1.832,1.968,1.96,2.091,2.12,10.265
1194,43.825,2999.897,21286.234,1.551,1.666,1.731,1.823,2.307,1.951,2.209,2.359,10.163
1195,50.627,2358.818,21866.157,1.572,1.593,1.786,1.855,2.267,2.091,1.892,2.015,10.604
1196,38.101,3175.206,21400.047,1.609,1.699,1.834,1.905,2.105,2.424,2.475,2.4,9.94
1197,45.801,2466.437,18501.895,1.667,1.749,1.859,2.023,2.245,2.093,2.243,2.207,10.262
1198,56.256,1871.78,19515.221,1.577,1.73,1.778,1.899,2.202,2.021,2.37,1.963,10.249
1199,44.438,2721.154,17707.602,1.527,1.586,1.745,1.797,2.156,1.969,2.185,1.932,10.477
1200,48.487,2956.494,21164.08,1.528,1.643,1.772,1.846,2.078,2.298,2.12,1.985,10.266
1201,40.883,2354.865,18664.901,1.489,1.559,1.685,1.796,2.306,2.094,1.946,2.075,9.592
1202,41.761,2237.972,20982.105,1.541,1.652,1.716,1.821,1.89,2.079,2.077,2.133,10.29
1203,44.782,2670.237,18587.654,1.668,1.703,1.85,1.932,2.337,2.033,2.281,2.093,10.122
1204,,,,,1.61,1.812,1.836,1.924,2.185,2.209,2.031,10.486
1205,39.593,3153.587,17727.092,1.512,1.614,1.74,1.794,2.271,2.19,2.028,1.857,9.748
1206,48.425,3032.668,17474.332,1.589,1.706,1.816,1.937,2.091,2.091,2.307,2.453,9.833
1207,42.075,2991.11,23639.599,1.545,1.66,1.724,1.847,2.205,2.063,2.143,2.5,10.599
1208,47.965,2270.799,20800.786,1.512,1.593,1.675,1.766,2.129,2.167,2.206,2.061,9.985
1209,43.964,2322.879,19331.178,1.56,1.66,1.717,1.877,2.144,2.42,2.027,2.064,11.047
1210,51.26,2398.679,20871.63,1.458,1.599,1.653,1.788,2.178,2.148,2.155,2.073,10.845
1211,43.612,3491.259,21556.283,1.461,1.645,1.651,1.757,1.951,2.094,1.965,2.013,10.241
1212,40.189,2997.326,20335.243,1.598,1.646,1.747,1.807,2.212,2.209,2.239,2.08,10.263
1213,50.049,2680.601,20890.939,1.483,1.451,1.548,1.653,1.942,2.098,1.74,2.125,9.607
1214,37.505,2780.446,19695.593,1.537,1.663,1.774,1.917,2.115,2.204,2.114,2.446,9.556
1215,42.556,2385.86,18086.862,1.573,1.685,1.733,1.866,2.112,2.57,2.327,2.322,10.555
1216,42.906,2736.441,19545.511,1.581,1.674,1.857,1.923,1.987,2.137,2.032,2.072,10.576
1217,49.538,3112.464,20085.529,1.516,1.618,1.718,1.815,2.392,2.218,1.972,2.043,10.072
1218,46.653,2830.255,19995.739,1.549,1.672,1.757,1.886,2.277,2.244,1.973,2.083,10.313
1219,45.252,2593.669,17328.529,1.455,1.629,1.702,1.782,1.998,2.027,2.147,2.083,10.664
1220,52.412,3380.195,19519.883,1.497,1.588,1.643,1.817,2.043,2.21,1.963,2.397,9.934
1221,44.927,2470.588,22539.301,1.557,1.645,1.735,1.76,2.092,2.09,1.896,2.467,10.377
1222,37.717,2505.359,18337.162,1.537,1.641,1.749,1.839,2.3,2.147,2.077,2.306,10.467
1223,38.618,2391.694,19295.483,1.562,1.657,1.688,1.872,2.383,2.116,2.105,1.971,10.082
1224,37.172,3567.069,25110.967,1.646,1.741,1.813,1.892,1.989,1.978,2.007,2.334,10.241
1225,44.068,2821.484,21514.247,1.533,1.683,1.678,1.859,2.613,2.23,1.692,2.036,9.555
1226,43.816,2355.633,19097.975,1.582,1.669,1.757,1.815,2.095,1.949,2.186,2.062,10.43
1227,45.91,2811.336,19749.281,1.586,1.63,1.707,1.813,2.122,2.135,2.246,2.205,9.986
1228,45.312,2824.344,20558.728,1.524,1.657,1.768,1.822,1.922,2.083,2.292,2.212,10.515
1229,45.067,2979.655,17407.39,1.542,1.582,1.743,1.83,2.182,2.269,2.269,1.988,9.843
1230,52.596,3513.141,17578.552,1.451,1.474,1.557,1.764,1.96,1.938,2.109,2.299,10.51
1231,45.779,3352.368,22298.572,1.507,1.578,1.739,1.82,1.918,2.097,2.25,2.077,9.341
1232,39.974,2176.336,19122.763,1.579,1.689,1.805,1.93,2.425,2.18,2.358,2.077,10.422
1233,41.757,3468.256,18875.609,1.499,1.595,1.703,1.834,2.0,2.051,2.124,2.05,10.33
1234,41.704,2971.658,18739.853,1.543,1.705,1.745,1.847,2.457,2.057,2.231,2.188,10.256
1235,43.745,3419.484,18388.749,1.511,1.705,1.709,1.852,2.112,1.903,1.994,2.386,10.448
1236,36.826,3265.575,21547.661,1.39,1.504,1.589,1.677,1.975,1.907,1.96,2.191,11.001
1237,49.443,2607.741,21049.139,1.481,1.56,1.624,1.746,1.694,2.157,2.46,1.798,10.539
1238,37.881,2873.717,18277.997,1.545,1.584,1.68,1.751,2.165,2.453,2.146,2.266,9.779
1239,46.531,3329.055,18775.638,1.538,1.602,1.728,1.803,2.079,1.98,2.123,1.915,9.91
1240,48.412,2717.83,18207.584,1.51,1.66,1.671,1.823,1.968,2.427,1.794,1.993,10.828
1241,47.56,2538.567,18847.878,1.542,1.569,1.685,1.817,2.02,2.265,2.295,2.118,10.213
1242,45.027,3264.38,19711.29,1.524,1.576,1.655,1.803,2.058,2.266,2.302,1.964,10.492
1243,44.389,2620.638,20157.673,1.514,1.607,1.663,1.847,2.355,2.159,2.157,1.882,9.917
1244,52.275,2851.532,22649.509,1.444,1.544,1.738,1.725,1.948,1.985,2.183,1.912,10.229
1245,47.942,3137.783,23186.804,1.654,1.704,1.854,1.964,2.625,2.393,2.665,2.382,9.968
1246,37.542,3159.208,18256.981,1.606,1.697,1.768,1.939,2.165,2.29,2.244,1.865,10.28
1247,47.165,2683.389,19976.312,1.513,1.679,1.761,1.874,2.218,2.249,2.114,2.198,10.141
1248,38.698,2667.054,18458.235,1.556,1.607,1.726,1.874,2.11,2.079,2.24,1.984,9.709
1249,48.16,2813.167,18756.681,1.427,1.609,1.745,1.77,2.181,2.246,1.917,1.717,10.494
1250,48.056,2880.084,20438.154,1.654,1.75,1.859,1.969,2.313,2.19,2.338,2.338,10.141
1251,57.069,2557.856,21898.374,1.455,1.622,1.661,1.766,2.1,2.027,2.023,2.442,10.328
1252,44.964,2422.153,21293.219,1.575,1.703,1.807,1.936,2.143,2.318,2.433,2.217,9.919
1253,43.222,2740.997,19342.411,1.549,1.678,1.744,1.819,2.044,2.085,1.92,2.169,9.375
1254,42.786,2281.421,18073.356,1.449,1.573,1.723,1.801,2.193,2.073,2.163,2.173,10.935
1255,47.26,2753.521,18094.72,1.513,1.605,1.647,1.785,2.135,1.719,2.219,1.997,10.486
1256,46.827,2240.011,20967.062,1.488,1.545,1.713,1.818,2.223,2.254,1.904,1.925,9.903
1257,46.624,2989.951,19425.447,1.486,1.587,1.718,1.802,2.219,2.0,2.188,2.164,9.923
1258,50.339,2303.78,17637.865,1.426,1.531,1.748,1.752,2.143,2.257,2.218,2.012,9.588
1259,46.858,3357.577,20996.989,1.58,1.686,1.711,1.846,2.079,2.394,2.258,1.8,10.701
1260,36.865,2878.908,19364.666,1.529,1.6,1.653,1.757,2.304,2.067,2.068,2.274,11.095
1261,41.938,3275.037,17632.28,1.592,1.679,1.74,1.848,2.091,2.328,2.239,2.199,10.613
1262,44.834,2859.082,22435.243,1.551,1.579,1.705,1.843,1.655,2.131,1.978,2.197,10.083
1263,46.571,2606.237,19874.021,1.529,1.647,1.712,1.798,1.795,2.121,2.033,2.293,10.718
1264,38.425,3119.41,21244.785,1.531,1.637,1.718,1.861,1.933,2.293,2.166,2.291,10.662
1265,49.881,2810.823,21172.139,1.438,1.577,1.673,1.851,2.31,1.977,2.107,2.174,10.05
1266,42.364,3433.546,22920.358,1.528,1.636,1.713,1.835,1.853,2.022,2.357,2.374,10.56
1267,48.871,2164.516,20150.411,1.54,1.673,1.766,1.798,2.142,2.002,2.336,2.178,9.646
1268,48.511,2961.947,20058.732,1.623,1.739,1.915,1.951,2.361,2.171,2.311,2.22,10.09
1269,40.995,2908.875,16929.101,1.524,1.597,1.687,1.792,2.085,2.124,2.153,2.075,9.863
1270,47.559,3613.378,16633.111,1.487,1.609,1.675,1.794,1.875,2.075,2.321,2.31,10.615
1271,50.113,2605.909,20219.683,1.489,1.621,1.727,1.808,2.11,2.043,2.109,2.048,10.283
1272,44.932,2614.606,20642.001,1.483,1.557,1.703,1.817,1.741,2.241,2.098,2.062,10.64
1273,47.471,2961.0,19855.335,1.476,1.599,1.666,1.779,1.921,2.163,2.061,1.897,10.011
1274,38.354,3357.283,20179.025,1.459,1.522,1.562,1.746,1.903,2.186,1.816,1.908,10.059
1275,38.255,3146.899,20631.92,1.528,1.66,1.737,1.796,2.177,2.221,2.173,2.0,10.019
1276,46.284,3132.5,18193.754,1.466,1.603,1.729,1.789,2.384,2.074,2.104,2.026,9.569
1277,34.948,2231.313,20572.31,1.609,1.637,1.696,1.836,2.14,2.134,1.912,2.164,9.974
1278,41.008,2831.51,21883.2,1.395,1.57,1.671,1.728,2.23,2.262,2.201,1.894,10.572
1279,43.627,2509.26,19770.743,1.495,1.575,1.685,1.817,1.988,2.064,2.192,2.12,10.127
1280,47.445,2281.15,22341.555,1.539,1.74,1.763,1.901,2.138,2.218,2.175,2.354,10.212
1281,50.986,3193.337,20385.636,1.596,1.664,1.793,1.85,2.569,2.228,2.232,2.183,10.193
1282,48.993,2577.744,20744.158,1.501,1.636,1.674,1.745,1.897,2.034,2.217,1.883,9.855
1283,37.664,2693.214,20164.582,1.57,1.691,1.79,1.868,2.282,2.136,2.251,2.322,10.505
1284,42.377,2594.845,16599.753,1.513,1.587,1.746,1.793,2.248,2.185,1.995,2.142,10.383
1285,46.181,3386.902,20759.227,1.498,1.575,1.747,1.765,2.257,2.391,2.296,2.267,10.716
1286,42.003,3346.817,18882.888,1.579,1.677,1.744,1.872,2.346,2.289,2.186,2.304,10.105
1287,46.164,3200.412,21332.815,1.618,1.681,1.767,1.936,2.316,2.366,2.176,2.133,9.425
1288,38.979,3688.833,20558.266,1.435,1.478,1.645,1.728,2.027,2.146,2.243,2.037,9.598
1289,39.198,3452.603,20017.326,1.59,1.687,1.86,1.874,2.326,2.135,2.15,2.008,10.163
1290,57.356,3576.567,19638.62,1.498,1.691,1.73,1.828,2.119,2.091,2.185,2.04,10.482
1291,,,,,1.579,1.704,1.806,1.902,2.156,2.096,1.994,10.041
1292,43.539,3018.254,22451.416,1.547,1.633,1.751,1.795,2.004,2.025,1.921,2.115,10.406
1293,49.551,1898.506,20474.875,1.628,1.725,1.815,1.882,2.291,2.137,2.327,2.343,10.011
1294,43.97,2999.856,20593.246,1.62,1.721,1.78,1.977,1.954,2.51,2.134,2.45,10.898
1295,50.817,2555.634,20544.948,1.567,1.696,1.806,1.878,1.95,1.972,2.224,1.963,9.802
1296,56.878,2769.94,20061.27,1.592,1.672,1.814,1.908,1.834,2.224,2.432,2.035,9.442
1297,45.458,3059.277,18422.535,1.713,1.775,1.857,1.981,2.261,2.313,2.105,2.244,10.243
1298,59.31,1900.192,18580.443,1.552,1.663,1.759,1.882,2.136,2.076,2.202,2.069,10.305
1299,41.991,2900.228,23065.15,1.511,1.611,1.709,1.813,2.022,2.395,2.14,2.145,9.771
1300,32.053,3006.874,18762.504,1.596,1.636,1.76,1.885,2.247,2.304,2.147,2.193,10.844
1301,45.826,3119.025,18621.609,1.578,1.703,1.789,1.911,2.235,2.118,1.942,2.363,9.653
1302,46.962,2899.378,20793.977,1.61,1.709,1.7,1.856,1.966,2.188,1.963,2.015,9.754
1303,37.746,2433.809,18708.314,1.49,1.658,1.791,1.908,2.271,2.324,2.079,2.293,10.375
1304,37.316,3545.026,20431.879,1.685,1.731,1.924,1.95,2.276,2.352,1.911,2.506,9.97
1305,39.584,2849.332,21080.942,1.556,1.706,1.793,1.838,2.191,2.183,2.092,2.318,10.15
1306,35.606,2999.611,21652.816,1.505,1.622,1.738,1.816,2.127,2.205,2.123,2.126,10.532
1307,43.94,3714.599,20611.371,1.396,1.546,1.646,1.724,1.857,2.071,1.783,2.258,9.916
1308,40.467,2236.751,22561.357,1.633,1.704,1.749,1.936,2.233,2.225,2.058,2.605,9.864
1309,52.562,2618.935,19610.408,1.635,1.649,1.839,2.002,2.2,2.109,2.096,2.272,10.207
1310,49.469,3213.435,20807.219,1.498,1.609,1.658,1.801,2.202,1.808,2.145,2.213,10.15
1311,42.736,2925.139,18472.497,1.594,1.705,1.802,1.915,2.248,2.202,2.021,2.162,10.016
1312,42.902,2785.586,18947.602,1.588,1.703,1.7,1.827,2.21,2.088,2.192,2.043,9.838
1313,50.997,3220.6,22324.293,1.554,1.702,1.712,1.84,2.385,2.223,2.144,2.19,10.397
1314,47.921,2447.053,23058.301,1.521,1.663,1.702,1.821,2.335,2.215,2.262,1.714,9.796
1315,36.444,2761.978,17571.997,1.584,1.638,1.771,1.917,2.07,2.342,2.317,2.25,9.864
1316,44.853,2852.342,22232.851,1.589,1.705,1.782,1.936,2.23,2.066,2.133,2.226,10.157
1317,46.1,2410.556,19542.475,1.508,1.616,1.651,1.875,1.773,2.115,2.076,1.947,9.367
1318,44.99,2973.537,19682.919,1.54,1.611,1.725,1.857,2.041,2.133,2.185,2.203,10.505
1319,48.663,2889.608,21219.064,1.485,1.634,1.739,1.808,2.179,2.407,2.218,2.317,9.695
1320,41.664,1988.154,21249.975,1.613,1.749,1.824,1.9,2.073,2.476,2.304,2.481,9.973
1321,35.027,3116.519,19902.897,1.53,1.62,1.702,1.794,2.089,2.439,1.987,2.066,10.818
1322,49.202,2363.254,15968.912,1.589,1.654,1.837,1.919,2.183,2.316,2.266,2.088,9.608
1323,38.721,2974.361,20340.331,1.5,1.608,1.714,1.777,2.082,2.021,2.485,1.746,9.881
1324,41.617,2851.416,19272.665,1.445,1.584,1.675,1.769,2.267,1.995,2.228,2.081,10.562
1325,45.209,2461.342,19204.082,1.523,1.638,1.731,1.845,2.03,1.913,2.098,2.202,10.356
1326,36.889,2625.55,20448.498,1.616,1.668,1.776,1.925,1.908,2.207,2.437,2.208,10.112
1327,43.075,2301.445,22259.924,1.703,1.727,1.817,1.935,1.96,2.082,2.182,2.388,10.011
1328,38.475,3057.822,22134.744,1.558,1.71,1.807,1.877,2.438,2.204,2.204,2.114,9.908
1329,40.381,3204.565,19116.406,1.596,1.699,1.771,1.872,2.204,2.406,2.092,2.18,9.881
1330,38.679,3158.581,20205.456,1.432,1.534,1.613,1.736,1.883,2.001,2.257,2.084,10.332
1331,37.729,2681.624,18744.391,1.59,1.716,1.802,1.85,2.227,2.349,2.182,2.106,10.295
1332,47.843,2219.757,20016.932,1.442,1.629,1.65,1.727,2.052,2.114,2.1,2.39,10.296
1333,47.044,2670.63,19924.318,1.538,1.602,1.754,1.824,2.025,2.14,2.015,2.2,10.979
1334,44.246,2464.688,21929.876,1.632,1.749,1.871,1.916,2.213,2.108,2.435,2.532,10.713
1335,40.745,3257.399,21339.141,1.627,1.701,1.802,1.884,2.093,2.161,1.942,2.005,10.156
1336,37.533,2704.139,19954.994,1.517,1.633,1.687,1.774,1.827,1.938,2.413,2.216,10.529
1337,30.981,2236.18,19254.455,1.576,1.614,1.763,1.814,2.357,1.994,1.917,2.308,9.647
1338,40.688,3011.868,18411.194,1.613,1.678,1.862,1.895,2.176,2.115,2.541,1.922,10.061
1339,41.897,2363.076,16872.712,1.571,1.61,1.772,1.844,2.177,2.025,2.419,2.37,10.681
1340,45.128,2735.45,19281.111,1.511,1.64,1.766,1.806,1.941,2.124,2.237,2.183,9.539
1341,48.273,3390.407,20810.181,1.49,1.593,1.705,1.819,2.072,1.89,1.952,2.191,10.336
1342,43.317,3435.028,18365.12,1.536,1.68,1.731,1.87,2.077,2.293,2.21,2.154,10.35
1343,43.969,2803.496,19330.57,1.609,1.675,1.78,1.859,2.015,2.13,2.209,2.381,9.85
1344,40.441,2378.615,22047.736,1.508,1.591,1.712,1.797,2.369,2.106,1.994,2.1,9.816
1345,42.805,2706.904,19180.884,1.433,1.579,1.627,1.763,1.941,1.964,1.916,1.986,9.723
1346,46.222,2916.549,19960.265,1.589,1.712,1.867,1.895,2.379,2.275,2.273,2.202,9.407
1347,38.933,3159.834,19461.138,1.468,1.585,1.747,1.766,2.237,2.18,1.96,2.339,10.066
1348,43.317,2507.675,20209.367,1.514,1.614,1.742,1.805,2.252,1.982,2.289,2.124,9.743
1349,43.926,3337.561,22650.829,1.497,1.596,1.727,1.823,1.781,2.216,1.989,2.132,9.277
1350,38.903,2617.967,19113.602,1.489,1.559,1.744,1.808,1.88,2.202,1.958,2.122,9.827
1351,38.071,2691.165,21484.945,1.569,1.672,1.779,1.853,2.375,2.438,2.484,2.012,10.169
1352,50.453,2588.042,16581.211,1.467,1.593,1.666,1.801,2.118,2.004,2.387,1.872,10.206
1353,47.654,2633.246,19487.918,1.57,1.647,1.727,1.889,2.149,2.115,2.117,2.124,9.898
1354,41.94,3627.522,19508.232,1.577,1.708,1.702,1.844,2.128,2.066,2.12,2.133,9.56
1355,43.465,3287.236,20381.923,1.546,1.606,1.651,1.787,2.287,2.382,1.825,2.081,9.855
1356,47.612,2702.765,20076.036,1.503,1.654,1.756,1.841,2.089,2.121,1.887,2.218,10.376
1357,38.682,3153.133,21408.568,1.564,1.638,1.773,1.831,1.933,2.172,2.259,2.038,9.595
1358,43.53,2528.926,20849.993,1.604,1.673,1.774,1.913,1.94,2.366,2.213,2.197,9.902
1359,47.935,2140.768,20405.415,1.478,1.594,1.71,1.79,1.968,2.166,1.833,1.954,10.275
1360,39.603,3018.044,19333.324,1.531,1.557,1.681,1.826,2.286,2.111,2.002,2.017,9.599
1361,44.85,3937.254,20625.959,1.437,1.551,1.675,1.749,2.327,2.27,1.975,1.72,9.366
1362,34.01,2767.519,21012.674,1.609,1.621,1.744,1.831,1.995,2.185,2.257,2.222,9.899
1363,44.107,2756.155,20432.386,1.581,1.722,1.74,1.907,2.079,2.369,2.185,1.931,9.979
1364,43.135,2255.303,20240.594,1.498,1.585,1.647,1.812,2.113,2.162,2.415,1.961,10.327
1365,53.283,2313.053,20611.035,1.566,1.678,1.751,1.858,2.328,1.972,2.079,2.104,10.445
1366,44.928,2839.672,19870.178,1.541,1.688,1.787,1.863,2.045,2.199,2.041,2.006,9.707
1367,41.491,2789.842,19589.446,1.458,1.619,1.756,1.8,2.085,2.302,2.29,2.372,9.789
1368,46.491,2688.308,18379.144,1.515,1.611,1.724,1.83,2.179,2.105,1.885,2.127,9.891
1369,44.949,2705.736,17773.376,1.472,1.548,1.629,1.769,2.15,2.183,1.849,1.789,9.765
1370,39.056,2791.771,18300.447,1.582,1.662,1.726,1.851,2.051,2.229,1.89,2.294,9.572
1371,43.922,2920.685,21997.612,1.534,1.663,1.769,1.823,2.083,2.191,2.153,2.607,9.778
1372,53.567,3165.562,19186.056,1.566,1.69,1.785,1.893,2.087,2.051,2.469,2.232,10.243
1373,46.047,3211.382,18491.557,1.5,1.619,1.743,1.814,1.994,2.358,2.118,2.107,9.72
1374,36.386,3039.42,20190.264,1.575,1.74,1.752,1.899,2.128,2.179,2.119,2.179,9.587
1375,42.694,2406.568,21685.865,1.46,1.526,1.71,1.775,2.003,1.939,1.956,2.127,10.542
1376,45.845,2104.259,19459.692,1.534,1.698,1.767,1.849,2.111,1.954,2.245,2.309,10.391
1377,43.451,3350.6,19957.745,1.569,1.727,1.779,1.891,2.033,2.185,2.047,1.934,9.913
1378,51.113,3085.014,19105.8,1.61,1.677,1.817,1.88,2.289,2.226,2.178,2.193,9.661
1379,41.855,3023.579,18523.01,1.565,1.577,1.728,1.822,2.387,2.16,1.995,2.268,9.843
1380,52.173,2422.39,21199.052,1.501,1.585,1.674,1.817,2.087,1.941,2.079,2.033,10.164
1381,40.902,3190.175,19769.754,1.63,1.754,1.814,1.922,2.533,2.405,2.337,2.195,10.25
1382,44.022,2909.954,19209.293,1.586,1.68,1.795,1.823,1.981,1.907,2.081,2.411,10.012
1383,49.931,3022.795,20973.847,1.463,1.604,1.682,1.777,1.995,1.944,1.81,1.777,10.32
1384,36.043,2544.446,20602.517,1.556,1.637,1.722,1.828,2.246,2.014,1.881,2.237,9.695
1385,39.581,2610.329,22988.743,1.55,1.632,1.751,1.87,1.907,2.314,2.064,2.006,9.971
1386,46.883,2770.849,18671.626,1.51,1.578,1.605,1.843,2.026,2.035,2.247,1.92,9.761
1387,51.482,3168.115,17859.563,1.536,1.67,1.736,1.878,2.219,2.0,1.952,1.984,10.32
1388,40.687,3473.839,19996.598,1.549,1.719,1.774,1.904,2.423,2.129,1.986,2.043,9.943
1389,46.836,2644.252,18177.5,1.526,1.607,1.759,1.812,1.837,1.903,1.949,1.991,9.632
1390,38.254,3088.431,22576.091,1.533,1.671,1.723,1.815,2.103,2.077,2.041,2.328,9.501
1391,46.726,3038.554,20489.399,1.538,1.643,1.741,1.814,2.084,1.903,2.009,1.932,10.261
1392,51.894,3552.806,20726.361,1.511,1.592,1.703,1.805,2.024,2.241,2.063,2.228,10.502
1393,42.541,2674.189,20408.711,1.61,1.75,1.792,1.916,2.116,2.214,2.024,1.858,10.403
1394,41.71,3364.679,19241.023,1.507,1.685,1.782,1.859,2.352,1.913,2.05,2.034,9.724
1395,50.513,2837.343,19768.822,1.57,1.587,1.786,1.811,2.101,2.212,1.91,2.048,10.217
1396,47.51,3251.961,18777.398,1.444,1.545,1.657,1.781,2.058,2.208,1.994,1.967,9.747
1397,49.005,2891.868,21162.791,1.44,1.589,1.677,1.734,2.047,2.232,1.863,2.09,9.355
1398,49.927,3378.127,18439.99,1.434,1.571,1.631,1.695,2.058,2.052,2.026,2.018,9.903
1399,43.549,2689.749,16409.586,1.547,1.64,1.729,1.785,2.178,2.356,2.065,2.27,9.253
1400,49.029,3440.813,20264.584,1.511,1.579,1.71,1.831,2.213,2.206,2.37,2.088,10.244
1401,53.09,2562.079,20519.664,1.61,1.574,1.668,1.88,1.956,2.436,2.007,2.001,10.226
1402,42.212,3337.46,15686.593,1.561,1.696,1.78,1.84,2.342,2.231,2.136,2.025,10.054
1403,48.513,2396.778,19248.782,1.399,1.595,1.651,1.772,1.945,2.023,2.381,2.098,10.136
1404,41.974,3250.19,16731.034,1.438,1.561,1.731,1.737,1.971,1.769,1.966,2.048,10.486
1405,51.311,2335.732,19484.591,1.462,1.542,1.645,1.784,2.078,2.057,2.141,2.319,10.425
1406,46.892,2756.07,18477.046,1.505,1.635,1.766,1.858,2.127,2.27,2.272,2.007,10.509
1407,37.648,3343.443,20304.152,1.453,1.587,1.721,1.868,2.071,2.233,1.986,2.052,10.443
1408,45.034,2981.196,20236.318,1.451,1.523,1.701,1.748,2.206,2.043,2.224,2.037,10.205
1409,41.468,2176.49,21125.795,1.464,1.61,1.644,1.754,1.961,1.995,2.086,1.836,9.992
1410,48.232,3056.891,19137.28,1.564,1.553,1.765,1.788,2.069,2.315,2.111,1.691,9.921
1411,43.25,3494.805,19757.188,1.505,1.617,1.702,1.762,2.342,1.941,2.156,2.208,9.833
1412,43.522,3248.118,18323.133,1.575,1.7,1.751,1.894,2.117,2.244,2.221,1.878,9.874
1413,47.346,2631.031,19824.796,1.455,1.511,1.669,1.763,2.019,1.969,2.184,2.098,9.991
1414,41.783,2938.639,19102.332,1.541,1.638,1.759,1.766,1.91,2.03,2.208,2.121,10.531
1415,30.52,3498.1,20256.477,1.429,1.531,1.609,1.706,2.064,2.141,2.134,2.092,10.287
1416,41.387,3427.21,20149.824,1.568,1.607,1.701,1.803,2.086,2.265,2.149,1.989,9.906
1417,41.122,2178.023,18971.965,1.555,1.707,1.768,1.837,2.404,2.407,2.205,2.433,10.203
1418,51.606,3320.26,18472.683,1.518,1.595,1.755,1.83,2.068,1.928,1.738,1.912,9.478
1419,35.947,2098.86,20910.261,1.551,1.651,1.741,1.811,2.061,2.245,2.125,1.833,9.472
1420,52.894,2228.003,18803.482,1.583,1.662,1.784,1.87,2.272,2.345,2.294,2.025,10.133
1421,44.792,2881.611,18852.05,1.539,1.653,1.719,1.838,2.333,2.139,1.982,2.109,9.864
1422,46.117,2484.618,17865.239,1.571,1.71,1.737,1.828,2.243,2.16,2.129,2.212,9.732
1423,43.233,3350.265,17884.225,1.489,1.564,1.684,1.751,2.271,2.249,2.163,1.929,10.369
1424,43.163,2910.926,20006.786,1.493,1.623,1.595,1.776,2.028,1.918,2.062,2.038,10.877
1425,41.197,2364.744,19502.729,1.515,1.628,1.716,1.818,1.906,2.369,2.084,2.206,9.877
1426,54.102,3221.739,18651.495,1.498,1.551,1.664,1.772,2.021,1.917,2.095,1.936,9.923
1427,40.58,2152.405,19443.777,1.39,1.474,1.642,1.665,1.927,1.925,2.144,2.218,10.099
1428,46.353,3123.772,20734.354,1.471,1.549,1.631,1.731,2.019,2.02,2.19,2.254,9.992
1429,45.035,3138.185,19794.57,1.514,1.605,1.703,1.832,2.131,2.092,2.106,2.146,10.221
1430,44.234,3040.453,20939.742,1.527,1.574,1.641,1.751,1.884,2.148,1.839,2.087,9.878
1431,49.02,4141.616,21163.691,1.489,1.62,1.741,1.772,2.343,2.201,2.14,2.161,10.245
1432,46.781,2682.99,17897.066,1.501,1.614,1.608,1.815,2.227,2.216,1.992,2.267,9.874
1433,35.328,2345.955,18931.763,1.4,1.524,1.59,1.727,2.068,2.077,2.237,2.206,9.73
1434,35.746,3178.528,19570.523,1.525,1.564,1.678,1.782,1.952,2.159,2.275,2.05,10.446
1435,41.509,2658.566,22231.523,1.494,1.58,1.72,1.775,1.747,2.086,2.066,2.07,9.903
1436,51.051,2744.162,20000.363,1.46,1.518,1.664,1.811,2.096,2.198,1.996,1.902,9.581
1437,53.573,2253.477,20098.924,1.426,1.475,1.613,1.711,2.062,2.008,1.958,1.805,9.73
1438,42.274,2680.668,17226.16,1.529,1.636,1.719,1.823,2.147,2.041,2.127,2.391,10.38
1439,44.384,2812.072,17851.187,1.481,1.516,1.641,1.707,2.085,2.19,2.012,1.872,9.681
1440,38.455,2176.902,19134.588,1.42,1.476,1.548,1.665,1.964,2.303,1.809,1.91,9.922
1441,45.742,3297.847,16635.588,1.532,1.61,1.714,1.859,2.008,2.318,2.071,1.954,10.994
1442,45.608,2423.224,21228.694,1.463,1.545,1.637,1.818,2.139,1.951,2.443,1.911,9.958
1443,40.946,2806.607,21108.947,1.535,1.644,1.727,1.875,2.117,2.051,2.224,2.226,9.431
1444,43.525,3007.115,17977.506,1.443,1.58,1.687,1.815,2.25,1.998,2.051,2.138,10.248
1445,46.512,3089.375,18837.466,1.495,1.589,1.664,1.83,2.121,2.051,2.112,2.101,10.355
1446,52.639,3759.658,19801.346,1.517,1.586,1.702,1.809,2.025,2.056,2.149,2.144,9.464
1447,53.714,2710.683,19108.046,1.495,1.517,1.684,1.808,1.93,2.239,1.884,2.046,9.341
1448,57.061,3052.376,18245.967,1.467,1.526,1.712,1.744,1.793,2.056,2.104,1.93,9.67
1449,40.993,3092.03,18783.19,1.529,1.626,1.778,1.795,2.314,2.125,2.269,2.201,10.137
1450,32.995,3088.224,19931.443,1.403,1.496,1.595,1.716,1.856,2.05,2.159,2.318,10.064
1451,44.575,1874.542,20149.789,1.488,1.599,1.722,1.824,2.205,1.975,2.161,1.99,10.462
1452,38.392,2908.189,18712.745,1.484,1.624,1.641,1.726,2.047,2.301,1.832,2.307,10.584
1453,46.644,2840.144,16921.109,1.422,1.495,1.629,1.677,2.043,2.095,1.976,2.072,10.155
1454,42.364,2579.585,19457.429,1.499,1.589,1.747,1.828,2.134,2.107,2.279,1.968,10.263
1455,40.394,3012.782,20399.02,1.5,1.593,1.704,1.762,2.014,2.02,1.862,2.212,10.394
1456,43.82,3168.29,22969.61,1.582,1.634,1.802,1.875,2.382,2.042,2.217,1.915,9.509
1457,49.226,2992.052,20480.507,1.39,1.544,1.688,1.77,2.038,1.872,2.001,2.143,10.106
1458,46.0,3117.696,19996.861,1.441,1.454,1.572,1.7,2.148,2.055,2.245,1.998,9.667
1459,44.032,2832.578,19031.771,1.648,1.735,1.824,1.899,2.251,2.361,2.072,2.215,10.205
1460,39.929,2433.412,18303.208,1.412,1.481,1.652,1.723,2.112,2.079,1.971,2.2,10.157
1461,38.458,3723.936,17864.569,1.462,1.529,1.637,1.729,1.87,2.182,1.872,2.272,10.756
1462,45.936,2567.351,17456.333,1.521,1.594,1.742,1.789,2.055,2.089,2.121,1.986,9.926
1463,42.05,2946.784,20129.474,1.422,1.545,1.649,1.752,1.668,1.864,2.183,2.18,10.351
1464,39.171,3043.322,20509.353,1.525,1.654,1.774,1.772,2.266,2.148,2.063,2.07,9.974
1465,46.805,2447.758,18991.374,1.374,1.481,1.583,1.676,1.911,2.097,1.882,2.313,10.423
1466,44.051,2918.915,19042.796,1.399,1.499,1.575,1.625,2.067,1.736,2.076,2.129,9.195
1467,42.65,3088.134,19893.867,1.398,1.545,1.693,1.754,2.121,1.868,1.852,2.046,9.747
1468,51.971,3029.356,18298.036,1.503,1.642,1.679,1.78,2.136,2.15,2.132,2.047,9.869
1469,40.801,2901.226,18302.356,1.476,1.539,1.69,1.755,2.298,1.909,2.008,2.28,9.923
1470,48.905,3170.194,20019.811,1.561,1.657,1.711,1.848,1.792,2.097,1.925,1.941,9.68
1471,44.781,2335.474,20893.381,1.477,1.535,1.607,1.769,2.048,2.0,1.999,2.032,10.137
1472,46.302,3192.189,17854.978,1.488,1.515,1.663,1.797,2.096,2.051,1.928,2.424,10.624
1473,44.605,3312.742,20454.747,1.423,1.455,1.601,1.726,2.151,2.23,2.101,1.854,9.815
1474,48.945,2856.256,20172.437,1.399,1.519,1.61,1.702,1.955,1.983,1.876,2.213,10.407
1475,51.743,2487.014,18181.586,1.435,1.473,1.633,1.712,2.308,2.174,1.903,2.085,10.063
1476,37.503,2465.258,16903.974,1.477,1.55,1.637,1.767,2.051,1.956,2.0,2.15,9.802
1477,50.122,2903.638,22036.17,1.551,1.702,1.786,1.918,2.267,1.967,2.329,2.233,9.937
1478,42.693,2625.974,18698.754,1.395,1.534,1.639,1.731,1.847,2.049,2.177,2.526,9.635
1479,45.871,3415.058,18558.579,1.441,1.609,1.654,1.713,2.343,2.461,2.239,1.879,9.464
1480,45.541,2371.888,20367.041,1.522,1.632,1.75,1.862,2.115,2.069,2.3,2.033,10.52
1481,41.45,2822.3,22815.528,1.397,1.6,1.624,1.77,2.155,1.739,1.73,2.199,9.701
1482,41.233,2395.008,19817.402,1.495,1.615,1.71,1.759,2.154,2.068,2.133,1.846,9.442
1483,45.029,3224.979,21475.518,1.362,1.442,1.537,1.68,1.822,1.997,1.999,2.069,10.176
1484,41.027,3367.779,18129.002,1.477,1.514,1.638,1.685,2.055,2.207,2.113,2.242,9.732
1485,47.537,3168.711,22385.153,1.509,1.594,1.73,1.856,2.264,1.911,2.041,2.108,9.819
1486,36.545,3238.499,16612.482,1.423,1.471,1.657,1.673,1.89,2.056,2.13,2.017,10.168
1487,43.134,3179.808,19381.738,1.499,1.595,1.713,1.781,2.19,2.136,1.836,2.158,9.989
1488,50.903,2941.67,19061.854,1.461,1.585,1.658,1.812,2.393,2.344,2.138,1.897,9.883
1489,43.161,3114.755,18755.617,1.483,1.501,1.683,1.729,2.24,2.092,2.106,1.918,9.867
1490,39.329,3039.261,19771.865,1.447,1.557,1.62,1.774,2.32,2.155,2.431,2.125,9.973
1491,43.61,3000.312,22881.406,1.559,1.58,1.714,1.817,2.265,2.311,2.228,2.144,10.5
1492,38.973,2848.589,19365.087,1.484,1.588,1.703,1.789,1.935,2.113,2.149,1.958,9.58
1493,47.895,3445.758,19786.711,1.532,1.65,1.783,1.883,2.072,2.201,2.193,2.101,9.813
1494,44.56,2663.241,18060.781,1.563,1.664,1.728,1.792,2.419,1.906,2.345,2.149,10.174
1495,42.75,3158.431,20309.972,1.552,1.68,1.769,1.885,2.125,1.994,2.222,2.026,9.939
1496,47.459,3928.768,19662.864,1.486,1.612,1.684,1.799,1.962,2.168,2.14,1.948,10.66
1497,43.518,2112.372,18918.498,1.512,1.596,1.762,1.796,1.958,2.027,2.291,2.078,10.043
1498,40.38,3414.319,16601.955,1.421,1.507,1.667,1.778,2.266,2.268,2.057,2.254,9.961
1499,42.222,2584.129,20212.605,1.499,1.656,1.729,1.867,2.194,2.194,2.342,2.101,9.781
1500,39.958,3427.514,20387.51,1.465,1.593,1.66,1.798,1.808,2.029,2.057,1.851,9.963
1501,38.342,2056.438,17219.338,1.547,1.639,1.78,1.864,2.313,1.853,2.058,2.062,9.499
1502,46.836,3238.641,19143.354,1.487,1.661,1.726,1.799,2.007,2.051,2.238,2.18,10.622
1503,40.458,2530.774,16358.674,1.504,1.579,1.701,1.85,2.079,1.926,1.951,2.354,10.217
1504,40.666,2865.36,21580.358,1.506,1.639,1.729,1.854,2.224,1.955,2.276,2.428,9.773
1505,48.183,3354.13,20657.901,1.482,1.564,1.729,1.827,1.977,1.836,2.146,2.134,10.667
1506,37.008,3313.517,18604.191,1.498,1.561,1.68,1.823,1.904,2.046,2.049,2.338,10.269
1507,39.545,3400.54,17232.17,1.502,1.604,1.696,1.795,1.994,2.06,1.947,2.078,9.996
1508,40.869,3132.865,20893.33,1.44,1.587,1.654,1.799,1.876,2.092,2.215,2.058,9.931
1509,51.482,2721.747,19858.971,1.567,1.723,1.78,1.878,1.979,1.996,2.055,2.044,9.745
1510,42.69,3111.965,21364.799,1.514,1.607,1.743,1.804,2.303,2.288,2.02,2.329,10.205
1511,44.42,2942.035,19743.219,1.53,1.63,1.71,1.811,2.342,2.111,2.172,2.066,10.494
1512,43.837,3514.754,19319.3,1.563,1.714,1.837,1.863,2.466,2.096,2.35,1.992,9.657
1513,37.335,3624.46,19693.677,1.575,1.69,1.807,1.908,2.185,2.172,2.502,2.134,10.253
1514,45.356,2750.577,19594.047,1.572,1.703,1.735,1.877,2.105,2.149,2.154,2.125,10.616
1515,47.711,3402.171,18494.696,1.706,1.801,1.874,2.004,1.998,2.204,2.197,2.278,10.102
1516,51.947,3065.423,18677.918,1.472,1.584,1.757,1.784,2.187,2.099,2.028,2.106,10.214
1517,42.442,3249.423,19872.233,1.633,1.78,1.944,1.943,2.058,2.308,2.377,2.166,9.61
1518,46.392,3583.859,20601.704,1.615,1.667,1.798,1.862,2.332,2.604,2.312,2.239,10.568
1519,47.985,3582.022,20174.231,1.669,1.702,1.788,1.846,2.477,2.414,2.538,2.267,8.85
1520,43.749,2762.208,20368.117,1.647,1.676,1.774,1.943,2.226,1.97,2.103,2.141,9.395
1521,53.902,3412.262,17477.285,1.635,1.723,1.828,1.981,1.976,2.217,2.19,2.29,9.941
1522,53.12,3460.827,18271.48,1.579,1.642,1.731,1.831,2.03,2.319,2.021,2.297,10.841
1523,50.664,3237.018,19765.247,1.628,1.692,1.848,1.925,2.492,2.457,1.948,2.204,10.352
1524,37.066,3275.048,19192.215,1.654,1.777,1.824,1.916,2.257,2.232,2.284,2.229,10.153
1525,,,,,1.768,1.779,1.96,2.091,2.014,1.948,2.452,10.605
1526,47.203,2823.627,21751.833,1.619,1.695,1.762,1.938,1.757,2.218,2.166,2.5,11.182
1527,43.762,3685.112,19631.344,1.636,1.761,1.848,1.973,2.338,2.183,2.504,2.284,10.18
1528,,,,,1.735,1.84,1.862,2.104,2.269,2.169,2.132,10.651
1529,44.447,3244.995,20239.321,1.646,1.69,1.852,1.916,2.441,1.998,2.21,2.388,10.573
1530,53.39,2815.401,19888.267,1.595,1.735,1.849,1.938,2.129,2.497,2.266,2.035,10.289
1531,51.496,3231.016,22045.04,1.603,1.764,1.831,1.911,2.163,2.234,2.151,2.263,10.437
1532,47.532,3178.103,21109.513,1.562,1.636,1.882,1.934,2.34,2.198,2.304,2.254,10.401
1533,43.676,3099.061,20289.714,1.574,1.712,1.809,1.889,2.109,2.267,2.153,2.304,9.975
1534,43.272,2460.071,19948.31,1.684,1.744,1.831,1.929,2.018,2.009,2.23,2.37,9.755
1535,44.629,3476.962,22726.738,1.707,1.824,1.989,2.074,2.224,2.477,2.309,2.208,10.077
1536,40.551,2781.035,18348.012,1.791,1.856,2.031,2.102,2.402,2.313,2.311,2.131,10.74
1537,40.519,3120.897,20819.392,1.587,1.737,1.787,1.867,1.981,2.095,2.197,2.372,9.958
1538,43.63,3405.053,20475.813,1.618,1.74,1.811,1.917,2.226,2.388,2.367,1.946,9.807
1539,52.876,3096.899,19792.248,1.685,1.821,1.86,1.94,2.372,2.139,2.539,2.453,11.024
1540,45.36,2991.951,22951.843,1.675,1.812,1.867,2.01,1.939,2.251,2.513,2.387,9.761
1541,43.627,3622.855,20782.045,1.589,1.693,1.78,1.931,2.392,2.286,1.833,2.241,10.658
1542,47.673,2796.819,20381.679,1.512,1.636,1.725,1.826,2.045,2.096,2.112,2.163,9.981
1543,50.483,3409.12,20407.881,1.702,1.793,1.865,1.982,2.381,2.106,2.169,2.175,10.332
1544,47.842,3330.393,20987.709,1.741,1.795,1.996,2.03,2.147,2.529,2.535,2.34,8.966
1545,36.676,3524.984,20296.441,1.731,1.796,1.981,2.087,2.247,2.309,2.399,2.379,10.452
1546,50.37,3212.249,19749.689,1.679,1.801,1.888,1.98,2.297,2.226,2.119,2.224,10.819
1547,46.006,3250.338,21375.401,1.769,1.827,1.922,2.072,2.657,2.365,2.13,2.349,10.242
1548,35.246,3859.058,21696.758,1.64,1.734,1.859,1.987,2.24,2.343,2.458,1.961,9.654
1549,39.698,4074.682,19774.651,1.648,1.726,1.818,1.932,2.102,2.035,2.188,1.791,10.562
1550,30.38,3258.34,19924.678,1.637,1.745,1.818,1.958,2.399,2.067,2.442,2.567,10.013
1551,37.113,3826.015,20809.701,1.704,1.842,1.897,2.047,2.114,2.622,2.095,2.419,10.236
1552,40.591,3820.77,19972.702,1.702,1.77,1.958,2.027,2.413,2.187,2.291,2.439,10.669
1553,42.379,4122.181,22132.683,1.675,1.738,1.905,1.925,2.152,2.299,2.635,2.13,10.382
1554,38.839,4370.929,18733.271,1.619,1.779,1.886,1.963,2.18,2.23,2.268,2.146,10.139
1555,41.656,3730.709,19199.818,1.676,1.781,1.925,2.013,2.147,2.307,2.464,2.45,9.756
1556,37.99,3747.446,23202.459,1.749,1.767,1.909,2.049,2.468,2.074,2.216,2.442,10.148
1557,42.557,3524.969,21442.641,1.707,1.827,1.929,1.984,2.388,2.164,2.199,2.304,10.351
1558,40.289,4057.923,20142.947,1.735,1.859,1.892,2.018,2.46,2.464,2.405,2.62,10.256
1559,43.233,3949.537,19898.663,1.786,1.84,1.951,1.997,2.164,2.26,2.399,2.209,10.075
1560,44.843,3725.459,21921.316,1.681,1.801,1.888,2.042,2.105,2.453,2.231,2.279,9.732
1561,43.762,3522.557,21855.35,1.713,1.79,1.916,2.043,2.334,2.586,2.19,2.304,10.311
1562,38.741,3632.508,23692.593,1.715,1.784,1.887,2.043,2.373,2.437,2.354,2.357,10.459
1563,31.176,3064.143,20862.109,1.753,1.895,1.929,2.03,2.32,2.554,2.501,2.47,10.47
1564,42.258,2831.202,20397.224,1.589,1.711,1.83,1.956,1.933,2.402,2.193,2.407,9.623
1565,32.539,3697.629,20586.039,1.83,1.819,1.978,2.085,2.122,2.236,2.419,2.337,10.326
1566,43.505,3598.558,21088.019,1.844,1.875,1.987,2.077,2.576,2.197,2.422,2.349,10.16
1567,45.461,4064.722,19667.137,1.709,1.825,1.946,1.987,2.394,2.541,2.244,2.359,9.379
1568,44.461,3997.143,23526.343,1.731,1.82,1.946,2.024,2.471,2.424,2.338,2.46,9.688
1569,45.546,3673.431,21816.706,1.701,1.821,1.888,1.951,2.295,2.429,2.274,2.278,9.236
1570,44.715,3854.531,18792.103,1.749,1.828,2.011,2.079,2.325,2.356,2.293,2.381,10.298
1571,34.878,3737.5,23498.783,1.694,1.859,1.876,2.022,2.342,2.331,2.42,2.446,10.219
1572,32.64,4416.402,20924.75,1.743,1.851,1.955,2.005,2.28,2.376,2.545,2.26,10.279
1573,27.989,4150.224,20247.593,1.782,1.859,1.955,2.096,2.367,2.432,2.308,2.152,10.023
1574,39.48,4014.818,20974.134,1.705,1.822,1.9,1.995,2.421,2.149,2.165,2.212,10.379
1575,41.202,4421.389,20639.408,1.666,1.784,1.83,1.968,2.066,2.213,2.516,2.251,10.508
1576,40.547,4604.464,22593.549,1.763,1.84,1.969,2.014,2.404,2.388,2.259,2.269,9.534
1577,38.439,4420.751,21405.73,1.72,1.804,1.919,2.049,2.411,2.494,2.307,2.628,10.364
1578,43.6,4157.005,20940.252,1.706,1.866,1.968,2.036,2.288,2.427,2.268,2.051,9.61
1579,40.132,4163.336,26070.432,1.726,1.817,1.907,2.014,2.24,2.303,2.408,2.364,10.478
1580,30.521,3911.992,21852.126,1.855,1.934,1.993,2.097,2.437,2.562,2.208,2.763,10.527
1581,31.5,4102.876,22384.569,1.776,1.833,1.953,2.027,2.423,2.379,2.152,2.414,9.974
1582,44.64,4110.35,20562.217,1.807,1.881,1.946,2.056,2.535,2.443,2.328,2.392,9.936
1583,40.969,3946.021,22062.984,1.618,1.718,1.86,1.974,2.471,2.073,2.262,2.193,10.348
1584,31.025,4156.429,22855.386,1.757,1.853,1.972,2.001,2.319,2.605,2.351,2.328,10.174
1585,44.765,4200.877,20244.764,1.905,1.934,2.075,2.176,2.556,2.326,2.582,2.42,9.933
1586,36.141,4503.798,22149.576,1.708,1.861,1.924,2.045,2.426,2.126,2.272,2.241,10.385
1587,44.165,4140.695,21324.527,1.824,1.903,2.025,2.088,2.551,2.325,2.321,2.375,9.535
1588,35.933,4534.71,19015.93,1.908,1.972,2.056,2.165,2.544,2.43,2.357,2.597,10.085
1589,43.907,4591.912,22783.093,1.798,1.893,1.985,2.03,2.493,2.267,2.354,2.444,10.218
1590,41.946,3565.185,20454.562,1.908,2.004,2.06,2.149,2.324,2.587,2.444,2.552,10.153
1591,35.756,4296.635,20833.718,1.791,1.902,1.98,2.002,2.07,2.42,2.353,2.224,9.732
1592,35.643,3981.207,25002.917,1.783,1.856,2.004,2.087,2.467,2.433,2.413,2.502,9.878
1593,44.689,4015.183,24059.317,1.797,1.923,1.955,2.107,2.58,2.398,2.569,2.261,10.36
1594,39.697,3310.107,22303.442,1.839,1.878,1.932,2.082,2.374,2.292,2.648,2.383,10.437
1595,32.379,4760.162,22080.925,1.821,1.917,1.982,2.066,2.289,2.521,2.641,2.368,10.102
1596,32.905,4327.281,21281.202,1.696,1.833,1.971,2.039,2.443,2.101,2.277,2.614,10.194
1597,35.278,4266.646,20384.26,1.761,1.921,1.956,2.044,2.538,2.434,2.329,2.19,10.158
1598,36.853,4428.072,21510.082,1.919,1.946,2.098,2.205,2.44,2.469,2.779,2.642,9.812
1599,31.562,4503.657,23873.603,1.83,1.916,2.029,2.083,2.633,2.198,2.318,2.29,10.175
1600,46.236,4240.579,21971.106,1.846,1.953,2.054,2.155,2.389,2.447,2.439,2.649,9.409
1601,32.875,3800.216,20869.61,1.917,1.966,2.111,2.215,2.379,2.769,2.59,2.44,10.25
1602,32.352,4115.068,23978.843,1.763,1.826,1.991,2.064,2.273,2.146,2.378,2.23,9.786
1603,28.269,3305.355,19859.523,1.661,1.741,1.93,1.968,2.423,2.329,2.104,2.436,9.74
1604,36.649,3447.343,22703.246,1.962,2.028,2.121,2.211,2.461,2.561,2.576,2.774,10.109
1605,35.928,4101.602,20434.444,1.737,1.86,2.033,2.019,2.581,2.352,2.378,2.66,10.105
1606,41.118,4592.072,22973.467,1.833,1.979,2.051,2.075,2.416,2.374,2.288,2.404,10.125
1607,34.999,3832.479,20668.32,1.781,1.887,2.03,2.014,2.063,2.557,2.442,1.978,9.268
1608,37.158,4039.277,22215.775,1.756,1.801,1.881,2.055,2.448,2.457,2.385,2.325,9.519
1609,36.572,4353.314,22209.014,1.852,1.933,2.036,2.142,2.487,2.508,2.555,2.303,10.07
1610,37.328,4708.327,21064.85,1.959,1.963,2.076,2.159,2.447,2.666,2.453,2.58,10.285
1611,35.338,4607.723,20391.814,1.795,1.911,2.002,2.095,2.222,2.32,2.505,2.396,9.157
1612,34.009,4528.414,24607.525,1.791,1.823,1.915,1.961,2.21,2.216,2.613,2.255,9.719
1613,38.249,4297.331,18956.238,1.896,1.984,2.072,2.169,2.597,2.581,2.433,2.299,10.372
1614,42.849,4093.67,21528.133,1.94,2.087,2.163,2.282,2.417,2.435,2.232,2.625,10.891
1615,49.971,4580.579,21437.12,1.726,1.887,1.992,2.038,2.244,2.377,2.301,2.313,9.862
1616,31.844,5365.566,22968.235,1.916,2.025,2.139,2.232,2.633,2.283,2.504,2.536,10.441
1617,32.677,4063.394,23650.503,1.849,2.017,2.095,2.229,2.479,2.697,2.504,2.569,9.683
1618,36.564,4623.817,22123.845,1.747,1.935,2.005,2.077,2.237,2.222,2.366,2.347,9.818
1619,41.592,4473.133,21478.929,1.941,2.096,2.114,2.242,2.428,2.644,2.342,2.487,9.707
1620,38.445,3384.107,20025.116,1.891,1.958,2.077,2.189,2.558,2.604,2.446,2.657,9.53
1621,34.121,4149.124,21244.15,1.905,1.964,2.118,2.223,2.518,2.378,2.422,2.568,9.626
1622,41.462,3884.188,23643.744,1.906,2.072,2.174,2.264,2.519,2.447,2.515,2.77,9.382
1623,30.471,4565.542,22499.933,1.906,2.007,2.079,2.178,2.734,2.35,2.758,2.519,9.984
1624,35.316,3823.349,23612.367,2.027,2.083,2.138,2.289,2.471,2.444,2.342,2.19,10.433
1625,33.025,4588.194,21729.462,2.025,2.089,2.241,2.308,2.729,2.555,2.54,2.53,10.474
1626,32.123,4180.149,23023.001,1.861,1.999,2.076,2.196,2.459,2.495,2.435,2.336,9.443
1627,30.484,4277.086,24458.269,1.93,1.988,2.114,2.171,2.519,2.53,2.87,2.513,10.204
1628,33.833,4981.036,20985.905,1.898,1.96,2.026,2.142,2.539,2.292,2.347,2.463,10.75
1629,33.622,5219.913,25267.815,2.029,2.092,2.26,2.282,2.513,2.499,2.657,2.701,10.361
1630,29.456,3994.034,23757.342,1.834,1.905,2.024,2.093,2.53,2.326,2.274,2.495,10.694
1631,29.63,3816.572,22629.855,1.915,2.009,2.121,2.179,2.739,2.434,2.233,2.492,10.437
1632,33.215,4359.874,23950.709,1.919,2.083,2.12,2.214,2.364,2.503,2.662,2.68,10.016
1633,,,,,2.06,2.094,2.199,2.58,2.441,2.64,2.345,9.894
1634,31.14,4063.073,24165.682,1.879,2.016,2.045,2.149,2.64,2.586,2.414,2.599,9.963
1635,38.951,4596.651,24890.412,1.918,2.063,2.212,2.294,2.666,2.603,2.328,2.555,9.336
1636,37.114,4204.095,22602.468,1.905,1.984,2.126,2.205,2.531,2.408,2.596,2.439,9.713
1637,39.453,3784.681,21759.851,1.845,1.991,1.985,2.127,2.252,2.275,2.554,2.421,10.233
1638,28.79,4502.027,22656.584,1.97,2.049,2.253,2.294,2.686,2.59,2.562,2.568,9.349
1639,32.66,3719.838,20145.439,1.992,2.177,2.196,2.272,2.621,2.484,2.654,2.646,10.228
1640,40.143,3944.961,24396.619,1.892,2.014,2.14,2.157,2.089,2.553,2.498,2.326,9.927
1641,46.895,4458.242,23732.819,2.007,2.064,2.223,2.312,2.6,2.724,2.683,2.653,10.065
1642,33.87,4018.507,20689.138,1.901,2.03,2.102,2.27,2.44,2.542,2.481,2.48,10.19
1643,28.483,4455.271,19718.151,1.882,2.119,2.095,2.204,2.338,2.317,2.495,2.528,9.739
1644,38.604,4341.491,23546.068,1.878,2.032,2.151,2.247,2.75,2.643,2.385,2.477,10.219
1645,44.157,4494.556,21995.7,2.044,2.134,2.285,2.293,2.806,2.458,2.654,2.497,9.67
1646,37.992,4393.428,23637.097,2.033,2.086,2.221,2.34,2.756,2.875,2.629,2.455,10.321
1647,,,,,2.129,2.192,2.313,2.457,2.544,2.676,2.546,9.614
1648,33.774,4846.687,22278.979,1.978,2.017,2.081,2.167,2.772,2.581,2.33,2.434,11.235
1649,42.276,4471.651,22783.986,1.952,2.154,2.252,2.324,2.88,2.581,2.359,2.913,9.817
1650,49.722,4597.669,21996.75,1.908,2.016,2.101,2.226,2.588,2.395,2.446,2.369,10.557
1651,44.318,4427.726,23374.534,1.968,2.137,2.229,2.255,2.573,2.465,2.781,2.89,10.503
1652,40.405,4241.437,21622.333,1.957,1.975,2.169,2.249,2.284,2.421,2.698,2.584,10.386
1653,39.681,4452.414,23391.866,1.946,1.974,2.188,2.287,2.528,2.311,2.354,2.716,9.464
1654,36.776,4514.25,19341.281,1.984,1.996,2.116,2.238,2.396,2.482,2.485,2.299,10.351
1655,37.958,4140.984,21053.162,1.905,1.99,2.105,2.128,2.332,2.217,2.45,2.652,9.355
1656,36.682,4089.984,23200.067,1.91,2.047,2.031,2.152,2.506,2.359,2.289,2.612,9.538
1657,28.129,4554.541,21972.852,2.003,1.948,2.146,2.277,2.578,2.549,2.599,2.658,10.429
1658,25.237,4119.268,21320.297,1.918,2.083,2.125,2.206,2.647,2.666,2.663,2.69,9.787
1659,39.709,4025.886,24021.465,1.984,2.157,2.211,2.305,2.541,2.746,2.543,2.627,9.597
1660,36.45,3964.101,24986.696,2.087,2.121,2.247,2.293,2.492,2.403,2.594,2.55,9.496
1661,33.891,4466.274,23621.373,1.88,2.018,2.102,2.241,2.648,2.402,2.399,2.412,9.685
1662,38.205,4173.481,22238.317,1.962,2.077,2.138,2.204,2.568,2.905,2.394,2.552,9.699
1663,38.233,4113.106,24255.554,1.985,2.039,2.155,2.328,2.562,2.45,2.493,2.32,10.039
1664,32.123,4754.757,22863.423,2.067,2.132,2.271,2.363,2.48,2.895,2.895,2.678,9.636
1665,31.26,3362.63,20743.146,1.947,2.057,2.129,2.232,2.829,2.642,2.53,2.818,10.087
1666,41.092,3622.74,22229.606,2.01,2.12,2.304,2.298,2.423,2.717,2.433,2.557,10.901
1667,32.348,4514.85,23776.689,1.893,1.983,2.046,2.213,2.616,2.709,2.617,2.32,9.555
1668,37.969,4245.421,22839.031,1.956,2.093,2.181,2.218,2.595,2.595,2.255,2.659,10.568
1669,37.527,4383.344,21653.207,2.02,2.051,2.159,2.322,2.895,2.672,2.639,2.748,10.243
1670,35.722,4634.259,23860.381,2.024,2.074,2.186,2.295,2.581,2.377,2.695,2.481,9.36
1671,35.992,3930.582,23973.127,2.029,2.151,2.274,2.305,2.4,2.7,2.629,2.578,9.99
1672,36.996,4356.563,24105.93,1.976,2.091,2.232,2.337,2.512,2.602,2.82,2.379,10.194
1673,36.868,4385.32,23337.981,1.985,2.127,2.227,2.29,2.418,2.473,2.579,2.706,10.76
1674,31.431,3913.261,22405.57,1.972,2.1,2.234,2.327,2.606,2.504,2.962,2.549,9.659
1675,36.313,3935.578,24322.82,2.104,2.175,2.231,2.375,2.504,3.06,2.781,2.61,10.272
1676,40.622,4307.648,24405.832,2.019,2.138,2.146,2.241,2.814,2.804,2.787,2.824,9.611
1677,45.439,4629.971,22118.035,2.019,2.124,2.295,2.382,2.792,2.78,2.572,2.274,9.724
1678,44.561,4688.472,20872.855,1.977,2.124,2.214,2.323,2.796,2.527,2.774,2.536,9.599
1679,25.239,4406.344,22213.664,1.994,2.106,2.198,2.31,2.658,2.343,2.705,2.496,9.055
1680,42.452,4414.052,22552.484,1.933,2.055,2.249,2.322,2.445,2.5,2.633,2.424,9.664
1681,37.491,4224.656,21869.912,1.963,2.026,2.1,2.189,2.288,2.452,2.408,2.421,9.828
1682,32.06,3822.743,23627.006,1.971,2.101,2.222,2.302,2.577,2.547,2.679,2.769,9.767
1683,36.414,3984.134,21909.588,1.995,2.086,2.164,2.359,2.593,2.586,2.659,2.531,10.199
1684,44.052,3703.644,21767.88,1.953,2.069,2.21,2.33,2.691,2.62,2.644,2.528,9.701
1685,38.502,4708.07,21533.466,1.994,2.165,2.229,2.325,2.483,2.69,2.704,2.739,10.088
1686,35.409,4330.177,22594.336,1.981,2.087,2.166,2.25,2.403,2.599,2.43,2.682,9.97
1687,33.721,3782.268,22255.653,1.869,2.092,2.115,2.222,2.603,2.274,2.625,2.71,10.53
1688,36.618,4592.775,20224.103,1.954,2.067,2.142,2.236,2.537,2.631,2.654,2.759,10.164
1689,36.127,4283.909,24602.287,2.013,2.162,2.259,2.32,2.482,2.711,2.704,2.666,10.692
1690,32.706,4379.64,21566.369,2.049,2.067,2.189,2.25,2.458,2.591,2.756,2.739,10.213
1691,29.373,4809.0,22593.579,2.018,2.055,2.217,2.278,2.729,2.643,2.762,2.666,10.718
1692,32.696,4711.225,22691.26,1.938,2.078,2.147,2.215,2.541,2.656,2.549,2.503,9.576
1693,38.975,3935.326,23693.391,1.971,2.077,2.214,2.252,2.658,2.482,2.707,2.777,9.271
1694,26.258,4516.884,21058.299,1.977,2.161,2.253,2.324,2.683,2.547,2.342,2.466,10.092
1695,32.607,4716.658,22397.869,2.09,2.21,2.318,2.34,2.612,2.876,2.749,2.68,10.384
1696,49.636,4881.562,25653.244,1.949,2.091,2.118,2.232,2.717,2.652,2.493,2.345,10.251
1697,40.368,4011.15,21798.184,1.949,2.056,2.148,2.212,2.572,2.822,2.361,2.617,9.602
1698,,,,,2.141,2.223,2.274,2.509,2.549,2.506,2.588,10.307
1699,42.902,3692.532,23974.168,2.055,2.161,2.214,2.338,2.437,2.756,2.836,2.851,10.813
1700,43.065,4509.261,22381.672,2.013,2.007,2.19,2.28,2.539,2.64,2.74,2.529,10.034
1701,41.611,3966.548,23596.381,2.114,2.183,2.301,2.348,2.71,2.866,2.507,2.539,10.354
1702,35.079,3858.036,23639.593,1.931,2.049,2.128,2.266,2.393,2.685,2.577,2.463,9.498
1703,39.035,4514.525,22039.051,2.005,2.08,2.169,2.277,2.456,2.16,2.403,2.501,10.14
1704,45.559,3774.334,20584.324,2.002,2.167,2.214,2.31,2.581,2.431,2.794,2.382,9.303
1705,39.31,5063.167,25329.366,1.929,2.065,2.243,2.283,2.836,2.737,2.605,2.652,9.883
1706,36.409,4450.209,23972.171,2.016,2.15,2.218,2.363,2.42,2.405,2.722,2.545,10.056
1707,37.586,4635.114,21851.721,2.033,2.118,2.255,2.297,2.611,2.634,2.594,2.615,10.241
1708,45.356,3857.348,23239.092,2.064,2.132,2.224,2.344,2.879,2.559,2.492,2.616,9.324
1709,31.354,4217.333,23923.163,2.169,2.244,2.346,2.499,2.738,2.688,2.809,2.65,10.863
1710,47.516,5524.817,23192.622,1.978,2.06,2.175,2.276,2.607,2.688,2.629,2.543,9.522
1711,36.619,3956.531,23534.151,1.981,2.129,2.266,2.351,2.61,2.699,2.453,2.632,9.644
1712,37.004,4503.104,23875.356,2.055,2.082,2.292,2.403,2.804,2.468,2.331,2.739,11.065
1713,35.562,4782.997,23111.514,2.039,2.079,2.201,2.296,2.434,2.674,2.514,2.563,9.795
1714,38.822,4748.98,22730.843,2.006,2.161,2.16,2.351,2.624,2.537,2.726,2.803,10.256
1715,38.477,4739.614,23676.538,2.032,2.141,2.253,2.345,2.842,2.858,2.356,2.522,9.208
1716,40.106,4317.63,22845.791,2.084,2.16,2.262,2.322,2.733,2.606,2.624,2.65,8.968
1717,35.915,4146.174,21719.799,2.057,2.157,2.311,2.391,2.496,2.431,3.005,2.686,10.219
1718,32.283,3821.113,22784.601,1.995,2.115,2.165,2.327,2.695,2.606,2.537,2.516,9.446
1719,34.675,4825.445,22572.555,2.02,2.126,2.216,2.314,2.66,2.593,2.679,2.738,9.958
1720,32.903,4776.402,21210.561,2.116,2.212,2.395,2.461,2.768,2.777,2.58,2.816,10.286
1721,30.703,4045.531,23382.818,2.027,2.116,2.198,2.355,2.577,2.752,2.836,2.844,10.132
1722,40.264,3937.25,22259.547,2.081,2.231,2.306,2.392,2.755,2.732,2.444,2.626,9.44
1723,,,,,2.137,2.202,2.342,2.756,2.733,2.444,2.518,10.083
1724,28.795,4349.914,20505.366,2.008,2.148,2.141,2.377,2.624,2.458,2.507,2.636,10.201
1725,32.047,4075.897,22897.358,2.096,2.205,2.327,2.408,2.337,2.868,2.715,2.432,9.924
1726,43.241,4631.557,20308.252,2.114,2.154,2.283,2.374,2.638,2.592,2.597,2.541,9.598
1727,40.837,3996.596,21983.188,1.937,2.068,2.164,2.281,2.633,2.543,2.715,2.81,9.536
1728,44.413,4388.989,22408.955,2.013,2.093,2.169,2.362,2.821,2.647,2.408,2.531,9.867
1729,33.456,3959.463,22427.086,2.012,2.183,2.214,2.364,2.714,2.509,2.719,2.802,10.656
1730,26.095,4089.333,21518.712,2.126,2.247,2.299,2.411,2.698,2.928,2.723,2.562,9.699
1731,29.237,4016.374,18848.856,2.052,2.143,2.235,2.358,2.76,2.691,2.841,2.844,9.852
1732,39.646,4718.071,20751.277,2.006,2.074,2.184,2.257,2.608,2.489,2.639,2.633,9.233
1733,31.273,3632.407,20511.495,2.03,2.12,2.256,2.361,2.684,2.628,2.713,2.888,9.653
1734,45.472,4547.198,23962.281,2.015,2.185,2.259,2.298,2.59,2.852,2.661,2.664,9.939
1735,,,,,2.12,2.171,2.238,2.429,2.605,2.265,2.851,10.686
1736,40.184,4322.555,24882.224,2.097,2.113,2.196,2.323,2.566,2.729,2.934,2.86,10.046
1737,41.205,4314.463,21476.268,1.995,2.15,2.203,2.338,2.522,2.778,2.61,2.798,9.396
1738,43.56,4487.203,20098.355,2.028,2.105,2.2,2.292,2.611,2.683,2.714,2.412,9.612
1739,38.678,4761.522,22349.579,2.011,2.078,2.181,2.292,2.403,2.609,2.485,2.512,9.974
1740,40.027,4932.612,21265.67,2.031,2.139,2.326,2.368,2.626,2.665,2.558,2.728,10.423
1741,28.502,3342.422,22733.775,2.017,2.198,2.209,2.312,2.854,2.752,2.668,2.641,9.873
1742,32.268,3849.049,25965.901,2.039,2.172,2.199,2.307,2.591,2.525,2.508,2.742,10.122
1743,40.272,4575.049,21355.175,2.158,2.239,2.325,2.437,2.828,2.696,2.933,2.501,10.034
1744,38.748,4471.566,24174.587,2.014,2.119,2.192,2.382,2.669,2.745,2.852,2.744,9.77
1745,36.043,4374.405,21535.611,1.991,2.062,2.156,2.28,2.773,2.768,2.781,2.483,9.527
1746,34.087,4333.064,23988.295,2.11,2.219,2.325,2.426,2.692,2.749,2.78,2.658,10.271
1747,41.558,4450.808,22335.947,2.112,2.236,2.345,2.435,2.705,2.34,2.746,2.802,10.283
1748,39.111,3945.054,22677.472,2.008,2.144,2.212,2.294,2.309,2.493,2.654,2.703,9.914
1749,36.059,4563.663,23500.505,2.087,2.143,2.266,2.344,2.56,2.797,2.454,2.433,10.153
1750,48.296,4396.198,24207.856,2.023,2.14,2.238,2.431,2.547,2.862,2.799,2.52,9.366
1751,36.478,4501.909,22355.119,2.046,2.164,2.229,2.338,2.998,2.612,2.769,2.499,9.36
1752,34.349,3987.561,24889.74,2.007,2.088,2.188,2.321,2.464,2.278,2.33,2.347,9.913
1753,44.144,4726.816,21161.446,2.02,2.092,2.273,2.237,2.362,2.523,2.49,2.509,10.099
1754,33.154,4807.378,23834.36,2.183,2.256,2.376,2.477,3.062,2.791,2.4,2.78,9.965
1755,34.388,4021.325,19386.379,2.013,2.194,2.227,2.334,2.77,2.345,2.778,2.625,9.819
1756,39.777,4806.9,20887.204,2.035,2.143,2.23,2.356,2.456,2.441,2.675,2.491,10.895
1757,46.437,4321.357,20447.509,2.104,2.209,2.31,2.406,2.658,2.704,2.882,2.639,9.68
1758,35.626,4550.527,20050.875,2.054,2.096,2.219,2.404,2.494,2.651,2.378,2.343,9.554
1759,27.424,4360.777,22803.045,2.057,2.153,2.237,2.302,2.698,2.657,2.386,2.566,9.999
1760,43.805,4453.957,22135.041,2.044,2.134,2.245,2.3,2.464,2.911,2.497,2.657,10.281
1761,37.78,4091.523,20548.902,2.12,2.177,2.298,2.36,2.616,2.803,2.665,2.602,9.978
1762,42.78,4245.733,23026.43,2.061,2.245,2.309,2.349,2.605,2.863,2.762,2.613,9.318
1763,40.421,4178.923,20106.633,2.085,2.26,2.32,2.454,2.715,2.479,2.905,2.75,9.454
1764,44.39,4616.67,24425.065,2.041,2.092,2.213,2.317,2.746,2.629,2.611,2.828,10.711
1765,38.443,4175.638,21091.153,2.11,2.193,2.355,2.441,2.692,2.689,2.866,2.923,10.253
1766,28.641,3831.313,22288.055,2.075,2.156,2.319,2.397,2.68,2.436,2.724,2.525,9.977
1767,37.357,3979.026,23557.995,2.076,2.148,2.203,2.315,2.716,2.613,2.775,2.473,9.374
1768,45.668,4535.49,22032.468,2.145,2.214,2.276,2.406,2.912,2.681,2.739,2.65,11.197
1769,46.71,4492.809,20654.293,2.091,2.226,2.304,2.336,2.94,2.955,2.616,2.592,9.245
1770,43.839,3794.521,21033.858,2.102,2.202,2.289,2.395,2.857,2.927,2.623,2.583,9.909
1771,38.883,4295.481,22027.548,2.088,2.154,2.202,2.317,2.667,2.59,2.756,2.603,9.933
1772,32.149,3402.587,23640.912,2.103,2.205,2.287,2.381,2.85,2.887,2.679,2.731,8.989
1773,45.557,4603.904,22544.518,2.103,2.204,2.259,2.387,2.724,2.837,2.846,2.538,10.023
1774,32.47,5125.823,21352.349,2.089,2.229,2.346,2.405,2.366,2.654,2.846,2.67,9.639
1775,37.752,4794.045,19721.469,2.122,2.29,2.373,2.433,2.735,3.052,2.742,2.714,9.726
1776,,,,,2.253,2.348,2.424,2.484,2.811,2.691,2.74,10.424
1777,40.216,4342.189,24208.233,2.119,2.224,2.364,2.46,2.788,2.642,2.807,3.087,9.225
1778,40.627,3707.864,25714.156,2.151,2.236,2.318,2.469,2.898,2.976,2.721,2.893,9.935
1779,52.028,4805.704,23891.373,2.17,2.28,2.359,2.389,2.889,3.038,2.913,2.729,9.698
1780,45.332,4571.262,23449.267,2.13,2.152,2.247,2.346,2.856,2.629,2.757,2.546,9.871
1781,37.152,4203.905,22987.658,2.02,2.148,2.226,2.323,2.653,2.697,2.699,2.751,10.468
1782,36.066,3199.905,21253.115,2.137,2.203,2.323,2.396,2.776,2.947,2.608,2.6,9.928
1783,31.456,3858.105,23213.482,2.177,2.314,2.397,2.467,2.704,2.797,2.688,2.504,9.823
1784,41.439,4186.018,22738.3,2.052,2.15,2.244,2.331,2.651,2.886,2.898,2.594,9.115
1785,28.387,4404.805,22049.113,2.045,2.154,2.243,2.354,2.581,2.7,2.539,2.516,9.836
1786,29.669,4165.512,24120.906,2.065,2.183,2.302,2.394,2.538,2.904,2.699,2.858,10.154
1787,36.833,4160.715,20774.109,2.063,2.169,2.232,2.348,2.558,2.695,2.693,2.767,9.723
1788,38.465,4280.152,25479.377,2.245,2.31,2.347,2.47,2.983,3.031,2.781,2.718,10.156
1789,35.177,4696.668,21256.954,2.1,2.198,2.285,2.419,2.73,2.825,2.776,2.74,9.523
1790,40.676,4524.01,23380.868,2.206,2.259,2.365,2.484,2.662,2.78,2.535,2.84,9.57
1791,35.11,4114.764,24997.999,2.148,2.215,2.334,2.418,2.865,2.67,2.817,2.566,9.943
1792,44.613,4238.47,22158.638,2.086,2.236,2.334,2.406,2.926,2.813,2.68,2.653,9.659
1793,39.582,4370.22,23155.532,2.078,2.216,2.284,2.358,2.742,2.537,2.705,2.565,9.817
1794,35.227,4694.828,21363.987,2.062,2.151,2.319,2.449,2.727,2.55,2.642,2.692,9.583
1795,32.531,4208.003,23039.711,2.0,2.105,2.193,2.36,2.633,2.359,2.601,2.63,10.393
1796,46.338,5591.492,23196.107,2.118,2.155,2.303,2.384,2.781,2.709,2.614,2.686,9.662
1797,34.793,4198.433,24946.184,2.102,2.205,2.26,2.391,2.5,2.772,2.706,2.836,9.381
1798,29.189,3964.529,20621.403,2.125,2.262,2.349,2.447,2.841,2.622,2.672,2.537,9.69
1799,40.448,4322.732,20886.63,2.047,2.142,2.344,2.334,2.65,2.87,2.414,2.445,10.567
1800,34.083,4444.408,20605.108,2.256,2.295,2.43,2.533,2.696,3.057,2.855,2.803,10.04
1801,49.129,4833.036,19211.397,2.177,2.296,2.353,2.485,2.78,2.874,2.802,2.877,9.666
1802,34.371,4612.15,22245.356,2.077,2.204,2.3,2.378,2.356,2.743,2.858,2.856,9.873
1803,30.099,4523.338,24116.359,2.104,2.12,2.269,2.32,2.63,2.571,2.628,2.652,9.921
1804,29.113,4062.232,22348.149,2.068,2.148,2.244,2.33,2.584,2.546,2.661,2.641,9.817
1805,26.841,4167.755,23412.973,2.148,2.233,2.371,2.481,3.027,2.593,3.174,2.999,10.345
1806,40.66,4689.247,21386.265,2.081,2.138,2.323,2.364,2.639,2.775,2.67,2.634,10.145
1807,46.585,4994.581,23692.739,2.096,2.225,2.314,2.462,2.607,2.919,2.8,2.629,10.374
1808,,,,,2.222,2.4,2.477,2.632,2.806,2.858,2.549,9.487
1809,35.401,4281.932,23531.886,2.164,2.272,2.39,2.462,2.76,2.968,2.809,2.572,9.399
1810,31.298,4610.045,23490.06,2.201,2.288,2.363,2.556,2.667,2.626,2.745,2.811,9.822
1811,40.777,4528.245,22694.941,2.057,2.212,2.273,2.381,2.715,2.464,2.585,2.648,10.107
1812,30.325,4237.556,21248.928,2.207,2.3,2.387,2.519,2.658,2.851,2.793,2.909,10.348
1813,33.777,4547.167,20855.457,2.13,2.273,2.437,2.464,2.908,2.878,2.954,2.645,9.971
1814,35.054,3866.555,23156.956,2.188,2.309,2.428,2.532,2.772,3.143,3.05,2.981,9.727
1815,42.379,4270.54,20646.423,2.246,2.292,2.425,2.509,2.49,2.798,2.86,2.952,9.15
1816,40.573,5496.195,22261.763,2.088,2.2,2.316,2.404,2.702,2.723,2.6,2.892,9.966
1817,43.973,3710.2,25692.985,2.081,2.13,2.289,2.347,2.686,2.534,2.509,2.542,10.121
1818,48.465,4250.549,25519.027,2.163,2.295,2.434,2.532,2.702,2.709,2.779,2.938,9.601
1819,35.795,4755.059,23916.365,2.21,2.377,2.477,2.573,2.914,2.902,2.833,2.991,9.502
1820,46.794,4991.006,22497.372,2.118,2.248,2.356,2.442,2.707,2.432,2.639,2.48,9.537
1821,44.663,5418.255,21340.719,2.135,2.23,2.349,2.489,2.835,2.651,2.738,2.898,10.205
1822,37.941,5163.019,24089.349,2.196,2.309,2.419,2.504,3.007,2.716,2.912,2.637,9.446
1823,44.032,5032.113,21617.918,2.233,2.315,2.429,2.527,2.877,2.675,2.953,2.824,9.828
1824,41.961,4136.307,23557.273,2.242,2.362,2.436,2.621,2.633,2.643,2.709,2.562,9.386
1825,45.284,5366.394,23301.51,2.141,2.262,2.287,2.472,2.609,2.67,2.629,2.674,9.452
1826,23.607,4888.06,24285.323,2.138,2.314,2.396,2.459,2.862,2.682,2.746,2.93,9.463
1827,31.736,4200.099,21799.248,2.216,2.258,2.374,2.454,2.956,3.113,2.757,2.569,9.686
1828,29.741,4311.524,22751.203,2.281,2.325,2.433,2.507,2.925,2.866,2.621,2.757,9.709
1829,37.886,5170.876,21975.124,2.262,2.32,2.453,2.599,2.759,3.017,2.95,2.897,9.611
1830,37.698,4530.448,25671.899,2.144,2.284,2.446,2.476,2.887,2.822,2.758,2.6,9.826
1831,29.884,4728.806,24106.31,2.173,2.28,2.406,2.449,2.773,2.765,2.897,2.654,10.195
1832,32.821,3991.07,24352.851,2.213,2.334,2.44,2.59,3.147,2.703,2.742,2.972,9.336
1833,36.975,4327.249,24274.618,2.19,2.314,2.41,2.54,3.112,2.704,2.849,2.946,10.078
1834,35.396,4930.242,23503.622,2.215,2.278,2.378,2.505,2.756,2.758,3.005,2.661,9.879
1835,36.187,4534.392,25658.298,2.198,2.29,2.355,2.518,2.702,2.803,2.886,2.759,10.249
1836,34.04,3868.319,24813.406,2.266,2.298,2.422,2.538,2.657,3.003,2.861,2.802,9.497
1837,29.939,4125.62,23596.183,2.242,2.322,2.424,2.53,3.015,2.785,2.65,2.882,9.095
1838,39.195,4492.536,25973.078,2.224,2.349,2.495,2.528,3.125,2.934,3.022,2.817,10.015
1839,29.237,4263.586,21704.629,2.214,2.268,2.382,2.471,2.359,2.617,3.134,2.849,9.769
1840,,,,,2.404,2.493,2.587,2.846,2.826,2.85,2.991,8.824
1841,37.137,4631.619,23970.711,2.222,2.291,2.39,2.512,2.861,2.609,2.855,2.677,8.621
1842,40.732,4645.529,23935.688,2.293,2.346,2.428,2.556,2.774,2.936,3.054,2.8,9.839
1843,40.505,5200.155,23188.189,2.287,2.309,2.438,2.581,2.83,2.871,2.902,2.78,9.915
1844,28.222,5132.374,25543.963,2.301,2.329,2.422,2.549,2.7,2.816,2.935,2.722,10.216
1845,29.631,5066.624,22232.451,2.202,2.292,2.416,2.559,2.857,2.87,2.715,2.726,9.508
1846,23.483,4315.746,23859.052,2.26,2.378,2.483,2.564,2.879,2.895,3.024,2.841,9.549
1847,28.273,4806.17,23405.328,2.197,2.367,2.492,2.52,2.869,2.735,2.758,2.905,9.497
1848,30.091,4427.997,24805.179,2.317,2.428,2.521,2.612,2.985,2.679,3.022,3.019,9.586
1849,40.009,5368.594,23440.782,2.261,2.325,2.405,2.566,3.133,2.67,2.548,3.046,9.765
1850,38.358,4329.531,23291.082,2.327,2.416,2.508,2.577,2.549,2.845,2.722,3.05,9.801
1851,26.608,4590.381,24411.592,2.354,2.461,2.502,2.7,2.989,2.893,3.046,2.896,9.618
1852,39.379,4937.793,22070.245,2.334,2.39,2.494,2.623,3.006,3.005,2.933,3.226,9.35
1853,32.467,4599.147,24671.695,2.339,2.437,2.557,2.648,2.96,3.091,2.966,2.798,9.258
1854,36.529,4161.229,25151.38,2.319,2.369,2.527,2.518,3.073,2.884,2.958,2.746,10.327
1855,35.758,4410.38,24393.89,2.286,2.381,2.526,2.601,2.717,2.911,2.937,2.646,9.816
1856,34.099,5442.691,21074.595,2.333,2.412,2.523,2.592,2.995,3.028,2.832,2.525,9.395
1857,41.592,4861.908,23185.52,2.234,2.314,2.384,2.533,2.85,2.895,2.734,2.87,10.184
1858,27.975,4853.653,22730.86,2.264,2.435,2.425,2.576,2.803,2.627,2.836,2.698,9.279
1859,38.409,5075.157,22788.898,2.265,2.339,2.409,2.486,2.708,2.57,3.09,2.712,10.064
1860,42.433,4952.56,25141.233,2.183,2.346,2.37,2.526,2.879,2.725,2.916,2.904,10.663
1861,33.523,3928.997,22909.983,2.271,2.461,2.552,2.59,2.672,2.778,2.718,3.147,9.503
1862,32.302,4827.01,20995.67,2.259,2.449,2.574,2.616,2.775,2.593,3.069,2.932,9.261
1863,30.515,4071.084,25686.778,2.269,2.4,2.51,2.616,3.015,2.745,2.903,2.844,10.354
1864,36.511,5259.123,23489.968,2.355,2.45,2.597,2.627,2.912,2.942,2.984,2.803,8.803
1865,37.126,4986.55,23512.52,2.378,2.428,2.565,2.7,2.86,2.992,2.959,3.141,9.195
1866,36.895,4502.111,22840.258,2.296,2.456,2.529,2.612,3.007,2.986,3.039,2.934,10.046
1867,24.063,4634.788,18390.856,2.357,2.445,2.525,2.64,3.1,3.223,2.91,3.025,10.784
1868,43.648,4082.442,23184.56,2.323,2.425,2.596,2.633,2.821,2.951,2.978,3.15,9.779
1869,39.795,4060.127,22753.052,2.511,2.472,2.595,2.705,2.827,3.08,2.984,2.966,10.137
1870,34.388,4673.161,24566.276,2.23,2.367,2.413,2.531,2.766,2.67,2.681,2.85,9.796
1871,38.046,5228.14,24060.445,2.324,2.457,2.566,2.667,2.922,3.227,3.047,2.996,10.003
1872,28.402,4080.593,23269.716,2.316,2.394,2.528,2.635,3.066,3.059,3.05,2.584,9.1
1873,37.307,4817.624,23499.201,2.356,2.503,2.54,2.694,3.222,2.99,3.182,3.207,10.158
1874,31.49,4720.559,24299.073,2.469,2.456,2.567,2.665,3.011,2.979,3.017,3.035,9.701
1875,37.129,4805.307,22011.849,2.324,2.401,2.507,2.658,3.054,2.939,2.999,2.859,9.847
1876,29.824,5036.553,23847.098,2.306,2.439,2.576,2.606,2.884,2.982,3.063,2.906,8.906
1877,32.827,5071.616,23391.171,2.3,2.467,2.525,2.603,3.297,2.91,3.061,2.861,9.554
1878,37.725,4864.598,23962.567,2.385,2.485,2.554,2.675,2.934,2.899,2.776,3.123,9.204
1879,32.326,4721.036,26074.436,2.353,2.408,2.519,2.64,2.913,3.061,3.134,2.808,10.429
1880,35.98,4987.299,26828.42,2.352,2.529,2.623,2.702,2.988,3.218,2.929,3.008,10.07
1881,34.633,4675.158,24331.193,2.306,2.392,2.474,2.618,2.647,2.782,2.879,2.717,10.205
1882,41.679,5093.974,26491.071,2.261,2.46,2.547,2.677,2.985,3.105,3.194,3.084,9.303
1883,39.216,4887.426,22371.951,2.389,2.52,2.61,2.683,3.067,3.105,2.933,3.05,9.536
1884,36.082,4154.495,23168.316,2.356,2.467,2.604,2.665,2.99,2.92,2.821,3.049,9.316
1885,46.601,4586.838,24237.182,2.382,2.504,2.619,2.682,3.076,3.065,2.881,2.919,10.36
1886,36.898,5308.03,24179.238,2.382,2.487,2.613,2.671,2.948,3.039,2.952,3.024,8.751
1887,32.083,4747.741,25147.879,2.466,2.602,2.624,2.749,3.071,2.837,3.05,2.931,9.634
1888,43.921,4799.083,24736.875,2.443,2.523,2.643,2.759,3.001,2.991,2.854,2.94,9.454
1889,33.142,4410.211,25492.812,2.391,2.398,2.515,2.682,3.024,2.931,2.774,2.956,9.976
1890,33.221,4744.841,22141.218,2.325,2.46,2.515,2.563,2.473,2.849,2.947,2.92,9.587
1891,30.004,4913.922,26410.897,2.368,2.478,2.602,2.744,2.997,3.144,2.926,3.046,9.024
1892,34.298,4677.705,25367.367,2.407,2.491,2.612,2.73,3.094,2.86,2.977,3.031,9.546
1893,38.756,5130.064,21935.613,2.456,2.606,2.619,2.731,3.202,2.912,3.151,2.942,9.541
1894,25.969,4451.071,22947.812,2.432,2.51,2.586,2.7,3.017,3.174,2.948,2.73,9.734
1895,34.384,4988.673,22967.689,2.49,2.56,2.667,2.819,3.181,3.196,2.989,3.018,9.637
1896,26.937,4926.548,24060.3,2.514,2.595,2.697,2.782,3.223,2.97,3.245,3.245,10.33
1897,41.752,4674.254,22676.773,2.366,2.47,2.563,2.639,3.109,2.921,2.827,3.074,9.818
1898,35.072,4531.057,23732.351,2.401,2.527,2.626,2.651,3.044,3.035,3.004,3.029,10.104
1899,41.91,4659.992,25402.251,2.473,2.538,2.681,2.729,2.91,2.817,3.294,3.235,10.037
1900,34.346,4906.871,23416.204,2.477,2.496,2.657,2.762,2.939,2.974,2.922,3.17,9.873
1901,26.313,4962.801,23608.733,2.424,2.53,2.615,2.727,3.164,3.062,2.823,3.059,9.73
1902,32.542,5723.504,21471.108,2.431,2.499,2.593,2.65,2.853,2.848,2.88,3.083,9.82
1903,52.088,4754.324,26963.446,2.428,2.495,2.637,2.728,3.326,3.172,3.157,3.141,9.674
1904,35.014,5209.804,23672.792,2.382,2.518,2.641,2.75,3.017,3.059,2.949,2.961,8.705
1905,40.353,4773.057,24341.715,2.474,2.533,2.699,2.731,3.103,3.257,3.187,3.236,10.129
1906,30.488,5459.177,23294.198,2.339,2.48,2.593,2.683,2.961,2.9,3.056,2.805,10.083
1907,32.767,4951.031,23785.564,2.476,2.545,2.598,2.694,2.726,3.134,3.125,3.179,9.868
1908,39.247,4593.762,24209.984,2.562,2.632,2.69,2.811,3.09,3.05,2.928,3.353,8.921
1909,41.543,4918.413,22339.824,2.489,2.521,2.63,2.741,3.048,2.923,2.963,3.091,9.136
1910,40.471,5414.024,25798.476,2.469,2.545,2.586,2.695,3.025,3.158,3.097,2.942,9.891
1911,29.52,4618.367,23740.702,2.505,2.589,2.715,2.761,2.899,2.881,3.054,3.186,9.828
1912,26.319,4809.152,25983.75,2.494,2.53,2.697,2.769,2.984,3.065,3.125,2.82,9.611
1913,27.254,5386.399,23904.235,2.405,2.529,2.659,2.723,3.11,2.889,2.78,3.205,9.939
1914,30.856,4751.755,26579.798,2.422,2.603,2.623,2.739,2.8,3.105,2.728,3.06,9.022
1915,32.703,4231.487,25565.679,2.527,2.568,2.705,2.802,3.283,2.918,3.044,2.984,9.182
1916,37.168,4488.747,25395.132,2.383,2.531,2.57,2.707,3.028,3.039,3.04,2.935,9.532
1917,25.266,4580.973,23860.784,2.308,2.469,2.554,2.664,2.9,2.978,3.108,3.145,9.992
1918,27.286,4676.879,26074.205,2.508,2.64,2.706,2.857,3.01,3.057,2.995,3.139,9.578
1919,35.879,5046.903,25794.994,2.538,2.636,2.691,2.812,2.808,3.36,3.014,3.113,9.549
1920,34.698,4571.875,26383.544,2.407,2.541,2.628,2.699,2.917,2.678,3.245,3.046,9.901
1921,32.695,4747.12,23426.182,2.572,2.581,2.698,2.789,3.245,2.945,3.247,2.905,9.684
1922,43.688,4332.333,25800.575,2.5,2.535,2.672,2.764,2.84,2.998,3.079,2.949,8.964
1923,29.377,4650.978,25526.713,2.482,2.529,2.661,2.828,3.164,3.174,3.171,2.896,9.321
1924,39.116,5048.039,27134.461,2.504,2.57,2.732,2.737,2.715,3.181,2.929,3.217,9.629
1925,35.311,5483.485,24493.93,2.611,2.648,2.749,2.781,3.109,3.299,3.139,3.235,9.951
1926,33.0,3855.24,22388.854,2.483,2.634,2.699,2.81,3.057,3.023,3.136,2.902,9.427
1927,30.52,4198.791,23440.597,2.518,2.62,2.77,2.844,2.999,3.101,3.219,3.222,9.328
1928,25.963,4984.201,23512.052,2.489,2.579,2.706,2.81,3.146,2.967,2.807,2.984,9.496
1929,28.1,4519.257,22738.276,2.406,2.538,2.677,2.695,2.898,2.846,3.189,3.145,9.001
1930,32.858,4153.765,22646.189,2.469,2.505,2.69,2.764,3.047,3.415,2.976,3.292,9.923
1931,30.348,4403.879,24720.286,2.503,2.582,2.626,2.755,3.094,3.168,3.182,2.939,9.192
1932,30.721,5114.432,24797.808,2.506,2.546,2.614,2.754,2.991,3.073,3.06,3.301,9.732
1933,33.973,4891.001,24442.938,2.522,2.619,2.686,2.812,3.164,3.105,3.145,3.002,9.276
1934,41.073,4762.328,24552.337,2.554,2.602,2.762,2.846,3.102,2.988,3.22,3.139,9.384
1935,37.191,4833.224,23117.638,2.498,2.548,2.706,2.802,3.233,2.846,3.233,3.144,9.628
1936,34.87,5537.117,26047.308,2.455,2.589,2.654,2.761,3.017,2.865,2.965,3.085,10.003
1937,29.628,4757.973,22196.03,2.422,2.548,2.635,2.712,2.984,3.269,3.244,3.35,9.827
1938,33.438,4724.311,22994.565,2.596,2.682,2.769,2.826,3.119,2.955,3.253,3.233,8.452
1939,36.171,4786.469,26249.033,2.468,2.606,2.676,2.798,3.065,3.151,3.033,3.305,9.206
1940,30.917,5274.481,24034.242,2.435,2.543,2.641,2.762,3.06,2.937,3.017,3.119,9.578
1941,36.987,4470.047,24778.384,2.397,2.495,2.588,2.725,2.897,2.946,3.241,3.05,8.934
1942,34.589,5082.204,25387.537,2.526,2.549,2.655,2.737,3.434,2.983,3.38,2.976,9.609
1943,37.551,5027.802,22898.604,2.547,2.618,2.741,2.791,3.311,3.229,3.181,3.046,9.284
1944,49.605,4671.171,24543.885,2.555,2.644,2.781,2.867,3.244,3.217,3.183,3.087,9.257
1945,35.933,4906.848,26961.136,2.481,2.616,2.685,2.838,3.28,3.051,3.085,2.891,10.08
1946,36.735,4496.285,23031.006,2.4,2.628,2.636,2.729,3.086,2.919,2.991,3.091,9.395
1947,32.866,5142.128,23463.735,2.501,2.596,2.711,2.758,3.086,3.389,2.918,3.065,9.434
1948,38.718,4728.464,22927.596,2.508,2.535,2.677,2.762,3.168,3.147,3.175,3.017,9.585
1949,30.927,4484.825,24820.342,2.413,2.55,2.709,2.788,3.219,2.811,3.055,3.079,9.633
1950,35.283,5221.96,24742.531,2.568,2.66,2.843,2.836,3.381,3.441,3.252,3.23,9.714
1951,25.24,4785.782,24519.029,2.437,2.525,2.608,2.752,3.034,3.214,2.958,3.037,9.279
1952,43.526,4623.801,24462.213,2.365,2.508,2.606,2.688,3.089,3.06,2.96,2.812,9.191
1953,40.093,4322.475,21897.276,2.551,2.669,2.759,2.801,3.093,3.195,3.124,2.969,9.11
1954,29.554,4609.373,24180.972,2.464,2.519,2.662,2.748,3.161,2.642,2.929,3.065,9.561
1955,42.758,5024.327,24552.557,2.455,2.525,2.627,2.766,3.044,3.14,3.166,2.997,10.023
1956,36.206,4568.192,22298.301,2.403,2.477,2.541,2.674,3.108,2.998,3.259,3.228,9.652
1957,38.142,4427.577,22166.722,2.762,2.879,2.958,3.015,3.045,3.378,3.34,3.131,9.615
1958,35.764,4917.036,23204.928,2.801,2.798,2.942,3.057,3.003,3.281,3.528,3.309,9.598
1959,33.723,4644.455,24764.917,2.684,2.843,2.92,3.043,3.499,3.245,3.329,3.126,9.213
1960,39.118,5614.326,25206.136,2.834,2.823,2.976,3.073,3.398,3.24,3.226,3.545,9.711
1961,32.971,4106.572,22016.93,2.709,2.773,2.83,2.996,3.484,3.155,3.559,3.45,9.091
1962,29.363,4887.927,23974.981,2.737,2.825,2.875,3.034,3.529,3.48,3.312,3.375,9.639
1963,41.508,5360.08,24474.288,2.789,2.879,2.954,3.086,3.49,3.141,3.142,3.172,9.995
1964,34.537,4595.545,24403.847,2.826,2.936,2.99,3.12,3.477,3.488,3.389,3.561,9.239
1965,39.436,4103.439,25928.39,2.605,2.718,2.813,2.885,3.566,3.016,3.3,3.133,9.068
1966,34.697,4578.355,22569.305,2.633,2.8,2.842,2.894,3.171,3.225,3.424,3.149,9.539
1967,39.402,4265.036,23244.315,2.705,2.859,2.94,3.057,3.215,3.383,3.497,3.313,9.019
1968,26.329,4448.148,23271.57,2.724,2.831,2.917,3.024,3.338,3.533,3.314,3.425,9.341
1969,38.903,4785.262,23385.189,2.672,2.735,2.807,2.946,3.592,3.51,3.255,3.171,8.87
1970,37.291,4326.205,21494.994,2.684,2.792,2.911,3.069,3.233,3.245,3.157,3.448,10.271
1971,30.812,5232.157,26309.267,2.733,2.83,2.914,3.078,3.485,3.055,3.083,3.271,9.413
1972,38.575,5100.351,26360.935,2.714,2.861,2.926,3.036,3.297,3.377,3.454,3.174,9.544
1973,38.606,5048.784,22767.074,2.693,2.844,2.939,3.071,3.38,3.404,3.261,3.392,8.94
1974,35.632,4507.128,24520.568,2.635,2.807,2.899,2.983,3.271,3.238,3.594,3.302,9.518
1975,39.391,4371.043,23871.669,2.743,2.797,2.921,3.022,3.193,3.323,3.468,3.209,9.05
1976,31.469,4341.597,25763.094,2.686,2.83,2.892,2.943,3.152,3.176,3.018,3.05,9.609
1977,30.489,4498.256,25424.688,2.783,2.91,2.954,3.061,3.393,3.449,3.227,3.421,10.258
1978,27.845,4873.85,24745.272,2.672,2.836,2.902,3.001,3.206,3.132,3.241,3.097,9.662
1979,37.96,4909.353,25990.226,2.681,2.778,2.867,2.988,3.431,3.152,3.28,3.265,9.796
1980,36.451,5297.284,24123.652,2.69,2.811,2.887,2.968,3.14,3.251,3.04,3.352,9.635
1981,26.94,3965.868,23147.825,2.768,2.914,2.943,3.062,3.518,3.294,3.363,3.036,9.582
1982,38.722,5308.924,21745.943,2.627,2.76,2.904,3.014,3.341,3.291,3.254,3.316,9.568
1983,39.956,5185.578,21816.686,2.72,2.827,2.908,2.985,3.661,3.566,3.173,3.339,9.556
1984,45.384,4459.126,23987.683,2.724,2.795,2.943,3.043,3.181,3.07,3.275,3.247,9.572
1985,35.346,4700.325,22828.613,2.684,2.759,2.908,2.899,3.297,3.355,3.261,3.085,9.052
1986,43.429,4941.961,24444.234,2.559,2.708,2.742,2.913,3.424,2.976,3.496,3.11,10.013
1987,27.718,4790.166,25191.734,2.721,2.809,2.903,3.005,3.33,3.011,3.2,3.336,9.06
1988,41.729,4879.207,22094.632,2.69,2.889,3.018,3.079,3.49,3.345,3.357,3.43,9.3
1989,40.569,5318.847,25499.438,2.632,2.739,2.874,2.972,3.401,3.162,3.18,3.505,8.913
1990,34.45,4578.287,22018.665,2.545,2.638,2.703,2.84,3.17,2.886,3.0,3.459,9.38
1991,39.697,4635.864,24300.987,2.718,2.803,2.878,2.976,3.382,3.438,3.075,3.283,8.637
1992,25.004,3631.674,24228.359,2.652,2.721,2.805,2.921,3.194,3.248,3.332,3.255,9.401
1993,36.202,4539.785,22730.256,2.566,2.701,2.771,2.86,3.17,3.319,3.213,3.23,9.047
1994,37.814,4216.009,25320.01,2.638,2.732,2.828,3.006,3.028,3.303,3.147,3.352,9.355
1995,36.198,3572.173,23013.136,2.636,2.705,2.794,2.862,3.177,3.572,3.003,3.077,9.491
1996,39.891,5278.904,25498.536,2.703,2.819,2.952,3.034,3.339,3.484,3.618,3.483,9.39
1997,39.729,4889.896,25435.499,2.635,2.768,2.82,2.968,3.17,3.248,3.419,3.48,8.613
1998,28.575,4049.268,22910.147,2.747,2.831,2.962,2.972,3.472,3.099,3.444,3.202,8.865
1999,38.115,4355.703,23787.815,2.594,2.782,2.836,2.924,3.135,3.161,3.275,3.063,9.745
2000,32.337,4854.003,24297.264,2.653,2.806,2.91,2.959,3.569,3.055,3.165,3.365,9.701
2001,41.763,3843.505,23408.726,2.609,2.735,2.844,2.883,3.331,3.088,3.324,2.917,9.561
2002,37.37,4131.856,25211.191,2.661,2.733,2.873,2.981,3.183,3.274,3.196,3.387,9.003
2003,40.965,4576.587,22295.122,2.486,2.613,2.736,2.823,3.118,3.091,3.171,2.845,9.503
2004,48.386,4408.268,21948.372,2.684,2.748,2.833,2.881,2.897,3.082,3.205,3.335,9.438
2005,42.327,4741.726,24023.798,2.704,2.794,2.905,3.019,3.321,3.148,3.131,3.108,9.323
2006,25.058,4308.015,21074.701,2.7,2.809,2.953,2.999,3.459,3.311,3.287,3.513,9.808
2007,30.18,5591.153,24500.565,2.692,2.838,2.907,2.967,3.505,3.418,3.314,2.997,9.035
2008,36.252,4197.356,22332.549,2.653,2.725,2.902,2.959,3.118,3.386,3.233,3.36,9.25
2009,37.847,4032.905,22976.279,2.54,2.61,2.723,2.895,3.073,3.145,3.078,3.037,9.668
2010,36.891,4788.919,23866.614,2.621,2.787,2.871,2.985,3.183,3.267,3.423,3.251,9.069
2011,35.934,5128.84,25722.233,2.536,2.629,2.708,2.83,3.049,2.933,3.099,3.29,9.924
2012,40.651,4009.539,26253.982,2.533,2.71,2.788,2.891,3.2,3.221,3.061,3.202,9.408
2013,32.226,4317.653,23546.141,2.597,2.718,2.812,2.979,3.196,3.37,3.471,3.241,9.818
2014,38.413,4708.821,25111.535,2.616,2.737,2.853,2.874,3.449,3.048,3.263,3.373,9.25
2015,34.2,5042.499,22669.533,2.681,2.721,2.861,2.986,3.027,3.339,3.116,3.359,9.187
2016,41.739,4608.732,22139.727,2.608,2.707,2.815,2.905,3.344,3.291,3.072,3.151,9.567
2017,37.406,4803.461,25844.475,2.591,2.665,2.788,2.824,3.155,3.021,3.308,3.091,10.349
2018,30.985,3836.007,23245.308,2.635,2.713,2.799,2.892,3.22,2.97,3.136,3.035,9.889
2019,31.01,3928.102,24884.924,2.575,2.666,2.815,2.87,3.412,3.398,3.184,3.025,8.753
2020,46.471,4190.241,23708.518,2.679,2.794,2.859,2.933,3.297,3.469,3.214,3.36,9.116
2021,39.678,4423.743,23545.66,2.539,2.677,2.795,2.841,2.968,2.929,2.951,3.214,9.183
2022,40.307,4318.549,22473.263,2.553,2.706,2.799,2.87,3.237,2.974,3.147,3.026,8.938
2023,33.91,4627.83,24751.96,2.648,2.786,2.839,3.003,3.356,3.423,3.209,3.255,8.578
2024,34.459,4312.496,20985.167,2.523,2.635,2.79,2.89,3.028,3.383,3.226,3.154,9.57
2025,25.693,4114.314,25345.694,2.637,2.715,2.859,2.946,2.983,3.522,3.218,3.159,9.94
2026,40.319,4755.372,24282.376,2.656,2.749,2.81,2.898,3.511,3.455,3.057,3.066,9.173
2027,36.355,5083.111,25320.883,2.605,2.712,2.756,2.862,2.992,3.269,3.194,3.26,9.822
2028,42.327,4602.587,22070.653,2.51,2.566,2.742,2.834,3.029,3.094,2.958,3.11,9.445
2029,43.269,4264.628,23313.889,2.56,2.683,2.821,2.886,3.463,3.451,3.414,3.46,9.628
2030,37.044,4211.758,24360.457,2.596,2.718,2.738,2.854,3.032,3.211,3.24,3.062,9.696
2031,38.578,4425.251,24443.913,2.557,2.68,2.815,2.85,3.351,3.396,3.37,3.051,9.103
2032,42.033,4659.265,21960.583,2.535,2.619,2.736,2.828,3.289,3.097,3.129,3.388,9.861
2033,34.507,4038.516,20415.073,2.614,2.676,2.803,2.977,3.166,3.177,3.243,3.062,9.428
2034,40.936,4333.248,24641.673,2.599,2.74,2.842,2.955,3.399,3.107,3.243,3.434,9.194
2035,26.97,4527.288,24696.03,2.658,2.778,2.826,2.937,3.254,3.117,3.479,3.293,9.444
2036,39.352,4517.346,25783.638,2.561,2.701,2.807,2.886,2.927,3.224,2.991,2.939,10.296
2037,35.038,4279.495,24810.572,2.544,2.674,2.759,2.822,2.951,3.074,3.242,2.892,9.124
2038,37.185,4583.77,22546.098,2.604,2.686,2.829,2.911,3.19,3.026,2.927,3.417,8.568
2039,31.183,4381.407,24706.908,2.534,2.599,2.68,2.839,3.275,3.387,3.164,2.794,9.293
2040,32.178,3993.167,20995.922,2.489,2.638,2.752,2.869,3.174,3.246,3.062,3.034,9.181
2041,33.245,4648.124,25564.606,2.588,2.657,2.769,2.822,3.114,2.949,2.985,3.052,9.115
2042,36.25,4727.63,20631.515,2.504,2.613,2.737,2.825,3.021,3.27,3.052,3.064,8.701
2043,32.173,4781.494,22467.601,2.64,2.72,2.853,2.94,3.362,3.238,3.208,3.249,9.603
2044,28.77,4834.029,21427.378,2.564,2.743,2.88,2.904,3.32,3.145,3.032,3.094,9.467
2045,46.524,4610.5,23306.236,2.471,2.602,2.665,2.757,2.898,2.977,3.283,3.062,9.666
2046,39.468,4249.93,24100.742,2.45,2.524,2.646,2.723,3.314,3.173,2.911,3.035,9.556
2047,31.639,4436.096,20850.719,2.584,2.619,2.711,2.818,3.228,3.263,3.209,2.971,10.052
2048,34.49,4511.614,24131.258,2.588,2.693,2.791,2.923,3.359,3.277,3.392,2.992,8.762
2049,35.848,4390.254,21097.084,2.595,2.719,2.795,2.875,3.299,3.425,3.394,3.241,8.922
2050,38.566,4728.532,22468.802,2.617,2.74,2.798,2.896,2.991,3.192,2.835,2.998,9.472
2051,31.474,3989.539,25251.249,2.548,2.687,2.762,2.875,3.181,2.945,3.086,3.261,9.63
2052,32.655,4739.736,23043.866,2.511,2.583,2.708,2.791,3.177,3.046,2.902,3.182,9.238
2053,40.076,4459.042,23743.576,2.569,2.66,2.719,2.886,3.363,3.238,3.24,3.006,8.671
2054,49.887,4345.964,23944.544,2.469,2.62,2.737,2.795,3.081,3.085,3.102,3.075,9.536
2055,40.041,4215.092,25656.594,2.541,2.65,2.679,2.767,2.953,3.082,3.357,3.306,9.638
2056,36.559,3863.856,24040.649,2.457,2.652,2.725,2.761,2.94,3.361,3.169,3.057,9.211
2057,29.696,4222.791,24246.722,2.588,2.644,2.722,2.79,2.846,3.025,3.097,3.097,9.485
2058,39.46,4442.916,22867.869,2.555,2.629,2.694,2.845,3.394,3.146,3.127,3.084,9.222
2059,30.937,4797.214,20942.697,2.52,2.608,2.716,2.816,3.212,2.942,3.134,3.233,8.879
2060,41.312,4213.695,21879.386,2.672,2.74,2.878,2.916,3.419,3.327,3.462,3.016,9.212
2061,35.461,5199.541,23070.492,2.523,2.625,2.749,2.797,3.317,3.198,3.184,3.281,8.484
2062,32.667,4276.258,25475.828,2.552,2.654,2.747,2.916,3.2,3.28,3.036,3.259,10.06
2063,42.581,4122.494,22712.175,2.525,2.685,2.722,2.876,3.215,3.109,3.123,3.264,9.584
2064,35.434,4069.709,20540.646,2.605,2.729,2.85,2.921,3.188,3.584,2.882,3.257,9.399
2065,33.086,3935.53,25680.772,2.518,2.613,2.704,2.773,2.908,3.29,3.248,2.961,9.84
2066,36.424,4451.188,24283.024,2.552,2.627,2.882,2.859,3.463,3.04,3.236,3.008,9.509
2067,47.73,4355.966,23342.04,2.487,2.613,2.656,2.759,3.062,3.034,3.047,3.353,9.545
2068,38.572,4758.739,21302.25,2.542,2.604,2.728,2.855,3.313,3.168,3.071,3.06,9.457
2069,37.342,4519.945,21163.717,2.463,2.679,2.759,2.877,3.181,2.963,2.957,3.393,9.579
2070,27.337,4519.259,22307.368,2.453,2.56,2.703,2.789,3.033,3.032,3.348,3.006,9.294
2071,44.823,4409.797,24401.669,2.512,2.619,2.713,2.807,2.983,3.229,3.301,3.234,9.695
2072,29.525,4297.677,23815.711,2.565,2.623,2.746,2.788,3.189,3.443,2.844,2.941,9.534
2073,36.776,5103.451,23861.521,2.574,2.669,2.779,2.84,3.082,3.184,3.346,3.046,9.843
2074,35.017,4647.965,25227.615,2.495,2.598,2.745,2.826,3.021,2.957,2.986,3.003,9.354
2075,36.109,4335.526,24676.654,2.718,2.707,2.818,2.961,3.561,3.234,3.17,2.983,9.684
2076,36.218,4572.926,25517.392,2.655,2.688,2.815,2.896,3.017,3.18,3.392,2.751,9.46
2077,28.909,4069.146,24884.934,2.415,2.57,2.563,2.677,2.982,2.95,3.158,3.096,9.464
2078,35.285,4849.763,23378.025,2.495,2.582,2.763,2.852,3.059,3.251,3.513,2.997,9.256
2079,31.08,3748.787,24283.758,2.52,2.672,2.736,2.856,3.423,3.347,3.298,3.166,9.224
2080,29.754,4739.557,24461.355,2.559,2.689,2.689,2.883,3.047,3.311,3.454,2.91,9.366
2081,34.789,4369.778,25114.928,2.54,2.691,2.766,2.943,2.955,3.236,3.251,3.042,9.827
2082,,,,,2.488,2.569,2.726,2.949,2.907,3.041,3.298,9.92
2083,37.478,4617.333,21987.839,2.424,2.529,2.616,2.744,3.053,2.989,2.905,3.016,8.718
2084,32.1,4770.059,26233.099,2.588,2.694,2.785,2.86,3.314,3.233,3.139,3.131,9.241
2085,40.957,3968.471,24481.564,2.56,2.67,2.805,2.869,3.093,3.118,3.506,2.947,8.413
2086,44.817,4222.962,21679.202,2.62,2.761,2.854,2.984,3.225,3.216,3.132,3.401,9.552
2087,28.979,4673.773,20961.822,2.577,2.693,2.839,2.936,3.115,3.381,3.225,3.338,9.26
2088,28.771,4335.034,22948.385,2.422,2.526,2.612,2.774,3.19,2.85,3.17,3.047,9.16
2089,44.907,4475.612,24285.902,2.598,2.681,2.763,2.859,3.22,3.493,3.221,3.391,10.522
2090,32.78,5447.015,22050.613,2.464,2.613,2.68,2.831,3.062,3.203,3.091,3.303,9.454
2091,40.311,4051.534,24604.407,2.575,2.657,2.726,2.833,3.376,3.35,2.976,3.295,9.538
2092,32.174,4104.07,23690.32,2.495,2.643,2.736,2.87,3.217,2.954,3.154,2.982,8.564
2093,37.725,4250.602,22298.29,2.491,2.61,2.673,2.768,3.084,3.137,2.999,3.292,10.098
2094,39.245,4313.037,22194.547,2.527,2.599,2.719,2.78,3.039,3.001,3.107,2.912,9.056
2095,28.905,4576.186,24139.33,2.598,2.713,2.702,2.925,3.171,3.175,2.945,3.427,9.34
2096,42.002,4277.296,22087.371,2.532,2.575,2.688,2.793,3.013,3.088,2.865,3.363,9.796
2097,31.981,4514.753,22424.398,2.522,2.654,2.758,2.851,3.064,2.995,3.025,3.249,9.28
2098,35.781,4231.799,23735.897,2.584,2.653,2.77,2.825,3.205,3.019,3.008,3.083,9.494
2099,33.595,4418.433,23036.448,2.477,2.591,2.735,2.805,2.845,2.948,3.154,3.128,8.798
2100,37.93,4908.158,20597.977,2.452,2.607,2.732,2.804,2.97,3.06,2.98,2.921,9.293
2101,38.465,4368.504,24805.868,2.578,2.664,2.775,2.847,3.339,3.337,3.104,3.052,10.194
2102,31.345,4161.494,23925.18,2.391,2.493,2.591,2.794,3.092,3.105,3.198,2.946,9.518
2103,41.709,4870.52,25580.856,2.509,2.588,2.703,2.739,3.136,3.287,3.0,3.093,10.106
2104,34.32,4415.975,23110.131,2.462,2.545,2.659,2.767,3.209,3.152,2.833,2.917,9.956
2105,37.595,4642.504,22975.772,2.521,2.619,2.775,2.801,3.047,3.07,3.12,3.397,10.109
2106,38.964,4485.359,20434.193,2.607,2.772,2.759,2.949,3.324,3.367,3.191,3.112,9.4
2107,33.805,4619.086,21606.501,2.473,2.572,2.653,2.771,3.044,3.055,2.972,2.912,9.237
2108,35.576,4422.054,24217.131,2.576,2.7,2.83,2.866,2.996,3.296,3.073,3.412,9.527
2109,39.98,4524.712,21267.041,2.512,2.677,2.763,2.886,3.203,3.302,3.345,3.057,9.661
2110,28.445,4649.071,21939.774,2.39,2.484,2.696,2.708,3.109,3.12,2.972,3.095,8.382
2111,34.177,4258.561,24712.801,2.473,2.497,2.611,2.783,3.274,2.854,3.199,2.835,9.644
2112,46.206,5531.693,23701.82,2.544,2.584,2.753,2.874,3.043,3.035,3.3,2.999,9.639
2113,32.473,4218.373,24681.332,2.435,2.593,2.651,2.776,3.109,2.868,3.129,2.951,9.577
2114,43.663,4839.486,23932.052,2.6,2.604,2.71,2.836,3.23,3.25,3.248,3.153,9.133
2115,41.755,4658.101,24407.461,2.541,2.731,2.798,2.897,3.162,3.198,3.196,3.113,8.895
2116,41.455,4470.849,24575.96,2.539,2.687,2.745,2.877,3.458,3.225,2.871,3.006,10.063
2117,40.448,4487.175,24314.744,2.482,2.611,2.77,2.809,2.883,3.077,3.464,2.958,9.208
2118,34.88,4933.363,24091.457,2.593,2.644,2.755,2.871,3.325,3.22,3.223,3.207,8.851
2119,36.962,5195.297,23008.61,2.538,2.635,2.751,2.774,3.685,3.174,2.944,3.211,9.113
2120,43.375,4040.118,23180.8,2.454,2.568,2.678,2.765,2.978,3.374,3.07,3.152,9.136
2121,27.824,5516.102,25121.949,2.49,2.625,2.795,2.774,2.909,3.137,3.084,3.236,9.946
2122,42.471,4820.409,24881.33,2.552,2.71,2.78,2.888,3.278,3.155,2.964,3.191,8.885
2123,33.976,4250.624,23880.0,2.504,2.63,2.758,2.845,3.123,2.838,3.358,3.158,9.918
2124,44.155,5158.979,22267.781,2.522,2.649,2.775,2.84,3.032,2.976,3.195,3.127,9.456
2125,43.86,4943.237,23576.5,2.527,2.695,2.785,2.912,2.94,3.059,3.289,3.439,9.779
2126,39.297,4415.845,23460.704,2.391,2.55,2.617,2.666,3.203,3.079,2.995,3.136,9.473
2127,40.56,5560.367,21993.93,2.65,2.753,2.847,2.919,3.095,3.177,3.223,2.989,8.92
2128,32.051,4588.027,23761.846,2.494,2.53,2.63,2.724,3.119,3.061,3.055,3.103,9.716
2129,39.118,4963.856,19724.712,2.556,2.65,2.694,2.898,3.121,3.27,3.088,3.373,9.229
2130,37.608,4490.478,23131.472,2.485,2.647,2.81,2.881,3.399,3.449,3.108,3.092,9.715
2131,39.623,4271.709,20595.115,2.536,2.685,2.765,2.823,3.258,3.171,3.014,3.018,8.838
2132,43.201,5034.692,24142.541,2.512,2.68,2.754,2.879,3.153,3.216,3.054,3.388,9.703
2133,34.977,4879.664,22881.891,2.521,2.641,2.782,2.795,3.24,3.276,3.303,3.315,9.828
2134,31.778,5723.233,21995.819,2.513,2.595,2.74,2.794,3.04,3.334,3.033,2.904,9.445
2135,34.834,5279.814,24519.362,2.589,2.611,2.78,2.9,3.024,3.146,3.251,2.907,9.438
2136,36.398,4842.417,25334.39,2.532,2.647,2.731,2.852,3.315,3.125,3.106,3.041,9.673
2137,33.112,5052.417,21616.437,2.532,2.605,2.688,2.811,3.032,3.155,3.029,3.265,8.967
2138,37.266,5202.054,24167.628,2.607,2.726,2.781,2.878,3.026,3.361,3.164,3.581,9.448
2139,37.289,4858.456,22531.835,2.526,2.611,2.723,2.776,3.127,3.111,2.808,3.303,8.479
2140,33.886,4878.19,21908.806,2.543,2.648,2.748,2.832,2.928,2.955,3.141,3.386,9.245
2141,41.935,4264.468,22900.257,2.488,2.651,2.729,2.859,3.39,3.291,3.295,3.332,9.38
2142,30.356,4513.24,22581.365,2.587,2.695,2.865,2.919,3.089,2.86,3.032,3.027,9.365
2143,38.73,4454.461,25534.126,2.602,2.673,2.703,2.803,3.184,3.346,3.124,3.012,9.677
2144,36.867,4939.115,24713.591,2.555,2.7,2.821,2.927,3.36,3.359,3.172,3.077,9.543
2145,33.025,4278.775,21606.685,2.631,2.712,2.833,2.966,3.231,3.153,3.228,3.188,9.599
2146,37.616,4378.354,24123.424,2.539,2.701,2.751,2.881,3.096,3.482,3.065,3.285,8.917
2147,23.867,5041.738,24536.839,2.651,2.758,2.82,3.014,3.57,3.599,3.246,3.28,9.399
2148,36.66,5311.783,20961.947,2.494,2.594,2.686,2.799,3.076,2.968,2.965,3.094,9.594
2149,37.325,4423.399,22329.375,2.634,2.687,2.863,2.968,3.279,2.917,3.314,3.18,9.002
2150,34.345,4632.059,26414.345,2.561,2.672,2.836,2.888,2.964,3.164,3.179,2.977,9.463
2151,34.603,4895.367,22166.358,2.678,2.792,2.871,3.025,3.495,3.27,3.357,3.16,10.055
2152,29.913,4718.718,21900.26,2.565,2.713,2.783,2.861,3.309,3.135,3.14,3.027,9.302
2153,28.512,5050.719,22600.87,2.55,2.691,2.733,2.814,2.924,3.294,3.272,2.978,9.842
2154,28.756,5037.248,24294.476,2.65,2.76,2.847,2.989,3.203,3.232,3.361,3.351,10.215
2155,33.372,4165.153,24908.801,2.626,2.755,2.84,2.931,3.456,3.146,3.252,3.261,10.154
2156,26.112,4156.732,22071.449,2.674,2.676,2.767,2.952,3.348,3.131,2.945,3.263,9.356
2157,30.703,4909.218,24895.959,2.475,2.548,2.706,2.802,2.99,2.99,3.112,3.196,9.932
2158,39.135,5417.178,22233.237,2.6,2.738,2.794,2.969,3.406,3.082,3.155,3.24,9.595
2159,32.565,4836.528,24026.625,2.653,2.712,2.826,2.969,3.399,3.145,3.11,3.048,9.459
2160,27.725,4118.658,24954.375,2.579,2.645,2.783,2.921,3.267,3.085,3.144,3.367,9.093
2161,40.948,4324.552,22146.571,2.608,2.744,2.762,2.928,3.112,3.236,3.052,3.313,8.73
2162,31.184,4723.354,20577.604,2.697,2.812,2.937,2.984,3.331,3.123,3.198,3.279,9.065
2163,29.434,4827.305,21961.46,2.674,2.712,2.822,2.975,3.063,3.051,3.548,3.234,9.242
2164,29.646,4748.428,24545.998,2.655,2.774,2.888,2.904,3.335,3.102,3.133,3.086,9.35
2165,40.002,5131.712,22596.883,2.592,2.687,2.79,2.867,3.328,3.096,3.215,3.171,10.224
2166,34.743,4701.686,26155.29,2.659,2.756,2.859,2.935,3.242,3.257,3.055,3.469,9.906
2167,34.171,4156.13,24971.57,2.588,2.729,2.798,2.957,3.064,3.344,3.06,3.109,9.295
2168,37.679,4894.005,26221.891,2.68,2.8,2.87,3.029,3.148,3.405,3.213,3.662,10.164
2169,34.34,3765.796,25756.73,2.679,2.822,2.862,2.991,3.135,3.338,3.277,3.063,9.633
2170,35.788,4101.462,22875.884,2.645,2.761,2.888,2.983,3.227,3.474,3.138,3.332,9.392
2171,30.427,3934.37,24543.021,2.726,2.785,2.884,2.978,3.246,3.23,3.347,3.474,9.715
2172,36.621,3965.68,23257.159,2.754,2.874,3.01,3.069,3.318,3.55,3.121,3.616,9.915
2173,29.829,5661.058,25454.111,2.731,2.85,2.942,3.043,3.324,3.412,3.381,3.07,9.544
2174,35.307,4640.21,24528.219,2.676,2.762,2.898,3.036,3.517,3.321,3.161,3.376,8.64
2175,26.539,3868.275,22588.461,2.841,2.901,3.009,3.115,3.637,3.336,3.398,3.534,9.69
2176,36.046,5004.737,23684.915,2.774,2.902,2.913,3.072,3.715,3.105,3.333,3.369,9.562
2177,40.574,4482.819,25546.262,2.772,2.888,3.047,3.084,3.326,3.456,3.378,3.417,9.371
2178,37.104,4591.48,19390.66,2.753,2.841,2.927,3.016,3.363,3.341,3.234,3.45,9.099
2179,34.76,5037.218,25170.881,2.706,2.891,2.971,3.061,3.38,3.222,3.331,3.507,9.269
2180,34.801,4188.748,25732.671,2.805,2.932,2.988,3.083,3.323,3.545,3.427,3.51,9.751
2181,33.653,4507.355,23699.791,2.745,2.862,2.962,3.005,3.576,3.287,3.789,3.255,9.901
2182,23.014,4147.985,26646.633,2.788,2.894,2.99,3.076,3.317,3.556,3.427,3.425,9.548
2183,39.656,4472.164,24300.501,2.759,2.877,2.937,3.075,3.558,3.538,3.211,3.633,9.287
2184,37.592,4695.654,23101.389,2.758,2.89,3.063,3.092,3.274,3.645,3.396,3.408,9.538
2185,30.31,4471.182,26569.878,2.806,2.887,2.995,3.039,3.357,3.283,3.428,3.526,9.169
2186,34.731,4455.011,26451.432,2.738,2.837,2.939,2.941,3.378,3.824,3.283,3.313,8.893
2187,41.117,4446.799,24868.055,2.885,2.925,3.044,3.097,3.605,3.36,3.314,3.609,9.916
2188,28.931,4242.606,24965.844,2.754,2.899,2.965,3.069,3.234,3.351,3.366,3.401,9.589
2189,35.209,4312.153,23123.837,2.738,2.885,2.923,3.066,3.563,3.331,3.152,3.57,9.726
2190,38.134,4440.326,23021.546,2.773,2.917,2.979,3.048,3.239,3.316,3.641,3.152,9.243
2191,31.365,4301.002,22484.259,2.751,2.856,2.999,3.105,3.078,3.379,3.063,3.36,9.497
2192,37.967,4360.33,26249.504,2.9,2.989,3.051,3.168,3.434,3.455,3.685,3.45,9.94
2193,30.658,4317.845,23356.387,2.821,2.925,3.125,3.141,3.517,3.421,3.442,3.601,9.942
2194,40.997,4842.501,25964.118,2.737,2.925,3.007,3.037,3.413,3.284,3.445,3.415,9.735
2195,33.19,4744.716,24476.109,2.749,2.883,2.987,3.101,3.447,3.188,3.286,3.495,9.487
2196,30.897,4215.645,26813.618,2.83,2.992,3.012,3.12,3.298,3.532,3.253,3.246,9.281
2197,36.687,4842.137,26494.504,2.754,2.879,3.027,3.093,3.182,3.466,3.33,3.327,9.05
2198,26.193,4873.321,23630.014,2.749,2.913,3.037,3.084,3.304,3.461,3.19,3.269,9.79
2199,34.209,4527.872,22484.422,2.748,2.828,2.987,3.051,3.547,3.323,3.286,3.65,9.925
2200,34.214,4751.683,23992.541,2.836,2.977,3.064,3.181,3.404,3.511,3.581,3.292,9.93
2201,45.101,4028.481,24393.233,2.757,2.89,2.929,3.1,3.347,3.414,3.418,3.328,9.921
2202,38.164,3888.304,23252.857,2.778,2.889,2.967,3.026,3.365,3.137,3.465,3.285,9.085
2203,40.72,4454.667,25672.472,2.919,3.016,3.11,3.144,3.64,3.447,3.589,3.65,9.128
2204,31.328,4842.428,24268.179,2.85,2.941,3.049,3.201,3.349,3.446,3.488,3.567,9.474
2205,29.408,5057.104,22655.979,2.783,2.874,2.98,3.011,3.137,3.38,3.593,3.322,9.571
2206,27.514,4676.113,23658.586,2.807,2.915,2.978,3.098,3.484,3.332,3.211,3.32,9.362
2207,38.517,4230.478,21438.296,2.879,2.971,3.067,3.147,3.692,3.603,3.334,3.734,9.986
2208,30.189,3981.164,24860.699,2.887,2.965,3.023,3.129,3.535,3.379,3.736,3.388,9.105
2209,28.493,4738.162,19829.69,2.791,2.862,2.961,3.126,3.635,3.304,2.983,3.155,8.94
2210,40.271,4459.189,24966.933,2.843,2.908,2.987,3.13,3.56,3.421,3.277,3.242,9.585
2211,39.786,4715.686,24504.407,2.845,2.972,3.08,3.17,3.314,3.412,3.327,3.394,8.622
2212,32.77,4569.319,23850.387,2.806,2.862,2.945,3.085,3.152,3.639,3.273,3.416,9.218
2213,33.126,4334.051,22286.1,2.775,2.821,2.967,3.094,3.216,3.362,3.408,3.73,9.841
2214,34.159,3754.222,21929.12,2.828,2.988,3.091,3.173,3.589,3.536,3.477,3.553,9.166
2215,30.882,3835.863,27604.192,2.923,2.953,3.097,3.205,3.667,3.19,3.543,3.437,9.26
2216,30.137,4417.32,21758.269,2.86,2.905,3.031,3.18,3.652,3.28,3.419,3.63,8.515
2217,35.687,4124.598,22697.407,2.801,2.903,2.991,3.047,2.978,3.641,3.326,3.45,9.169
2218,34.816,4436.363,24344.08,2.744,2.882,2.958,3.045,3.515,3.173,3.196,3.308,8.853
2219,30.413,4657.727,24975.847,2.842,2.922,2.989,3.099,3.35,3.347,3.475,3.532,9.492
2220,39.612,4770.973,25645.447,2.873,2.973,3.027,3.195,3.365,3.244,3.661,3.618,9.059
2221,44.99,3899.783,25861.044,2.815,2.978,3.042,3.175,3.42,3.739,3.626,3.273,9.567
2222,29.948,4445.013,25122.659,2.815,2.931,2.981,3.112,3.169,3.393,3.5,3.339,9.594
2223,33.316,4611.816,25649.782,2.834,2.919,3.015,3.071,3.583,3.424,3.404,3.443,9.526
2224,23.679,5279.338,23337.842,2.739,2.796,2.959,3.034,3.368,3.134,3.448,3.116,9.247
2225,39.875,4423.954,27064.141,2.769,2.888,3.016,3.095,3.308,3.198,3.259,3.308,9.504
2226,27.687,3665.721,25347.07,2.843,2.935,3.118,3.215,3.453,3.335,3.325,3.527,8.74
2227,34.612,3939.413,24876.298,2.822,2.816,2.998,3.059,3.329,3.56,3.693,3.45,9.374
2228,37.649,5098.877,24163.81,2.807,2.902,2.995,3.127,3.247,3.671,3.358,3.598,9.261
2229,38.672,3985.362,23629.991,2.847,2.99,3.042,3.11,3.53,3.436,3.394,3.446,9.213
2230,28.713,4656.914,23822.613,2.766,2.914,3.011,3.148,3.562,3.303,3.67,3.319,9.879
2231,30.86,4352.811,24668.199,2.791,2.891,3.0,3.1,3.454,3.329,3.472,3.552,9.628
2232,33.318,4165.259,25044.413,2.784,2.874,2.96,3.116,3.484,3.524,3.371,3.254,9.036
2233,26.546,4174.853,27406.685,2.705,2.815,2.927,2.974,3.463,3.393,3.519,3.356,9.389
2234,31.277,4863.614,24048.578,2.709,2.883,2.896,3.052,3.461,3.069,3.216,3.239,9.924
2235,37.591,4051.178,24876.874,2.83,2.942,3.008,3.109,3.373,3.524,3.507,3.225,9.661
2236,39.77,5323.287,24225.274,2.842,2.974,3.012,3.125,3.413,3.339,3.52,3.356,9.458
2237,28.332,3908.111,26286.217,2.795,2.896,3.067,3.089,3.511,3.427,3.725,3.514,8.934
2238,30.194,4702.344,25578.043,2.881,2.986,3.06,3.183,3.373,3.645,3.584,3.71,9.652
2239,30.992,4684.611,23347.511,2.782,2.885,2.96,3.021,3.42,3.392,3.348,3.391,9.425
2240,41.281,4270.299,22293.284,2.714,2.889,2.966,2.973,3.33,3.32,3.413,3.105,9.004
2241,31.718,3936.212,24768.104,2.808,3.031,3.058,3.173,3.571,3.46,3.334,3.613,10.129
2242,35.43,4974.845,24536.804,2.922,3.014,3.17,3.22,3.475,3.756,3.313,3.458,10.216
2243,40.529,4492.199,24136.474,2.849,2.961,3.034,3.117,3.39,3.475,3.392,3.485,9.752
2244,38.328,4044.213,22500.851,2.814,2.903,2.99,3.079,3.375,3.609,3.598,3.323,9.586
2245,38.491,4837.398,25775.843,2.894,2.998,3.038,3.177,3.488,3.582,3.246,3.636,9.574
2246,41.118,4092.806,25043.229,2.944,3.007,3.08,3.151,3.707,3.381,3.373,3.374,9.021
2247,26.393,4518.837,23541.031,2.726,2.878,2.98,3.057,3.311,3.408,3.582,3.427,8.79
2248,36.751,3987.112,22060.198,2.826,2.875,3.008,3.132,3.289,3.465,3.141,3.161,9.765
2249,36.121,5063.831,27441.058,2.92,2.977,3.096,3.186,3.625,3.37,3.394,3.484,9.49
2250,31.937,4109.762,25692.521,2.899,2.96,3.082,3.176,3.613,3.547,3.475,3.633,9.035
2251,40.289,5246.434,25226.2,2.782,2.859,3.025,3.088,3.42,3.407,3.56,3.075,9.913
2252,41.376,4359.686,23767.946,2.779,2.86,3.072,3.111,3.261,3.321,3.38,3.792,9.98
2253,32.314,4163.006,23092.597,2.804,2.893,2.961,3.102,3.465,3.396,3.374,3.483,10.092
2254,27.811,3781.112,23200.965,2.751,2.875,2.935,3.053,3.401,3.13,3.182,3.404,9.316
2255,21.358,4574.47,26911.07,2.874,2.974,3.048,3.127,3.592,3.342,3.404,3.706,9.833
2256,45.467,4531.736,22325.511,2.826,2.904,2.917,3.133,3.213,3.473,3.278,3.526,9.529
2257,32.539,4661.527,22351.145,2.826,2.979,3.107,3.191,3.532,3.16,3.427,3.394,8.684
2258,36.928,4478.699,23868.955,2.784,2.842,3.061,3.138,3.6,3.087,3.436,3.602,9.511
2259,35.705,4323.098,26810.087,2.827,2.983,3.088,3.216,3.496,3.559,3.399,3.498,9.9
2260,43.256,3557.145,21292.303,2.816,2.923,3.056,3.093,3.452,3.642,3.559,3.516,9.552
2261,28.391,4255.914,25171.423,2.864,2.927,2.989,3.12,3.361,3.343,3.504,3.322,9.297
2262,34.43,4657.731,21783.802,2.74,2.886,2.989,3.064,3.478,3.423,3.625,3.679,9.752
2263,31.477,4999.562,24146.598,2.867,2.928,3.081,3.143,3.575,3.342,3.496,3.268,9.124
2264,33.28,4659.227,24595.283,2.836,2.948,2.996,3.11,3.642,3.262,3.414,3.365,10.065
2265,30.158,4559.712,24090.699,2.786,2.955,2.998,3.148,3.425,3.285,3.357,3.435,9.541
2266,30.431,4271.162,23107.465,2.921,2.968,3.058,3.194,3.5,3.618,3.318,3.353,10.015
2267,36.817,4153.13,22432.13,2.855,3.058,3.113,3.215,3.542,3.342,3.481,3.733,8.853
2268,36.55,3162.715,21798.627,2.943,2.999,3.17,3.225,3.362,3.491,3.507,3.664,9.9
2269,29.802,4648.973,24343.866,2.867,2.95,3.032,3.11,3.584,3.456,3.826,3.177,9.531
2270,34.987,4547.522,24737.394,2.882,2.991,3.092,3.116,3.56,3.608,3.438,3.294,9.698
2271,30.602,4396.886,22000.134,2.849,2.929,3.006,3.12,3.491,3.293,3.398,3.33,9.707
2272,39.584,4151.13,25295.56,2.917,2.901,3.044,3.116,3.502,3.553,3.61,3.358,9.642
2273,40.01,4598.595,25550.551,2.948,3.0,3.137,3.176,3.454,3.44,3.868,3.35,9.666
2274,41.755,4386.724,22922.51,2.829,2.968,3.037,3.17,3.366,3.455,3.616,3.396,9.15
2275,34.739,4016.205,24164.789,2.928,2.991,3.14,3.271,3.398,3.813,3.43,3.626,9.544
2276,33.178,4104.354,24723.725,2.84,2.908,3.072,3.081,3.395,3.291,3.418,3.357,8.995
2277,36.167,4229.117,23012.727,2.882,2.979,3.11,3.184,3.411,3.345,3.351,3.279,9.233
2278,33.668,4191.645,26255.955,2.815,2.885,3.113,3.155,3.426,3.565,3.095,3.518,9.395
2279,36.337,3461.683,21543.934,2.769,2.937,3.034,3.094,3.308,3.376,3.471,3.453,8.71
2280,33.752,4297.321,20638.959,2.842,2.979,3.093,3.163,3.426,3.245,3.236,3.579,9.103
2281,30.459,4036.683,26074.672,2.808,2.92,3.016,3.15,3.458,3.787,3.5,3.546,9.63
2282,37.747,4592.479,22745.558,2.936,2.964,3.039,3.197,3.707,3.268,3.362,3.635,9.867
2283,40.712,5098.036,24896.017,2.954,2.918,3.071,3.184,3.471,3.571,3.463,3.499,9.893
2284,39.874,3246.193,22223.544,2.933,2.974,3.106,3.233,3.88,3.557,3.355,3.412,9.387
2285,30.625,4600.442,23336.525,3.012,3.09,3.189,3.272,3.29,3.592,3.439,3.635,9.228
2286,43.278,3976.274,23947.016,2.917,3.01,3.164,3.172,3.604,3.509,3.229,3.54,9.183
2287,28.122,3861.509,23929.409,2.914,2.951,3.122,3.139,3.546,3.406,3.426,3.635,9.976
2288,33.357,3847.304,27369.121,2.767,2.881,2.968,3.147,3.228,3.465,3.474,3.261,9.35
2289,37.313,4246.138,22534.057,2.875,2.942,3.049,3.092,3.659,3.78,3.389,3.374,9.42
2290,37.054,4325.477,21944.927,2.809,2.909,2.992,3.126,3.329,3.532,3.007,3.31,9.141
2291,35.371,5146.923,24313.107,2.878,2.926,3.052,3.174,3.588,3.822,3.604,3.655,9.547
2292,34.453,3895.22,24111.177,2.827,2.902,3.032,3.104,3.562,3.378,3.557,3.33,9.225
2293,34.988,3748.686,23427.813,2.91,3.0,3.103,3.197,3.497,3.866,3.376,3.294,10.423
2294,42.099,3356.502,23566.807,2.831,2.931,3.067,3.152,3.747,3.422,3.53,3.663,9.096
2295,42.462,3770.561,25879.331,2.893,2.991,3.058,3.135,3.511,3.426,3.42,3.421,10.142
2296,37.646,4153.814,26988.845,2.897,3.027,3.05,3.221,3.434,3.496,3.587,3.26,9.266
2297,32.044,3200.426,23812.721,2.745,2.903,3.012,3.07,3.241,3.392,3.399,3.192,9.538
2298,40.316,3639.739,23501.201,2.819,2.961,2.983,3.129,3.517,3.66,3.321,3.709,9.549
2299,44.401,4007.04,25168.412,2.885,2.99,3.091,3.17,3.222,3.501,3.258,3.622,9.514
2300,40.871,3620.644,24712.674,2.859,2.962,3.111,3.168,3.388,3.36,3.619,3.574,9.319
2301,33.988,4474.318,22789.958,2.879,2.976,3.13,3.278,3.443,3.591,3.565,3.555,9.597
2302,35.464,4000.555,24901.062,2.877,2.972,3.046,3.167,3.396,3.178,3.569,3.215,9.597
2303,44.217,4050.128,24593.53,2.876,2.985,3.062,3.145,3.374,3.454,3.399,3.375,9.115
2304,38.947,3791.098,26644.959,2.95,3.108,3.126,3.258,3.463,3.405,3.51,3.496,9.729
2305,32.396,3695.634,23007.056,2.86,2.966,3.054,3.226,3.399,3.634,3.695,3.544,8.6
2306,43.862,4596.543,21830.841,3.005,3.022,3.081,3.189,3.393,3.478,3.05,3.325,9.67
2307,35.008,3873.703,21203.829,2.877,2.906,3.042,3.193,3.516,3.399,3.5,3.23,9.112
2308,46.18,3419.816,21692.596,2.854,2.923,2.994,3.113,3.343,3.348,3.529,3.316,9.269
2309,49.939,3904.383,23854.701,2.889,3.01,3.114,3.24,3.411,3.22,3.501,3.407,9.229
2310,45.622,4141.175,21829.929,2.893,2.974,3.075,3.223,3.588,3.811,3.484,3.304,9.379
2311,41.849,4496.061,24746.36,2.922,3.03,3.176,3.188,3.523,3.676,3.531,3.505,9.77
2312,38.208,4502.109,24842.366,2.81,2.953,3.021,3.101,3.516,3.565,3.462,3.591,9.263
2313,30.971,4356.498,23467.062,2.84,2.979,3.042,3.1,3.28,3.322,3.516,3.327,8.892
2314,34.535,4164.782,21951.982,2.744,2.857,3.039,3.019,3.397,3.247,3.121,3.294,10.074
2315,32.413,3938.733,24231.681,2.87,2.976,3.062,3.216,3.333,3.28,3.311,3.396,9.749
2316,35.292,3650.61,24253.921,2.889,3.006,3.079,3.191,3.377,3.437,3.837,3.218,10.226
2317,39.763,4626.498,20032.553,2.82,2.928,3.025,3.175,3.641,3.398,3.221,3.526,9.73
2318,35.503,3861.769,25440.934,2.827,3.029,3.082,3.129,3.714,3.425,3.519,3.691,9.189
2319,42.498,4274.208,21277.088,2.85,2.96,2.978,3.129,3.232,3.546,3.466,3.738,9.964
2320,34.177,4319.347,24195.711,2.981,3.033,3.122,3.261,3.702,3.474,3.518,3.294,8.756
2321,40.602,3394.987,21966.698,2.933,3.027,3.069,3.168,3.515,3.449,3.163,3.243,9.941
2322,44.011,4113.416,22343.538,2.954,2.997,3.083,3.261,3.617,3.423,3.575,3.295,9.281
2323,34.672,3640.287,21873.555,2.84,2.992,3.113,3.156,3.431,3.454,3.425,3.413,9.542
2324,37.509,3345.278,21604.736,2.87,2.928,3.055,3.116,3.49,3.475,3.397,3.043,9.08
2325,33.299,3560.359,22002.605,2.978,3.024,3.108,3.181,3.64,3.543,3.528,3.722,9.805
2326,34.572,3977.543,23147.374,2.786,2.855,2.932,3.048,3.453,3.316,3.371,3.479,9.244
2327,39.316,4502.416,24584.616,2.932,2.961,3.107,3.177,3.422,3.511,3.7,3.639,9.497
2328,39.311,4043.906,23607.296,2.803,2.934,2.956,3.077,3.463,3.231,3.581,3.373,9.966
2329,42.447,4171.918,23960.735,2.862,3.018,3.052,3.135,3.436,3.598,3.621,3.268,9.903
2330,34.591,3797.119,21201.073,2.907,3.012,3.095,3.237,3.501,3.21,3.327,3.401,9.491
2331,39.361,3740.789,21560.698,2.819,2.871,3.051,3.109,3.368,3.553,3.532,3.355,9.352
2332,41.719,3425.211,22164.213,2.873,2.927,3.084,3.194,3.508,3.411,3.569,3.8,9.939
2333,37.811,3429.624,24718.966,2.803,2.943,2.96,3.085,3.431,3.305,3.436,3.15,9.212
2334,39.732,3665.759,23476.247,2.785,2.928,2.984,3.173,3.42,3.506,3.152,3.409,9.795
2335,30.899,3746.244,22781.849,2.834,2.976,3.084,3.157,3.542,3.543,3.56,3.331,9.461
2336,33.714,2965.87,21700.197,2.82,2.902,3.033,3.092,3.447,3.576,3.475,3.768,9.453
2337,44.285,3480.906,24159.705,2.965,2.961,3.082,3.232,3.727,3.429,3.3,3.306,9.384
2338,29.747,3358.561,19241.295,2.906,3.08,3.142,3.275,3.718,3.451,3.53,3.429,8.724
2339,29.229,4371.623,21741.24,2.837,2.954,3.054,3.147,3.452,3.267,3.355,3.601,9.347
2340,39.159,3705.164,23030.312,2.876,2.957,3.029,3.136,3.493,3.396,3.288,3.287,9.971
2341,30.832,4256.671,24378.912,2.924,2.977,3.043,3.162,3.635,3.53,3.656,3.244,8.737
2342,46.135,3866.899,22655.07,2.877,2.925,3.078,3.161,3.288,3.272,3.369,3.43,9.284
2343,44.961,3370.819,21662.547,2.885,3.037,3.108,3.128,3.539,3.526,3.637,3.969,10.095
2344,34.975,4126.989,19759.254,2.769,2.854,2.992,3.077,3.127,3.394,3.243,3.387,9.576
2345,39.235,2835.765,22527.158,2.769,2.886,2.995,3.076,3.405,3.551,3.392,3.501,8.968
2346,33.984,3966.543,22297.279,2.753,2.891,2.996,3.026,3.687,3.409,3.305,3.339,9.29
2347,28.677,3839.449,25028.689,2.803,2.882,2.927,3.049,3.433,3.232,3.578,3.514,8.755
2348,40.039,4242.94,22097.511,2.912,3.017,3.088,3.193,3.275,3.359,3.338,3.627,8.692
2349,31.058,4317.308,22475.497,2.856,2.998,3.048,3.127,3.388,3.544,3.402,3.292,9.878
2350,41.793,3165.277,23437.734,2.953,3.092,3.141,3.24,3.372,3.368,3.349,3.38,9.835
2351,46.167,3246.225,22371.302,2.972,3.068,3.105,3.192,3.442,3.494,3.436,3.437,8.968
2352,40.449,3123.156,24911.111,2.858,2.985,3.073,3.139,3.561,3.411,3.549,3.422,9.223
2353,46.14,3555.186,23020.899,2.813,2.95,3.066,3.182,3.272,3.326,3.305,3.129,9.051
2354,38.326,3514.479,22713.361,2.83,2.847,3.024,3.153,3.56,3.364,3.441,3.361,10.133
2355,42.938,3762.777,20017.218,2.722,2.798,2.914,3.049,3.26,3.451,3.389,3.499,9.445
2356,43.498,4144.891,20379.931,2.802,2.943,2.958,3.167,3.494,3.588,3.396,3.497,10.424
2357,36.824,3590.254,23405.495,2.872,2.928,3.051,3.152,3.481,3.735,3.374,3.617,8.993
2358,41.763,3709.562,23005.474,2.798,2.922,2.965,3.074,3.543,3.47,3.49,3.263,9.734
2359,39.623,3086.079,21403.068,2.785,2.887,2.967,3.069,3.521,3.474,3.264,3.434,9.598
2360,31.141,4122.133,21154.772,2.865,2.895,3.074,3.155,3.268,3.456,3.13,3.775,9.095
2361,34.998,3762.159,22244.986,2.876,2.927,3.038,3.16,3.519,3.071,3.304,3.058,10.037
2362,35.367,3717.169,24430.251,2.9,2.925,3.089,3.143,3.388,3.357,3.653,3.487,9.999
2363,34.086,4099.899,21171.337,2.781,2.906,2.985,3.112,3.484,3.18,3.664,3.275,9.767
2364,35.06,3700.804,22073.797,2.965,3.042,3.111,3.255,3.695,3.807,3.556,3.578,10.041
2365,45.012,4088.452,19813.605,2.903,3.016,3.076,3.191,3.563,3.403,3.45,3.319,10.09
2366,35.602,3753.489,23768.7,2.85,2.925,3.013,3.159,3.357,3.39,3.206,3.603,9.478
2367,41.443,4300.319,20312.413,2.808,2.906,3.032,3.164,3.512,3.549,3.11,3.666,9.601
2368,47.515,3334.107,22806.788,2.766,2.889,2.99,3.152,3.654,3.314,3.375,3.362,9.741
2369,38.498,3987.284,22081.21,2.963,3.022,3.112,3.183,3.369,3.614,3.505,3.7,11.013
2370,36.525,3325.543,25517.96,2.805,2.97,3.022,3.114,3.549,3.391,3.552,3.256,9.425
2371,40.664,3760.187,20941.523,2.94,2.972,3.083,3.156,3.436,3.528,3.414,3.56,9.334
2372,30.038,3489.244,21567.105,2.836,2.946,3.055,3.153,3.769,3.511,3.473,3.371,9.954
2373,34.921,3679.291,23453.86,2.818,2.966,3.008,3.082,3.362,3.503,3.489,3.208,9.491
2374,39.679,3526.168,24192.754,2.947,2.911,3.073,3.219,3.571,3.477,3.171,3.234,9.632
2375,27.977,3974.306,22421.861,2.741,2.836,2.906,3.113,3.475,3.286,3.17,3.458,9.614
2376,45.267,4211.334,23991.17,2.841,2.87,3.013,3.134,3.442,3.384,3.415,3.607,9.246
2377,41.779,4219.691,23392.924,2.763,2.84,2.963,3.064,3.56,3.001,3.566,3.135,9.638
2378,45.364,4244.613,22960.518,2.852,2.919,3.02,3.206,3.339,3.521,3.702,3.489,10.026
2379,36.688,3456.033,21714.971,2.843,2.96,3.04,3.156,3.54,3.453,3.677,3.562,9.002
2380,38.645,3702.684,24748.474,2.948,3.083,3.171,3.21,3.458,3.499,3.478,3.505,9.241
2381,43.667,3068.631,21798.906,2.804,2.939,3.062,3.119,3.447,3.542,3.224,3.409,9.583
2382,48.244,3569.826,23317.34,2.857,2.957,3.075,3.2,3.481,3.621,3.415,3.551,9.921
2383,43.526,3112.838,21220.024,2.904,2.998,3.119,3.118,3.39,3.63,3.787,3.335,9.198
2384,41.561,3743.407,25431.629,2.946,3.072,3.152,3.272,3.548,3.7,3.457,3.667,9.648
2385,47.595,3786.516,25119.541,2.894,3.008,3.078,3.155,3.736,3.519,3.457,3.486,8.991
2386,43.441,3565.318,23415.351,2.922,2.969,3.153,3.226,3.52,3.634,3.605,3.374,9.415
2387,28.622,3911.683,21774.425,2.951,3.045,3.157,3.259,3.398,3.549,3.768,3.515,9.597
2388,40.584,3774.271,25196.818,2.785,2.877,2.984,3.087,3.277,3.449,3.191,3.343,9.897
2389,39.681,3535.874,21369.047,2.831,2.967,3.058,3.164,3.345,3.659,3.646,3.331,9.58
2390,42.214,2944.771,23916.581,2.892,2.95,3.044,3.176,3.475,3.37,3.467,3.502,9.696
2391,42.113,3713.362,23686.04,2.888,2.95,3.094,3.188,3.498,3.572,3.532,3.801,9.408
2392,37.619,3902.987,23357.744,2.81,2.903,3.049,3.14,3.628,3.386,3.524,3.737,10.227
2393,39.674,3442.875,23592.034,2.942,3.074,3.109,3.205,3.429,3.873,3.47,3.726,10.267
2394,34.056,4135.399,24958.325,2.885,2.983,3.071,3.166,3.244,3.361,3.104,3.878,9.811
2395,42.476,3147.689,19562.438,2.845,2.952,3.009,3.142,3.554,3.36,3.613,3.527,9.156
2396,38.977,3940.671,20200.105,2.905,3.05,3.102,3.182,3.559,3.562,3.521,3.453,10.354
2397,38.379,3860.918,22415.959,2.808,2.866,3.012,3.192,3.348,3.08,3.398,3.81,9.36
2398,45.55,3259.187,21395.604,2.853,2.965,3.037,3.143,3.551,3.522,3.574,3.224,9.453
2399,41.645,4044.789,22950.288,2.852,2.934,3.076,3.136,3.43,3.271,3.483,3.107,9.947
2400,42.713,4218.868,21808.346,2.927,2.952,3.091,3.184,3.394,3.584,3.326,3.459,9.668
2401,38.293,4627.965,21766.19,2.935,3.052,3.149,3.232,3.614,3.618,3.704,3.425,9.724
2402,36.625,3677.44,24913.203,2.924,3.032,3.152,3.206,3.819,3.463,3.463,3.627,9.046
2403,39.434,3785.093,22289.685,2.866,3.01,3.137,3.227,3.491,3.436,3.383,3.667,9.914
2404,40.208,3177.116,21919.38,2.875,3.024,3.094,3.236,3.618,3.595,3.695,3.56,9.51
2405,39.245,3600.853,24737.273,2.91,3.035,3.021,3.179,3.469,3.521,3.249,3.617,9.523
2406,39.811,3921.118,21758.921,2.957,3.0,3.086,3.207,3.465,3.57,3.686,3.297,9.899
2407,41.293,3907.763,22554.84,2.826,2.983,3.054,3.132,3.657,3.358,3.41,3.738,9.01
2408,44.275,2528.121,24410.289,2.907,2.989,3.117,3.218,3.323,3.368,3.479,3.568,9.193
2409,33.389,2948.598,25473.69,2.982,3.057,3.145,3.261,3.501,3.456,3.491,3.946,9.657
2410,34.199,4744.842,23613.903,2.833,2.916,3.094,3.115,3.357,3.563,3.192,3.435,9.022
2411,24.116,4164.832,22400.745,2.948,3.121,3.183,3.352,3.61,3.62,3.577,3.651,10.406
2412,39.162,3824.296,23951.832,2.872,2.935,3.06,3.129,3.487,3.519,3.171,3.306,9.569
2413,32.466,3917.772,22325.801,2.903,2.998,3.067,3.175,3.585,3.565,3.621,3.483,9.155
2414,28.937,3418.449,24702.446,2.896,2.938,3.048,3.15,3.33,3.409,3.036,3.305,10.208
2415,37.703,3951.209,25504.058,2.919,2.923,3.085,3.181,3.586,3.52,3.402,3.613,9.22
2416,33.671,3159.313,23811.867,2.971,2.999,3.101,3.181,3.452,3.526,3.654,3.526,8.618
2417,43.432,3339.696,24402.395,2.97,3.125,3.087,3.274,3.402,3.673,3.257,3.691,10.302
2418,44.77,4076.247,23684.232,2.896,2.974,3.081,3.2,3.604,3.385,3.394,3.608,9.488
2419,41.645,3580.866,22075.312,2.918,3.025,3.086,3.161,3.4,3.647,3.478,3.551,9.077
2420,36.317,4417.209,22401.076,2.893,2.986,3.09,3.223,3.485,3.5,3.574,3.207,10.009
2421,31.403,3229.277,22482.638,2.907,3.006,3.124,3.173,3.473,3.701,3.392,3.45,9.79
2422,33.852,3586.592,23297.285,2.933,2.989,3.099,3.172,3.221,3.6,3.412,3.626,10.262
2423,33.483,3267.165,21538.342,2.858,2.975,3.134,3.216,3.34,3.497,3.521,3.499,9.349
2424,36.314,4285.373,20883.235,2.955,3.027,3.133,3.3,3.714,3.664,3.794,3.519,9.054
2425,36.679,3975.018,26088.925,2.889,3.071,3.084,3.281,3.305,3.995,3.67,3.586,9.947
2426,,,,,3.082,3.187,3.321,3.657,3.878,3.559,3.369,9.407
2427,42.429,3117.626,25870.309,3.006,3.097,3.168,3.315,3.467,3.724,3.599,3.654,9.963
2428,47.677,3810.798,25370.244,2.864,2.95,3.086,3.182,3.707,3.43,3.491,3.282,10.204
2429,39.411,3632.688,22114.205,3.045,3.12,3.253,3.4,3.415,3.623,3.777,3.398,9.941
2430,33.839,3585.679,26012.391,2.955,3.129,3.256,3.301,3.561,3.578,3.435,3.552,9.197
2431,35.012,4186.754,21214.747,3.027,3.193,3.287,3.364,3.646,3.681,3.758,3.289,10.121
2432,38.026,3539.443,22862.646,2.999,3.092,3.192,3.253,3.309,3.341,3.295,3.427,10.123
2433,40.117,3953.924,24011.324,3.019,3.117,3.154,3.283,3.6,3.624,3.58,3.512,9.887
2434,43.913,4104.175,22150.464,3.031,3.096,3.191,3.275,3.52,3.676,3.591,3.418,9.482
2435,35.236,4317.816,21183.583,3.087,3.135,3.203,3.346,3.602,3.613,3.694,3.497,9.476
2436,36.209,2986.871,22953.673,2.926,3.145,3.12,3.313,3.369,3.723,3.618,3.385,10.406
2437,39.043,3574.495,22832.697,2.978,3.063,3.187,3.284,3.683,3.426,3.495,3.638,9.607
2438,44.738,3573.333,25089.131,2.991,3.12,3.152,3.301,3.655,3.322,3.55,3.419,9.305
2439,35.896,3727.338,22209.393,3.113,3.172,3.212,3.4,3.849,3.716,3.611,3.702,10.075
2440,40.637,3935.775,26687.377,3.003,3.121,3.284,3.361,3.705,3.571,3.722,3.834,9.605
2441,32.562,3702.707,21195.872,2.946,3.023,3.225,3.217,3.586,3.873,3.454,3.669,9.908
2442,40.086,4225.326,24378.322,3.023,3.145,3.207,3.305,3.612,3.653,3.598,3.514,9.73
2443,40.466,4302.154,24631.657,2.991,3.09,3.195,3.295,3.551,3.536,3.698,3.582,10.026
2444,40.907,3382.559,24820.894,2.99,3.084,3.204,3.261,3.731,3.787,3.712,3.606,9.467
2445,44.611,3865.137,22718.409,3.053,3.107,3.256,3.321,3.601,3.622,3.901,3.563,10.327
2446,37.714,4371.639,22818.124,3.126,3.232,3.277,3.394,3.75,3.732,3.71,3.387,10.101
2447,41.297,3083.557,23306.404,3.02,3.159,3.237,3.398,3.671,3.514,3.497,3.94,8.766
2448,33.517,3135.169,25294.727,3.041,3.076,3.19,3.339,3.479,3.444,3.358,3.573,10.083
2449,32.039,3329.703,21609.995,3.085,3.082,3.209,3.248,3.282,3.588,3.411,3.571,9.767
2450,37.682,3826.135,23254.972,3.061,3.155,3.275,3.357,3.62,3.721,3.659,3.892,9.986
2451,36.666,3155.532,25889.512,3.088,3.142,3.276,3.365,3.514,3.677,3.725,3.717,9.526
2452,46.446,3464.44,23367.37,3.074,3.162,3.276,3.379,3.821,3.704,3.798,3.772,10.2
2453,41.418,4057.504,24415.512,3.096,3.183,3.27,3.422,3.889,3.79,3.494,3.995,9.245
2454,44.933,3660.184,22833.308,3.067,3.159,3.268,3.369,3.632,3.638,3.67,3.394,10.174
2455,39.87,3565.295,23635.673,3.14,3.171,3.332,3.393,3.9,3.714,3.779,3.832,9.831
2456,42.107,4225.616,25954.96,3.135,3.227,3.355,3.465,3.708,3.693,3.614,3.833,9.88
2457,36.515,3174.715,23327.42,3.123,3.18,3.312,3.412,3.693,3.87,3.61,3.921,10.206
2458,41.268,3677.498,23267.958,2.998,3.145,3.234,3.349,3.736,3.787,3.728,3.588,9.511
2459,35.289,4179.36,25885.752,2.967,3.104,3.239,3.267,3.62,3.546,3.664,3.548,9.94
2460,35.408,3487.457,22268.442,3.006,3.114,3.213,3.323,3.792,3.627,3.633,3.607,9.515
2461,26.142,4315.242,24161.163,3.029,3.119,3.186,3.299,3.476,3.428,3.416,3.778,9.42
2462,39.795,2973.845,23181.148,3.12,3.18,3.301,3.354,3.433,3.618,3.85,3.825,9.329
2463,42.378,4148.088,20613.349,3.023,3.152,3.186,3.355,3.583,3.554,3.701,3.483,9.417
2464,41.237,3497.846,22770.67,3.111,3.205,3.359,3.354,4.031,3.821,3.714,3.982,9.553
2465,39.2,3908.354,22539.275,3.078,3.12,3.295,3.366,3.573,3.507,3.61,3.664,9.817
2466,35.673,4308.589,22669.79,3.084,3.246,3.318,3.472,3.738,4.147,3.752,3.812,8.848
2467,26.232,4203.05,20735.754,3.123,3.248,3.321,3.396,3.561,3.712,3.801,4.082,9.482
2468,32.044,3655.822,22849.287,3.112,3.199,3.303,3.347,3.825,3.631,3.888,3.735,9.82
2469,37.224,3861.893,23879.898,3.188,3.224,3.349,3.388,3.52,3.717,3.399,3.789,9.613
2470,41.378,3792.831,24605.483,3.026,3.13,3.173,3.41,3.665,3.625,3.598,3.823,9.287
2471,43.933,3294.161,23813.922,3.021,3.127,3.144,3.284,3.649,3.512,3.483,3.664,9.796
2472,43.572,4406.729,21779.136,3.108,3.244,3.296,3.407,3.699,3.616,3.893,3.883,9.532
2473,34.6,2885.272,23353.454,3.086,3.259,3.339,3.454,3.747,3.681,3.777,3.785,9.157
2474,36.848,3741.16,22761.428,3.05,3.171,3.244,3.36,3.913,3.828,3.513,3.724,9.89
2475,31.482,4091.404,22923.435,3.17,3.194,3.375,3.47,3.893,3.873,3.888,3.567,10.083
2476,28.668,3475.538,24504.357,3.104,3.286,3.392,3.472,4.033,3.883,3.975,3.849,10.01
2477,33.649,3847.052,24382.495,3.141,3.172,3.332,3.456,3.838,3.584,3.641,4.008,10.323
2478,33.943,3587.437,23017.562,3.152,3.218,3.345,3.44,3.488,3.909,3.816,3.71,10.341
2479,33.433,3719.551,22325.206,3.085,3.209,3.318,3.439,3.854,3.65,3.717,3.843,9.185
2480,41.91,3787.868,20813.493,3.18,3.268,3.406,3.476,3.786,3.518,4.008,3.756,9.379
2481,45.365,4140.679,23981.18,3.059,3.18,3.318,3.368,3.655,3.669,3.662,3.478,9.613
2482,33.919,4514.196,23449.763,3.271,3.28,3.444,3.453,3.568,3.995,3.829,3.671,10.034
2483,46.416,3221.522,22933.494,3.125,3.316,3.369,3.482,3.631,3.79,3.814,3.766,9.492
2484,29.468,3880.079,24753.378,3.202,3.262,3.414,3.433,3.421,3.708,3.795,3.834,9.663
2485,40.112,4173.701,24857.686,3.131,3.218,3.318,3.45,3.723,3.817,4.015,3.618,9.864
2486,40.923,3507.059,24884.629,3.076,3.147,3.327,3.384,3.812,3.729,3.671,3.777,10.119
2487,31.03,4241.374,24331.199,3.242,3.304,3.425,3.531,3.737,3.896,3.838,3.944,9.593
2488,42.982,2295.935,21400.972,3.038,3.234,3.297,3.421,3.847,3.864,3.689,3.701,9.812
2489,36.15,4189.84,23614.834,3.199,3.211,3.363,3.45,3.74,3.631,3.837,3.819,9.971
2490,39.392,3659.615,26609.211,3.168,3.292,3.382,3.425,3.723,3.744,3.833,3.601,9.581
2491,43.781,3566.794,24432.585,3.169,3.305,3.393,3.517,3.884,4.055,3.791,4.05,10.787
2492,41.472,3669.947,23982.165,3.202,3.325,3.44,3.552,3.909,3.944,3.685,3.935,9.396
2493,35.861,4188.017,21962.156,3.162,3.259,3.436,3.544,3.991,3.809,3.691,3.594,9.174
2494,37.86,3520.802,25984.798,3.107,3.206,3.316,3.431,3.631,3.514,3.661,3.991,10.24
2495,46.864,3147.05,23818.634,3.168,3.285,3.384,3.467,3.907,3.941,3.519,3.813,9.404
2496,29.527,3024.45,23970.262,3.143,3.308,3.446,3.519,3.952,3.864,3.952,3.423,10.021
2497,42.941,3372.751,22432.606,3.247,3.348,3.418,3.484,3.89,3.576,3.994,3.868,9.376
2498,43.026,3497.379,23526.883,3.285,3.286,3.452,3.568,3.619,3.968,3.866,3.682,9.751
2499,47.69,3236.38,22876.107,3.277,3.419,3.489,3.535,3.75,3.708,3.675,3.86,9.864
2500,44.981,3849.612,22561.615,3.201,3.361,3.515,3.543,3.674,3.801,3.853,3.86,9.694
2501,30.642,3368.934,22531.656,3.179,3.253,3.341,3.494,3.67,3.962,4.051,3.765,9.513
2502,41.333,3679.314,22820.9,3.236,3.397,3.486,3.512,3.886,3.801,3.641,4.047,9.451
2503,40.196,3331.351,25278.256,3.268,3.344,3.451,3.577,3.835,3.864,3.664,3.899,9.554
2504,42.648,3573.087,22767.094,3.285,3.291,3.381,3.512,3.878,3.839,3.858,3.639,9.689
2505,47.579,3470.871,26311.099,3.316,3.444,3.507,3.567,3.827,4.067,3.777,4.234,10.003
2506,40.234,3653.271,23470.631,3.226,3.285,3.445,3.494,4.107,3.871,3.691,3.873,10.048
2507,37.516,3627.985,24302.123,3.198,3.285,3.383,3.442,3.523,3.898,3.878,3.874,9.887
2508,37.474,3952.377,25491.171,3.214,3.269,3.346,3.475,3.975,4.045,3.914,3.647,10.234
2509,44.003,3468.669,24236.021,3.219,3.292,3.401,3.595,3.959,3.844,3.894,3.802,9.811
2510,33.335,3766.409,25257.125,2.748,2.873,2.941,3.08,3.337,3.523,3.249,3.437,9.868
2511,41.954,3565.703,22539.82,2.79,2.828,2.914,3.058,3.365,3.28,3.344,3.448,9.264
2512,40.488,3832.855,24684.576,2.626,2.744,2.853,2.973,3.21,3.229,3.291,3.297,9.65
2513,29.666,3882.329,24343.395,2.721,2.872,3.021,3.066,3.211,3.358,3.264,3.1,9.724
2514,41.205,4236.171,22759.995,2.878,2.914,3.016,3.139,3.576,3.205,3.375,3.323,8.911
2515,33.211,3535.538,27918.8,2.788,2.961,2.944,3.027,3.187,3.644,3.233,3.322,10.612
2516,48.79,3792.29,23069.488,2.807,2.888,3.051,3.107,3.226,3.381,3.482,3.358,10.248
2517,34.202,3369.605,25259.82,2.753,2.84,2.959,3.049,3.246,3.286,3.207,3.631,9.225
2518,43.782,2974.652,24823.941,2.721,2.859,2.923,3.044,3.445,3.432,3.404,3.425,9.793
2519,37.667,3494.854,24193.347,2.836,2.97,3.012,3.199,3.411,3.58,3.229,3.449,9.871
2520,33.708,3714.106,22394.077,2.792,2.894,2.987,3.122,3.63,3.404,3.473,3.288,9.902
2521,41.207,4019.834,22611.805,2.848,2.927,3.044,3.171,3.571,3.408,3.592,3.572,8.953
2522,32.464,3529.737,23371.084,2.984,3.019,3.155,3.217,3.85,3.544,3.456,3.552,9.083
2523,38.065,3547.302,21664.106,2.73,2.897,2.98,3.098,3.58,3.529,3.367,3.54,9.653
2524,46.226,3106.685,22378.783,2.797,2.873,3.02,3.105,3.552,3.253,3.353,3.419,9.404
2525,37.468,4176.612,22226.79,2.825,2.913,3.018,3.157,3.387,3.341,3.293,3.482,9.832
2526,50.345,3067.593,21761.557,2.888,2.984,3.065,3.198,3.651,3.273,3.371,3.26,10.28
2527,44.62,3427.178,23725.162,2.884,2.98,3.07,3.156,3.503,3.568,3.443,3.224,9.063
2528,31.725,3728.884,22172.916,2.775,2.884,2.993,3.085,3.374,3.382,3.417,3.248,10.064
2529,50.42,3236.613,24595.095,2.754,2.892,2.976,3.095,3.343,3.364,3.351,3.486,9.389
2530,47.975,3641.732,24840.074,2.806,2.969,3.031,3.108,3.343,3.491,3.317,3.471,9.234
2531,29.649,2605.14,20524.947,2.806,2.947,3.014,3.118,3.476,3.21,3.344,3.354,9.936
2532,38.048,3268.54,26749.989,2.867,2.91,3.02,3.14,3.521,3.435,3.557,3.317,9.577
2533,48.825,3646.852,24226.742,2.86,2.932,3.082,3.134,3.65,3.306,3.309,3.039,9.095
2534,39.232,1956.275,25543.944,2.82,2.9,3.008,3.079,3.656,3.605,3.349,3.31,10.681
2535,39.888,2564.816,24505.5,2.838,2.96,3.082,3.156,3.667,3.858,3.288,3.097,9.887
2536,35.214,3448.885,22960.737,2.827,2.944,3.123,3.12,3.611,3.371,3.552,3.283,9.243
2537,40.029,2488.78,22272.476,2.787,2.906,3.002,3.1,3.591,3.552,3.595,3.393,9.653
2538,42.5,2998.939,21890.535,2.738,2.877,2.903,3.096,3.7,3.264,3.356,3.408,9.744
2539,49.546,3729.556,22149.103,2.842,2.948,3.061,3.126,3.448,3.682,3.532,3.59,9.693
2540,36.632,2491.149,25449.772,2.836,2.901,3.011,3.159,3.511,3.647,3.247,3.565,9.319
2541,40.798,3663.958,22745.504,2.851,2.856,2.982,3.099,3.344,3.264,3.156,3.372,9.523
2542,48.75,3281.818,24027.97,2.879,2.888,3.067,3.185,3.568,3.643,3.824,3.579,10.074
2543,43.089,3208.005,21506.164,2.835,2.974,3.075,3.161,3.555,3.25,3.489,3.54,8.864
2544,33.963,2278.882,22366.826,2.992,2.988,3.065,3.253,3.469,3.412,3.378,3.554,10.065
2545,44.617,3449.867,24489.632,2.789,2.951,3.026,3.197,3.332,3.349,3.256,3.602,9.468
2546,42.455,2580.162,25698.542,2.818,2.976,3.039,3.21,3.315,3.645,3.597,3.543,9.863
2547,31.958,2980.514,25472.11,2.825,2.882,2.987,3.1,3.223,3.505,3.146,3.183,9.307
2548,47.687,3761.352,22567.485,2.953,3.013,3.156,3.164,3.462,3.502,3.578,3.533,10.129
2549,33.8,2649.499,23946.155,2.828,3.002,3.133,3.135,3.444,3.312,3.573,3.661,10.035
2550,46.833,2833.223,20728.703,2.88,3.009,3.118,3.218,3.432,3.54,3.539,3.62,9.96
2551,42.03,2474.894,24404.305,2.849,2.942,3.078,3.142,3.498,3.344,2.988,3.294,9.497
2552,44.305,2427.938,22653.968,2.799,2.981,3.067,3.127,3.557,3.503,3.522,3.588,9.88
2553,34.733,3013.517,23366.386,2.859,2.965,3.075,3.213,3.556,3.452,3.53,3.387,10.427
2554,37.22,3297.734,19721.241,2.83,3.011,3.009,3.09,3.357,3.373,3.462,3.229,9.722
2555,41.653,2936.504,22802.846,2.793,2.877,3.006,3.162,3.428,3.371,3.332,3.625,10.297
2556,38.038,2845.396,22447.229,2.932,3.092,3.155,3.231,3.378,3.523,3.448,3.363,9.108
2557,35.643,3024.73,22250.158,2.832,2.95,3.128,3.157,3.299,3.231,3.807,3.513,9.292
2558,38.878,3398.804,24283.316,2.829,2.935,3.038,3.104,3.596,3.517,3.388,3.093,9.622
2559,36.609,2581.668,25132.555,2.823,2.942,2.965,3.1,3.296,3.447,3.413,3.401,9.784
2560,41.939,3477.676,21757.633,2.77,2.894,2.98,3.146,3.109,3.66,3.591,3.425,9.177
2561,37.353,2477.88,22522.896,2.91,2.954,3.085,3.184,3.448,3.408,3.232,3.601,9.785
2562,25.106,2668.844,22853.146,2.85,2.899,3.022,3.113,3.392,3.467,3.35,3.579,9.805
2563,50.523,3352.483,22821.711,2.814,2.922,3.021,3.12,3.326,3.352,3.474,3.35,9.218
2564,41.731,2952.333,22987.928,2.796,2.916,3.046,3.161,3.487,3.326,3.538,3.571,9.499
2565,44.91,2958.237,20653.865,2.92,2.967,3.091,3.222,3.7,3.603,3.573,3.376,9.815
2566,31.29,2311.281,22303.477,2.906,3.001,3.156,3.236,3.57,3.403,3.587,3.487,10.17
2567,35.843,3109.682,24022.904,2.811,2.914,3.03,3.105,3.402,3.756,3.341,3.304,9.545
2568,41.826,3371.15,20889.183,2.845,2.894,3.061,3.088,3.45,3.363,3.57,3.408,9.632
2569,53.165,2815.27,24365.02,2.848,3.003,3.044,3.167,3.64,3.403,3.621,3.385,9.827
2570,43.835,3307.406,22429.906,2.829,2.942,3.061,3.156,3.45,3.457,3.311,3.076,9.331
2571,39.466,2838.271,22003.054,2.934,3.021,3.115,3.234,3.646,3.502,3.569,3.431,10.283
2572,42.684,2255.236,21879.857,2.841,2.926,3.008,3.106,3.516,3.774,3.59,3.16,8.99
2573,34.213,2832.914,23084.847,2.791,2.841,2.949,3.09,3.133,3.154,3.421,3.3,9.721
2574,36.109,3062.215,22411.499,2.813,2.916,2.994,3.157,3.535,3.452,3.428,3.403,9.217
2575,45.991,3093.465,21185.23,2.776,2.875,2.974,3.079,3.178,3.196,3.144,3.398,9.114
2576,42.096,2911.73,22019.063,2.819,2.909,2.992,3.041,3.444,3.198,3.726,3.336,9.599
2577,42.834,2827.992,23774.813,2.85,2.978,3.052,3.13,3.27,3.842,3.469,3.622,9.305
2578,48.074,3325.831,23817.646,2.831,2.944,3.068,3.097,3.427,3.459,3.388,3.487,9.812
2579,42.847,3222.121,20447.148,2.839,2.905,3.014,3.11,3.514,3.601,3.571,3.171,8.742
2580,33.731,2503.706,22128.225,2.736,2.871,2.915,3.065,3.407,3.668,3.377,3.515,9.575
2581,50.287,2531.148,23402.322,2.761,2.913,2.935,3.072,3.386,3.228,3.483,3.493,9.982
2582,45.356,3092.258,22085.95,2.783,2.927,3.027,3.081,3.493,3.357,3.478,3.473,9.813
2583,47.343,2275.653,21228.599,2.77,2.931,2.995,3.155,3.333,3.612,3.385,3.506,9.735
2584,38.968,2687.537,26085.03,2.921,3.046,3.104,3.247,3.402,3.418,3.553,3.53,9.519
2585,44.356,2677.128,20203.821,2.759,2.808,2.982,3.03,3.07,3.428,3.286,3.726,10.564
2586,50.106,2479.832,20840.503,2.886,2.901,3.02,3.12,3.781,3.403,3.419,3.452,9.768
2587,38.729,3520.088,25956.311,2.726,2.82,2.894,2.981,3.379,2.943,3.393,3.317,9.776
2588,46.275,2951.566,21971.416,2.731,2.861,2.918,3.097,3.29,3.627,3.299,3.253,9.736
2589,49.38,2533.201,22024.376,2.692,2.805,2.887,3.05,3.471,3.303,3.292,3.263,9.863
2590,51.784,2196.646,23308.497,2.751,2.854,2.906,3.06,2.953,3.322,3.399,3.32,9.558
2591,35.769,2467.344,21835.696,2.818,2.981,3.056,3.116,3.545,3.548,3.69,3.3,9.241
2592,36.319,3041.562,22425.357,2.853,2.876,2.952,3.061,3.489,3.448,3.3,3.523,9.256
2593,37.797,2650.979,21664.154,2.802,2.966,3.083,3.162,3.655,3.435,3.416,3.574,9.84
2594,41.929,2755.142,23411.128,2.754,2.837,2.963,3.074,3.458,3.538,3.513,3.143,9.828
2595,41.322,2783.722,22464.168,2.83,2.918,3.063,3.037,3.351,3.759,3.237,3.392,9.614
2596,42.673,2261.791,23479.545,2.739,2.858,2.929,3.079,3.51,3.269,3.263,3.212,9.521
2597,44.474,3018.225,23890.438,2.769,2.907,2.977,3.097,3.473,3.227,3.323,3.765,9.035
2598,37.933,3068.604,23830.787,2.835,2.977,3.04,3.166,3.332,3.53,3.161,3.524,9.93
2599,45.017,3121.076,21348.456,2.728,2.849,2.869,3.023,2.999,3.111,3.335,3.314,9.438
2600,36.286,2489.316,21609.405,2.607,2.845,2.879,2.936,3.282,3.311,3.272,2.966,10.2
2601,41.023,2635.527,22558.594,2.844,2.894,3.022,3.102,3.59,3.399,3.817,3.546,9.743
2602,34.488,3026.725,22022.367,2.735,2.816,2.928,2.981,3.347,3.224,3.36,3.514,9.702
2603,50.694,3030.337,24264.219,2.67,2.78,2.925,2.981,3.205,3.284,3.496,3.403,9.836
2604,28.245,2792.893,22427.804,2.746,2.801,2.931,3.007,3.224,3.116,3.189,3.241,9.496
2605,39.078,3078.232,23709.007,2.697,2.904,2.996,3.026,3.34,3.077,3.338,3.345,9.4
2606,34.186,2535.927,22100.803,2.747,2.856,2.918,3.063,3.416,3.438,3.395,3.494,10.066
2607,44.96,2530.815,22594.712,2.72,2.841,2.916,3.052,3.689,3.246,3.304,3.362,10.222
2608,45.526,2578.394,22763.058,2.677,2.734,2.845,3.032,3.295,3.374,3.329,3.207,9.318
2609,40.969,2932.286,20103.343,2.7,2.844,2.914,2.959,3.254,3.491,3.381,3.253,9.537
2610,36.34,2151.59,24173.474,2.776,2.872,2.946,3.019,3.281,3.581,3.436,3.304,9.315
2611,34.324,2208.239,21551.654,2.797,2.915,2.988,3.086,3.389,3.702,3.29,3.573,9.47
2612,37.86,2841.158,21299.217,2.618,2.708,2.792,2.927,3.359,3.214,3.396,2.996,9.546
2613,42.269,2617.623,20743.536,2.714,2.844,2.94,3.048,3.265,3.313,3.126,3.246,9.886
2614,48.576,1392.112,21541.976,2.715,2.817,2.905,3.029,2.888,3.321,3.268,3.355,8.886
2615,44.589,2569.173,20972.451,2.691,2.793,2.874,3.033,3.155,3.086,3.355,3.351,9.328
2616,48.046,2714.805,20994.607,2.648,2.753,2.907,2.979,3.693,3.18,3.235,3.111,9.328
2617,41.879,3086.129,23612.148,2.671,2.793,2.906,2.964,3.238,3.287,3.274,3.571,9.273
2618,41.547,2691.573,21591.726,2.686,2.766,2.858,3.001,3.365,3.365,3.313,3.353,9.873
2619,44.235,2882.843,22247.073,2.649,2.714,2.855,2.957,3.431,3.154,3.116,3.518,9.147
2620,43.713,2681.736,22030.245,2.726,2.772,2.907,2.966,3.446,3.089,3.277,3.285,9.498
2621,38.717,2910.142,24468.926,2.609,2.748,2.829,2.923,3.618,3.144,3.372,3.27,9.568
2622,45.812,2774.199,22521.28,2.725,2.842,2.958,2.966,3.342,3.281,3.26,3.159,9.455
2623,44.013,2308.294,23749.969,2.547,2.669,2.796,2.913,3.167,2.932,3.17,3.135,8.97
2624,39.192,2475.343,20067.196,2.62,2.675,2.768,2.899,3.321,3.207,3.325,3.407,9.559
2625,45.275,2570.932,21446.437,2.566,2.616,2.719,2.862,3.038,3.042,3.388,3.291,9.367
2626,39.581,2121.054,22195.948,2.632,2.77,2.878,2.962,3.172,3.386,3.274,3.388,9.499
2627,41.349,2927.196,22490.772,2.53,2.698,2.835,2.823,3.217,3.137,3.444,3.228,8.902
2628,39.984,2788.937,21229.992,2.566,2.661,2.823,2.913,3.053,3.031,3.383,3.144,9.138
2629,42.54,2327.367,20113.516,2.654,2.703,2.9,3.019,3.346,3.311,3.236,3.266,9.775
2630,46.625,3053.754,23084.894,2.725,2.829,2.94,3.029,3.26,3.049,3.371,3.318,8.956
2631,35.753,2660.331,21988.789,2.655,2.722,2.789,2.848,3.061,3.086,3.141,3.32,9.193
2632,44.521,3107.345,24684.528,2.667,2.749,2.866,3.017,3.179,3.336,3.028,2.96,10.511
2633,41.122,2644.187,24958.692,2.618,2.732,2.834,2.929,3.3,3.092,3.528,3.088,10.511
2634,38.687,3361.587,23034.801,2.589,2.703,2.886,2.913,3.282,3.413,3.371,3.178,9.81
2635,36.144,2447.129,22558.655,2.526,2.6,2.73,2.869,2.94,2.946,3.262,3.07,10.135
2636,45.714,3047.97,23420.294,2.483,2.632,2.784,2.858,3.18,3.19,3.11,3.085,10.103
2637,40.58,3318.536,21377.878,2.59,2.709,2.813,2.894,3.075,3.405,3.447,3.249,9.72
2638,43.67,2780.525,21326.293,2.594,2.705,2.765,2.888,3.242,3.287,3.426,2.912,10.371
2639,44.031,2438.565,21472.968,2.559,2.57,2.766,2.89,2.794,3.195,3.118,3.14,10.277
2640,50.143,2773.297,22368.392,2.599,2.69,2.716,2.832,3.407,3.028,3.054,3.155,9.849
2641,49.929,2719.65,22478.252,2.53,2.592,2.688,2.802,3.005,2.887,3.105,3.353,10.419
2642,47.094,2341.883,23053.388,2.602,2.681,2.817,2.891,3.213,3.071,3.182,3.247,9.675
2643,47.378,3194.793,23118.114,2.627,2.726,2.791,2.926,3.165,3.144,3.08,2.927,9.83
2644,53.683,2304.479,19454.509,2.603,2.7,2.794,2.928,3.13,3.23,3.252,3.239,10.201
2645,44.685,2793.552,21945.196,2.598,2.639,2.799,2.945,3.181,2.867,3.175,3.306,9.288
2646,46.083,3067.064,23774.682,2.499,2.665,2.697,2.877,3.163,3.072,3.222,2.827,9.573
2647,45.626,3082.198,20228.153,2.664,2.683,2.858,2.945,3.268,3.275,3.12,3.221,9.887
2648,39.449,2926.21,20498.766,2.524,2.588,2.718,2.813,3.258,3.487,2.958,3.116,9.62
2649,43.027,3193.015,21871.415,2.582,2.715,2.754,2.853,3.251,3.397,3.251,2.849,9.55
2650,43.439,2260.44,20297.516,2.518,2.652,2.744,2.822,3.103,3.116,3.286,3.092,9.814
2651,43.73,2279.486,20312.431,2.454,2.616,2.682,2.867,2.873,2.925,2.876,3.015,9.394
2652,43.744,2929.866,20571.72,2.552,2.6,2.678,2.822,3.215,3.208,3.274,3.091,9.991
2653,42.382,2799.983,22239.124,2.592,2.665,2.82,2.822,3.24,3.33,3.398,2.892,10.118
2654,46.396,2723.731,21862.497,2.614,2.737,2.755,2.91,3.271,3.188,3.249,3.264,9.614
2655,36.965,2478.011,23061.805,2.569,2.673,2.769,2.855,3.226,3.354,3.074,3.321,8.967
2656,45.027,2427.58,19930.378,2.414,2.487,2.577,2.693,3.075,2.917,3.005,2.918,9.195
2657,39.034,3135.534,21761.91,2.6,2.686,2.774,2.918,3.04,2.823,3.257,3.306,9.386
2658,32.296,2899.831,19367.259,2.375,2.528,2.605,2.681,2.995,3.083,2.894,2.933,10.235
2659,35.252,3435.912,22131.105,2.608,2.751,2.767,2.962,3.474,3.07,3.399,3.014,9.849
2660,42.384,2463.036,20932.495,2.518,2.626,2.742,2.866,2.943,3.381,3.331,3.247,9.067
2661,46.134,2847.816,22167.934,2.551,2.644,2.763,2.822,3.022,3.095,3.25,2.938,9.499
2662,40.126,3076.098,23944.966,2.556,2.727,2.755,2.867,3.061,3.161,3.312,3.395,9.731
2663,42.103,2773.601,24341.776,2.532,2.599,2.678,2.807,3.092,3.181,3.395,3.199,9.641
2664,45.067,2391.371,19417.143,2.495,2.643,2.699,2.801,3.184,3.166,2.974,3.011,9.608
2665,40.894,2178.599,20850.865,2.528,2.637,2.735,2.823,3.114,3.159,2.814,3.159,10.041
2666,45.628,2933.587,22574.46,2.539,2.561,2.713,2.838,2.975,2.762,3.173,3.017,9.746
2667,49.817,2580.474,20801.529,2.503,2.568,2.772,2.782,3.085,3.194,3.115,3.13,9.61
2668,48.453,2449.427,23127.678,2.52,2.579,2.77,2.819,3.33,3.219,3.16,3.085,9.753
2669,39.003,2859.812,22239.197,2.395,2.425,2.55,2.63,2.857,2.881,2.704,3.43,9.494
2670,37.363,2451.481,22603.365,2.541,2.589,2.678,2.801,3.064,3.075,3.185,3.269,9.932
2671,52.368,3128.26,21983.852,2.453,2.579,2.624,2.755,3.114,2.908,2.922,2.778,9.124
2672,48.708,2424.535,24567.43,2.651,2.765,2.822,2.972,3.164,3.13,3.256,3.527,9.715
2673,50.018,2723.471,23885.245,2.563,2.64,2.706,2.835,3.002,3.064,3.001,3.111,9.731
2674,44.361,2891.536,21942.591,2.551,2.628,2.737,2.847,3.146,3.034,3.129,3.173,10.002
2675,,,,,2.598,2.742,2.803,3.117,3.021,3.166,2.821,9.849
2676,46.395,3392.417,20598.287,2.549,2.659,2.753,2.805,2.992,3.395,3.346,3.247,9.412
2677,37.494,2297.686,21133.399,2.491,2.555,2.729,2.754,3.119,3.186,3.023,3.065,9.905
2678,41.583,2111.189,22162.19,2.539,2.635,2.74,2.813,3.608,3.186,3.324,2.99,10.289
2679,45.626,2898.034,22093.0,2.566,2.645,2.758,2.849,3.041,3.085,3.252,3.351,9.214
2680,43.972,2655.072,20205.568,2.5,2.591,2.773,2.837,3.304,3.123,3.05,3.324,9.566
2681,38.809,2492.272,21380.788,2.489,2.641,2.748,2.821,3.088,3.166,2.749,2.99,10.005
2682,45.577,2365.584,20906.996,2.521,2.686,2.771,2.901,3.224,3.418,3.072,3.234,9.392
2683,41.567,3084.918,21611.985,2.49,2.566,2.718,2.793,2.942,3.115,3.028,2.912,10.328
2684,46.409,3136.517,20224.445,2.47,2.531,2.586,2.754,3.051,2.945,3.152,3.039,9.544
2685,41.519,3159.042,24367.09,2.562,2.647,2.773,2.89,3.158,3.173,3.188,3.376,9.732
2686,42.403,2817.587,18813.081,2.574,2.635,2.762,2.928,3.201,3.298,3.135,3.059,9.939
2687,37.836,3438.979,22879.708,2.441,2.547,2.621,2.731,3.082,2.963,3.035,3.061,10.127
2688,52.13,2598.336,23903.598,2.583,2.683,2.736,2.852,3.271,3.296,3.007,3.206,10.428
2689,50.67,3290.2,25465.87,2.49,2.596,2.701,2.807,3.106,3.303,2.955,3.293,9.598
2690,38.709,2185.403,22049.216,2.526,2.719,2.756,2.898,3.233,2.971,3.444,2.865,10.099
2691,40.527,2550.429,20976.608,2.538,2.672,2.744,2.833,3.144,3.066,3.164,3.041,9.431
2692,48.946,2555.693,22525.291,2.398,2.535,2.628,2.787,3.042,3.047,3.017,3.057,9.933
2693,37.154,1847.105,23778.75,2.546,2.633,2.682,2.804,3.007,2.948,2.934,3.152,9.893
2694,47.923,3423.474,21701.828,2.591,2.649,2.741,2.846,3.187,3.137,2.81,3.248,9.603
2695,46.999,2858.915,22376.613,2.589,2.646,2.792,2.857,3.342,2.999,3.081,3.034,10.115
2696,40.68,2787.78,22304.305,2.576,2.604,2.75,2.823,3.139,3.099,3.183,3.173,9.785
2697,48.343,2796.001,21156.103,2.486,2.548,2.68,2.715,2.849,3.014,3.156,3.119,9.268
2698,44.689,2853.332,24631.688,2.546,2.613,2.713,2.861,3.133,2.951,3.215,3.001,9.717
2699,43.641,3340.183,21998.431,2.497,2.571,2.672,2.782,3.19,3.159,3.026,2.848,9.937
2700,44.351,3297.045,24342.516,2.513,2.642,2.664,2.856,3.092,3.037,3.236,3.158,10.267
2701,44.042,2598.406,23045.141,2.505,2.645,2.786,2.845,3.014,3.2,3.042,3.081,9.528
2702,37.21,2743.245,22388.676,2.462,2.542,2.576,2.737,2.974,2.869,3.07,2.862,9.581
2703,43.193,2702.567,19847.597,2.52,2.578,2.727,2.801,3.412,2.895,2.879,3.406,10.455
2704,41.842,2911.054,22091.274,2.482,2.615,2.691,2.831,3.167,3.238,3.128,3.366,10.123
2705,41.529,2679.071,19961.895,2.448,2.549,2.646,2.795,3.004,3.149,3.144,3.194,10.199
2706,44.953,2828.103,22451.042,2.58,2.646,2.731,2.895,3.264,3.032,3.026,2.825,10.227
2707,41.043,3052.455,24065.739,2.494,2.57,2.747,2.789,3.204,3.01,3.138,3.061,9.631
2708,43.589,3087.566,23563.48,2.511,2.649,2.765,2.829,3.277,3.113,3.386,3.035,10.161
2709,45.773,2857.591,20559.244,2.386,2.517,2.617,2.646,3.07,3.089,2.897,3.066,9.738
2710,39.094,2619.04,24855.418,2.503,2.721,2.77,2.869,3.059,3.468,2.919,3.313,8.877
2711,,,,,2.608,2.681,2.818,3.284,3.122,3.017,3.039,9.759
2712,38.115,2725.495,21387.9,2.418,2.572,2.721,2.845,3.096,3.134,3.318,2.81,9.607
2713,41.407,2945.235,21528.976,2.573,2.767,2.769,2.917,3.151,3.238,3.131,3.139,9.432
2714,46.535,2756.141,23826.883,2.468,2.529,2.565,2.682,2.973,2.984,3.139,3.195,10.292
2715,44.901,3194.095,19385.343,2.569,2.62,2.767,2.873,3.179,3.212,3.247,3.047,9.856
2716,33.881,2647.492,23284.91,2.557,2.69,2.736,2.824,3.242,2.793,2.963,3.25,9.596
2717,37.986,2362.655,22074.553,2.434,2.468,2.678,2.736,3.143,2.836,3.097,2.931,10.037
2718,44.379,3003.009,23775.861,2.524,2.715,2.715,2.845,2.674,2.905,3.096,3.185,9.842
2719,29.112,2062.481,23141.872,2.542,2.612,2.685,2.797,3.019,3.382,3.111,2.785,10.251
2720,40.242,3015.292,22119.736,2.466,2.551,2.684,2.738,2.978,3.039,3.252,3.321,9.203
2721,36.822,2659.536,20683.021,2.477,2.586,2.722,2.789,3.02,3.24,3.101,2.986,10.316
2722,42.123,2497.617,22104.438,2.578,2.693,2.794,2.832,3.207,3.075,2.974,2.7,10.136
2723,31.381,2460.866,23719.959,2.555,2.672,2.855,2.925,3.466,2.98,3.038,3.278,10.132
2724,40.349,2091.613,20373.154,2.45,2.57,2.679,2.797,3.058,3.15,3.14,3.23,10.345
2725,41.601,1963.966,21196.739,2.494,2.6,2.671,2.774,2.889,2.984,2.937,3.187,10.033
2726,33.207,2539.511,22217.843,2.543,2.726,2.793,2.822,3.165,3.193,2.937,2.994,9.783
2727,44.541,2903.587,25627.987,2.674,2.772,2.853,2.993,3.24,3.116,3.279,3.232,9.751
2728,43.813,2365.41,19166.47,2.421,2.552,2.65,2.766,2.692,3.052,3.203,3.06,10.007
2729,45.563,3051.049,23029.224,2.461,2.574,2.721,2.762,2.931,3.082,3.005,2.971,9.284
2730,36.76,2307.882,22419.422,2.457,2.625,2.712,2.818,3.149,3.097,2.92,2.908,9.731
2731,43.472,2864.458,24842.043,2.433,2.63,2.7,2.775,3.204,3.041,3.066,2.8,9.887
2732,41.517,2606.963,23470.025,2.652,2.725,2.75,2.921,3.191,3.463,3.464,3.19,9.975
2733,46.059,2401.835,22590.354,2.457,2.662,2.695,2.868,3.035,3.047,3.021,2.938,9.416
2734,45.198,2212.057,22475.448,2.641,2.769,2.89,2.965,3.068,3.303,3.37,3.351,9.778
2735,39.284,3098.064,22771.936,2.591,2.681,2.756,2.931,3.274,3.036,3.254,3.107,10.032
2736,42.554,2622.034,21318.108,2.656,2.731,2.758,2.91,3.136,3.265,3.248,3.129,9.217
2737,45.119,1955.369,23325.89,2.576,2.688,2.829,2.923,3.051,3.246,3.261,3.253,9.39
2738,41.289,2484.988,22678.341,2.551,2.665,2.703,2.791,3.004,3.166,3.262,3.039,10.376
2739,45.905,2210.345,20107.438,2.465,2.576,2.713,2.842,3.036,3.109,3.185,3.127,10.338
2740,43.878,2520.007,21760.22,2.65,2.743,2.849,2.889,3.246,3.398,3.366,3.416,10.193
2741,43.073,3187.589,24682.056,2.664,2.716,2.797,3.013,3.477,3.356,3.557,3.301,10.258
2742,39.307,2998.033,22793.288,2.582,2.727,2.848,2.931,3.41,3.626,3.134,3.232,9.56
2743,37.959,2856.451,23434.108,2.591,2.691,2.788,2.894,2.804,2.972,3.362,3.11,9.418
2744,32.104,2553.314,23622.99,2.565,2.716,2.818,2.89,3.294,3.259,3.217,3.176,9.411
2745,32.225,3004.562,22551.051,2.568,2.686,2.807,2.861,3.174,3.224,3.186,3.414,10.275
2746,35.216,2953.964,21593.08,2.502,2.712,2.735,2.851,3.121,2.975,3.16,3.27,10.805
2747,42.325,3042.928,21756.835,2.595,2.689,2.792,2.898,3.345,3.356,3.312,3.276,9.648
2748,38.177,2219.575,22665.407,2.6,2.655,2.821,2.89,3.115,3.102,3.337,3.238,10.303
2749,40.292,2828.073,22541.564,2.448,2.606,2.653,2.777,3.264,3.225,3.042,3.235,10.05
2750,42.879,3129.249,23212.508,2.447,2.594,2.643,2.804,3.199,3.006,3.08,3.113,10.268
2751,30.029,2195.663,24017.366,2.591,2.701,2.8,2.844,3.208,3.082,3.299,3.208,9.706
2752,40.792,2715.839,22902.674,2.572,2.555,2.709,2.768,3.16,3.148,3.379,2.849,8.926
2753,51.638,2489.956,24162.056,2.514,2.61,2.714,2.839,3.112,3.309,2.77,2.999,9.921
2754,41.263,2460.767,20604.914,2.528,2.611,2.719,2.724,2.96,2.859,3.259,2.976,10.216
2755,37.692,2511.641,24976.995,2.619,2.736,2.836,2.902,3.357,3.174,3.162,3.133,10.45
2756,39.396,2423.23,22290.358,2.58,2.725,2.819,2.932,3.159,3.386,3.234,3.487,9.824
2757,35.893,2407.252,22702.944,2.587,2.772,2.793,2.944,3.323,3.102,3.101,3.48,9.238
2758,43.126,2679.328,23446.087,2.738,2.828,2.89,2.946,3.022,3.449,3.543,3.432,9.824
2759,52.106,2874.279,24072.449,2.679,2.72,2.873,2.963,3.139,3.067,3.252,3.307,9.164
2760,51.695,2500.023,22828.397,2.766,2.848,2.881,3.006,3.378,2.908,3.381,3.211,10.275
2761,32.498,2697.001,22576.878,2.63,2.766,2.837,2.963,3.471,3.116,3.322,3.52,10.316
2762,39.338,1938.941,22100.469,2.728,2.781,2.895,3.034,3.248,3.322,3.298,3.12,10.8
2763,45.567,3085.877,24784.081,2.717,2.834,2.923,2.997,3.22,3.273,3.385,3.226,9.866
2764,39.188,2654.08,22013.784,2.729,2.861,2.923,3.053,3.278,3.302,3.317,3.373,9.931
2765,51.952,2430.372,22408.496,2.66,2.738,2.767,2.989,3.396,3.147,3.254,3.33,9.98
2766,36.773,1580.53,20413.158,2.581,2.66,2.783,2.861,2.961,3.431,3.018,3.095,9.897
2767,45.604,2889.713,22118.708,2.636,2.769,2.834,2.984,3.239,3.431,3.259,3.422,8.944
2768,40.252,2262.766,24287.893,2.768,2.806,2.945,3.068,3.3,3.261,3.517,3.543,8.884
2769,37.906,3071.631,22009.112,2.719,2.873,2.972,3.014,3.233,3.421,3.2,3.331,10.498
2770,31.552,2288.309,22755.617,2.695,2.762,2.876,2.978,3.194,3.279,3.472,3.249,9.508
2771,42.502,1910.649,22137.257,2.718,2.846,2.88,2.969,3.564,3.22,3.352,3.095,9.579
2772,46.086,2998.94,22195.348,2.753,2.847,2.951,3.044,3.166,3.184,3.196,3.328,9.803
2773,45.095,2714.583,22703.032,2.65,2.804,2.898,3.041,3.57,3.136,3.237,3.422,9.473
2774,45.687,1735.763,20639.201,2.672,2.783,2.888,3.013,3.171,3.185,3.078,3.436,9.352
2775,42.687,3341.057,22751.4,2.668,2.814,2.929,2.997,3.113,3.328,3.343,3.114,10.497
2776,43.069,2294.027,25543.235,2.692,2.802,2.851,2.988,3.204,3.649,3.228,3.294,9.981
2777,48.128,1594.457,21805.094,2.611,2.705,2.847,2.94,3.284,3.173,3.183,3.247,9.844
2778,32.051,3469.086,21640.483,2.782,2.887,3.018,3.171,3.213,3.466,3.608,3.091,10.325
2779,47.182,2270.706,19419.82,2.653,2.743,2.834,2.96,3.302,3.052,3.379,3.024,9.808
2780,41.963,2115.749,19088.148,2.628,2.721,2.808,2.919,3.649,3.221,3.238,3.205,9.905
2781,35.149,2632.005,21443.397,2.646,2.809,2.91,2.945,3.225,3.196,3.329,3.397,10.21
2782,43.193,2727.251,23322.19,2.689,2.807,2.941,2.952,3.25,3.303,3.125,3.395,9.608
2783,32.439,2370.525,20842.808,2.717,2.784,2.971,2.952,3.156,3.332,3.343,3.322,10.037
2784,45.276,2923.446,20806.82,2.743,2.759,2.859,2.974,3.265,3.365,3.31,3.248,10.311
2785,40.699,2707.444,22400.649,2.701,2.832,2.884,3.019,3.176,3.189,3.441,3.4,10.11
2786,37.274,3415.926,24748.695,2.788,2.904,2.932,3.07,3.489,3.222,3.325,3.234,9.22
2787,50.1,2731.621,21415.65,2.68,2.735,2.888,2.969,3.136,3.447,3.258,3.461,9.452
2788,31.842,2390.581,20389.255,2.727,2.762,2.842,3.024,3.274,3.096,3.365,3.229,10.556
2789,49.416,2969.9,22935.828,2.817,2.854,2.95,3.098,3.352,3.324,3.494,3.18,11.045
2790,46.336,2724.39,21539.485,2.63,2.757,2.856,2.955,3.07,2.841,3.085,3.008,10.004
2791,35.542,2674.842,23889.909,2.596,2.726,2.862,2.944,3.308,3.401,3.527,3.438,9.518
2792,40.299,2565.347,23608.65,2.701,2.718,2.853,2.97,3.249,3.424,3.343,3.326,10.394
2793,35.518,3216.688,21819.311,2.746,2.796,2.849,2.959,3.47,3.354,3.046,3.366,9.895
2794,35.947,3004.031,24546.469,2.759,2.83,2.945,3.058,3.401,3.24,3.452,3.436,9.365
2795,53.854,2681.312,25283.747,2.608,2.728,2.848,2.884,3.235,3.45,3.172,3.464,9.851
2796,37.184,2686.782,23079.43,2.637,2.768,2.844,2.981,3.396,3.218,3.051,3.564,10.025
2797,42.278,2284.154,19708.738,2.64,2.738,2.856,2.929,3.069,3.364,3.436,3.373,9.57
2798,46.348,2156.699,20404.256,2.62,2.728,2.885,2.931,3.076,3.37,3.167,3.054,9.737
2799,40.029,2329.059,23186.147,2.612,2.734,2.782,2.94,3.549,3.218,3.477,3.318,9.305
2800,38.18,2598.103,25095.547,2.732,2.862,2.97,3.001,3.441,3.635,3.358,3.109,9.438
2801,42.428,2415.425,22040.708,2.678,2.826,2.873,3.035,3.318,3.276,3.551,3.416,9.528
2802,41.566,2629.821,22040.164,2.684,2.863,2.982,3.047,3.17,3.448,3.46,3.596,9.457
2803,36.676,3255.311,24024.415,2.739,2.847,2.923,3.053,3.179,3.274,3.126,3.235,10.022
2804,42.129,1643.903,24249.429,2.738,2.833,2.973,3.035,3.203,3.433,3.397,3.326,9.963
2805,36.372,2293.845,23489.249,2.776,2.841,2.925,3.027,3.439,3.207,3.176,3.114,9.494
2806,39.741,2471.299,23327.82,2.836,2.875,3.024,3.111,3.426,3.529,3.517,3.62,9.765
2807,42.648,2453.781,22513.748,2.792,2.834,2.918,3.08,3.104,3.447,3.618,3.27,9.509
2808,47.039,2729.849,20059.426,2.59,2.757,2.735,2.868,2.9,3.289,3.37,3.059,9.395
2809,38.814,2757.277,22064.578,2.777,2.844,2.954,3.071,3.574,3.147,3.331,2.958,10.094
2810,35.141,2730.037,23974.572,2.8,2.916,2.987,3.051,3.267,3.301,3.195,3.386,10.895
2811,41.143,2581.129,25307.395,2.771,2.85,2.956,3.069,3.3,3.556,3.56,3.406,9.808
2812,43.741,3403.685,20488.646,2.66,2.822,2.879,3.012,3.4,3.332,3.386,3.149,9.372
2813,46.383,2212.094,20634.094,2.71,2.772,2.907,3.003,3.465,3.288,3.149,3.035,10.127
2814,41.476,2159.885,23760.867,2.744,2.878,2.94,3.093,2.995,3.308,3.285,3.309,9.41
2815,36.394,2961.379,22641.367,2.736,2.879,2.944,3.068,3.303,3.55,3.292,3.46,9.765
2816,36.222,2636.51,21059.407,2.748,2.87,3.001,3.159,3.524,3.273,3.548,3.247,9.724
2817,34.726,2329.685,25378.375,2.659,2.71,2.827,2.89,3.405,3.116,3.135,3.294,10.481
2818,41.575,2722.903,20940.704,2.769,2.829,2.97,2.985,3.518,3.543,3.308,3.476,10.245
2819,36.167,2652.199,23082.501,2.81,2.834,2.991,3.099,3.144,3.475,3.426,3.536,9.626
2820,39.146,2245.613,23386.897,2.735,2.892,2.975,3.11,3.313,3.197,3.631,3.566,9.752
2821,45.743,2545.449,24473.166,2.878,2.962,3.067,3.17,3.528,3.331,3.658,3.15,9.831
2822,39.193,2867.884,21495.715,2.766,2.753,2.897,3.064,3.342,3.298,3.248,3.164,10.586
2823,41.795,2461.93,22335.807,2.691,2.775,2.883,3.004,3.328,3.114,3.387,3.189,10.64
2824,42.227,3373.048,22714.021,2.834,2.861,3.014,3.062,3.254,3.245,3.309,3.535,10.06
2825,36.551,2158.647,20307.876,2.78,2.913,3.003,3.089,3.44,3.261,3.24,3.536,10.045
2826,38.658,2279.254,22245.44,2.607,2.734,2.9,3.028,3.407,2.941,3.587,3.228,9.583
2827,44.474,3061.147,22188.821,2.693,2.81,2.879,3.039,3.457,3.408,3.519,3.523,9.653
2828,35.569,2870.552,24245.868,2.784,2.856,2.919,3.022,3.105,3.578,3.368,3.484,9.735
2829,47.874,2433.336,23551.227,2.811,2.826,3.053,3.035,3.475,3.331,3.386,3.402,10.037
2830,44.366,3032.749,22030.891,2.776,2.885,2.991,3.067,3.506,3.74,3.556,3.427,9.95
2831,45.184,2309.119,21892.606,2.855,2.925,3.028,3.112,3.402,3.32,3.396,3.516,9.782
2832,39.383,2964.93,22164.445,2.713,2.855,2.892,3.034,3.393,3.495,3.215,3.065,10.6
2833,37.472,2490.045,20476.282,2.712,2.819,2.914,3.024,3.326,3.236,3.502,3.013,9.391
2834,44.299,2254.605,21629.111,2.662,2.734,2.85,2.983,3.347,3.081,3.011,3.459,9.845
2835,52.168,1942.875,24127.283,2.781,2.861,2.983,3.073,3.148,3.358,3.368,3.461,9.696
2836,45.768,2775.02,23155.637,2.677,2.769,2.872,2.999,3.388,3.526,3.456,3.415,9.96
2837,38.271,2267.745,23362.492,2.725,2.827,2.925,3.003,3.543,3.246,2.981,3.686,10.264
2838,32.289,3575.426,21053.856,2.787,2.91,2.949,3.066,3.484,3.16,3.472,3.286,9.35
2839,39.929,2962.545,23261.693,2.832,2.829,3.028,3.093,3.346,3.183,3.367,3.428,10.397
2840,39.051,2515.268,22446.95,2.71,2.814,2.912,2.989,3.334,3.692,3.233,3.153,9.002
2841,35.847,2371.998,22054.031,2.718,2.798,2.922,2.992,3.33,3.36,3.262,3.385,9.281
2842,38.191,3363.284,22833.027,2.72,2.849,2.89,2.988,3.272,3.201,3.356,3.27,9.945
2843,48.201,3157.073,22269.533,2.786,2.899,2.952,3.006,3.615,3.554,3.111,3.294,9.515
2844,37.917,2870.935,21441.79,2.707,2.837,2.845,3.052,3.2,3.418,3.341,3.103,10.439
2845,42.707,2268.902,25503.124,2.757,2.819,2.94,3.058,3.397,3.271,3.094,3.176,9.557
2846,47.088,2852.25,21883.534,2.76,2.839,2.955,3.058,3.428,3.145,3.251,3.335,10.173
2847,46.354,2001.117,23085.98,2.781,2.882,3.015,3.067,3.704,3.528,3.278,3.262,10.813
2848,45.548,2467.565,19120.006,2.824,2.861,2.989,3.116,3.406,3.533,3.486,3.272,9.372
2849,36.432,3192.939,25115.769,2.655,2.782,2.874,2.978,3.227,3.03,3.418,3.418,9.895
2850,44.263,2326.804,21914.789,2.67,2.758,2.889,2.927,3.328,3.268,3.297,3.444,10.121
2851,30.719,2140.53,20058.6,2.701,2.823,2.946,2.992,3.1,3.646,3.126,3.369,10.07
2852,35.211,2258.415,20932.04,2.748,2.85,2.983,3.083,3.533,3.399,3.582,3.273,9.536
2853,44.771,1990.408,21978.176,2.767,2.847,2.92,3.047,3.215,3.567,3.374,3.223,10.38
2854,45.864,2556.807,22616.924,2.817,2.895,3.034,3.105,3.302,3.418,3.567,3.61,9.184
2855,46.179,2394.657,22116.795,2.807,2.859,2.984,3.049,3.35,3.576,3.221,3.571,9.841
2856,42.606,2900.84,21760.119,2.673,2.752,2.908,2.999,3.211,3.255,3.292,3.346,9.675
2857,45.1,3086.988,22216.047,2.79,2.832,2.962,3.067,3.218,3.433,2.993,3.416,10.414
2858,39.789,2129.416,25110.161,2.774,2.834,3.0,3.07,3.326,3.175,3.511,3.657,10.716
2859,35.711,2871.612,22757.721,2.768,2.933,2.96,3.037,3.163,3.358,3.249,3.331,9.516
2860,42.86,3630.442,20879.52,2.616,2.762,2.873,2.959,3.288,3.389,3.456,3.427,9.061
2861,48.361,2511.222,20430.461,2.628,2.738,2.896,2.927,3.134,3.488,3.153,3.122,9.521
2862,50.279,2882.707,23567.268,2.618,2.674,2.758,2.94,3.276,3.414,2.975,3.445,10.36
2863,44.58,2896.926,21805.03,2.664,2.847,2.909,2.907,3.302,3.232,3.395,3.217,9.631
2864,34.692,2482.048,22491.292,2.67,2.748,2.897,2.999,3.357,3.497,3.412,3.374,9.915
2865,42.523,2089.279,22334.118,2.633,2.713,2.837,2.993,3.354,3.142,2.969,3.064,11.006
2866,41.074,2553.08,22621.662,2.67,2.732,2.833,2.905,3.308,3.225,3.06,3.124,10.041
2867,38.421,1906.369,23225.199,2.658,2.806,2.876,2.966,3.324,3.323,3.259,3.113,9.841
2868,42.651,2784.765,24371.326,2.622,2.7,2.809,2.949,3.264,3.278,3.202,3.483,9.836
2869,37.729,2376.572,24226.199,2.664,2.705,2.791,2.929,2.945,3.151,3.206,3.187,10.052
2870,40.343,2815.725,23314.932,2.643,2.772,2.913,2.962,3.347,3.36,3.252,3.172,9.606
2871,46.231,2471.619,22390.446,2.678,2.765,2.927,2.974,3.395,3.285,3.232,3.415,9.685
2872,35.759,2591.431,24013.851,2.662,2.826,2.85,2.896,3.082,3.199,3.324,3.142,10.617
2873,45.968,2640.882,22718.799,2.748,2.824,2.855,2.963,3.278,3.284,3.227,3.586,9.962
2874,39.248,2290.427,22990.878,2.663,2.815,2.868,2.924,3.524,3.351,3.339,3.465,10.099
2875,43.053,2455.452,21298.295,2.661,2.722,2.853,2.936,3.196,3.198,3.203,3.532,10.045
2876,50.783,2046.621,22470.376,2.693,2.77,2.821,2.937,3.371,3.049,3.533,2.894,9.733
2877,38.6,2766.049,22152.634,2.627,2.724,2.819,2.866,3.07,3.281,3.296,3.177,9.964
2878,40.832,3049.424,26939.733,2.639,2.76,2.878,2.949,3.088,3.42,3.156,3.152,10.119
2879,46.236,3146.241,21275.04,2.668,2.804,2.943,3.036,3.167,3.502,3.577,3.22,10.236
2880,44.7,2179.713,21256.099,2.687,2.808,2.897,2.978,3.481,3.17,3.274,3.14,10.172
2881,54.019,2598.953,18862.0,2.701,2.778,2.899,2.986,3.371,3.263,2.991,3.341,9.708
2882,46.079,2972.093,22800.383,2.691,2.756,2.904,2.988,3.211,3.305,3.298,3.341,10.364
2883,42.168,2593.036,21774.349,2.608,2.759,2.879,2.977,3.056,3.576,3.376,3.448,9.585
2884,37.371,2984.091,23202.101,2.614,2.743,2.813,2.946,3.294,2.981,3.382,3.344,9.799
2885,43.36,2928.072,22284.352,2.584,2.728,2.747,2.829,3.342,3.038,3.197,3.375,9.195
2886,52.902,2727.334,23511.458,2.638,2.685,2.746,2.904,3.397,3.386,3.12,3.309,10.122
2887,43.921,2544.473,19318.552,2.574,2.732,2.779,2.878,2.934,3.173,3.248,3.11,10.29
2888,35.893,2982.29,22653.274,2.716,2.774,2.885,2.949,3.264,3.47,3.323,3.207,10.277
2889,40.577,2483.217,23753.274,2.646,2.664,2.799,2.887,2.944,3.26,3.238,3.437,9.968
2890,38.829,2381.029,21566.16,2.678,2.788,2.871,2.961,3.208,3.33,3.045,3.181,10.08
2891,43.378,2679.776,22884.485,2.609,2.655,2.74,2.858,3.277,2.933,3.273,3.323,9.425
2892,40.769,2681.27,22578.218,2.563,2.673,2.843,2.892,3.099,3.103,2.953,3.414,9.904
2893,38.838,2354.957,23124.386,2.636,2.745,2.79,2.84,3.127,3.338,3.4,3.374,10.246
2894,36.719,3068.303,21426.709,2.634,2.767,2.86,2.909,3.342,3.218,3.202,3.396,10.145
2895,40.66,1879.297,22200.542,2.718,2.797,2.899,3.045,3.025,3.269,3.42,3.354,10.229
2896,44.25,2992.691,18974.727,2.564,2.659,2.707,2.871,3.048,2.93,2.883,3.406,10.132
2897,47.083,3009.456,20789.765,2.696,2.765,2.896,2.936,3.361,3.032,3.287,2.946,10.085
2898,39.511,2949.986,23616.264,2.637,2.682,2.764,2.87,3.333,3.108,3.189,3.229,10.484
2899,47.739,3048.737,20733.918,2.653,2.761,2.833,2.93,3.214,3.288,3.221,3.171,10.806
2900,31.703,2670.696,25400.793,2.707,2.785,2.841,2.993,3.218,3.131,3.25,3.116,9.804
2901,50.209,2386.471,22502.99,2.59,2.737,2.801,2.855,3.451,3.192,3.099,3.418,10.181
2902,33.649,3703.628,21513.004,2.679,2.734,2.865,2.927,3.101,3.278,3.58,3.138,10.095
2903,38.538,3356.26,23763.644,2.593,2.693,2.841,2.877,3.17,3.312,3.024,2.95,10.225
2904,41.171,2672.98,21174.839,2.545,2.686,2.731,2.897,2.805,3.084,3.441,3.172,9.844
2905,38.983,2618.699,21502.894,2.55,2.706,2.695,2.868,3.156,3.136,3.062,3.383,9.796
2906,52.075,2641.378,22774.288,2.644,2.725,2.862,2.919,3.099,3.356,2.969,3.277,9.547
2907,38.867,2703.726,20936.337,2.578,2.742,2.831,2.915,3.148,3.326,3.619,3.103,9.758
2908,51.753,3571.945,20549.151,2.531,2.729,2.791,2.827,2.983,3.438,3.208,3.241,10.144
2909,22.2,2953.818,22314.901,2.552,2.634,2.743,2.883,3.377,3.401,3.255,3.019,10.205
2910,31.124,2357.297,23978.437,2.57,2.617,2.777,2.826,3.281,3.098,3.129,3.035,10.68
2911,42.45,2509.863,21468.383,2.637,2.649,2.767,2.894,3.139,3.327,2.997,3.165,9.542
2912,35.985,2659.103,21365.969,2.719,2.84,2.874,2.956,3.436,3.271,3.383,3.412,9.41
2913,33.984,2238.219,21494.777,2.538,2.657,2.764,2.821,2.994,2.943,3.106,3.014,10.601
2914,39.888,2482.032,23807.64,2.54,2.659,2.734,2.833,3.302,3.052,3.416,3.229,9.551
2915,39.09,2779.477,22895.226,2.601,2.673,2.831,2.88,3.027,3.254,3.336,3.074,9.372
2916,38.326,2440.734,21861.471,2.539,2.717,2.8,2.932,3.286,3.124,3.159,3.106,9.478
2917,38.774,1969.175,23694.337,2.659,2.706,2.825,2.877,3.358,3.296,3.262,3.009,10.232
2918,41.904,3241.336,23309.093,2.505,2.593,2.682,2.801,3.025,3.19,3.029,2.926,10.038
2919,44.681,2498.35,20220.054,2.627,2.699,2.83,2.868,2.913,3.0,3.111,3.125,9.819
2920,45.952,2995.171,22554.482,2.503,2.61,2.748,2.822,3.025,3.006,3.088,2.864,9.936
2921,41.932,2304.965,22139.942,2.628,2.718,2.816,2.911,3.297,3.266,3.227,3.29,10.254
2922,34.842,2981.325,19612.208,2.611,2.695,2.775,2.928,3.167,3.147,3.299,3.23,10.236
2923,37.312,2626.421,19966.594,2.528,2.625,2.749,2.82,3.079,3.261,3.281,3.178,10.313
2924,38.939,2516.421,25675.632,2.449,2.629,2.706,2.727,3.217,3.021,3.198,3.095,10.133
2925,45.403,2843.327,22683.029,2.645,2.735,2.873,2.972,3.507,2.996,3.375,3.138,10.034
2926,36.289,2336.417,23037.142,2.538,2.623,2.737,2.868,3.361,3.119,3.025,2.876,10.268
2927,46.724,3074.102,22629.847,2.651,2.644,2.751,2.892,2.787,3.134,3.066,2.852,9.525
2928,34.878,3298.191,23023.217,2.477,2.551,2.601,2.701,3.133,3.01,3.078,2.863,9.86
2929,42.338,2476.927,21889.139,2.541,2.671,2.771,2.892,2.992,3.171,3.405,3.098,10.471
2930,40.111,2386.185,22947.042,2.533,2.72,2.773,2.834,3.354,3.117,2.962,3.06,9.522
2931,45.279,3000.206,21676.948,2.419,2.456,2.619,2.733,2.944,3.096,3.049,3.156,10.34
2932,47.077,3263.265,21984.826,2.531,2.67,2.817,2.869,3.069,3.392,3.131,3.307,10.134
2933,41.133,2457.286,22352.032,2.559,2.753,2.828,2.908,3.327,3.071,3.278,3.144,9.934
2934,39.299,2967.855,23168.368,2.466,2.578,2.652,2.782,2.874,3.153,3.058,3.295,10.282
2935,46.167,3106.462,20881.241,2.496,2.651,2.729,2.828,3.102,3.001,2.994,3.158,10.305
2936,38.626,2314.824,18638.836,2.484,2.629,2.756,2.834,3.258,3.163,3.201,3.045,9.51
2937,43.447,2169.269,22486.495,2.494,2.581,2.7,2.805,3.269,3.278,2.909,3.101,9.785
2938,42.856,2918.132,23257.5,2.45,2.615,2.687,2.818,2.993,3.23,3.192,3.035,9.874
2939,39.731,3258.713,21281.611,2.502,2.586,2.695,2.711,3.015,3.346,3.162,3.178,9.535
2940,38.439,2272.519,20616.132,2.517,2.59,2.724,2.757,3.357,2.978,3.203,2.857,9.639
2941,46.082,3076.688,22471.727,2.522,2.591,2.701,2.838,3.362,3.121,3.043,2.876,10.46
2942,43.783,2647.442,19753.905,2.569,2.647,2.748,2.865,3.179,3.089,3.197,3.151,10.442
2943,36.741,2932.78,22842.191,2.468,2.602,2.681,2.763,3.156,2.927,2.919,3.283,9.914
2944,35.662,3202.71,24707.243,2.483,2.589,2.652,2.821,3.153,3.014,3.313,3.092,10.461
2945,47.428,2534.358,20611.348,2.517,2.647,2.716,2.853,3.017,3.169,3.314,3.182,10.726
2946,51.953,1953.071,21175.742,2.655,2.685,2.799,2.874,3.299,3.116,3.049,3.188,9.778
2947,41.571,2414.645,22186.664,2.554,2.678,2.78,2.93,3.334,3.138,3.303,3.127,9.882
2948,41.289,2459.313,21455.438,2.468,2.542,2.743,2.845,3.008,3.105,3.18,3.347,10.477
2949,46.284,2987.541,20145.514,2.51,2.61,2.734,2.813,2.964,3.449,2.945,3.038,10.331
2950,39.14,2415.524,19163.696,2.475,2.563,2.696,2.732,2.947,3.185,3.1,2.796,10.256
2951,35.699,2294.761,21796.723,2.514,2.636,2.734,2.792,3.288,3.162,3.094,3.233,10.336
2952,45.701,2516.455,24250.694,2.424,2.534,2.643,2.725,2.935,2.942,3.328,3.192,10.182
2953,41.166,3144.567,24206.745,2.469,2.587,2.717,2.794,3.091,3.031,3.086,3.109,9.73
2954,48.657,2313.65,22862.69,2.429,2.551,2.63,2.768,3.08,3.313,3.039,3.078,9.732
2955,43.208,2895.023,18895.316,2.486,2.595,2.7,2.841,3.023,3.313,2.912,2.836,9.953
2956,46.048,2166.416,18783.369,2.459,2.693,2.703,2.783,3.015,3.28,3.162,3.157,9.539
2957,38.946,3740.384,22670.242,2.47,2.622,2.709,2.837,2.76,3.374,3.233,3.016,10.027
2958,44.936,1870.998,20763.471,2.606,2.663,2.74,2.858,3.335,3.193,3.093,3.223,9.703
2959,40.176,2889.377,21438.208,2.556,2.618,2.795,2.812,3.144,2.993,3.037,3.313,9.875
2960,46.904,2856.768,22514.178,2.505,2.594,2.754,2.801,3.454,2.859,2.996,2.873,10.374
2961,49.502,2335.869,23552.755,2.629,2.666,2.765,2.883,3.309,3.331,2.968,3.16,9.96
2962,41.546,2473.594,21094.757,2.448,2.529,2.618,2.793,3.049,2.894,3.057,2.96,9.545
2963,41.067,2706.966,23093.218,2.63,2.745,2.837,2.92,3.275,3.208,3.146,3.262,10.919
2964,33.248,2660.685,19498.979,2.451,2.474,2.614,2.729,3.009,3.101,3.145,3.024,10.751
2965,51.384,2480.831,22341.365,2.515,2.639,2.746,2.877,3.136,3.218,3.15,2.96,10.07
2966,52.374,2624.038,22613.052,2.553,2.675,2.801,2.845,3.251,2.904,3.387,3.074,10.102
2967,48.561,1830.646,21907.213,2.498,2.629,2.701,2.824,3.103,2.912,3.078,3.186,9.966
2968,36.035,3077.611,22747.675,2.522,2.557,2.707,2.847,3.146,3.175,3.259,2.737,10.984
2969,41.869,2807.141,20785.706,2.418,2.642,2.622,2.771,2.949,3.236,3.091,3.053,10.923
2970,37.907,3253.626,22460.478,2.55,2.635,2.766,2.838,2.794,3.312,3.119,3.002,10.032
2971,43.029,2424.205,20980.215,2.562,2.679,2.78,2.867,3.329,2.965,3.298,3.004,11.041
2972,40.376,2479.566,20546.654,2.539,2.562,2.744,2.83,3.038,3.033,3.141,3.078,10.65
2973,40.913,2657.261,19838.087,2.576,2.613,2.765,2.84,3.166,3.089,3.113,2.873,10.565
2974,31.429,2630.768,22821.468,2.589,2.661,2.763,2.86,3.424,3.13,3.284,3.319,10.548
2975,41.937,3088.894,21802.719,2.602,2.584,2.65,2.791,2.982,3.001,3.343,3.207,9.956
2976,46.706,2955.558,21795.875,2.649,2.763,2.794,2.875,3.268,3.071,3.433,3.068,9.468
2977,40.006,2589.65,20042.142,2.587,2.657,2.842,2.88,3.064,3.142,3.138,3.246,10.941
2978,36.936,2675.089,22526.46,2.587,2.634,2.752,2.874,3.328,3.088,3.433,2.991,10.274
2979,37.479,2800.181,23194.965,2.596,2.689,2.747,2.903,3.193,3.2,3.241,3.512,9.653
2980,38.94,3238.609,22624.526,2.591,2.692,2.776,2.867,3.235,2.864,2.928,2.886,10.266
2981,39.382,2713.822,23621.087,2.518,2.718,2.718,2.817,3.034,3.027,3.216,3.062,10.948
2982,39.277,2663.464,21955.479,2.575,2.644,2.751,2.809,3.084,3.348,3.414,3.258,10.199
2983,52.908,2678.577,21219.454,2.611,2.686,2.817,2.916,2.824,3.184,2.857,3.534,10.235
2984,38.798,2694.215,22017.004,2.586,2.715,2.862,2.916,3.104,3.248,3.264,3.307,10.007
2985,40.87,3409.892,23723.925,2.532,2.652,2.764,2.846,3.109,3.16,3.149,3.133,10.527
2986,46.088,3036.141,21907.826,2.546,2.668,2.758,2.943,3.488,3.288,3.245,2.845,10.275
2987,42.95,2518.873,18167.741,2.606,2.666,2.836,2.876,3.273,3.056,3.246,3.272,10.847
2988,37.233,1926.055,22794.502,2.514,2.669,2.771,2.844,3.12,3.344,2.991,3.448,10.526
2989,39.239,3699.281,21993.53,2.635,2.784,2.847,2.932,3.381,3.309,3.163,3.48,10.324
2990,41.625,2422.651,22307.794,2.646,2.757,2.906,2.981,3.211,3.308,3.145,3.325,10.337
2991,43.846,2741.724,23919.256,2.693,2.795,2.836,2.994,3.135,3.19,3.489,3.249,9.539
2992,35.906,2697.099,21835.461,2.662,2.709,2.835,2.947,3.316,3.318,3.018,3.226,10.155
2993,46.378,3016.078,21226.299,2.528,2.761,2.741,2.827,3.322,3.236,3.255,2.968,10.26
2994,46.761,2896.636,20520.295,2.625,2.749,2.811,2.904,3.305,2.928,3.402,3.121,9.012
2995,38.447,2609.632,23382.635,2.531,2.673,2.785,2.897,3.275,3.193,3.214,3.11,9.967
2996,41.401,3304.628,25042.828,2.675,2.714,2.823,2.945,3.17,3.324,3.578,3.174,10.722
2997,,,,,2.772,2.907,2.963,3.21,3.259,3.349,3.314,10.221
2998,39.896,3363.827,19341.346,2.452,2.518,2.662,2.814,2.996,2.953,3.306,3.145,10.393
2999,30.458,3085.971,23274.884,2.686,2.718,2.806,2.952,3.474,3.059,3.112,3.326,10.312
3000,37.581,3351.746,21303.668,2.671,2.715,2.844,2.93,3.207,3.414,3.332,3.533,10.145
3001,55.24,3346.26,22436.029,2.645,2.739,2.813,3.009,3.254,3.199,2.95,3.066,9.726
3002,37.544,2904.52,19488.394,2.689,2.787,2.852,2.985,3.151,3.385,3.348,3.308,9.452
3003,40.745,3371.95,22302.011,2.634,2.665,2.774,2.904,3.532,2.881,3.182,3.114,9.699
3004,52.031,2553.88,20247.238,2.74,2.744,2.938,2.954,3.112,3.114,2.987,3.008,10.414
3005,39.253,3321.587,25227.067,2.684,2.803,2.91,3.001,3.295,3.454,3.372,3.358,9.757
3006,38.897,2647.287,20065.968,2.63,2.761,2.876,2.937,3.337,2.925,3.275,3.218,10.261
3007,37.188,3082.991,22773.271,2.629,2.789,2.889,2.938,3.013,3.195,3.166,3.048,10.291
3008,44.566,3152.928,22870.745,2.628,2.719,2.82,2.959,3.293,3.376,3.18,3.136,10.786
3009,37.221,2999.18,22072.154,2.672,2.785,2.868,2.939,3.643,3.212,3.217,2.986,10.607
3010,46.602,3612.403,22115.304,2.789,2.731,2.858,2.972,3.143,3.432,3.239,3.345,10.47
3011,47.917,3045.013,22710.625,2.577,2.666,2.805,2.9,3.134,2.979,3.205,3.186,10.094
3012,49.888,1929.85,23266.137,2.693,2.761,2.865,2.997,3.077,3.167,3.351,3.095,10.391
3013,48.372,2120.147,24575.395,2.629,2.799,2.823,2.946,3.12,3.158,3.24,3.447,10.524
3014,40.622,2495.154,23746.097,2.646,2.773,2.856,3.003,3.425,3.346,3.165,3.215,10.367
3015,34.168,2249.091,21344.96,2.681,2.786,2.863,3.005,3.176,3.442,3.298,3.409,10.439
3016,37.288,2117.485,22340.058,2.62,2.714,2.809,2.844,3.154,3.361,3.143,3.283,10.539
3017,53.546,2763.147,23658.886,2.734,2.854,2.91,3.005,3.257,3.528,3.382,3.004,10.277
3018,41.933,2853.102,20881.106,2.789,2.911,3.002,3.054,3.423,3.446,3.274,3.394,10.181
3019,45.238,2849.29,21622.543,2.711,2.77,2.864,2.991,3.206,3.337,3.42,3.28,10.367
3020,34.615,3255.628,23093.105,2.664,2.816,2.918,3.007,3.238,3.259,3.345,3.418,10.594
3021,47.787,2804.698,24902.511,2.742,2.759,2.894,2.997,3.369,3.254,3.174,3.225,9.733
3022,43.188,2651.908,23224.899,2.795,2.864,2.915,3.041,3.386,3.027,3.416,3.267,10.271
3023,38.113,2385.691,19785.836,2.736,2.824,2.912,3.012,3.019,3.196,3.179,3.216,9.709
3024,46.931,2755.948,20575.291,2.83,2.854,3.061,3.101,3.664,3.135,3.117,3.422,10.269
3025,44.132,2703.18,23517.238,2.731,2.785,2.906,3.017,3.616,3.388,3.626,3.046,10.104
3026,30.977,2758.237,20391.283,2.761,2.899,2.95,3.084,3.361,3.532,3.811,3.269,10.688
3027,45.281,2595.77,22274.556,2.727,2.883,2.91,3.08,3.403,3.549,3.006,3.348,10.481
3028,43.114,2387.073,19649.399,2.692,2.806,2.96,3.077,3.367,3.088,3.377,3.246,10.784
3029,35.812,3057.786,22332.782,2.813,2.859,2.91,3.046,3.598,3.392,3.431,3.24,10.859
3030,39.916,2670.345,20164.727,2.704,2.784,2.897,2.994,3.149,3.543,3.274,3.396,9.833
3031,,,,,2.833,2.904,3.044,3.191,3.422,3.42,3.287,10.422
3032,48.486,2572.767,21343.552,2.819,2.927,3.014,3.118,3.461,3.146,3.386,3.386,10.042
3033,45.297,2024.427,22519.449,2.752,2.854,2.917,3.029,3.328,3.09,3.314,3.476,10.476
3034,41.598,2461.685,25697.046,2.726,2.797,2.964,2.931,3.421,3.605,3.145,3.264,9.82
3035,42.165,3045.501,24785.869,2.716,2.835,2.902,3.034,3.148,3.222,3.351,3.223,10.526
3036,44.106,2864.687,21537.541,2.81,2.861,3.016,3.097,3.571,3.843,3.601,3.546,10.724
3037,45.286,3119.188,23441.636,2.763,2.945,3.018,3.08,3.359,3.213,3.526,3.298,9.944
3038,48.073,3409.269,24193.432,2.779,2.892,2.964,3.122,3.5,3.558,3.376,3.421,10.057
3039,50.324,2036.642,22674.931,2.671,2.767,2.88,2.983,3.322,3.032,3.295,3.239,10.506
3040,37.715,2595.512,21269.01,2.784,2.894,2.993,3.09,3.187,3.527,3.429,3.435,10.171
3041,39.011,2752.701,22300.292,2.784,2.925,2.945,3.083,3.392,3.468,3.156,3.567,10.161
3042,41.549,2985.07,24008.416,2.906,2.958,3.066,3.154,3.477,3.793,3.532,3.443,10.776
3043,39.536,2863.888,23763.492,2.878,2.994,3.109,3.214,3.275,3.284,3.362,3.102,10.17
3044,46.438,3036.215,22610.552,2.913,3.04,3.119,3.223,3.439,3.659,3.393,3.646,10.482
3045,38.525,2620.611,23291.118,2.808,2.833,2.929,3.064,3.259,3.237,3.256,3.258,9.509
3046,41.296,2563.165,24669.456,2.952,3.002,3.105,3.19,3.621,3.608,3.562,3.568,10.142
3047,40.395,3352.797,18216.553,2.906,3.045,3.131,3.224,3.611,3.467,3.304,3.677,9.974
3048,46.085,3389.946,23700.51,2.876,2.931,3.035,3.129,3.536,3.433,3.558,3.434,9.627
3049,48.544,3337.194,22902.738,2.904,3.002,3.126,3.148,3.406,3.51,3.509,3.357,10.365
3050,38.319,3626.265,19623.091,2.962,2.981,3.102,3.216,3.316,3.296,3.371,3.619,9.862
3051,38.514,2631.123,25802.156,2.862,2.999,3.083,3.129,3.443,3.712,3.597,3.246,10.673
3052,47.453,3265.244,23814.992,2.907,2.998,3.114,3.231,3.528,3.356,3.576,3.54,10.193
3053,46.57,2785.66,23321.464,2.841,2.966,3.069,3.185,3.627,3.641,3.596,3.548,10.832
3054,45.325,2767.609,22852.55,2.956,3.025,3.156,3.219,3.496,3.501,3.598,3.367,10.512
3055,51.112,3996.61,22154.613,2.941,3.008,3.127,3.223,3.819,3.455,3.382,3.549,10.684
3056,,,,,3.094,3.178,3.25,3.585,3.787,3.501,3.546,9.895
3057,42.503,2905.201,22602.273,3.019,3.11,3.265,3.319,3.638,3.408,3.546,3.633,10.749
3058,38.042,2982.846,20635.666,2.911,2.941,3.091,3.247,3.702,3.38,3.389,3.234,10.965
3059,41.208,3256.768,24273.88,3.064,3.113,3.179,3.273,3.524,3.776,3.449,3.741,10.873
3060,46.346,3238.938,23643.535,2.916,3.048,3.161,3.273,3.371,3.507,3.3,3.503,10.521
3061,46.323,2423.341,20406.611,3.054,3.074,3.179,3.311,3.483,3.552,3.419,3.43,9.667
3062,37.854,3055.545,23942.545,2.866,2.97,3.085,3.159,3.344,3.426,3.435,3.542,10.891
3063,36.028,2908.511,22625.489,3.03,3.099,3.24,3.367,3.071,3.357,3.835,3.515,9.3
3064,31.042,3630.578,20153.374,2.959,3.019,3.125,3.219,3.759,3.585,3.325,3.445,10.966
3065,40.493,3188.826,22331.705,3.001,3.079,3.121,3.228,3.565,3.355,3.289,3.489,10.571
3066,46.065,3114.842,23522.232,2.936,3.077,3.161,3.29,3.824,3.621,3.449,3.338,10.775
3067,45.111,2773.36,23669.291,2.957,3.067,3.166,3.284,3.585,3.534,3.518,3.578,10.636
3068,41.615,3113.152,26163.65,2.944,3.035,3.058,3.267,3.722,3.457,3.781,3.689,10.725
3069,37.249,2557.734,22898.649,3.081,3.193,3.302,3.4,3.683,3.696,3.528,3.56,10.446
3070,51.109,2922.857,21089.583,3.09,3.108,3.253,3.349,3.768,3.685,3.771,3.773,9.861
3071,41.912,3474.912,20866.948,3.224,3.274,3.388,3.426,3.761,3.786,3.619,3.604,10.201
3072,41.545,2423.179,22134.81,2.976,3.049,3.158,3.287,3.752,3.72,3.518,3.564,10.546
3073,48.685,2394.37,23175.579,2.996,3.074,3.187,3.308,3.68,3.561,3.736,3.686,10.633
3074,48.518,2559.691,20279.581,3.131,3.229,3.371,3.373,3.83,3.8,3.83,3.834,10.605
3075,43.142,2911.91,23754.281,2.971,3.114,3.213,3.246,3.475,3.477,3.705,3.553,10.172
3076,35.599,2608.561,21795.836,3.025,3.188,3.268,3.353,3.675,3.414,3.402,3.681,10.354
3077,45.468,3077.419,22637.768,3.011,3.147,3.242,3.347,3.446,3.705,3.524,3.799,9.916
3078,46.302,3071.066,22203.816,3.034,3.128,3.272,3.348,3.628,3.498,3.546,3.492,10.398
3079,40.691,2850.277,21441.713,2.921,3.105,3.188,3.239,3.227,3.483,3.636,3.589,10.286
3080,50.272,2814.527,21411.463,3.079,3.147,3.224,3.334,3.641,3.742,3.489,3.74,10.646
3081,39.772,2553.937,23107.528,3.177,3.259,3.374,3.521,3.716,3.715,3.702,3.752,10.385
3082,44.494,3007.502,22008.061,3.084,3.183,3.304,3.432,3.737,3.839,3.595,3.81,10.24
3083,38.305,2600.079,23705.014,3.171,3.284,3.375,3.459,3.938,4.071,3.557,3.623,10.55
3084,39.229,2921.021,23206.576,3.036,3.156,3.325,3.357,3.643,3.702,3.632,3.69,11.078
3085,44.951,2870.054,23834.672,3.161,3.168,3.266,3.377,3.803,3.765,3.833,4.052,9.321
3086,49.814,2492.215,20750.676,3.127,3.218,3.328,3.439,3.429,3.629,3.588,3.604,9.869
3087,32.877,2562.631,21111.871,3.137,3.219,3.346,3.404,3.997,4.01,3.707,3.684,10.459
3088,50.109,4376.768,24001.452,3.167,3.209,3.318,3.357,3.666,3.439,3.716,3.526,10.057
3089,44.197,3464.296,22202.357,3.025,3.258,3.34,3.418,3.625,3.809,3.655,3.709,10.372
3090,32.09,3184.75,25398.653,3.145,3.256,3.408,3.415,3.782,3.605,3.819,3.808,10.384
3091,37.91,2762.262,22385.797,3.118,3.237,3.391,3.397,3.49,3.686,3.537,3.613,9.963
3092,46.917,3148.238,22196.28,2.992,3.15,3.188,3.325,3.604,3.467,3.522,3.488,9.958
3093,32.568,3288.802,21866.32,3.074,3.164,3.236,3.429,3.83,3.777,3.595,3.585,9.861
3094,37.446,3045.632,24044.739,3.087,3.204,3.312,3.403,3.655,3.727,3.728,3.69,10.559
3095,46.764,2609.354,21684.371,3.054,3.15,3.282,3.364,3.839,3.61,3.553,3.924,10.022
3096,51.578,2890.085,20727.98,3.143,3.315,3.376,3.513,3.824,3.651,3.705,3.545,10.322
3097,33.357,3174.288,21166.977,3.193,3.3,3.399,3.452,3.901,3.869,3.917,3.736,9.851
3098,43.436,2702.41,25228.021,3.13,3.297,3.339,3.439,3.648,3.656,3.924,3.775,10.363
3099,47.356,3395.178,26074.965,3.077,3.274,3.342,3.391,3.696,3.681,3.594,3.584,10.613
3100,39.995,2258.61,23332.254,3.258,3.371,3.434,3.585,3.769,3.802,3.997,3.659,10.402
3101,39.798,2408.197,21398.711,3.144,3.266,3.379,3.454,3.799,4.085,3.842,3.838,10.426
3102,38.435,3274.202,22162.823,3.142,3.234,3.37,3.453,3.904,3.596,3.679,3.802,10.55
3103,42.98,2714.026,23658.074,3.218,3.303,3.408,3.471,3.682,3.806,3.959,3.761,10.323
3104,41.324,2824.626,24315.033,3.226,3.35,3.424,3.543,3.672,3.654,3.746,3.814,9.969
3105,38.804,2228.894,24228.807,3.209,3.334,3.363,3.496,3.783,4.101,3.654,3.742,10.379
3106,36.538,3152.227,23410.036,3.173,3.346,3.408,3.541,3.696,3.89,3.659,3.721,10.593
3107,46.654,3241.305,23593.328,3.138,3.187,3.369,3.433,3.608,3.779,3.681,3.968,10.741
3108,35.711,3864.943,24212.428,3.268,3.324,3.402,3.523,3.471,3.864,3.638,3.548,11.012
3109,40.892,2311.935,23999.908,3.207,3.253,3.386,3.508,3.915,3.377,3.993,3.825,10.507
3110,39.159,2776.265,21180.502,3.223,3.248,3.42,3.413,3.424,3.934,3.844,3.806,9.965
3111,44.758,3795.455,23704.923,3.296,3.318,3.458,3.493,3.549,3.748,3.792,4.031,10.292
3112,46.444,3056.459,24871.283,3.314,3.38,3.548,3.616,4.033,3.886,3.966,3.549,9.702
3113,41.378,3064.815,25040.103,3.205,3.311,3.415,3.547,3.92,3.83,3.921,3.932,10.614
3114,43.597,3269.532,25177.789,3.263,3.379,3.469,3.525,3.644,4.082,3.963,3.641,10.37
3115,38.285,2860.882,23743.679,3.23,3.307,3.367,3.499,3.65,3.962,3.996,3.607,10.568
3116,49.905,3028.203,25647.926,3.143,3.219,3.351,3.439,3.677,3.799,3.844,3.862,9.941
3117,37.638,2974.103,22052.409,3.299,3.33,3.453,3.533,4.225,3.984,3.837,3.911,10.958
3118,52.663,3580.689,21969.394,3.177,3.255,3.388,3.425,3.883,3.911,3.552,3.648,10.469
3119,33.742,2957.256,24832.913,3.201,3.309,3.373,3.49,3.928,3.683,3.858,3.995,10.037
3120,39.02,3158.742,24283.609,3.271,3.411,3.541,3.583,3.799,3.803,4.058,3.9,9.007
3121,42.107,3067.866,23866.411,3.081,3.234,3.342,3.453,3.846,3.966,3.941,3.56,10.41
3122,39.951,2873.403,24182.661,3.284,3.311,3.396,3.583,3.944,3.788,3.905,4.009,10.634
3123,28.257,2714.506,23724.081,3.23,3.282,3.462,3.547,3.703,4.005,3.885,3.937,10.42
3124,47.072,3109.527,24854.903,3.213,3.333,3.399,3.548,3.955,3.837,3.737,3.729,10.246
3125,38.781,3113.378,22216.349,3.235,3.25,3.407,3.497,4.056,3.763,3.737,3.615,10.078
3126,47.415,3169.562,23095.383,3.249,3.373,3.459,3.527,3.835,3.842,4.029,3.725,10.951
3127,38.568,3483.748,21987.102,3.249,3.269,3.351,3.527,3.631,3.676,3.792,3.599,10.367
3128,43.424,2909.32,25433.141,3.265,3.401,3.506,3.655,3.74,4.188,3.878,3.643,10.421
3129,46.197,3178.1,23546.284,3.23,3.342,3.499,3.556,3.865,3.623,3.981,3.758,9.798
3130,36.822,3125.497,24312.096,3.348,3.384,3.531,3.605,4.003,3.924,4.23,4.167,10.201
3131,46.023,2689.725,23958.312,3.254,3.359,3.462,3.487,3.581,3.551,3.617,4.118,10.261
3132,42.229,3677.228,24053.035,3.325,3.379,3.535,3.613,3.749,3.894,4.137,4.015,10.901
3133,40.08,3438.58,23608.138,3.292,3.455,3.508,3.577,3.751,4.048,3.862,4.097,10.544
3134,50.678,2713.308,23395.121,3.199,3.297,3.402,3.567,3.739,3.563,3.404,3.955,9.527
3135,50.416,3018.986,23260.184,3.308,3.451,3.537,3.67,3.927,3.932,3.746,4.023,10.565
3136,52.241,2494.606,24104.896,3.45,3.486,3.607,3.658,4.051,4.244,4.261,3.92,9.644
3137,,,,,3.378,3.495,3.655,3.849,3.901,3.923,4.019,10.729
3138,34.011,2926.195,24965.781,3.237,3.245,3.417,3.474,3.531,3.615,3.776,3.965,10.172
3139,33.035,3317.497,22784.684,3.222,3.369,3.44,3.527,3.822,3.843,4.09,3.955,10.722
3140,42.704,2468.005,22475.657,3.148,3.317,3.33,3.42,3.588,3.918,3.612,3.777,10.622
3141,38.243,2583.243,22829.282,3.24,3.343,3.463,3.561,3.775,3.685,3.909,4.141,10.325
3142,43.288,2575.729,24874.196,3.349,3.515,3.55,3.721,3.98,4.016,3.983,3.867,10.234
3143,39.277,2504.007,23675.393,3.38,3.454,3.507,3.636,4.036,4.196,4.087,4.118,10.37
3144,33.389,2779.106,21127.92,3.231,3.323,3.406,3.597,3.613,3.747,3.953,3.686,10.488
3145,41.744,3179.306,24729.098,3.25,3.381,3.439,3.508,4.064,3.919,3.795,3.622,10.452
3146,48.017,3310.191,21121.816,3.242,3.327,3.481,3.56,3.74,3.724,4.115,3.841,10.661
3147,39.726,2690.538,26356.96,3.375,3.437,3.558,3.613,3.788,4.051,4.114,3.897,10.824
3148,38.362,3059.152,22908.765,3.314,3.43,3.495,3.599,3.803,3.769,3.486,4.119,10.024
3149,34.905,3006.435,22312.894,3.374,3.459,3.507,3.699,4.238,3.778,3.995,3.963,11.003
3150,42.377,2517.175,21138.959,3.241,3.373,3.469,3.607,3.973,3.878,3.993,3.762,10.253
3151,43.542,3423.991,25371.166,3.331,3.424,3.496,3.592,3.827,3.909,4.128,4.009,10.472
3152,41.043,2426.102,26729.62,3.287,3.321,3.511,3.508,3.843,4.1,3.908,3.862,10.416
3153,43.792,3496.352,23254.651,3.308,3.382,3.572,3.65,4.16,3.682,4.083,3.857,9.491
3154,47.681,2421.391,23521.944,3.337,3.349,3.489,3.612,4.185,3.87,3.871,3.778,10.286
3155,44.407,3223.534,24052.58,3.262,3.422,3.515,3.625,3.936,3.97,3.88,4.042,10.595
3156,28.04,2563.934,21839.401,3.316,3.417,3.537,3.645,3.966,3.927,3.58,3.942,10.262
3157,47.786,2891.385,23960.539,3.281,3.387,3.524,3.614,3.99,4.059,3.921,3.765,9.771
3158,42.47,2868.186,26435.382,3.346,3.393,3.515,3.613,3.89,3.874,3.894,3.808,10.535
3159,34.703,2757.749,23721.742,3.233,3.381,3.506,3.585,4.077,3.763,3.95,3.922,9.671
3160,44.473,3221.639,24323.795,3.329,3.519,3.572,3.683,4.014,3.964,4.069,3.717,10.777
3161,37.551,3139.697,22207.258,3.413,3.486,3.634,3.701,3.909,3.978,3.757,4.073,10.365
3162,36.167,3497.059,20714.974,3.455,3.573,3.663,3.708,4.06,3.892,3.907,3.809,10.207
3163,43.38,2622.897,21441.906,3.346,3.523,3.587,3.701,4.238,3.832,4.062,3.622,9.718
3164,46.438,2159.169,24409.58,3.342,3.4,3.537,3.642,4.04,3.771,4.059,3.995,9.768
3165,48.714,3366.564,26567.238,3.277,3.383,3.482,3.593,3.883,4.126,3.929,4.048,10.31
3166,40.943,2927.208,24008.644,3.221,3.348,3.475,3.538,4.024,3.943,3.726,3.667,10.309
3167,43.249,2923.55,21906.291,3.333,3.405,3.527,3.589,4.034,3.737,3.992,3.988,10.323
3168,39.835,3391.083,22599.338,3.268,3.322,3.458,3.575,3.851,3.84,3.97,3.882,10.531
3169,36.655,3040.395,23951.629,3.326,3.467,3.547,3.636,3.902,3.957,4.208,4.023,10.835
3170,28.634,2577.864,23809.545,3.317,3.497,3.544,3.613,3.949,3.816,4.058,3.99,10.281
3171,46.577,3255.545,22984.794,3.208,3.377,3.458,3.527,3.979,3.771,3.88,3.927,10.006
3172,43.298,3369.231,24028.276,3.327,3.382,3.494,3.661,3.886,3.842,3.907,4.187,11.106
3173,44.516,2453.053,24037.511,3.364,3.476,3.616,3.651,4.047,4.047,3.991,3.854,10.985
3174,41.405,2936.083,21760.907,3.342,3.447,3.554,3.701,4.038,3.929,3.801,4.021,10.158
3175,44.863,2528.907,24346.994,3.313,3.397,3.487,3.6,3.72,3.854,3.823,3.881,9.74
3176,38.409,3538.637,22791.865,3.345,3.458,3.568,3.72,3.779,3.882,3.801,3.83,10.484
3177,48.253,3609.186,23506.668,3.374,3.433,3.506,3.63,3.862,3.928,3.958,3.99,9.878
3178,47.739,3282.639,22983.283,3.256,3.389,3.465,3.604,3.873,3.967,4.069,4.042,10.06
3179,49.398,3129.668,24424.135,3.353,3.42,3.55,3.643,3.835,3.963,3.919,4.053,9.587
3180,37.096,3064.856,21553.473,3.285,3.442,3.534,3.631,3.838,3.838,3.772,3.801,11.279
3181,44.99,2499.699,22427.287,3.313,3.386,3.474,3.579,3.944,3.769,3.812,3.799,9.99
3182,39.575,3112.242,22236.461,3.287,3.421,3.471,3.599,3.958,4.015,4.117,3.996,11.117
3183,39.708,3420.533,23184.874,3.295,3.365,3.486,3.605,3.899,3.789,3.937,4.163,10.057
3184,42.578,3222.428,21598.039,3.309,3.434,3.497,3.651,4.037,3.858,4.183,4.134,10.55
3185,40.751,3149.74,25354.78,3.293,3.407,3.456,3.625,4.007,3.685,4.015,4.041,9.742
3186,33.694,2920.583,24641.239,3.321,3.352,3.549,3.604,3.646,3.767,3.837,4.203,10.905
3187,44.851,2458.456,24414.74,3.228,3.277,3.418,3.519,3.988,3.721,3.815,3.939,9.964
3188,45.011,3044.67,23653.853,3.402,3.556,3.606,3.74,4.098,3.959,3.763,3.915,10.074
3189,42.361,4090.346,27051.031,3.332,3.462,3.546,3.636,4.03,3.971,3.963,3.85,10.301
3190,42.23,2527.384,24300.055,3.345,3.387,3.521,3.593,4.12,4.153,3.997,3.843,10.096
3191,36.745,2603.083,22224.977,3.402,3.458,3.588,3.714,3.959,4.031,3.879,3.964,10.136
3192,43.978,2482.056,22703.205,3.347,3.469,3.541,3.665,3.951,3.854,4.046,3.616,10.057
3193,50.768,2855.679,20742.184,3.355,3.406,3.487,3.589,3.966,3.624,4.022,3.775,10.419
3194,36.142,3552.872,22942.831,3.377,3.425,3.534,3.624,3.791,4.124,3.899,4.04,10.173
3195,39.488,3032.776,24677.405,3.343,3.422,3.594,3.651,4.02,4.042,3.967,4.039,9.81
3196,38.448,3535.208,25459.236,3.288,3.404,3.533,3.562,3.71,3.944,4.031,3.825,10.084
3197,38.525,2905.043,21243.385,3.227,3.343,3.417,3.506,3.857,3.69,3.869,3.906,10.191
3198,45.327,2868.989,25558.831,3.235,3.296,3.364,3.518,3.651,3.726,3.905,3.685,10.243
3199,49.747,3713.748,22188.544,3.357,3.463,3.563,3.655,3.834,3.83,3.935,4.093,10.05
3200,49.623,3512.81,22994.306,3.328,3.344,3.488,3.621,3.785,3.737,4.085,3.762,9.901
3201,35.157,2534.972,22776.709,3.341,3.367,3.498,3.611,3.808,3.519,3.959,3.926,10.124
3202,41.709,3351.458,24139.945,3.301,3.405,3.478,3.571,4.021,4.23,3.8,3.783,10.071
3203,39.878,2734.405,26803.644,3.305,3.388,3.542,3.603,3.855,3.959,3.92,3.961,10.229
3204,47.684,2528.026,25543.975,3.28,3.365,3.464,3.543,3.548,3.995,3.777,3.746,10.226
3205,49.389,3145.842,26152.542,3.317,3.374,3.507,3.611,3.856,3.841,4.001,3.781,10.21
3206,39.6,2489.079,23412.77,3.212,3.307,3.33,3.475,3.522,3.811,3.509,3.522,10.564
3207,32.899,3154.754,24962.088,3.268,3.343,3.48,3.524,3.971,3.902,3.918,3.946,10.277
3208,44.82,3409.435,22962.942,3.205,3.297,3.373,3.49,3.739,3.743,3.698,3.725,10.005
3209,41.68,2735.356,20893.154,3.284,3.386,3.443,3.543,4.015,3.706,3.962,4.05,9.915
3210,46.306,3346.524,23737.812,3.278,3.351,3.473,3.576,4.113,3.689,4.068,3.616,10.399
3211,44.469,2561.92,23729.211,3.242,3.32,3.398,3.517,4.128,4.007,3.762,3.931,9.897
3212,42.726,3119.778,18745.208,3.303,3.362,3.497,3.527,4.041,4.106,4.033,3.893,10.208
3213,38.451,3077.652,23642.682,3.191,3.313,3.407,3.455,3.671,3.86,4.034,3.704,10.181
3214,36.416,3081.213,23993.771,3.247,3.314,3.417,3.52,3.817,3.657,3.9,3.731,10.352
3215,45.691,2941.072,20013.44,3.244,3.371,3.462,3.546,3.816,3.641,3.699,4.05,10.479
3216,37.348,3274.215,23093.861,3.235,3.373,3.415,3.632,3.917,3.69,3.525,3.86,10.053
3217,42.095,3141.969,22677.209,3.291,3.311,3.51,3.624,3.977,4.101,3.86,3.811,10.391
3218,39.645,2622.412,24857.018,3.125,3.26,3.34,3.49,3.756,4.056,3.755,3.92,10.789
3219,37.582,3309.302,19956.76,3.269,3.398,3.54,3.623,4.122,4.0,3.868,3.974,9.999
3220,32.419,3587.294,24409.227,3.235,3.327,3.418,3.523,3.836,4.013,3.79,3.925,9.948
3221,45.58,2581.859,23308.944,3.313,3.434,3.499,3.633,4.197,3.882,3.409,4.12,9.923
3222,50.277,2052.661,24775.074,3.279,3.385,3.495,3.589,3.925,3.634,3.996,3.857,10.179
3223,33.45,3280.703,24307.588,3.317,3.382,3.53,3.526,3.995,4.221,4.156,4.043,9.17
3224,48.426,3434.986,21349.517,3.231,3.418,3.456,3.533,3.908,3.73,3.777,3.915,9.469
3225,29.785,2590.301,20141.037,3.19,3.332,3.456,3.442,3.702,3.702,3.755,3.754,9.223
3226,46.775,3764.186,19588.46,3.194,3.335,3.422,3.524,3.892,3.845,3.893,4.028,9.698
3227,39.756,2730.139,23947.916,3.271,3.378,3.49,3.616,4.073,4.014,3.729,3.728,9.877
3228,42.714,3554.872,19987.359,3.246,3.363,3.437,3.584,3.629,3.865,4.031,3.468,9.664
3229,39.691,3438.372,24330.017,3.178,3.234,3.379,3.372,3.87,4.021,3.802,3.683,10.141
3230,54.922,3528.858,25128.131,3.288,3.389,3.354,3.543,3.83,3.858,3.822,3.727,10.33
3231,41.005,2999.455,23277.164,3.254,3.384,3.407,3.558,3.663,3.651,3.664,3.884,9.634
3232,32.044,3668.699,26136.001,3.262,3.335,3.441,3.5,3.841,4.057,3.877,3.897,11.476
3233,43.782,2772.519,23166.848,3.285,3.331,3.475,3.531,3.935,3.703,3.819,3.883,10.57
3234,49.761,3373.829,27688.882,3.305,3.413,3.523,3.558,4.022,3.784,4.057,3.664,10.623
3235,36.762,3310.652,23545.135,3.17,3.263,3.33,3.446,3.686,3.767,3.753,3.736,10.193
3236,47.681,3026.805,20730.295,3.377,3.332,3.442,3.597,3.946,4.001,3.939,3.914,10.149
3237,31.097,3142.777,22357.215,3.282,3.379,3.458,3.569,3.656,3.676,3.939,3.816,9.602
3238,49.655,2820.001,20211.595,3.221,3.332,3.452,3.528,3.748,3.755,3.822,3.773,9.907
3239,36.315,3497.366,22211.901,3.158,3.291,3.315,3.454,3.884,3.709,3.905,3.905,10.05
3240,46.31,2609.934,26885.807,3.239,3.312,3.41,3.496,3.866,4.0,3.833,3.633,9.462
3241,45.801,3108.163,20835.606,3.266,3.341,3.42,3.563,4.043,3.757,3.777,3.931,10.512
3242,47.829,2054.246,23574.271,3.236,3.311,3.417,3.551,3.856,3.873,3.825,3.878,10.537
3243,49.07,3432.744,22782.576,3.151,3.319,3.423,3.544,3.625,3.807,3.689,3.864,10.522
3244,46.046,2888.142,24611.162,3.225,3.278,3.401,3.469,3.693,3.648,3.938,3.817,10.462
3245,37.128,3039.241,22265.553,3.151,3.244,3.334,3.474,3.848,3.617,3.837,3.776,9.844
3246,39.267,2893.297,23576.418,3.355,3.297,3.498,3.549,3.881,3.778,3.729,3.693,10.453
3247,38.786,3089.762,24077.263,3.241,3.345,3.449,3.576,3.783,3.94,4.116,3.752,9.878
3248,43.314,2922.781,21967.407,3.277,3.344,3.385,3.568,3.711,3.859,3.878,4.024,10.621
3249,38.466,3560.103,24071.419,3.198,3.239,3.369,3.464,3.666,3.707,3.657,3.959,9.781
3250,39.868,3402.099,21876.958,3.255,3.43,3.47,3.615,4.099,3.903,3.887,3.848,10.497
3251,45.414,2662.576,23421.164,3.316,3.454,3.49,3.677,3.797,3.854,3.966,3.953,10.399
3252,50.099,2162.461,22985.85,3.207,3.278,3.416,3.472,3.762,3.691,4.023,3.814,10.26
3253,40.818,3559.231,25260.186,3.226,3.328,3.464,3.591,4.093,3.784,3.788,4.031,10.322
3254,42.737,3066.732,24531.181,3.168,3.282,3.347,3.42,3.666,3.815,3.967,3.661,10.631
3255,42.105,2797.389,23384.406,3.33,3.477,3.518,3.621,4.014,3.897,4.174,4.008,10.192
3256,42.623,3279.705,22399.474,3.241,3.331,3.421,3.52,4.109,3.878,4.025,4.041,10.582
3257,45.814,2132.319,23444.259,3.26,3.393,3.409,3.559,3.714,3.971,4.03,3.877,10.503
3258,42.963,2770.927,24225.061,3.26,3.299,3.425,3.541,3.736,4.029,4.124,3.812,10.015
3259,45.173,3264.072,21209.387,3.172,3.244,3.268,3.399,3.567,3.732,3.606,3.739,10.057
3260,42.164,2650.609,22147.585,3.256,3.31,3.399,3.488,3.956,3.937,3.946,3.946,10.217
3261,32.336,2422.554,23377.929,3.17,3.297,3.442,3.47,3.706,3.995,3.898,3.905,9.874
3262,41.854,2829.79,23665.438,3.29,3.328,3.479,3.555,3.858,3.831,3.582,3.968,10.315
3263,45.605,2960.825,24195.381,3.107,3.247,3.355,3.471,3.717,3.895,3.594,3.903,10.535
3264,38.408,2954.824,23571.351,3.001,3.146,3.25,3.32,3.666,3.841,3.53,3.71,10.071
3265,46.727,3452.156,23141.391,3.214,3.281,3.47,3.505,3.783,4.02,3.628,3.716,10.49
3266,36.774,3204.671,22659.317,3.141,3.291,3.363,3.444,4.067,3.496,3.545,3.886,10.218
3267,40.616,2868.841,24236.663,3.241,3.363,3.45,3.534,3.97,3.635,3.838,3.672,10.013
3268,41.214,3179.371,21797.726,3.161,3.289,3.364,3.421,3.844,3.52,3.595,3.667,10.472
3269,31.641,3144.072,23574.147,3.213,3.263,3.341,3.465,3.931,3.741,3.77,3.874,9.361
3270,37.598,3549.835,24296.422,3.148,3.321,3.358,3.509,3.487,3.789,3.538,4.097,10.552
3271,35.408,3315.59,21930.104,3.179,3.272,3.381,3.5,3.482,3.846,3.681,3.82,10.488
3272,40.333,3918.671,22536.323,3.272,3.333,3.417,3.53,3.831,4.015,3.713,3.82,10.88
3273,43.825,3228.071,27285.684,3.186,3.259,3.371,3.469,3.595,3.904,4.047,3.754,10.426
3274,31.862,2917.886,25645.184,3.211,3.289,3.393,3.52,3.805,3.632,3.778,3.699,10.728
3275,37.911,2936.282,24668.139,3.134,3.292,3.379,3.427,3.555,3.474,3.89,4.008,10.887
3276,43.413,2490.707,25795.484,3.188,3.272,3.371,3.452,3.718,3.734,3.49,3.909,9.85
3277,47.211,2647.069,23200.833,3.351,3.375,3.474,3.551,3.739,3.776,3.922,3.967,9.977
3278,47.408,3064.605,25850.408,3.221,3.279,3.388,3.534,3.471,3.924,4.105,3.743,10.459
3279,40.94,3398.169,23137.3,3.225,3.273,3.359,3.471,3.557,3.895,3.774,3.803,10.233
3280,41.144,2726.639,24481.044,3.231,3.303,3.411,3.494,3.982,3.665,3.952,3.993,9.494
3281,45.869,2628.392,22985.466,3.249,3.351,3.405,3.549,3.658,3.938,3.947,3.763,11.3
3282,44.401,3273.68,21640.922,3.213,3.291,3.358,3.531,3.641,3.825,3.802,3.733,9.833
3283,48.158,2641.779,23397.728,3.213,3.336,3.401,3.527,4.08,3.853,3.86,3.704,9.547
3284,35.523,3851.982,24673.972,3.179,3.332,3.419,3.572,3.763,3.677,3.754,3.752,10.762
3285,44.176,3579.074,22841.968,3.258,3.373,3.457,3.573,3.961,3.764,3.9,3.957,11.046
3286,44.617,3176.0,24316.645,3.221,3.328,3.435,3.507,3.924,3.904,3.751,3.712,10.452
3287,46.333,2960.842,19291.463,3.142,3.283,3.366,3.44,3.903,3.708,3.792,4.012,10.289
3288,30.34,3018.821,22665.049,3.219,3.378,3.472,3.524,3.609,4.01,3.624,3.851,10.037
3289,41.993,3178.057,23204.114,3.226,3.254,3.392,3.5,3.556,4.204,3.676,3.74,10.334
3290,46.089,2842.68,21372.065,3.284,3.341,3.45,3.507,3.92,3.876,3.923,3.818,9.847
3291,46.565,2820.687,25333.599,3.251,3.408,3.499,3.543,3.989,4.076,4.085,3.763,10.217
3292,46.338,2589.201,24543.999,3.61,3.715,3.786,3.926,4.168,4.165,4.428,4.105,10.313
3293,30.987,3518.465,24329.566,3.599,3.775,3.852,3.922,4.352,4.337,4.416,4.387,10.088
3294,38.243,2726.415,22193.188,3.581,3.771,3.8,3.931,4.56,4.065,4.26,4.108,10.315
3295,44.684,3009.157,27833.728,3.566,3.714,3.795,3.96,4.184,4.15,4.221,4.273,11.14
3296,38.769,3773.675,22924.716,3.718,3.758,3.931,3.974,4.277,4.39,4.29,4.119,10.009
3297,34.813,3040.184,23439.058,3.58,3.743,3.861,3.915,4.369,4.464,4.197,4.342,10.775
3298,37.379,2668.616,24623.645,3.586,3.699,3.784,3.947,4.288,4.007,4.137,4.257,9.785
3299,40.599,3221.889,23234.029,3.596,3.686,3.782,3.905,4.113,4.174,4.358,4.022,10.347
3300,43.972,2586.278,24681.752,3.707,3.75,3.919,3.999,4.55,4.139,4.44,4.335,10.464
3301,40.861,3054.97,25222.372,3.637,3.711,3.749,3.874,4.204,4.039,4.296,4.204,10.327
3302,37.971,3075.575,23119.164,3.575,3.709,3.803,3.948,4.248,4.14,4.163,4.459,10.55
3303,45.858,2718.563,21114.104,3.703,3.795,3.913,3.987,4.363,4.329,4.077,4.102,10.072
3304,36.266,3090.005,22899.602,3.627,3.725,3.829,3.954,4.374,4.348,4.249,4.309,10.909
3305,48.886,2954.77,23928.471,3.616,3.771,3.818,3.898,4.261,4.223,4.011,4.057,9.951
3306,39.022,3017.419,25023.076,3.608,3.682,3.813,3.882,4.199,4.292,4.09,4.1,10.432
3307,45.782,2840.677,23243.342,3.653,3.769,3.89,3.951,4.204,4.195,4.048,4.23,10.729
3308,39.969,2915.954,24055.708,3.565,3.729,3.829,3.91,3.983,4.442,4.268,4.315,10.942
3309,54.777,2655.049,25247.894,3.64,3.739,3.863,3.981,4.263,4.312,4.091,4.2,11.234
3310,47.722,4240.833,26743.201,3.715,3.743,3.826,3.979,4.258,4.219,4.08,4.477,9.783
3311,47.304,4143.653,25648.008,3.657,3.76,3.84,3.909,4.16,4.402,4.404,4.066,9.856
3312,35.916,3041.835,23788.035,3.695,3.787,3.882,3.949,4.391,4.193,4.295,4.224,10.845
3313,41.128,3298.094,26721.342,3.714,3.81,3.936,3.96,4.292,4.054,4.08,4.252,10.436
3314,40.665,2999.06,23761.876,3.586,3.619,3.79,3.917,4.325,3.996,4.266,4.471,10.118
3315,35.834,2603.106,21993.482,3.552,3.715,3.76,3.914,4.328,3.953,3.802,4.14,10.065
3316,,,,,3.795,3.915,3.968,4.516,4.271,4.243,4.414,9.811
3317,49.654,4342.243,25668.327,3.642,3.69,3.806,3.919,4.241,4.293,4.251,4.039,10.483
3318,37.79,3140.744,23637.929,3.73,3.756,3.89,3.956,4.256,4.51,4.22,4.149,9.839
3319,37.573,2303.675,23164.031,3.761,3.828,3.88,4.04,4.375,4.311,4.23,4.475,10.145
3320,46.716,3169.142,23682.915,3.736,3.837,3.899,4.01,4.551,4.108,4.388,4.465,9.997
3321,43.993,3083.947,23911.132,3.734,3.851,3.887,3.916,4.364,4.568,4.533,4.046,10.312
3322,43.418,3864.034,21694.541,3.664,3.775,3.9,3.939,4.149,4.407,4.376,4.02,9.732
3323,41.644,3194.961,25224.879,3.748,3.836,3.886,4.036,4.275,4.248,4.473,4.408,11.139
3324,36.968,2791.661,23686.286,3.613,3.718,3.818,3.911,4.422,4.226,4.339,4.276,10.076
3325,37.442,2737.288,22669.652,3.625,3.774,3.847,4.055,4.207,4.053,4.102,4.213,10.115
3326,43.302,2680.058,22258.283,3.593,3.774,3.79,3.936,4.31,4.55,4.267,4.43,10.445
3327,42.121,3292.191,24258.162,3.587,3.72,3.804,3.956,4.072,3.863,4.383,4.358,11.213
3328,36.301,2506.573,23662.431,3.597,3.697,3.824,3.933,4.442,4.431,4.396,4.154,10.641
3329,45.817,2786.634,23741.395,3.657,3.773,3.847,3.979,4.404,4.162,4.378,4.342,10.405
3330,39.355,3148.047,26883.451,3.595,3.663,3.743,3.849,3.903,4.112,4.22,4.201,10.61
3331,47.017,3717.662,25122.868,3.505,3.616,3.749,3.848,4.101,3.837,4.215,4.058,10.501
3332,43.781,3295.617,20102.015,3.689,3.76,3.837,4.013,4.255,4.336,4.208,4.248,10.307
3333,44.438,3088.521,23963.416,3.655,3.81,3.875,3.986,4.093,4.515,4.414,4.442,9.812
3334,42.902,3217.477,22740.293,3.652,3.762,3.929,3.927,4.522,4.212,4.296,4.425,9.978
3335,43.425,3574.746,22549.138,3.619,3.732,3.837,3.963,4.143,4.074,4.055,4.447,10.241
3336,40.815,3382.526,23348.951,3.676,3.767,3.825,3.996,4.372,4.295,4.224,4.303,10.19
3337,34.39,3648.572,24350.347,3.616,3.71,3.847,3.907,4.098,4.374,4.41,4.191,9.865
3338,37.952,3633.889,23192.403,3.684,3.692,3.861,3.931,4.279,4.336,3.945,4.178,10.987
3339,43.363,3179.108,25851.083,3.642,3.721,3.766,3.943,4.461,3.977,4.392,4.109,10.015
3340,43.314,2889.766,24205.282,3.759,3.857,4.006,4.017,4.481,4.451,4.304,4.294,10.549
3341,46.465,3257.415,26732.372,3.653,3.728,3.823,3.913,4.227,4.343,3.769,3.976,9.998
3342,33.505,3501.007,25138.604,3.721,3.869,3.926,4.041,4.295,4.337,4.116,4.327,10.61
3343,41.204,3195.87,21535.328,3.604,3.727,3.802,3.896,3.969,4.339,4.382,4.517,10.126
3344,42.442,2803.359,24369.986,3.649,3.699,3.767,3.917,4.239,4.385,4.162,4.34,10.691
3345,46.849,3293.768,23716.999,3.729,3.85,3.895,4.032,4.114,4.226,4.238,4.399,10.441
3346,49.418,3193.868,23182.644,3.741,3.783,3.911,4.043,4.269,4.149,4.288,4.375,10.59
3347,32.85,3284.601,23452.467,3.711,3.843,3.871,3.996,4.406,4.433,4.436,4.49,10.196
3348,42.032,3364.843,24675.396,3.568,3.7,3.824,3.908,4.31,4.264,4.091,4.462,10.547
3349,38.125,3772.275,23255.718,3.735,3.817,3.92,3.993,4.329,4.232,4.093,4.309,10.665
3350,35.797,2844.488,21133.209,3.605,3.688,3.868,3.938,4.335,4.22,4.095,4.26,9.693
3351,41.148,2574.158,22380.571,3.666,3.789,3.816,3.954,4.388,4.226,4.427,4.368,10.425
3352,47.375,3650.824,23944.087,3.65,3.77,3.903,3.95,4.099,4.12,4.114,4.12,9.822
3353,33.398,3372.531,24618.638,3.815,3.908,3.929,4.04,4.363,4.233,4.183,4.305,10.417
3354,39.723,3005.806,25648.734,3.774,3.757,3.921,4.005,4.117,4.343,4.333,4.314,9.77
3355,43.242,2911.875,25362.419,3.732,3.852,3.961,4.04,4.573,4.054,4.025,4.454,11.204
3356,34.424,2989.122,23728.182,3.66,3.781,3.9,3.975,4.048,4.296,4.247,4.262,9.818
3357,41.711,3804.677,24764.29,3.607,3.743,3.874,3.932,4.43,4.145,4.318,4.01,10.86
3358,34.395,3184.572,22979.492,3.576,3.732,3.815,3.899,4.37,4.148,4.227,4.405,9.812
3359,39.99,3214.875,23601.464,3.69,3.785,3.852,4.036,4.5,4.109,4.038,4.152,10.588
3360,38.725,2699.097,26033.466,3.78,3.819,3.894,4.048,4.204,4.184,4.559,4.367,9.921
3361,46.096,3199.112,22745.216,3.728,3.818,3.929,4.031,4.573,4.436,4.477,4.402,9.895
3362,43.137,3394.0,26988.84,3.723,3.824,3.897,3.994,4.436,4.313,4.259,4.211,9.789
3363,37.173,3770.823,24402.735,3.718,3.798,3.891,3.979,4.09,4.38,4.443,4.426,10.284
3364,38.57,3385.087,23914.379,3.753,3.854,3.916,4.01,4.186,4.144,4.312,4.254,10.446
3365,33.882,2858.277,22253.379,3.731,3.872,3.93,4.055,3.872,4.363,4.424,4.478,10.894
3366,42.895,2538.444,24664.946,3.776,3.814,4.025,4.042,4.349,4.311,4.32,4.583,10.002
3367,28.109,3200.365,23890.233,3.757,3.855,3.956,4.093,4.324,4.522,4.278,4.31,9.7
3368,44.547,3634.338,24378.524,3.848,3.931,4.001,4.1,4.505,4.432,4.673,4.723,9.622
3369,34.421,2803.054,24782.87,3.829,3.93,4.028,4.088,4.361,4.465,4.506,4.278,10.216
3370,35.526,3339.923,24733.542,3.689,3.896,3.994,4.064,4.574,4.202,4.436,4.235,9.991
3371,40.835,2760.879,25930.483,3.808,3.931,4.056,4.109,4.561,4.127,4.449,4.425,9.98
3372,38.249,4116.551,22840.678,3.78,3.921,3.959,4.111,4.184,4.231,4.313,4.388,10.218
3373,34.739,2970.892,24899.287,3.865,3.924,4.031,4.122,4.58,4.295,4.465,4.495,10.265
3374,38.701,2717.826,22660.253,3.834,3.968,4.069,4.177,4.369,4.485,4.319,4.417,10.429
3375,47.207,3308.619,22586.573,3.833,3.933,4.04,4.105,4.368,4.224,4.378,4.307,9.783
3376,37.481,2680.801,24468.61,3.799,3.902,3.976,4.075,4.362,4.317,4.37,4.478,10.703
3377,31.427,2676.453,24901.772,3.892,3.997,4.08,4.188,4.462,4.406,4.53,4.374,10.264
3378,47.124,3186.532,26407.785,3.839,3.941,4.064,4.164,4.553,4.717,4.426,4.45,9.815
3379,34.168,3688.557,19935.758,3.929,4.048,4.115,4.195,4.668,4.578,4.312,4.626,10.195
3380,37.177,2990.196,21912.527,3.858,3.963,4.082,4.159,4.045,4.646,4.808,4.484,10.037
3381,44.686,2942.007,26117.059,3.996,4.095,4.174,4.327,4.677,4.654,4.595,4.544,9.702
3382,40.921,2409.215,24181.789,3.991,4.018,4.141,4.298,4.598,4.555,4.414,4.496,9.473
3383,42.08,3496.19,25601.132,3.85,3.98,4.05,4.148,4.444,4.301,4.445,4.485,9.841
3384,40.899,3081.007,23299.753,3.911,4.005,4.151,4.209,4.528,4.472,4.554,4.305,9.575
3385,37.251,2848.116,25378.017,3.919,4.006,4.096,4.236,4.82,4.499,4.695,4.533,9.903
3386,43.481,3643.027,26163.045,3.929,4.057,4.087,4.192,4.595,4.545,4.448,4.776,10.206
3387,40.179,2582.771,20701.421,3.898,4.001,4.083,4.118,4.526,4.344,4.596,4.573,10.882
3388,32.243,3683.737,22102.456,3.882,3.982,4.119,4.193,4.344,4.207,4.557,4.736,10.226
3389,42.376,2753.503,23288.869,3.927,4.067,4.171,4.234,4.55,4.635,4.869,4.277,10.371
3390,38.701,3560.174,25326.158,3.914,4.025,4.147,4.27,4.395,4.537,4.601,4.643,10.559
3391,43.606,2742.794,24803.575,3.994,4.087,4.17,4.282,4.621,4.39,4.733,4.455,9.892
3392,40.839,2708.13,25713.545,3.967,4.059,4.187,4.256,4.389,4.488,4.756,4.698,10.028
3393,34.566,3291.36,23855.999,3.921,4.062,4.095,4.266,4.419,4.567,4.589,4.419,10.817
3394,33.803,3086.783,23786.882,4.041,4.129,4.18,4.265,4.326,4.614,4.632,4.756,9.712
3395,43.671,3427.312,24283.127,3.92,4.074,4.153,4.273,4.072,4.381,4.56,4.502,10.427
3396,36.87,2828.637,24015.115,4.01,4.157,4.211,4.371,4.68,4.864,4.636,4.542,9.996
3397,35.452,2961.364,23174.485,3.955,4.059,4.166,4.291,4.375,4.952,4.522,4.632,10.079
3398,39.594,3216.851,23332.201,4.013,4.069,4.158,4.232,4.5,4.61,4.403,4.605,9.571
3399,43.181,2522.813,24474.944,3.993,4.107,4.144,4.286,4.702,4.605,4.504,4.549,10.406
3400,43.476,2868.05,22954.091,4.039,4.136,4.262,4.353,4.454,4.588,5.004,4.661,10.071
3401,38.079,2814.508,26036.424,4.024,4.108,4.205,4.315,4.704,4.65,4.594,4.412,10.596
3402,39.661,3015.63,25206.075,3.998,4.034,4.112,4.274,4.585,4.455,4.682,4.721,10.425
3403,50.343,2871.825,22473.464,4.053,4.132,4.266,4.391,4.532,4.409,4.854,4.504,9.835
3404,33.909,2842.318,22698.677,4.041,4.063,4.192,4.321,4.656,4.206,4.748,4.462,10.341
3405,35.904,3073.87,27378.539,3.961,4.047,4.168,4.269,4.378,4.252,4.321,4.535,9.76
3406,40.963,2263.184,21863.122,3.923,3.993,4.126,4.212,4.084,4.436,4.524,4.421,9.433
3407,44.522,2785.296,24654.838,4.086,4.204,4.274,4.356,4.65,4.68,4.785,4.715,10.105
3408,38.482,2822.318,24916.604,4.096,4.224,4.303,4.406,4.8,4.713,4.671,5.084,10.103
3409,40.171,3102.791,24507.042,3.978,4.073,4.201,4.284,4.433,4.698,4.863,4.736,9.517
3410,47.534,2754.764,26117.324,3.975,4.112,4.188,4.352,4.647,4.627,4.801,4.573,10.595
3411,42.771,2720.497,20719.865,4.008,4.143,4.197,4.344,4.487,4.544,4.655,4.802,10.669
3412,45.633,2323.236,22441.589,3.959,4.033,4.224,4.324,4.482,4.544,4.742,4.664,9.803
3413,31.93,3064.395,22583.993,4.096,4.216,4.239,4.352,4.457,4.591,4.509,4.481,9.87
3414,35.705,2543.719,25556.644,4.106,4.176,4.229,4.368,4.824,4.537,4.729,4.481,10.091
3415,44.332,3344.715,24043.169,4.021,4.129,4.19,4.344,4.656,4.565,4.285,4.696,10.001
3416,51.186,3168.992,22441.619,4.057,4.193,4.221,4.329,4.647,4.499,4.552,4.567,9.972
3417,46.298,2446.605,22459.092,4.0,4.145,4.187,4.316,4.426,4.67,4.47,4.543,10.864
3418,50.898,2863.203,24557.298,4.113,4.203,4.239,4.36,4.393,4.59,4.883,5.03,11.161
3419,40.326,3445.428,23924.668,4.017,4.111,4.218,4.322,4.709,4.41,4.488,4.309,10.031
3420,46.592,2869.967,24802.093,4.016,4.135,4.253,4.296,4.643,4.639,4.316,4.632,10.512
3421,36.926,3281.106,26227.433,4.074,4.185,4.307,4.401,4.663,4.659,4.686,4.622,11.167
3422,38.086,2763.155,22711.705,4.051,4.142,4.247,4.322,4.489,4.483,4.595,4.662,9.813
3423,41.965,3157.235,23443.368,4.169,4.231,4.32,4.388,4.823,4.904,4.663,4.811,9.821
3424,47.757,1935.362,24553.248,4.004,4.153,4.268,4.364,4.633,4.534,4.614,4.699,10.14
3425,39.277,3215.537,23534.977,4.07,4.192,4.322,4.36,4.69,4.676,4.692,4.473,10.329
3426,,,,,4.106,4.261,4.389,4.475,4.635,4.657,4.408,9.864
3427,46.966,2593.186,22402.31,3.992,4.086,4.154,4.325,4.629,4.722,4.415,4.63,9.83
3428,34.852,2866.344,22588.031,4.026,4.176,4.284,4.379,4.831,4.477,4.815,4.815,10.579
3429,47.908,3364.785,23970.167,3.914,4.07,4.087,4.222,4.546,4.561,4.453,4.398,10.162
3430,46.863,2618.435,22262.52,3.945,3.987,4.137,4.249,4.499,4.58,4.382,4.317,10.353
3431,42.224,3121.295,20419.684,4.053,4.129,4.224,4.289,4.623,4.686,4.693,4.471,9.783
3432,51.7,2812.522,28253.316,4.114,4.188,4.295,4.338,4.829,4.344,4.549,4.728,9.346
3433,36.71,3729.029,23307.517,4.064,4.197,4.283,4.382,4.592,4.592,4.425,4.554,9.739
3434,42.11,2351.021,23812.415,4.015,4.118,4.28,4.243,4.732,4.655,4.709,4.459,10.644
3435,46.359,3859.638,25633.613,4.052,4.044,4.182,4.312,4.888,4.188,4.415,4.589,10.129
3436,43.338,2925.797,22986.648,3.971,4.074,4.205,4.281,4.758,4.662,4.624,4.717,9.395
3437,35.73,3146.33,22786.283,4.006,4.061,4.163,4.287,4.505,4.501,4.709,4.644,10.219
3438,38.794,3018.684,25056.15,4.096,4.124,4.191,4.308,4.427,4.414,4.514,4.808,10.266
3439,34.458,2770.311,22972.514,3.938,4.043,4.144,4.175,4.652,4.956,4.635,4.884,10.044
3440,,,,,4.092,4.186,4.272,4.735,4.706,4.603,4.731,10.017
3441,,,,,4.077,4.152,4.292,4.579,4.788,4.673,4.616,9.783
3442,36.315,3414.636,23051.909,3.97,4.112,4.21,4.262,4.352,4.732,4.648,4.925,10.351
3443,44.634,3469.179,23066.447,4.016,4.093,4.195,4.273,4.48,4.855,4.525,4.641,9.308
3444,31.594,2781.492,21324.532,3.963,4.039,4.159,4.251,4.391,4.618,4.605,4.781,10.198
3445,34.569,3230.688,21974.471,4.011,4.141,4.188,4.309,4.413,4.398,4.524,4.605,9.509
3446,40.948,3250.045,25338.463,3.838,3.941,4.064,4.162,4.621,4.601,4.368,4.553,9.837
3447,39.297,2781.062,22543.224,3.947,4.114,4.195,4.303,4.635,4.623,4.676,4.474,9.76
3448,38.192,3578.443,24860.662,3.898,3.964,4.073,4.172,4.414,4.322,4.52,4.558,9.914
3449,41.631,3112.394,24966.831,3.792,3.863,3.973,4.058,4.385,4.214,4.471,4.596,9.589
3450,34.689,2735.367,23001.378,3.849,3.974,4.142,4.181,4.275,4.221,4.463,4.384,9.946
3451,35.815,3111.237,25353.329,3.878,4.012,4.094,4.136,4.936,4.654,4.593,4.653,10.493
3452,45.182,2312.691,23702.585,3.787,3.877,3.998,4.077,4.366,4.437,4.373,4.563,10.361
3453,33.901,2752.471,25818.828,3.88,3.969,4.037,4.147,4.297,4.469,4.531,4.578,10.124
3454,53.153,3668.643,22830.396,3.77,3.811,3.913,4.112,4.353,4.411,4.253,4.147,10.507
3455,37.456,2961.883,23376.475,3.909,4.038,4.142,4.211,4.359,4.65,4.32,4.276,9.44
3456,39.371,3037.204,23359.996,3.805,3.951,4.004,4.058,4.54,4.349,4.158,4.478,9.602
3457,40.957,2830.904,23676.55,3.788,3.934,3.985,4.073,4.377,4.323,4.379,4.444,9.272
3458,44.621,2636.485,22752.909,3.822,3.922,3.996,4.176,4.46,4.567,4.295,4.451,10.583
3459,36.971,2683.571,24496.934,3.81,3.892,3.995,4.12,4.72,4.318,4.318,4.486,9.979
3460,32.579,4003.711,24875.026,3.728,3.825,3.972,4.044,4.437,4.585,4.287,4.169,10.111
3461,38.391,2843.359,25146.978,3.692,3.751,3.876,3.971,4.235,4.337,3.814,4.28,10.456
3462,46.141,2962.422,24688.093,3.829,3.845,3.989,4.13,4.499,4.283,4.467,4.531,9.676
3463,39.942,2768.136,23450.069,3.833,3.895,4.031,4.084,4.416,4.521,4.428,4.176,10.226
3464,41.556,2716.041,22311.681,3.727,3.821,3.942,4.048,4.276,4.414,4.1,4.455,10.562
3465,42.851,2837.674,24768.814,3.665,3.733,3.813,3.963,4.091,4.279,4.358,4.003,9.867
3466,42.07,3350.324,23244.842,3.712,3.883,3.975,4.008,4.381,4.205,4.146,4.526,10.175
3467,39.357,2210.165,22397.258,3.78,3.85,3.913,4.048,4.326,4.014,4.119,4.063,9.911
3468,47.505,2715.806,23060.397,3.759,3.882,3.896,4.044,4.326,4.228,4.238,4.462,9.864
3469,37.168,3485.125,24131.697,3.607,3.786,3.856,3.962,3.903,4.198,4.49,4.202,9.956
3470,43.367,2600.603,25271.477,3.58,3.648,3.747,3.895,4.277,3.869,4.148,4.173,10.392
3471,37.665,3569.749,24454.655,3.614,3.69,3.846,3.94,4.163,4.298,4.279,4.196,9.199
3472,41.176,2863.53,24057.866,3.7,3.805,3.916,4.028,4.227,4.239,4.282,4.436,9.82
3473,50.144,2290.751,22646.194,3.673,3.846,3.909,4.041,4.504,4.666,4.301,4.107,10.316
3474,46.02,3255.556,24778.375,3.654,3.758,3.848,3.969,4.241,4.364,4.152,4.167,10.025
3475,43.239,2240.838,22934.258,3.609,3.715,3.831,3.901,4.205,4.069,3.973,4.397,9.28
3476,40.415,3034.797,25021.878,3.547,3.668,3.725,3.848,3.92,4.005,4.402,4.092,10.759
3477,49.886,3182.71,23930.581,3.692,3.773,3.914,4.008,3.909,4.448,4.322,4.228,10.829
3478,45.396,3146.563,23427.247,3.599,3.725,3.804,3.898,4.237,4.179,4.361,4.394,10.299
3479,41.911,2876.179,23714.587,3.55,3.728,3.78,3.886,4.352,4.224,4.15,4.052,9.794
3480,37.084,3489.124,20871.482,3.633,3.695,3.818,3.84,4.294,4.115,3.951,4.23,9.979
3481,36.304,2724.295,27320.827,3.557,3.715,3.786,3.902,4.224,4.307,4.439,3.898,10.461
3482,43.338,3530.208,24182.56,3.622,3.712,3.899,3.963,4.192,4.066,4.48,4.52,9.645
3483,40.203,2694.906,24746.109,3.629,3.694,3.796,3.892,4.24,4.283,3.981,4.293,9.853
3484,43.696,3020.881,21888.172,3.62,3.757,3.874,3.983,4.378,4.408,4.263,4.417,9.714
3485,38.157,2700.735,24583.095,3.613,3.722,3.845,3.923,4.148,4.293,4.05,4.182,10.13
3486,38.955,2584.586,23815.365,3.611,3.698,3.83,3.93,4.032,4.299,4.279,4.058,10.226
3487,42.71,2684.795,23839.964,3.643,3.748,3.822,3.946,4.409,4.38,4.31,4.411,9.657
3488,45.204,2368.358,27021.63,3.53,3.614,3.729,3.841,4.305,4.23,3.967,4.015,10.447
3489,38.358,2973.867,27125.405,3.597,3.653,3.761,3.863,4.377,4.223,4.067,3.964,10.428
3490,41.51,2392.585,24489.295,3.63,3.682,3.738,3.91,4.093,4.121,4.182,4.102,9.594
3491,42.241,3148.261,23588.213,3.585,3.706,3.747,3.93,4.042,4.112,4.108,4.229,10.099
3492,39.034,3614.029,22342.036,3.51,3.653,3.718,3.836,4.058,4.325,3.972,4.018,9.734
3493,42.351,2957.485,25584.523,3.538,3.609,3.686,3.741,4.153,3.99,4.072,4.136,10.74
3494,51.536,3528.871,23822.8,3.441,3.595,3.646,3.698,4.093,4.054,4.144,4.107,10.862
3495,53.127,2645.578,22683.708,3.564,3.614,3.775,3.791,3.953,4.178,4.259,4.318,9.704
3496,31.556,2966.799,25213.324,3.581,3.643,3.737,3.85,4.168,3.925,4.067,4.18,10.807
3497,42.288,2854.612,22145.221,3.57,3.608,3.728,3.813,4.32,3.995,3.762,3.927,10.491
3498,40.885,3197.651,24079.327,3.524,3.606,3.774,3.823,4.081,3.946,4.007,3.988,9.516
3499,47.963,3815.158,23912.263,3.486,3.648,3.669,3.713,4.176,4.069,4.202,4.298,11.021
3500,42.107,2926.581,24368.929,3.468,3.559,3.679,3.781,3.663,3.789,3.825,4.076,9.431
3501,38.434,2700.334,26018.94,3.478,3.627,3.711,3.882,4.043,4.052,4.207,3.953,10.374
3502,48.025,3475.497,23649.4,3.459,3.542,3.61,3.753,3.849,3.956,4.232,3.808,11.02
3503,45.079,3809.074,25201.126,3.443,3.529,3.606,3.729,3.82,3.887,3.954,3.939,9.702
3504,33.894,3190.379,22256.796,3.373,3.488,3.6,3.7,3.896,4.146,4.005,4.043,9.926
3505,36.156,3525.081,22543.386,3.419,3.536,3.688,3.799,3.899,3.896,4.031,3.926,9.956
3506,45.802,3386.538,19949.629,3.487,3.64,3.754,3.785,3.86,4.228,3.99,4.226,10.761
3507,41.432,3320.676,24475.388,3.424,3.479,3.575,3.727,3.779,4.044,4.117,4.104,9.982
3508,36.258,2339.277,22308.882,3.483,3.615,3.625,3.766,3.835,4.09,4.09,4.315,10.4
3509,42.699,3692.749,25036.117,3.467,3.578,3.678,3.819,3.968,4.02,3.983,4.284,9.361
3510,50.21,4020.689,24307.782,3.531,3.679,3.738,3.845,4.206,4.122,4.159,4.041,9.551
3511,42.119,2719.442,26757.586,3.486,3.593,3.707,3.795,4.263,3.895,3.88,4.365,9.686
3512,41.724,2832.269,23301.608,3.437,3.549,3.618,3.705,3.791,3.911,3.993,3.821,10.451
3513,50.482,3078.108,24830.287,3.312,3.514,3.543,3.658,4.031,3.966,4.273,4.037,9.789
3514,41.629,2983.88,24233.447,3.29,3.362,3.48,3.584,3.854,3.911,4.007,3.906,9.197
3515,49.245,3114.358,23251.297,3.41,3.453,3.57,3.685,3.959,3.882,4.054,4.059,9.295
3516,41.979,3296.237,25504.111,3.344,3.501,3.653,3.69,4.208,3.99,4.029,4.285,10.2
3517,41.232,3013.941,23691.112,3.379,3.456,3.579,3.672,3.947,3.925,4.188,4.151,9.694
3518,37.771,3492.397,22528.506,3.499,3.598,3.747,3.766,4.147,4.066,3.914,4.376,9.93
3519,34.151,2688.761,23602.545,3.287,3.401,3.499,3.578,4.115,3.877,3.913,4.13,9.981
3520,41.834,3346.796,20667.051,3.335,3.514,3.583,3.672,3.947,3.747,3.985,3.93,9.766
3521,43.231,3369.791,24203.159,3.27,3.368,3.484,3.511,3.961,3.941,3.859,3.818,9.868
3522,36.563,3261.868,26364.192,3.435,3.548,3.679,3.714,4.081,3.923,4.302,4.177,10.194
3523,39.041,3312.944,22924.489,3.289,3.507,3.538,3.684,3.746,4.008,3.987,3.697,9.656
3524,40.586,3211.703,23862.371,3.259,3.385,3.456,3.582,3.586,3.692,3.978,4.003,9.866
3525,33.357,2848.663,25627.827,3.34,3.428,3.563,3.669,4.158,4.123,4.015,4.056,10.303
3526,38.847,2951.395,22890.476,3.386,3.474,3.639,3.676,4.151,3.882,4.018,3.774,10.158
3527,31.993,2544.932,23511.241,3.401,3.548,3.64,3.727,4.236,4.013,3.916,3.893,10.836
3528,39.414,3706.359,24332.062,3.378,3.377,3.52,3.596,3.714,3.874,3.94,3.9,9.546
3529,41.603,2530.142,22774.67,3.366,3.443,3.554,3.652,3.763,3.695,3.869,3.721,9.675
3530,47.324,3237.595,20530.277,3.333,3.399,3.517,3.577,3.859,4.164,3.858,4.015,9.687
3531,32.278,2793.845,24043.235,3.322,3.393,3.534,3.62,3.8,3.839,4.115,3.775,10.491
3532,36.759,3323.878,21901.596,3.342,3.41,3.463,3.584,4.068,4.215,3.968,3.931,9.924
3533,45.155,2900.113,25587.025,3.353,3.485,3.592,3.659,4.013,4.117,4.081,4.113,10.44
3534,44.384,4022.493,21111.347,3.221,3.359,3.458,3.599,3.86,4.012,3.891,3.79,10.086
3535,39.983,3311.535,20948.774,3.201,3.231,3.421,3.471,3.49,3.428,3.813,3.764,9.829
3536,50.993,3285.388,22670.857,3.243,3.336,3.411,3.592,3.984,3.949,4.005,3.558,10.083
3537,38.971,2910.332,21799.717,3.21,3.318,3.443,3.548,3.87,3.597,4.008,3.739,9.562
3538,,,,,3.413,3.464,3.577,3.842,3.92,3.716,4.026,9.902
3539,46.17,2693.289,22055.981,3.263,3.363,3.425,3.591,3.817,3.779,3.48,3.679,9.931
3540,33.096,3384.993,20212.043,3.277,3.374,3.497,3.558,3.691,3.816,3.82,3.749,11.09
3541,44.146,2684.364,21134.882,3.286,3.41,3.512,3.605,3.852,3.738,3.592,3.994,10.11
3542,43.595,3263.572,25346.021,3.196,3.363,3.407,3.527,3.977,3.85,3.942,3.93,10.272
3543,35.511,2861.019,24549.486,3.325,3.409,3.476,3.585,4.066,3.761,3.633,3.879,10.231
3544,50.067,3144.511,24208.972,3.235,3.289,3.402,3.445,3.704,3.705,3.736,3.736,10.214
3545,40.663,2680.291,22005.487,3.216,3.337,3.427,3.534,3.896,3.674,3.947,3.796,9.878
3546,50.356,3076.815,21891.826,3.303,3.391,3.536,3.586,4.044,4.008,3.734,3.938,9.822
3547,34.511,2593.523,25051.232,3.266,3.327,3.429,3.604,3.99,3.883,3.858,3.522,11.228
3548,38.07,3083.525,22772.197,3.077,3.15,3.256,3.345,3.695,3.956,3.65,3.886,10.222
3549,44.676,2871.412,24489.564,3.169,3.238,3.39,3.491,4.1,3.872,3.585,4.087,10.301
3550,39.697,2745.722,21180.421,3.19,3.322,3.459,3.503,4.058,3.751,3.693,3.873,10.86
3551,47.771,2875.645,24556.328,3.306,3.377,3.515,3.554,4.168,3.894,3.797,4.064,10.1
3552,39.337,3241.681,21778.506,3.265,3.355,3.491,3.578,3.713,4.054,3.851,4.033,9.745
3553,31.098,2494.66,24250.73,3.266,3.331,3.385,3.507,3.81,3.896,3.972,3.939,10.343
3554,47.405,2863.726,23537.613,3.254,3.329,3.491,3.55,3.771,3.531,3.666,3.636,9.882
3555,40.354,1867.256,20252.366,3.205,3.364,3.4,3.532,3.541,3.752,4.03,3.88,9.714
3556,41.75,3710.157,25951.582,3.286,3.376,3.388,3.562,4.024,3.904,3.709,3.802,9.954
3557,40.238,3503.036,21440.507,3.114,3.2,3.324,3.411,3.848,3.692,3.725,3.769,10.592
3558,45.427,3305.079,23055.742,3.211,3.29,3.381,3.419,3.676,3.639,3.503,3.534,9.44
3559,45.249,3237.118,22386.887,3.111,3.189,3.269,3.416,3.512,3.549,3.787,4.019,10.079
3560,27.176,3016.438,23005.488,3.19,3.321,3.432,3.535,3.962,3.828,3.666,3.832,10.038
3561,43.663,3571.835,22649.308,3.129,3.207,3.416,3.466,3.876,3.651,3.893,3.783,11.143
3562,32.686,2932.508,22304.873,3.178,3.167,3.338,3.465,3.913,3.609,3.772,3.904,10.754
3563,42.328,2862.533,25239.499,3.268,3.312,3.39,3.526,3.994,3.872,3.9,3.772,10.118
3564,40.691,2846.962,23822.932,3.111,3.239,3.327,3.391,3.848,3.748,3.692,3.631,9.943
3565,44.598,3543.149,24834.027,3.184,3.192,3.371,3.443,3.744,3.934,3.65,3.692,9.737
3566,32.052,3131.972,22102.056,3.17,3.263,3.39,3.497,3.808,3.779,3.767,3.523,9.84
3567,40.427,3418.278,22559.702,3.167,3.273,3.345,3.435,3.886,3.778,3.68,3.972,10.515
3568,51.195,3287.349,23876.887,3.184,3.345,3.401,3.503,3.806,3.815,3.973,3.652,9.737
3569,52.644,3933.362,24833.233,3.22,3.279,3.394,3.482,3.579,3.741,3.703,3.647,9.513
3570,34.432,2508.708,22332.843,3.087,3.178,3.293,3.423,3.736,3.701,3.541,3.844,9.988
3571,38.485,2790.814,20121.655,3.147,3.4,3.403,3.438,4.13,3.46,3.562,3.564,9.829
3572,34.76,2863.67,20598.904,3.124,3.228,3.285,3.451,3.623,3.945,3.515,3.837,10.49
3573,39.976,3272.399,21102.193,3.112,3.145,3.342,3.413,3.711,4.031,3.696,3.651,10.702
3574,46.988,3188.383,23398.361,3.176,3.315,3.372,3.487,3.734,3.461,3.832,3.711,10.047
3575,46.422,3124.928,19909.738,3.126,3.257,3.364,3.468,3.753,3.845,3.753,3.804,9.944
3576,37.528,3148.448,22327.3,3.166,3.194,3.366,3.36,3.628,3.573,3.813,3.812,10.251
3577,37.581,2971.107,24722.46,3.047,3.14,3.333,3.416,3.71,3.518,3.651,3.551,9.816
3578,33.56,3282.66,23571.585,3.125,3.214,3.337,3.458,4.097,3.648,3.669,3.929,10.15
3579,37.746,3275.083,25604.084,3.01,3.232,3.333,3.39,3.647,3.424,3.556,3.512,9.532
3580,44.674,3780.072,23143.207,3.161,3.273,3.398,3.402,3.808,3.793,3.995,3.628,10.613
3581,42.509,3306.242,23024.474,3.07,3.166,3.264,3.377,3.782,3.649,3.825,3.702,10.588
3582,46.33,3323.675,23856.233,3.146,3.164,3.309,3.435,3.917,3.665,3.575,3.862,9.911
3583,45.717,2818.984,23537.947,3.109,3.267,3.377,3.422,4.046,3.798,3.611,3.753,10.039
3584,46.577,3191.163,23410.27,3.105,3.144,3.292,3.279,3.931,3.563,3.725,3.787,10.564
3585,45.548,2775.536,24712.275,3.147,3.236,3.298,3.425,3.676,3.814,3.876,3.4,10.85
3586,37.018,3406.8,22826.391,3.088,3.159,3.243,3.346,3.847,3.63,3.597,3.957,10.134
3587,44.778,3735.112,22791.364,3.094,3.22,3.33,3.384,3.915,3.846,3.969,3.83,10.217
3588,35.735,3415.262,25573.624,3.117,3.281,3.313,3.431,3.92,3.599,3.48,3.823,9.924
3589,30.399,3272.334,23498.651,3.002,3.119,3.159,3.259,3.696,3.54,3.207,3.613,10.813
3590,32.477,2843.08,25234.685,3.116,3.16,3.256,3.394,3.595,4.028,3.645,3.337,9.553
3591,40.465,3024.935,23783.036,3.059,3.189,3.302,3.369,3.57,3.706,3.661,3.627,10.223
3592,45.4,3395.757,24700.865,3.107,3.147,3.265,3.422,3.607,3.774,3.519,3.82,9.248
3593,44.324,3316.265,23378.976,3.15,3.254,3.31,3.425,3.89,3.984,3.868,3.833,10.123
3594,32.886,2683.889,21059.484,3.131,3.265,3.33,3.441,3.992,3.738,3.718,3.742,10.549
3595,39.826,2836.431,24302.288,3.14,3.242,3.338,3.47,3.657,3.691,3.663,3.951,11.185
3596,45.232,2183.032,24404.658,3.076,3.161,3.351,3.448,3.593,3.738,3.886,3.937,10.17
3597,42.651,3267.399,20574.774,3.101,3.216,3.34,3.457,3.581,3.71,3.696,3.857,9.918
3598,39.908,3347.266,22255.183,3.138,3.204,3.337,3.463,3.504,3.703,3.69,3.768,9.793
3599,37.713,2658.759,24839.557,3.094,3.186,3.394,3.425,3.542,3.768,3.633,3.634,10.321
3600,36.82,3233.182,25118.801,3.187,3.259,3.333,3.486,3.68,3.817,3.739,3.992,10.198
3601,42.109,2782.28,23563.524,3.155,3.234,3.322,3.469,3.876,3.986,3.614,3.971,10.12
3602,48.655,2813.697,22312.623,3.064,3.165,3.247,3.343,3.776,3.313,3.538,3.719,9.206
3603,50.658,3661.02,22058.895,3.079,3.206,3.253,3.382,3.395,3.796,3.748,3.611,10.252
3604,32.614,3382.068,21518.825,3.108,3.273,3.369,3.399,3.646,3.642,3.695,3.444,9.555
3605,42.897,2630.752,21538.677,3.074,3.201,3.32,3.328,3.433,3.796,3.691,3.832,9.419
3606,51.212,2875.729,22678.063,2.978,3.091,3.097,3.268,3.549,3.618,3.479,3.599,10.303
3607,32.413,3331.367,23058.129,3.154,3.287,3.378,3.484,3.624,3.479,3.69,3.939,9.882
3608,42.101,3585.333,22126.563,3.049,3.197,3.29,3.392,3.72,3.617,3.576,3.619,10.098
3609,49.828,2935.924,22944.632,3.144,3.219,3.29,3.385,3.6,3.85,3.738,3.359,10.127
3610,47.603,3161.292,21862.441,3.117,3.142,3.298,3.364,3.532,3.566,3.725,3.827,9.364
3611,48.965,3276.365,21509.048,3.082,3.095,3.185,3.351,3.895,3.817,3.627,3.564,10.369
3612,42.253,2907.451,22854.931,3.126,3.114,3.278,3.47,3.565,3.635,3.827,3.731,10.261
3613,42.604,2782.468,22821.285,2.994,3.124,3.309,3.343,3.547,3.424,3.31,3.658,10.828
3614,50.529,3108.272,21151.366,3.022,3.132,3.227,3.347,3.341,3.578,3.696,3.709,11.154
3615,43.108,2686.944,22135.938,3.092,3.209,3.307,3.377,3.841,3.447,3.777,3.831,10.047
3616,46.848,3795.082,22345.949,3.085,3.189,3.304,3.434,3.523,3.907,3.646,3.805,10.574
3617,48.152,3191.88,23971.19,3.097,3.236,3.311,3.465,3.561,3.766,3.786,3.784,10.167
3618,39.444,2654.613,21338.498,3.059,3.195,3.282,3.428,3.632,3.622,3.906,3.794,10.34
3619,44.845,2653.78,24212.542,3.005,3.212,3.289,3.344,3.594,3.745,3.753,3.816,10.19
3620,47.977,3272.549,22832.76,3.131,3.195,3.313,3.43,3.529,3.733,3.77,3.918,9.486
3621,45.528,3345.995,24960.455,3.175,3.246,3.331,3.465,3.742,3.728,3.806,3.658,10.566
3622,44.13,2606.879,24621.486,3.167,3.213,3.352,3.385,3.93,3.529,3.794,3.799,10.36
3623,47.011,2974.531,23574.128,3.052,3.156,3.267,3.424,3.771,3.814,3.643,3.907,9.721
3624,49.01,3231.755,23301.089,3.1,3.168,3.254,3.382,3.754,3.671,3.774,3.801,10.392
3625,45.833,3480.742,21555.198,3.103,3.21,3.28,3.359,3.523,3.905,3.633,3.87,10.195
3626,44.071,3509.732,26203.002,3.18,3.231,3.396,3.539,3.882,3.368,3.925,3.878,9.627
3627,39.1,3104.475,24573.605,3.118,3.237,3.343,3.402,4.097,3.508,3.588,3.811,10.394
3628,42.482,2221.919,21169.267,3.157,3.297,3.343,3.457,3.666,3.639,3.882,3.738,9.643
3629,47.276,2951.372,24221.192,3.044,3.13,3.259,3.342,3.484,3.894,3.541,3.609,10.431
3630,41.553,3158.283,22215.82,3.061,3.275,3.296,3.369,3.89,3.948,3.645,4.057,9.773
3631,42.369,2901.46,25712.294,3.137,3.25,3.317,3.456,3.8,3.825,3.634,3.756,10.151
3632,44.751,3313.683,20727.098,3.03,3.104,3.213,3.265,3.595,3.802,3.544,3.41,9.854
3633,34.396,3057.577,23063.435,3.115,3.126,3.32,3.395,3.662,3.461,3.68,3.692,9.878
3634,37.726,2608.57,21958.507,2.936,3.081,3.199,3.342,3.792,3.564,3.553,3.426,10.406
3635,42.689,2251.601,23736.659,3.22,3.363,3.42,3.553,3.755,3.574,3.788,3.839,10.702
3636,50.005,2731.237,21439.296,3.072,3.28,3.323,3.415,3.773,3.813,3.713,3.97,10.62
3637,41.38,2778.358,25200.903,3.038,3.153,3.257,3.365,3.799,3.463,3.74,3.83,10.588
3638,,,,,3.209,3.32,3.393,3.917,3.585,3.647,3.507,10.396
3639,44.147,3339.973,23788.534,3.089,3.181,3.223,3.366,4.013,3.522,3.394,3.371,9.776
3640,42.188,3509.666,25649.199,3.134,3.233,3.257,3.468,3.589,3.521,3.801,3.709,10.557
3641,43.647,2726.231,24669.976,3.101,3.166,3.256,3.366,3.707,3.432,3.656,3.604,10.368
3642,42.351,3514.285,24713.98,3.118,3.27,3.342,3.426,3.776,3.802,3.81,3.438,10.849
3643,41.837,3090.185,23193.361,3.061,3.177,3.211,3.27,3.725,3.417,3.581,3.429,9.517
3644,41.222,2674.958,22718.281,3.119,3.1,3.327,3.377,3.932,3.666,3.889,3.46,9.87
3645,37.874,3425.059,24424.041,3.031,3.191,3.263,3.41,4.041,3.67,3.672,3.462,10.384
3646,48.151,3451.114,25864.891,3.137,3.217,3.34,3.412,3.483,3.627,3.813,3.85,9.916
3647,40.529,3608.224,24688.497,3.06,3.194,3.258,3.382,3.851,3.624,3.549,3.54,10.322
3648,37.629,2726.797,22648.88,3.012,3.123,3.241,3.348,3.69,3.849,3.658,3.519,10.307
3649,37.583,2630.536,22480.749,3.162,3.269,3.424,3.512,3.734,3.887,3.964,3.728,10.519
3650,43.395,3580.182,26186.976,3.1,3.171,3.259,3.452,3.964,3.732,4.02,3.612,10.32
3651,43.169,2713.286,20391.924,3.116,3.234,3.302,3.405,3.603,3.524,3.673,4.155,10.317
3652,40.639,3135.971,21109.535,3.171,3.204,3.374,3.488,4.021,3.871,3.652,3.701,10.14
3653,35.394,3796.362,25029.771,3.034,3.188,3.253,3.368,3.525,3.69,3.838,3.903,10.171
3654,43.853,2916.587,22908.578,3.089,3.151,3.293,3.328,3.622,3.654,3.498,3.883,9.951
3655,36.803,2975.191,22865.732,3.076,3.138,3.291,3.404,3.876,3.887,3.626,3.531,10.039
3656,43.954,3065.02,24103.116,3.171,3.28,3.357,3.472,3.591,3.639,3.966,3.836,9.724
3657,31.579,3331.404,20954.014,3.073,3.13,3.237,3.323,3.574,3.623,3.651,3.71,9.813
3658,46.923,3666.423,25469.291,3.267,3.374,3.447,3.588,3.888,3.804,3.964,3.912,10.114
3659,44.01,2855.832,22032.749,3.14,3.274,3.287,3.437,3.75,3.974,3.625,3.714,10.519
3660,39.856,3108.3,22580.698,3.095,3.269,3.327,3.398,3.586,3.671,3.908,3.604,10.464
3661,39.236,3363.307,22271.898,3.156,3.23,3.332,3.445,3.658,4.033,3.535,3.859,10.481
3662,39.124,3384.624,21727.232,3.089,3.153,3.255,3.367,3.719,3.653,3.856,4.064,10.459
3663,44.766,3222.293,25949.763,3.175,3.193,3.358,3.373,3.883,3.804,3.488,3.809,10.232
3664,40.824,3030.747,25331.716,3.114,3.136,3.32,3.365,3.479,3.439,3.827,3.566,10.094
3665,48.93,3475.698,21508.662,3.155,3.215,3.326,3.34,3.437,3.747,3.631,3.792,9.787
3666,39.515,3178.259,23656.127,3.099,3.177,3.25,3.424,3.844,3.677,3.699,3.56,10.349
3667,45.79,2884.496,25519.812,3.177,3.28,3.365,3.513,3.736,3.776,3.668,3.974,10.592
3668,48.84,2994.204,22474.35,3.18,3.249,3.336,3.468,3.685,3.575,3.986,3.549,10.384
3669,39.327,2795.041,20686.852,3.105,3.195,3.338,3.454,3.713,3.93,3.563,4.0,9.995
3670,44.43,2582.646,23171.12,3.148,3.181,3.34,3.414,3.786,3.787,3.357,3.646,10.107
3671,36.691,2891.644,21654.102,3.064,3.227,3.234,3.461,3.849,3.927,3.843,3.748,10.447
3672,31.181,3074.981,21292.87,3.102,3.162,3.308,3.386,3.759,3.638,3.536,3.935,10.24
3673,42.954,3374.853,23729.722,3.126,3.245,3.346,3.476,3.727,3.921,3.652,3.888,10.364
3674,42.517,2681.539,23156.408,3.239,3.293,3.424,3.501,3.984,3.767,3.657,3.72,9.883
3675,44.046,3658.105,20857.745,3.218,3.25,3.381,3.417,3.893,3.869,3.99,3.805,10.461
3676,36.054,2009.013,22502.66,3.077,3.183,3.29,3.447,3.838,3.872,3.491,3.827,10.135
3677,42.54,2799.394,21490.779,3.083,3.222,3.319,3.41,3.931,3.633,3.716,3.823,10.158
3678,34.232,3147.526,22927.032,3.163,3.26,3.289,3.415,3.576,3.88,3.78,3.477,9.875
3679,38.834,3565.348,21852.782,3.221,3.289,3.401,3.494,3.606,3.906,3.778,3.963,9.606
3680,47.612,2652.451,24764.221,3.253,3.274,3.396,3.451,3.959,3.883,3.949,4.003,10.462
3681,34.464,3321.596,24046.507,3.188,3.253,3.276,3.443,3.874,3.645,3.683,3.584,9.995
3682,45.096,4094.909,24338.162,3.095,3.218,3.337,3.429,3.636,3.813,3.979,3.805,10.193
3683,35.093,3244.318,22404.687,3.172,3.258,3.363,3.468,3.924,3.984,3.605,3.695,10.434
3684,43.27,2847.914,24595.998,3.094,3.243,3.312,3.464,3.555,3.787,3.751,3.674,10.54
3685,36.535,3020.133,25731.774,3.13,3.245,3.327,3.398,3.584,3.603,3.714,3.623,9.486
3686,35.595,3286.534,25117.421,3.228,3.354,3.445,3.603,3.894,4.06,3.664,4.033,10.287
3687,32.683,2631.242,25101.391,3.148,3.227,3.339,3.456,3.475,3.278,3.75,4.023,10.342
3688,43.161,2876.198,22617.062,3.181,3.293,3.404,3.481,3.832,3.959,3.717,3.701,10.561
3689,33.022,3067.933,23413.725,3.127,3.258,3.3,3.443,3.532,3.885,3.751,3.62,10.343
3690,42.223,2844.64,25382.608,3.258,3.313,3.392,3.49,4.16,3.885,3.991,3.909,9.834
3691,40.394,3310.046,22497.915,3.145,3.268,3.369,3.467,3.817,3.942,3.824,3.582,10.154
3692,31.517,3385.726,22408.556,3.069,3.243,3.294,3.407,3.559,3.656,3.398,3.725,10.32
3693,39.504,3425.179,21648.035,3.107,3.215,3.376,3.395,3.484,3.907,3.916,3.794,10.354
3694,36.216,3871.426,25040.412,3.2,3.281,3.366,3.471,3.625,3.852,3.851,3.503,10.539
3695,43.254,3335.601,26989.541,3.154,3.273,3.361,3.525,3.83,3.724,3.795,3.805,10.374
3696,42.118,3114.469,22356.593,3.144,3.188,3.337,3.467,3.576,3.589,3.477,3.817,10.172
3697,48.424,2949.047,24010.08,3.104,3.192,3.323,3.431,3.612,4.013,3.614,3.604,10.186
3698,42.908,3128.978,25124.352,3.202,3.293,3.395,3.444,3.837,3.722,3.836,3.861,10.028
3699,41.858,2939.281,24269.08,3.099,3.252,3.284,3.377,3.916,3.927,3.641,3.84,10.197
3700,43.579,3516.27,23511.735,3.211,3.313,3.441,3.503,3.608,3.655,3.64,3.883,9.618
3701,42.84,4038.695,24665.791,3.163,3.316,3.325,3.448,3.949,3.905,3.788,3.742,10.672
3702,40.34,3089.046,23306.486,3.107,3.179,3.307,3.458,3.405,3.84,3.691,3.867,9.999
3703,44.149,3603.278,22463.339,3.075,3.212,3.289,3.376,3.857,3.799,3.493,3.724,10.513
3704,42.57,3262.606,21175.358,3.07,3.299,3.342,3.453,3.772,3.783,3.754,3.673,10.009
3705,43.82,2810.921,22901.984,3.163,3.265,3.373,3.465,3.591,3.824,3.665,3.955,10.323
3706,35.351,3609.028,21569.412,3.211,3.261,3.352,3.496,3.517,3.938,3.531,3.717,9.914
3707,41.002,3215.416,23679.398,3.086,3.163,3.258,3.326,3.644,3.661,3.529,3.751,10.41
3708,45.658,3080.964,23719.088,3.229,3.378,3.378,3.462,3.784,3.93,3.905,3.646,10.177
3709,44.375,3017.365,25194.79,3.135,3.187,3.414,3.523,3.569,3.954,3.564,3.914,10.614
3710,,,,,3.252,3.345,3.405,3.813,3.793,3.975,3.961,10.053
3711,44.772,3226.663,23957.327,2.99,3.096,3.185,3.322,3.439,3.683,3.53,3.383,10.351
3712,43.171,3470.44,25806.087,3.084,3.165,3.292,3.427,3.451,3.818,3.679,3.807,10.235
3713,46.376,3209.591,25429.106,3.195,3.286,3.322,3.51,3.899,3.647,3.804,3.689,10.217
3714,37.166,2692.393,22489.147,3.163,3.197,3.322,3.434,3.874,3.668,3.447,3.728,9.937
3715,45.016,2651.995,22672.732,3.132,3.248,3.364,3.422,3.81,3.745,3.776,3.652,11.234
3716,42.438,4253.203,22956.003,3.139,3.171,3.29,3.433,3.962,3.464,3.617,3.798,9.639
3717,40.055,3032.742,23722.209,3.142,3.17,3.236,3.412,4.046,3.734,3.612,3.562,9.699
3718,42.39,3063.379,22962.224,3.137,3.237,3.305,3.403,3.665,3.673,3.391,3.657,9.206
3719,42.623,3594.468,24199.738,3.185,3.315,3.324,3.473,3.748,3.706,3.867,3.9,10.329
3720,35.345,3243.17,22905.239,3.165,3.295,3.37,3.487,3.821,3.752,3.686,3.811,9.83
3721,36.957,3416.356,21382.313,3.104,3.268,3.363,3.468,3.827,4.11,3.651,3.716,9.584
3722,45.986,2630.452,24482.734,3.062,3.214,3.297,3.417,3.754,3.464,3.714,3.877,10.133
3723,37.419,3331.269,21277.761,3.075,3.256,3.307,3.441,3.472,3.956,3.938,3.68,10.474
3724,45.781,3655.565,22523.263,3.202,3.299,3.397,3.535,3.82,3.713,3.973,4.029,10.459
3725,45.021,3604.691,22666.75,3.151,3.27,3.326,3.443,3.746,3.829,3.673,3.833,9.825
3726,43.926,2539.178,25846.135,3.219,3.311,3.361,3.514,3.425,3.751,3.565,3.653,10.161
3727,42.224,3534.489,22782.66,3.079,3.182,3.234,3.327,3.644,3.294,3.588,3.814,10.699
3728,48.468,3215.952,22401.693,3.025,3.075,3.199,3.355,3.542,3.77,3.682,3.732,10.723
3729,43.922,3405.746,24413.692,3.109,3.218,3.319,3.489,3.692,3.865,3.677,3.614,9.864
3730,47.509,3301.718,22807.585,3.119,3.138,3.285,3.39,3.395,3.596,3.668,3.666,10.416
3731,,,,,3.061,3.149,3.246,3.258,3.539,3.605,3.625,9.63
3732,40.866,3579.263,22815.075,3.119,3.245,3.315,3.429,3.607,3.601,3.598,3.846,9.791
3733,40.374,3395.353,24960.286,3.175,3.246,3.377,3.461,3.712,3.876,3.787,3.526,10.652
3734,41.249,2683.581,21068.399,3.14,3.207,3.345,3.389,3.856,3.308,4.124,3.626,10.137
3735,,,,,3.199,3.3,3.43,3.552,3.647,3.973,3.835,11.33
3736,36.578,3284.51,22387.168,3.036,3.146,3.24,3.372,3.77,3.564,3.576,3.607,10.229
3737,33.626,2450.523,21862.476,3.096,3.242,3.349,3.43,3.445,3.642,3.797,3.617,10.184
3738,41.006,3391.966,23461.864,3.196,3.375,3.381,3.509,4.017,3.987,3.883,3.834,9.918
3739,34.522,3752.497,24814.032,3.217,3.367,3.398,3.515,3.771,3.939,3.706,4.124,9.949
3740,38.033,3243.676,24374.481,3.039,3.211,3.325,3.364,3.725,3.987,3.75,3.579,10.317
3741,42.935,3024.073,22931.156,3.099,3.177,3.273,3.377,3.902,3.882,3.877,3.704,10.059
3742,43.298,3248.739,21986.014,3.106,3.225,3.305,3.443,3.608,3.966,3.824,4.01,10.54
3743,48.82,3166.177,24897.269,3.059,3.137,3.245,3.371,3.693,3.83,3.691,3.555,10.729
3744,35.925,3120.709,24106.623,3.041,3.171,3.237,3.286,3.679,3.626,3.725,3.706,10.337
3745,33.302,3968.985,24858.721,3.142,3.225,3.328,3.367,3.68,3.796,3.858,3.359,9.588
3746,45.014,3043.374,22947.736,3.163,3.198,3.239,3.377,3.671,3.953,3.851,4.066,9.925
3747,34.744,4124.025,24072.092,3.04,3.157,3.291,3.306,3.451,3.64,3.764,3.764,10.609
3748,44.043,2741.422,22596.504,3.062,3.197,3.297,3.363,3.629,3.722,3.528,3.512,9.922
3749,32.979,2745.979,27361.397,3.036,3.097,3.17,3.318,3.658,3.447,3.408,3.385,10.362
3750,36.576,3667.699,22057.246,3.003,3.128,3.295,3.297,3.654,3.591,3.627,3.838,10.606
3751,44.9,2944.047,23736.551,3.173,3.224,3.317,3.435,3.657,3.759,3.617,3.994,10.626
3752,34.053,3843.935,21090.354,2.984,3.111,3.245,3.328,3.616,3.451,3.573,3.682,9.363
3753,40.913,3017.432,24384.402,2.999,3.1,3.184,3.327,3.522,3.636,3.382,3.351,10.634
3754,43.247,3188.527,23972.918,3.04,3.123,3.185,3.307,3.501,3.711,3.547,3.781,9.995
3755,35.046,3079.153,21527.878,2.961,3.076,3.226,3.235,3.681,3.151,3.671,3.753,9.606
3756,43.24,3908.632,23630.603,3.095,3.183,3.291,3.414,3.527,3.632,3.494,3.608,10.563
3757,46.609,3729.812,22263.811,2.993,3.071,3.122,3.261,3.684,3.466,3.2,3.861,10.257
3758,40.707,3299.557,22103.077,2.994,3.091,3.197,3.321,3.475,3.79,3.685,3.585,10.029
3759,40.52,3060.565,24540.549,3.066,3.151,3.186,3.355,3.981,3.822,3.749,3.538,9.126
3760,47.185,2210.673,22556.891,2.928,3.032,3.078,3.257,3.565,3.598,3.415,3.296,9.91
3761,34.841,3316.686,24936.194,3.118,3.204,3.275,3.395,3.538,3.864,3.561,3.42,11.038
3762,44.854,2855.723,23415.213,3.043,3.177,3.239,3.384,3.827,3.593,3.515,3.74,9.487
3763,41.36,3246.274,24033.154,3.048,3.105,3.224,3.366,3.547,3.433,3.655,3.45,9.639
3764,44.23,3825.876,21880.302,3.093,3.152,3.328,3.378,3.718,3.52,3.508,3.764,10.079
3765,41.142,3799.284,23598.352,2.996,3.113,3.184,3.336,3.897,3.472,3.493,3.936,10.165
3766,36.006,3011.898,25170.145,2.974,3.145,3.283,3.352,3.641,3.754,3.777,3.588,10.186
3767,43.774,3372.523,23248.841,3.036,3.155,3.311,3.382,3.632,3.791,3.345,3.425,10.372
3768,43.49,2963.329,21132.763,3.131,3.203,3.363,3.413,3.732,3.718,3.732,3.92,9.216
3769,38.746,2783.895,23543.671,2.957,3.095,3.193,3.295,3.485,3.771,3.505,3.726,9.783
3770,33.708,2799.933,22157.014,3.048,3.201,3.389,3.373,3.714,3.928,3.513,3.905,10.235
3771,42.711,3546.403,22751.599,3.034,3.141,3.243,3.415,3.308,3.703,3.628,3.605,10.147
3772,43.105,2946.407,22485.772,3.021,3.152,3.236,3.35,3.57,3.773,3.837,3.579,9.566
3773,33.343,3310.525,22166.355,2.963,3.043,3.207,3.29,3.487,3.797,3.456,3.704,10.326
3774,35.873,3397.182,22908.508,2.982,3.062,3.216,3.297,3.529,3.662,3.82,3.948,10.545
3775,30.104,3654.805,22362.462,3.072,3.154,3.289,3.397,3.537,3.833,3.685,3.748,10.202
3776,43.039,3643.346,23936.008,2.911,3.064,3.136,3.236,3.407,3.748,3.447,3.342,10.155
3777,42.517,2949.003,21797.87,2.909,3.037,3.149,3.16,3.51,3.524,3.412,3.551,10.098
3778,38.911,3834.403,23462.513,3.059,3.162,3.254,3.361,3.558,3.534,3.736,3.63,10.378
3779,44.839,2605.279,22442.746,2.815,2.904,3.06,3.137,3.539,3.392,3.47,3.602,10.601
3780,51.882,3044.649,23665.543,2.969,3.094,3.183,3.349,3.852,3.548,3.771,3.501,10.003
3781,38.703,2900.349,23737.367,2.928,2.979,3.088,3.212,3.625,3.256,3.449,3.716,9.935
3782,36.71,2990.343,24332.277,2.953,2.989,3.124,3.249,3.753,3.636,3.759,3.199,10.088
3783,47.551,2997.191,25260.177,2.833,2.888,3.011,3.118,3.599,3.659,3.499,3.48,9.954
3784,32.09,3370.976,22040.077,2.951,3.037,3.156,3.232,3.587,3.418,3.587,3.359,10.066
3785,30.47,3271.307,20415.698,2.873,2.944,3.045,3.165,3.312,3.374,3.214,3.297,9.959
3786,45.997,2823.011,25458.953,2.925,3.016,3.11,3.187,3.413,3.307,3.317,3.575,10.151
3787,40.91,4261.854,23859.719,2.953,3.085,3.094,3.273,3.467,3.384,3.555,3.537,10.257
3788,35.223,3479.77,20985.061,2.848,2.89,3.043,3.084,3.232,3.607,3.215,3.327,10.67
3789,39.053,3614.242,22754.254,2.97,3.036,3.14,3.185,3.478,3.508,3.436,3.396,9.92
3790,41.338,2891.016,21666.878,2.93,3.06,3.137,3.24,3.327,3.706,3.479,3.432,9.721
3791,40.543,3137.453,24766.655,2.841,2.905,2.93,3.076,3.384,3.745,3.42,3.453,10.152
3792,43.76,3228.513,22559.175,2.798,2.987,3.097,3.187,3.638,3.205,3.477,3.239,10.048
3793,39.087,3130.964,24412.838,2.841,2.907,3.032,3.143,3.295,3.561,3.409,3.216,9.909
3794,32.785,3553.225,23595.343,3.049,3.212,3.273,3.327,3.493,3.563,3.613,3.799,10.304
3795,33.842,3536.587,21728.012,2.867,2.904,3.056,3.186,3.506,3.219,3.471,3.791,9.811
3796,47.002,3629.247,22903.168,2.791,2.903,2.957,3.12,3.411,3.209,3.5,3.286,10.581
3797,38.43,3062.984,25068.276,2.892,2.983,3.1,3.188,3.72,3.197,3.587,3.41,10.487
3798,38.757,3514.695,23762.853,2.799,2.976,2.959,3.103,3.37,3.197,3.258,3.129,10.012
3799,28.832,2745.551,21185.963,2.833,2.911,2.987,3.101,3.521,3.414,3.571,3.394,10.332
3800,34.625,2943.139,25754.003,2.988,3.048,3.065,3.193,3.479,3.319,3.654,3.461,10.024
3801,42.065,2933.228,23205.796,2.868,2.974,3.074,3.165,3.659,3.592,3.515,3.53,9.528
3802,38.644,3787.726,20551.913,2.856,2.946,3.038,3.154,3.519,3.659,3.505,3.353,10.222
3803,42.183,3568.667,24482.413,2.909,3.0,3.102,3.214,3.603,3.423,3.287,3.706,10.868
3804,43.833,3133.773,21505.23,2.938,3.02,3.151,3.245,3.682,3.821,3.716,3.385,9.89
3805,39.293,3557.041,20303.842,2.848,2.958,3.034,3.159,3.293,3.594,3.715,3.658,10.544
3806,54.361,3343.212,22142.724,2.749,2.861,2.955,3.095,3.381,3.615,3.253,3.288,10.961
3807,39.546,2766.788,21291.313,2.821,2.897,3.035,3.116,3.308,3.523,3.254,3.378,10.427
3808,45.226,2652.24,25464.761,2.86,2.949,3.059,3.161,3.56,3.466,3.541,3.437,9.718
3809,43.593,3030.528,23094.322,2.855,2.89,2.984,3.068,3.406,3.428,3.315,3.404,10.852
3810,50.817,2715.654,22571.69,2.825,2.88,2.976,3.163,3.436,3.445,3.496,3.605,9.873
3811,40.195,3429.524,21771.104,2.766,2.81,2.962,3.067,3.347,3.506,3.166,3.303,10.514
3812,38.864,4021.426,21838.29,2.885,2.967,3.069,3.168,3.369,3.53,3.666,3.635,10.207
3813,38.986,3060.973,25506.961,2.797,2.971,3.035,3.17,3.484,3.545,3.596,3.303,9.969
3814,43.915,3005.337,22452.217,2.736,2.827,2.945,3.016,3.297,3.504,3.498,3.435,10.811
3815,44.884,2734.842,24375.758,2.704,2.852,2.96,3.063,3.476,3.349,3.31,3.42,10.051
3816,38.149,3594.646,20488.953,2.802,2.901,3.019,3.12,3.406,3.368,3.327,2.982,10.166
3817,43.081,2659.643,22082.18,2.801,2.923,2.985,3.136,3.475,3.345,3.184,3.245,10.335
3818,33.891,3070.446,20571.337,2.859,2.934,3.061,3.185,3.184,3.337,3.257,3.619,9.966
3819,49.678,3647.165,20881.693,2.683,2.853,2.963,2.991,3.376,3.545,3.294,3.524,10.126
3820,47.67,3174.801,22542.142,2.661,2.823,2.869,2.988,3.24,3.4,3.215,3.101,10.039
3821,45.983,2722.67,26698.999,2.797,2.834,2.985,3.088,3.37,3.504,3.318,3.658,9.842
3822,41.414,3291.027,24101.229,2.734,2.838,2.934,3.007,3.534,3.265,3.49,3.359,10.151
3823,38.858,3073.535,22353.608,2.739,2.813,2.931,3.001,3.573,3.561,3.01,3.409,10.797
3824,44.565,3285.741,25133.3,2.773,2.891,3.003,3.085,3.278,3.523,3.331,3.249,10.305
3825,38.402,3022.37,23681.373,2.732,2.752,2.858,2.964,3.336,3.3,3.233,3.181,10.211
3826,34.626,2959.154,23812.808,2.707,2.786,2.819,2.944,3.265,3.316,3.396,3.179,10.079
3827,44.544,3479.242,23149.729,2.693,2.743,2.877,2.974,3.359,3.638,3.304,3.275,10.417
3828,42.904,2835.875,25822.792,2.707,2.875,2.849,3.071,3.206,3.642,3.314,3.29,9.859
3829,49.131,3283.133,19792.23,2.716,2.829,2.871,3.036,3.249,3.019,3.192,3.569,10.386
3830,38.086,2901.151,21705.545,2.686,2.786,2.87,3.015,3.127,3.482,3.692,3.216,10.744
3831,46.692,3336.789,22283.067,2.631,2.739,2.844,2.951,3.196,3.495,3.298,3.311,10.899
3832,38.983,3367.136,22700.545,2.702,2.827,2.939,3.002,3.37,3.397,3.048,3.476,10.111
3833,42.249,3135.864,20722.771,2.69,2.795,2.827,2.869,2.984,2.881,3.144,3.598,10.371
3834,44.33,3274.19,19335.42,2.724,2.793,2.952,3.017,3.044,3.272,3.588,3.189,10.734
3835,42.775,3141.311,23843.427,2.665,2.748,2.921,2.94,3.164,2.982,3.174,2.944,10.297
3836,38.238,3143.133,23890.481,2.732,2.85,2.912,2.948,3.503,3.227,3.409,3.118,10.539
3837,46.3,2867.487,21032.887,2.646,2.773,2.814,2.925,3.45,3.194,2.94,3.094,11.025
3838,36.644,3198.131,21910.051,2.712,2.766,2.921,2.967,3.569,3.486,3.32,3.413,10.473
3839,48.814,3727.54,19397.503,2.576,2.674,2.768,2.859,3.271,3.081,3.21,3.044,10.55
3840,32.297,3081.117,20982.049,2.634,2.746,2.799,2.922,3.236,3.174,3.188,3.269,10.223
3841,47.187,2569.383,21606.368,2.694,2.81,2.861,2.985,3.168,3.358,3.002,3.386,10.159
3842,38.686,3653.156,22333.878,2.737,2.792,2.897,3.051,3.199,3.378,3.287,3.553,9.979
3843,39.814,2572.108,21464.479,2.651,2.753,2.904,3.004,3.134,3.098,3.266,3.407,10.236
3844,33.416,3309.065,22886.201,2.593,2.719,2.819,2.944,3.287,3.212,3.037,3.272,10.959
3845,41.356,2401.873,23488.986,2.642,2.733,2.889,2.953,3.198,3.282,3.118,3.265,10.224
3846,43.228,3274.834,21909.183,2.625,2.748,2.929,2.95,3.291,2.944,3.154,2.981,9.958
3847,45.763,4209.027,22515.368,2.585,2.69,2.775,2.89,2.949,3.002,3.111,3.052,11.007
3848,47.585,3318.647,19821.791,2.726,2.786,2.899,3.03,3.047,3.405,3.378,3.211,10.412
3849,41.475,3554.149,21072.677,2.71,2.856,2.964,3.061,3.274,3.528,3.327,3.264,10.578
3850,42.491,3143.345,23688.774,2.567,2.672,2.796,2.906,3.229,3.225,3.134,3.267,10.494
3851,44.182,3244.085,20844.542,2.507,2.625,2.712,2.844,3.305,3.033,3.359,3.233,10.515
3852,43.822,3085.882,21624.323,2.595,2.704,2.801,2.921,3.03,3.24,3.27,3.088,10.186
3853,49.162,3617.762,21571.753,2.615,2.737,2.775,2.952,3.151,3.103,3.382,3.457,10.378
3854,43.41,3497.666,21898.666,2.577,2.694,2.763,2.935,3.422,2.855,3.178,3.262,10.374
3855,38.361,3226.726,22155.112,2.636,2.773,2.892,2.982,3.201,3.083,3.187,3.258,11.011
3856,45.267,2890.122,20365.537,2.685,2.735,2.896,2.956,3.385,3.57,3.232,3.416,10.084
3857,33.412,2559.191,23557.592,2.578,2.705,2.768,2.782,3.27,3.08,3.269,3.013,9.868
3858,36.172,3246.767,23933.984,2.655,2.792,2.869,2.999,3.489,3.51,3.39,3.462,10.118
3859,41.092,3323.554,21886.523,2.672,2.77,2.869,3.011,3.142,3.273,3.377,3.256,9.731
3860,41.91,2588.029,22597.347,2.597,2.639,2.741,2.84,3.266,3.3,3.066,3.195,9.961
3861,48.808,3187.472,22272.328,2.602,2.711,2.776,2.934,3.093,3.293,3.273,3.312,10.8
3862,42.836,2753.911,23074.47,2.61,2.666,2.776,2.921,3.384,3.1,3.392,3.055,10.395
3863,41.306,2501.842,21869.95,2.653,2.745,2.894,2.948,3.221,3.354,3.06,3.377,10.125
3864,46.143,2383.252,25405.031,2.593,2.605,2.693,2.859,3.142,3.137,3.236,3.06,10.539
3865,45.366,3095.315,23822.725,2.585,2.705,2.769,2.889,3.15,3.144,3.534,3.358,9.299
3866,45.522,3530.895,21368.094,2.521,2.716,2.682,2.887,3.29,3.291,2.89,3.218,10.336
3867,47.617,3713.379,20294.545,2.565,2.683,2.778,2.875,3.173,3.047,3.025,2.938,9.955
3868,46.226,2424.164,24251.338,2.546,2.689,2.786,2.907,3.074,3.308,3.154,3.338,10.93
3869,42.414,3492.008,21569.891,2.613,2.714,2.858,2.934,3.3,3.241,2.951,3.195,10.622
3870,39.78,3203.509,19966.114,2.651,2.701,2.855,2.947,3.256,3.259,3.191,3.298,10.328
3871,35.894,2961.596,23993.895,2.666,2.723,2.834,2.95,3.116,3.107,3.643,3.231,9.733
3872,46.088,3416.604,20186.035,2.539,2.637,2.707,2.873,2.976,3.246,3.056,3.046,10.758
3873,43.095,2921.474,21539.181,2.624,2.66,2.763,2.846,3.172,3.201,3.028,3.397,9.746
3874,46.811,2995.888,20540.472,2.619,2.729,2.808,2.915,3.125,3.1,3.054,3.084,10.166
3875,41.791,3169.971,22151.69,2.618,2.784,2.822,2.969,3.207,3.331,3.277,3.374,10.037
3876,44.614,3157.218,22737.709,2.485,2.656,2.707,2.824,3.129,3.197,2.836,2.895,9.814
3877,43.131,2906.995,21897.5,2.592,2.729,2.78,2.809,3.416,3.186,3.16,3.356,10.297
3878,35.076,2974.408,20970.991,2.553,2.628,2.746,2.801,2.905,3.005,3.199,2.865,10.086
3879,40.826,3116.11,22513.157,2.602,2.742,2.788,2.85,3.138,3.234,3.196,3.331,9.704
3880,32.089,3555.272,23340.458,2.467,2.604,2.632,2.814,3.118,3.335,3.255,3.243,9.813
3881,42.729,2416.873,24012.213,2.471,2.616,2.688,2.804,3.327,2.925,2.777,2.864,10.133
3882,57.556,2898.638,22464.919,2.519,2.654,2.748,2.844,3.317,3.292,3.088,3.157,10.344
3883,48.03,3431.491,19417.359,2.508,2.611,2.703,2.797,3.322,3.114,3.132,2.831,10.471
3884,49.385,3328.181,23205.413,2.574,2.645,2.77,2.846,3.097,3.109,3.264,3.26,10.7
3885,41.236,2833.382,22871.068,2.489,2.612,2.676,2.768,3.138,2.984,3.008,3.279,9.91
3886,,,,,2.525,2.659,2.703,2.989,2.779,3.163,3.182,10.833
3887,40.464,2697.75,20989.953,2.532,2.627,2.639,2.832,3.106,3.212,3.123,3.012,9.961
3888,46.137,3214.238,21526.954,2.601,2.726,2.85,2.887,2.839,3.085,3.02,2.979,10.762
3889,37.133,3642.185,23756.742,2.562,2.687,2.789,2.88,3.549,3.165,3.278,3.113,10.201
3890,54.395,2452.056,22839.727,2.591,2.689,2.831,2.869,2.796,3.271,3.162,3.239,10.215
3891,39.909,3265.42,21610.149,2.344,2.501,2.613,2.688,2.679,3.07,3.062,2.901,10.639
3892,41.1,3376.987,20389.87,2.527,2.53,2.763,2.781,3.229,2.864,3.039,3.236,10.455
3893,48.579,2652.575,23696.585,2.574,2.713,2.78,2.909,3.096,3.337,3.106,3.384,9.908
3894,44.665,3286.39,20660.63,2.556,2.589,2.751,2.795,3.199,2.994,3.14,3.452,10.255
3895,46.859,3220.127,23795.028,2.567,2.708,2.736,2.878,3.316,2.853,3.07,3.512,10.033
3896,31.479,3153.184,21527.011,2.551,2.678,2.719,2.922,3.068,3.581,3.188,3.209,10.53
3897,40.875,3184.176,21470.998,2.467,2.626,2.699,2.819,3.173,3.078,3.098,3.251,11.396
3898,41.967,2881.906,23346.219,2.594,2.699,2.787,2.906,3.327,3.048,3.145,3.263,9.634
3899,42.591,3021.355,21973.77,2.601,2.74,2.798,2.925,3.079,3.373,3.263,3.077,10.452
3900,51.152,3246.852,21535.672,2.573,2.709,2.805,2.895,2.977,3.174,3.181,2.963,10.27
3901,39.283,3596.208,23459.9,2.648,2.724,2.746,2.9,3.058,2.918,3.006,3.206,10.77
3902,43.849,3419.501,21610.305,2.499,2.559,2.717,2.781,3.095,3.077,3.321,2.771,9.548
3903,51.104,3577.675,18967.15,2.534,2.672,2.739,2.879,3.006,3.089,3.05,3.008,10.228
3904,31.776,3362.479,23322.475,2.534,2.621,2.711,2.801,3.2,3.09,2.997,3.128,10.786
3905,35.456,3276.14,22471.043,2.507,2.633,2.662,2.783,3.445,2.786,3.157,3.205,10.556
3906,40.567,3313.108,20694.56,2.569,2.656,2.737,2.81,3.146,2.984,3.056,2.92,10.364
3907,37.919,3739.843,20519.391,2.552,2.551,2.719,2.804,2.989,3.066,3.016,3.52,10.567
3908,36.494,2735.76,20174.668,2.552,2.739,2.833,2.892,3.286,3.271,3.088,3.263,10.726
3909,43.653,3138.847,22006.405,2.468,2.607,2.68,2.766,3.054,3.122,3.099,3.147,10.685
3910,49.727,3490.882,22658.213,2.521,2.612,2.761,2.842,3.271,3.022,3.02,3.031,10.226
3911,36.11,3688.983,24399.146,2.514,2.612,2.693,2.822,3.119,3.382,3.281,3.169,10.603
3912,48.195,3623.03,23686.648,2.555,2.65,2.813,2.888,3.177,3.205,3.137,3.003,10.034
3913,37.479,3061.411,25848.909,2.581,2.713,2.7,2.857,3.114,3.123,3.085,3.453,10.185
3914,39.675,3143.825,21004.623,2.519,2.563,2.647,2.787,2.986,3.35,3.163,3.212,10.263
3915,47.595,3569.225,23093.536,2.576,2.578,2.752,2.838,3.343,2.842,3.304,3.24,9.465
3916,45.822,3599.756,23842.68,2.621,2.748,2.8,2.943,2.964,3.167,3.265,3.155,10.558
3917,42.575,3024.242,21106.466,2.596,2.598,2.791,2.89,3.184,3.324,3.167,3.268,10.604
3918,42.302,3128.974,22305.612,2.574,2.669,2.81,2.901,3.167,3.409,3.21,3.228,9.488
3919,42.037,3530.084,22921.463,2.463,2.553,2.682,2.752,3.248,3.231,2.987,3.107,9.915
3920,36.232,3540.042,22500.887,2.599,2.745,2.827,2.941,3.147,3.2,3.495,3.094,10.759
3921,48.557,3304.626,18575.715,2.587,2.687,2.787,2.878,3.213,3.288,3.033,2.961,11.336
3922,45.266,3174.609,22479.934,2.532,2.652,2.725,2.869,3.24,3.387,2.767,3.09,10.624
3923,33.213,3643.466,19573.876,2.552,2.622,2.764,2.859,3.096,3.289,3.406,3.155,9.89
3924,47.572,3478.18,21418.726,2.655,2.738,2.829,2.961,3.34,3.148,3.43,3.388,9.755
3925,35.662,2541.048,22757.441,2.506,2.686,2.718,2.86,3.134,3.277,3.043,2.902,9.187
3926,45.748,2660.305,21340.81,2.509,2.574,2.725,2.804,3.012,3.054,3.452,3.056,10.346
3927,35.657,2831.108,23936.06,2.597,2.76,2.783,2.911,3.054,3.0,3.372,3.162,10.02
3928,52.525,2821.4,21781.02,2.574,2.648,2.751,2.801,3.083,3.194,3.002,3.113,9.854
3929,48.582,2593.37,23797.708,2.541,2.642,2.754,2.911,3.529,3.215,3.08,3.135,9.477
3930,47.417,3351.701,22149.564,2.469,2.62,2.728,2.86,3.093,2.955,3.266,3.091,9.791
3931,45.759,2929.043,22450.667,2.482,2.53,2.662,2.841,3.04,3.208,3.233,3.219,9.828
3932,36.073,3104.825,21477.484,2.455,2.643,2.625,2.808,3.079,2.927,3.116,3.195,10.414
3933,36.971,3162.017,24603.171,2.58,2.656,2.742,2.885,3.196,3.115,3.243,3.365,10.738
3934,49.182,3754.768,22780.952,2.539,2.564,2.63,2.817,2.853,3.072,3.243,3.173,9.413
3935,44.944,2886.024,25244.884,2.623,2.74,2.789,2.915,3.072,3.156,3.255,3.193,10.91
3936,44.739,2734.204,24382.753,2.49,2.589,2.635,2.737,3.048,2.956,3.257,2.984,10.102
3937,38.254,2993.098,23212.708,2.548,2.654,2.76,2.823,3.094,3.137,3.058,2.915,10.662
3938,39.834,2509.789,24489.771,2.554,2.622,2.772,2.904,3.219,3.183,3.244,3.178,10.162
3939,40.591,2423.836,20388.157,2.552,2.684,2.712,2.873,3.31,3.182,3.329,3.193,10.559
3940,45.014,2814.409,21690.057,2.589,2.726,2.796,2.963,3.192,3.043,3.122,3.199,9.816
3941,48.455,3598.856,20717.894,2.61,2.726,2.759,2.88,2.889,3.048,2.965,3.112,10.072
3942,52.616,3695.103,22642.37,2.617,2.783,2.822,2.936,3.513,3.22,3.466,3.102,10.876
3943,42.426,3178.13,22226.874,2.534,2.657,2.716,2.782,3.329,3.062,3.002,3.125,10.353
3944,43.877,3093.176,20427.998,2.594,2.682,2.759,2.893,3.292,3.233,3.432,3.112,10.557
3945,38.735,2776.549,23044.437,2.559,2.629,2.764,2.792,3.004,3.295,3.034,2.989,10.517
3946,31.969,3032.644,22850.899,2.618,2.716,2.826,2.947,3.5,3.607,3.144,3.561,10.439
3947,45.642,3221.033,23515.757,2.535,2.618,2.703,2.899,3.136,3.21,3.319,3.165,10.613
3948,34.059,3494.242,20733.796,2.535,2.636,2.784,2.864,3.336,2.771,3.274,3.525,10.68
3949,39.891,3645.709,21182.426,2.556,2.641,2.739,2.86,3.282,3.187,2.959,3.062,9.863
3950,42.781,3057.869,22363.843,2.531,2.612,2.692,2.797,2.83,3.048,2.994,2.927,10.464
3951,45.037,2810.197,24022.888,2.522,2.643,2.713,2.86,3.304,3.126,3.066,3.29,10.191
3952,41.865,2756.36,24554.911,2.421,2.597,2.703,2.797,3.026,3.322,3.208,2.951,9.766
3953,46.985,2603.506,24263.929,2.545,2.669,2.731,2.874,3.141,3.046,3.326,3.19,10.419
3954,47.586,3188.253,22651.292,2.54,2.623,2.729,2.859,2.755,3.401,3.179,3.629,10.025
3955,39.476,3056.977,23286.984,2.599,2.715,2.865,2.842,3.432,3.136,3.115,3.467,10.522
3956,36.865,2987.255,25500.288,2.537,2.64,2.722,2.833,3.012,3.081,2.928,2.886,10.602
3957,44.463,3264.249,23358.674,2.519,2.595,2.647,2.825,3.427,3.195,2.883,3.103,10.683
3958,43.45,2169.187,21007.706,2.565,2.654,2.806,2.883,3.151,3.057,3.406,2.928,10.302
3959,43.43,2942.297,23013.101,2.498,2.62,2.752,2.802,3.177,2.743,2.901,3.286,9.826
3960,45.106,3181.44,23769.856,2.524,2.596,2.711,2.874,3.193,3.24,3.116,3.119,10.319
3961,34.166,2751.416,20888.833,2.66,2.758,2.883,2.978,3.409,3.384,3.132,2.98,10.65
3962,40.681,2451.988,24294.857,2.549,2.627,2.789,2.835,2.916,3.034,3.34,3.045,10.285
3963,50.61,3096.104,23057.245,2.646,2.837,2.909,3.026,3.488,3.419,3.167,3.2,11.566
3964,39.875,3089.781,20715.984,2.524,2.623,2.757,2.837,2.898,3.456,3.038,3.388,9.982
3965,44.797,2854.906,21895.496,2.503,2.647,2.662,2.837,2.977,3.178,3.021,3.118,10.37
3966,38.836,3952.754,21293.452,2.615,2.634,2.786,2.913,3.042,3.353,2.977,3.119,10.096
3967,47.712,2384.448,23223.3,2.499,2.624,2.751,2.872,3.334,3.192,3.312,3.103,10.078
3968,42.993,2470.438,26466.366,2.61,2.662,2.803,2.937,3.155,3.125,3.001,3.218,10.725
3969,37.706,2668.783,22104.074,2.517,2.633,2.754,2.868,3.231,3.169,2.987,3.26,10.332
3970,50.631,3646.189,24031.699,2.551,2.698,2.732,2.916,3.191,3.131,3.096,3.061,10.975
3971,29.41,2467.921,19534.468,2.59,2.713,2.839,2.916,3.067,3.256,3.088,3.019,10.505
3972,37.59,2759.538,21185.652,2.528,2.671,2.741,2.861,3.311,3.464,3.021,3.428,10.507
3973,46.816,2715.772,22896.305,2.628,2.68,2.817,2.885,3.237,3.446,3.303,3.373,10.066
3974,36.878,3467.055,23256.45,2.595,2.599,2.727,2.831,3.078,3.406,3.184,3.375,9.932
3975,35.884,2773.488,22622.507,2.647,2.756,2.812,2.929,2.871,3.225,3.091,2.918,10.548
3976,35.128,3115.205,22312.316,2.651,2.745,2.885,2.942,3.118,3.245,3.101,3.233,10.451
3977,39.669,3679.334,22074.56,2.6,2.657,2.754,2.855,3.196,3.291,3.342,3.249,10.321
3978,42.67,2943.852,23214.015,2.528,2.643,2.749,2.847,3.488,3.245,3.127,3.094,10.248
3979,35.494,2247.301,26133.293,2.587,2.72,2.78,2.906,3.18,3.115,3.248,3.017,10.172
3980,44.316,3070.392,23508.576,2.645,2.853,2.88,2.952,3.065,3.479,3.268,3.503,10.847
3981,44.737,3691.86,23309.774,2.592,2.684,2.75,2.863,3.57,3.026,3.207,3.14,9.949
3982,45.507,3003.888,23114.1,2.667,2.793,2.82,2.978,3.328,3.082,3.049,3.238,10.375
3983,36.723,3317.777,19983.581,2.514,2.685,2.705,2.848,3.27,3.016,2.991,2.985,11.021
3984,44.292,3345.325,21744.23,2.603,2.692,2.781,2.83,3.167,2.811,3.014,3.224,10.585
3985,37.489,3150.912,25701.971,2.6,2.8,2.794,2.9,3.249,3.545,3.339,3.225,10.464
3986,41.773,3660.183,19738.576,2.597,2.69,2.814,2.875,3.39,3.114,3.119,3.242,10.406
3987,43.308,2708.203,24440.376,2.562,2.627,2.7,2.826,2.999,3.232,3.061,2.794,10.319
3988,51.081,2983.482,22447.419,2.725,2.756,2.896,2.971,3.292,3.291,3.155,3.238,10.435
3989,48.003,2797.704,22148.649,2.538,2.642,2.78,2.928,3.204,3.006,3.178,3.112,10.886
3990,46.039,2897.124,25335.782,2.571,2.691,2.782,2.85,3.207,3.381,3.146,3.182,9.555
3991,49.866,3870.625,21727.887,2.546,2.66,2.713,2.881,3.202,3.328,3.13,3.111,10.163
3992,37.772,3151.93,21475.856,2.532,2.589,2.712,2.823,2.989,3.021,3.168,3.207,10.778
3993,38.666,3687.979,23241.713,2.565,2.648,2.77,2.917,3.147,3.236,3.088,3.115,10.024
3994,42.662,3003.86,23876.21,2.639,2.698,2.85,2.903,3.215,3.123,3.559,3.214,10.742
3995,47.723,3383.76,23866.865,2.52,2.645,2.741,2.846,2.961,2.963,3.384,3.118,10.464
3996,45.532,2751.015,23619.062,2.642,2.751,2.8,2.936,3.231,2.95,3.022,2.968,10.275
3997,43.704,2568.895,21843.911,2.511,2.603,2.747,2.848,3.004,3.259,3.061,3.494,10.574
3998,50.175,2609.053,22432.942,2.494,2.649,2.787,2.873,3.36,3.342,3.211,3.412,10.317
3999,44.96,3637.731,22163.128,2.567,2.718,2.776,2.892,3.314,2.865,3.194,3.162,9.851
4000,43.133,2580.023,22586.251,2.621,2.695,2.745,2.915,3.21,3.359,3.211,3.253,10.829
