id_strati_homogene,id_anneau,gamma_h[kN/m3],E_M[MPa],alpha[],c'[kPa],phi'[°],K0[]
1,1,19.772,27.526,0.385,7.266,31.483,0.548
2,2,19.776,27.594,0.386,7.326,31.471,0.548
3,3,19.779,27.663,0.386,7.387,31.46,0.548
4,4,19.783,27.733,0.387,7.448,31.448,0.549
5,5,19.787,27.803,0.388,7.51,31.436,0.549
6,6,19.791,27.873,0.388,7.571,31.423,0.549
7,7,19.795,27.944,0.389,7.634,31.411,0.549
8,8,19.799,28.015,0.389,7.696,31.398,0.549
9,9,19.803,28.087,0.39,7.759,31.386,0.55
10,10,19.807,28.159,0.39,7.822,31.373,0.55
11,11,19.811,28.232,0.391,7.885,31.36,0.55
12,12,19.816,28.305,0.391,7.948,31.347,0.55
13,13,19.82,28.378,0.392,8.011,31.333,0.551
14,14,19.824,28.451,0.393,8.075,31.32,0.551
15,15,19.829,28.525,0.393,8.138,31.307,0.551
16,16,19.833,28.599,0.394,8.202,31.293,0.551
17,17,19.837,28.673,0.394,8.265,31.279,0.552
18,18,19.842,28.747,0.395,8.329,31.266,0.552
19,19,19.846,28.821,0.395,8.392,31.252,0.552
20,20,19.851,28.895,0.396,8.456,31.238,0.552
21,21,19.855,28.969,0.397,8.519,31.224,0.553
22,22,19.86,29.043,0.397,8.582,31.21,0.553
23,23,19.864,29.118,0.398,8.645,31.196,0.553
24,24,19.869,29.192,0.398,8.708,31.182,0.553
25,25,19.873,29.266,0.399,8.77,31.168,0.554
26,26,19.878,29.339,0.4,8.833,31.153,0.554
27,27,19.882,29.413,0.4,8.895,31.139,0.554
28,28,19.887,29.487,0.401,8.957,31.125,0.554
29,29,19.891,29.56,0.401,9.018,31.111,0.555
30,30,19.896,29.633,0.402,9.08,31.096,0.555
31,31,19.9,29.706,0.403,9.14,31.082,0.555
32,32,19.905,29.778,0.403,9.201,31.068,0.555
33,33,19.909,29.85,0.404,9.261,31.054,0.556
34,34,19.914,29.922,0.404,9.321,31.039,0.556
35,35,19.918,29.994,0.405,9.38,31.025,0.556
36,36,19.923,30.065,0.405,9.439,31.011,0.556
37,37,19.927,30.135,0.406,9.497,30.997,0.557
38,38,19.932,30.206,0.407,9.555,30.983,0.557
39,39,19.936,30.275,0.407,9.612,30.969,0.557
40,40,19.941,30.345,0.408,9.669,30.955,0.557
41,41,19.945,30.413,0.408,9.725,30.941,0.557
42,42,19.949,30.482,0.409,9.78,30.927,0.558
43,43,19.953,30.549,0.409,9.835,30.913,0.558
44,44,19.958,30.617,0.41,9.89,30.899,0.558
45,45,19.962,30.683,0.411,9.943,30.886,0.558
46,46,19.966,30.749,0.411,9.997,30.872,0.559
47,47,19.97,30.815,0.412,10.049,30.858,0.559
48,48,19.974,30.879,0.412,10.101,30.845,0.559
49,49,19.978,30.943,0.413,10.152,30.832,0.559
50,50,19.982,31.007,0.413,10.203,30.818,0.56
51,51,19.986,31.07,0.414,10.252,30.805,0.56
52,52,19.99,31.132,0.414,10.301,30.792,0.56
53,53,19.994,31.193,0.415,10.35,30.779,0.56
54,54,19.998,31.254,0.415,10.397,30.767,0.56
55,55,20.001,31.313,0.416,10.444,30.754,0.561
56,56,20.005,31.373,0.416,10.49,30.742,0.561
57,57,20.009,31.431,0.417,10.535,30.729,0.561
58,58,20.012,31.489,0.417,10.58,30.717,0.561
59,59,20.016,31.545,0.418,10.624,30.705,0.562
60,60,20.019,31.601,0.418,10.667,30.693,0.562
61,61,20.022,31.657,0.419,10.709,30.681,0.562
62,62,20.026,31.711,0.419,10.75,30.67,0.562
63,63,20.029,31.765,0.42,10.791,30.658,0.562
64,64,20.032,31.817,0.42,10.831,30.647,0.563
65,65,20.035,31.869,0.421,10.869,30.636,0.563
66,66,20.038,31.92,0.421,10.908,30.625,0.563
67,67,20.041,31.97,0.421,10.945,30.614,0.563
68,68,20.044,32.02,0.422,10.981,30.603,0.563
69,69,20.047,32.068,0.422,11.017,30.593,0.564
70,70,20.049,32.116,0.423,11.052,30.583,0.564
71,71,20.052,32.162,0.423,11.086,30.573,0.564
72,72,20.054,32.208,0.424,11.119,30.563,0.564
73,73,20.057,32.253,0.424,11.151,30.553,0.564
74,74,20.059,32.297,0.424,11.182,30.544,0.565
75,75,20.062,32.34,0.425,11.213,30.535,0.565
76,76,20.064,32.382,0.425,11.242,30.526,0.565
77,77,20.066,32.423,0.425,11.271,30.517,0.565
78,78,20.068,32.463,0.426,11.299,30.508,0.565
79,79,20.07,32.503,0.426,11.326,30.5,0.566
80,80,20.072,32.541,0.427,11.352,30.492,0.566
81,81,20.074,32.578,0.427,11.378,30.484,0.566
82,82,20.075,32.615,0.427,11.402,30.476,0.566
83,83,20.077,32.651,0.427,11.426,30.468,0.566
84,84,20.078,32.685,0.428,11.449,30.461,0.566
85,85,20.08,32.719,0.428,11.471,30.454,0.567
86,86,20.081,32.752,0.428,11.492,30.447,0.567
87,87,20.082,32.783,0.429,11.512,30.441,0.567
88,88,20.084,32.814,0.429,11.532,30.434,0.567
89,89,20.085,32.844,0.429,11.551,30.428,0.567
90,90,20.086,32.873,0.43,11.568,30.422,0.567
91,91,20.087,32.901,0.43,11.585,30.416,0.568
92,92,20.088,32.928,0.43,11.601,30.411,0.568
93,93,20.088,32.954,0.43,11.617,30.406,0.568
94,94,20.089,32.979,0.431,11.631,30.401,0.568
95,95,20.089,33.003,0.431,11.645,30.396,0.568
96,96,20.09,33.026,0.431,11.658,30.392,0.568
97,97,20.09,33.048,0.431,11.67,30.388,0.569
98,98,20.091,33.069,0.431,11.681,30.384,0.569
99,99,20.091,33.089,0.432,11.692,30.38,0.569
100,100,20.091,33.109,0.432,11.701,30.377,0.569
101,101,20.091,33.127,0.432,11.71,30.373,0.569
102,102,20.091,33.144,0.432,11.718,30.37,0.569
103,103,20.091,33.16,0.432,11.726,30.368,0.569
104,104,20.091,33.176,0.432,11.732,30.365,0.569
105,105,20.09,33.19,0.433,11.738,30.363,0.57
106,106,20.09,33.204,0.433,11.743,30.361,0.57
107,107,20.089,33.216,0.433,11.747,30.359,0.57
108,108,20.089,33.228,0.433,11.751,30.358,0.57
109,109,20.088,33.238,0.433,11.754,30.357,0.57
110,110,20.088,33.248,0.433,11.756,30.356,0.57
111,111,20.087,33.256,0.433,11.757,30.355,0.57
112,112,20.086,33.264,0.433,11.758,30.355,0.57
113,113,20.085,33.271,0.433,11.758,30.355,0.571
114,114,20.084,33.277,0.433,11.757,30.355,0.571
115,115,20.083,33.282,0.434,11.755,30.355,0.571
116,116,20.082,33.286,0.434,11.753,30.356,0.571
117,117,20.08,33.288,0.434,11.75,30.357,0.571
118,118,20.079,33.291,0.434,11.747,30.358,0.571
119,119,20.078,33.292,0.434,11.742,30.359,0.571
120,120,20.076,33.292,0.434,11.738,30.361,0.571
121,121,20.074,33.291,0.434,11.732,30.363,0.571
122,122,20.073,33.289,0.434,11.726,30.365,0.571
123,123,20.071,33.287,0.434,11.719,30.367,0.571
124,124,20.069,33.283,0.434,11.711,30.37,0.571
125,125,20.067,33.279,0.434,11.703,30.373,0.572
126,126,20.066,33.273,0.434,11.695,30.376,0.572
127,127,20.064,33.267,0.434,11.685,30.379,0.572
128,128,20.061,33.26,0.434,11.675,30.383,0.572
129,129,20.059,33.252,0.433,11.665,30.387,0.572
130,130,20.057,33.243,0.433,11.654,30.391,0.572
131,131,20.055,33.233,0.433,11.642,30.395,0.572
132,132,20.053,33.222,0.433,11.63,30.4,0.572
133,133,20.05,33.211,0.433,11.617,30.405,0.572
134,134,20.048,33.198,0.433,11.604,30.41,0.572
135,135,20.045,33.185,0.433,11.59,30.415,0.572
136,136,20.043,33.171,0.433,11.575,30.42,0.572
137,137,20.04,33.156,0.433,11.56,30.426,0.572
138,138,20.038,33.14,0.433,11.545,30.432,0.572
139,139,20.035,33.123,0.432,11.529,30.438,0.572
140,140,20.032,33.106,0.432,11.512,30.445,0.572
141,141,20.03,33.087,0.432,11.495,30.451,0.572
142,142,20.027,33.068,0.432,11.478,30.458,0.572
143,143,20.024,33.048,0.432,11.46,30.465,0.572
144,144,20.021,33.027,0.432,11.442,30.472,0.572
145,145,20.018,33.005,0.431,11.423,30.48,0.572
146,146,20.015,32.983,0.431,11.404,30.487,0.572
147,147,20.012,32.96,0.431,11.384,30.495,0.572
148,148,20.009,32.936,0.431,11.364,30.503,0.572
149,149,20.006,32.911,0.431,11.344,30.511,0.572
150,150,20.003,32.886,0.431,11.323,30.52,0.572
151,151,20.0,32.86,0.43,11.301,30.528,0.572
152,152,19.997,32.833,0.43,11.28,30.537,0.572
153,153,19.994,32.805,0.43,11.258,30.546,0.572
154,154,19.991,32.777,0.43,11.235,30.555,0.572
155,155,19.987,32.748,0.429,11.213,30.564,0.572
156,156,19.984,32.718,0.429,11.19,30.573,0.572
157,157,19.981,32.688,0.429,11.167,30.583,0.572
158,158,19.978,32.657,0.429,11.143,30.593,0.572
159,159,19.974,32.625,0.428,11.119,30.603,0.572
160,160,19.971,32.593,0.428,11.095,30.613,0.572
161,161,19.968,32.56,0.428,11.07,30.623,0.572
162,162,19.965,32.526,0.428,11.046,30.633,0.572
163,163,19.961,32.492,0.427,11.021,30.643,0.572
164,164,19.958,32.457,0.427,10.996,30.654,0.572
165,165,19.955,32.422,0.427,10.97,30.665,0.572
166,166,19.951,32.386,0.426,10.945,30.675,0.572
167,167,19.948,32.35,0.426,10.919,30.686,0.572
168,168,19.945,32.313,0.426,10.893,30.697,0.572
169,169,19.942,32.276,0.425,10.867,30.708,0.572
170,170,19.938,32.238,0.425,10.84,30.719,0.572
171,171,19.935,32.199,0.425,10.814,30.731,0.571
172,172,19.932,32.161,0.425,10.787,30.742,0.571
173,173,19.929,32.121,0.424,10.761,30.754,0.571
174,174,19.926,32.082,0.424,10.734,30.765,0.571
175,175,19.922,32.042,0.424,10.707,30.777,0.571
176,176,19.919,32.001,0.423,10.68,30.788,0.571
177,177,19.916,31.961,0.423,10.653,30.8,0.571
178,178,19.913,31.919,0.423,10.626,30.812,0.571
179,179,19.91,31.878,0.422,10.599,30.823,0.571
180,180,19.907,31.836,0.422,10.572,30.835,0.571
181,181,19.904,31.794,0.422,10.545,30.847,0.571
182,182,19.901,31.752,0.421,10.518,30.859,0.57
183,183,19.898,31.709,0.421,10.491,30.871,0.57
184,184,19.895,31.667,0.42,10.464,30.883,0.57
185,185,19.892,31.624,0.42,10.437,30.895,0.57
186,186,19.89,31.58,0.42,10.41,30.907,0.57
187,187,19.887,31.537,0.419,10.383,30.919,0.57
188,188,19.884,31.494,0.419,10.357,30.931,0.57
189,189,19.882,31.45,0.419,10.33,30.943,0.57
190,190,19.879,31.406,0.418,10.304,30.954,0.57
191,191,19.876,31.362,0.418,10.278,30.966,0.569
192,192,19.874,31.319,0.418,10.252,30.978,0.569
193,193,19.872,31.275,0.417,10.226,30.99,0.569
194,194,19.869,31.231,0.417,10.2,31.002,0.569
195,195,19.867,31.187,0.417,10.175,31.013,0.569
196,196,19.865,31.143,0.416,10.149,31.025,0.569
197,197,19.862,31.099,0.416,10.125,31.037,0.569
198,198,19.86,31.056,0.416,10.1,31.048,0.568
199,199,19.858,31.012,0.415,10.075,31.059,0.568
200,200,19.856,30.969,0.415,10.051,31.071,0.568
201,201,19.855,30.925,0.415,10.027,31.082,0.568
202,202,19.853,30.882,0.414,10.004,31.093,0.568
203,203,19.851,30.839,0.414,9.981,31.104,0.568
204,204,19.849,30.797,0.413,9.958,31.115,0.568
205,205,19.848,30.754,0.413,9.936,31.126,0.567
206,206,19.846,30.712,0.413,9.914,31.137,0.567
207,207,19.845,30.67,0.412,9.892,31.147,0.567
208,208,19.843,30.628,0.412,9.871,31.158,0.567
209,209,19.842,30.587,0.412,9.85,31.168,0.567
210,210,19.841,30.546,0.412,9.83,31.178,0.567
211,211,19.84,30.506,0.411,9.81,31.188,0.567
212,212,19.839,30.466,0.411,9.791,31.198,0.566
213,213,19.838,30.426,0.411,9.772,31.208,0.566
214,214,19.837,30.387,0.41,9.754,31.217,0.566
215,215,19.837,30.348,0.41,9.736,31.226,0.566
216,216,19.836,30.31,0.41,9.719,31.236,0.566
217,217,19.836,30.272,0.409,9.702,31.245,0.566
218,218,19.835,30.235,0.409,9.686,31.253,0.565
219,219,19.835,30.199,0.409,9.671,31.262,0.565
220,220,19.835,30.163,0.408,9.656,31.27,0.565
221,221,19.835,30.127,0.408,9.641,31.279,0.565
222,222,19.835,30.093,0.408,9.628,31.286,0.565
223,223,19.835,30.058,0.408,9.615,31.294,0.565
224,224,19.835,30.025,0.407,9.602,31.302,0.564
225,225,19.835,29.992,0.407,9.591,31.309,0.564
226,226,19.836,29.96,0.407,9.58,31.316,0.564
227,227,19.836,29.929,0.407,9.569,31.323,0.564
228,228,19.837,29.899,0.406,9.56,31.329,0.564
229,229,19.838,29.869,0.406,9.551,31.336,0.564
230,230,19.838,29.84,0.406,9.543,31.342,0.563
231,231,19.839,29.812,0.406,9.535,31.348,0.563
232,232,19.841,29.784,0.406,9.529,31.353,0.563
233,233,19.842,29.758,0.405,9.523,31.359,0.563
234,234,19.843,29.732,0.405,9.518,31.364,0.563
235,235,19.844,29.707,0.405,9.513,31.368,0.563
236,236,19.846,29.684,0.405,9.51,31.373,0.562
237,237,19.848,29.661,0.405,9.507,31.377,0.562
238,238,19.849,29.639,0.404,9.505,31.381,0.562
239,239,19.851,29.617,0.404,9.504,31.385,0.562
240,240,19.853,29.597,0.404,9.504,31.388,0.562
241,241,19.856,29.578,0.404,9.504,31.391,0.562
242,242,19.858,29.56,0.404,9.505,31.394,0.562
243,243,19.86,29.542,0.404,9.508,31.396,0.561
244,244,19.863,29.526,0.403,9.511,31.398,0.561
245,245,19.865,29.511,0.403,9.514,31.4,0.561
246,246,19.868,29.496,0.403,9.519,31.402,0.561
247,247,19.871,29.483,0.403,9.525,31.403,0.561
248,248,19.874,29.471,0.403,9.531,31.404,0.561
249,249,19.877,29.46,0.403,9.538,31.405,0.56
250,250,19.88,29.449,0.403,9.547,31.405,0.56
251,251,19.883,29.44,0.403,9.556,31.405,0.56
252,252,19.887,29.432,0.403,9.565,31.405,0.56
253,253,19.89,29.425,0.403,9.576,31.404,0.56
254,254,19.894,29.419,0.403,9.588,31.403,0.56
255,255,19.898,29.414,0.403,9.6,31.402,0.559
256,256,19.901,29.41,0.403,9.614,31.4,0.559
257,257,19.905,29.407,0.403,9.628,31.398,0.559
258,258,19.909,29.405,0.402,9.643,31.396,0.559
259,259,19.914,29.404,0.402,9.659,31.393,0.559
260,260,19.918,29.405,0.402,9.676,31.39,0.559
261,261,19.922,29.406,0.402,9.693,31.387,0.559
262,262,19.927,29.408,0.402,9.712,31.384,0.558
263,263,19.931,29.412,0.403,9.731,31.38,0.558
264,264,19.936,29.416,0.403,9.752,31.376,0.558
265,265,19.941,29.422,0.403,9.773,31.371,0.558
266,266,19.946,29.428,0.403,9.794,31.366,0.558
267,267,19.951,29.436,0.403,9.817,31.361,0.558
268,268,19.956,29.445,0.403,9.841,31.356,0.558
269,269,19.961,29.454,0.403,9.865,31.35,0.558
270,270,19.967,29.465,0.403,9.89,31.344,0.557
271,271,19.972,29.477,0.403,9.916,31.338,0.557
272,272,19.978,29.489,0.403,9.942,31.331,0.557
273,273,19.983,29.503,0.403,9.97,31.324,0.557
274,274,19.989,29.517,0.403,9.998,31.316,0.557
275,275,19.995,29.533,0.403,10.027,31.309,0.557
276,276,20.001,29.549,0.404,10.057,31.301,0.557
277,277,20.007,29.567,0.404,10.087,31.293,0.557
278,278,20.013,29.585,0.404,10.118,31.284,0.556
279,279,20.019,29.605,0.404,10.15,31.275,0.556
280,280,20.025,29.625,0.404,10.182,31.266,0.556
281,281,20.031,29.646,0.404,10.215,31.256,0.556
282,282,20.038,29.668,0.404,10.249,31.247,0.556
283,283,20.044,29.691,0.405,10.284,31.237,0.556
284,284,20.051,29.714,0.405,10.319,31.226,0.556
285,285,20.057,29.739,0.405,10.354,31.216,0.556
286,286,20.064,29.764,0.405,10.39,31.205,0.555
287,287,20.071,29.79,0.405,10.427,31.194,0.555
288,288,20.078,29.817,0.406,10.465,31.182,0.555
289,289,20.085,29.845,0.406,10.503,31.17,0.555
290,290,20.091,29.873,0.406,10.541,31.158,0.555
291,291,20.098,29.902,0.406,10.58,31.146,0.555
292,292,20.105,29.932,0.406,10.619,31.134,0.555
293,293,20.113,29.962,0.407,10.659,31.121,0.555
294,294,20.12,29.993,0.407,10.7,31.108,0.555
295,295,20.127,30.025,0.407,10.74,31.094,0.554
296,296,20.134,30.058,0.407,10.782,31.081,0.554
297,297,20.141,30.091,0.408,10.823,31.067,0.554
298,298,20.149,30.124,0.408,10.865,31.053,0.554
299,299,20.156,30.159,0.408,10.908,31.039,0.554
300,300,20.163,30.193,0.408,10.95,31.024,0.554
301,301,20.171,30.229,0.409,10.993,31.01,0.554
302,302,20.178,30.264,0.409,11.037,30.995,0.554
303,303,20.186,30.301,0.409,11.08,30.98,0.554
304,304,20.193,30.337,0.41,11.124,30.964,0.554
305,305,20.201,30.375,0.41,11.168,30.949,0.554
306,306,20.208,30.412,0.41,11.213,30.933,0.553
307,307,20.216,30.45,0.41,11.257,30.917,0.553
308,308,20.224,30.489,0.411,11.302,30.901,0.553
309,309,20.231,30.527,0.411,11.347,30.885,0.553
310,310,20.239,30.567,0.411,11.392,30.868,0.553
311,311,20.246,30.606,0.412,11.437,30.851,0.553
312,312,20.254,30.646,0.412,11.482,30.834,0.553
313,313,20.262,30.686,0.412,11.528,30.817,0.553
314,314,20.269,30.726,0.413,11.573,30.8,0.553
315,315,20.277,30.767,0.413,11.618,30.783,0.553
316,316,20.285,30.807,0.413,11.664,30.765,0.553
317,317,20.292,30.848,0.414,11.71,30.748,0.552
318,318,20.3,30.89,0.414,11.755,30.73,0.552
319,319,20.31,31.141,0.414,11.851,30.731,0.552
320,320,20.323,31.607,0.415,11.999,30.752,0.551
321,321,20.336,32.071,0.415,12.147,30.773,0.551
322,322,20.349,32.533,0.415,12.294,30.793,0.55
323,323,20.362,32.992,0.416,12.44,30.813,0.549
324,324,20.375,33.448,0.416,12.586,30.833,0.549
325,325,20.387,33.901,0.417,12.731,30.852,0.548
326,326,20.4,34.352,0.417,12.875,30.871,0.548
327,327,20.413,34.799,0.417,13.018,30.889,0.547
328,328,20.425,35.242,0.418,13.16,30.907,0.546
329,329,20.437,35.682,0.418,13.301,30.925,0.546
330,330,20.45,36.118,0.418,13.442,30.942,0.545
331,331,20.462,36.551,0.419,13.581,30.958,0.545
332,332,20.474,36.979,0.419,13.719,30.975,0.544
333,333,20.486,37.403,0.419,13.855,30.99,0.543
334,334,20.498,37.823,0.42,13.991,31.005,0.543
335,335,20.51,38.239,0.42,14.125,31.02,0.542
336,336,20.522,38.649,0.421,14.258,31.034,0.542
337,337,20.533,39.056,0.421,14.39,31.048,0.541
338,338,20.545,39.457,0.421,14.52,31.061,0.541
339,339,20.556,39.853,0.422,14.648,31.074,0.54
340,340,20.568,40.244,0.422,14.775,31.086,0.54
341,341,20.579,40.631,0.422,14.901,31.098,0.539
342,342,20.59,41.011,0.423,15.025,31.109,0.539
343,343,20.6,41.387,0.423,15.147,31.12,0.538
344,344,20.611,41.757,0.424,15.268,31.13,0.538
345,345,20.622,42.121,0.424,15.387,31.139,0.537
346,346,20.632,42.479,0.424,15.504,31.148,0.537
347,347,20.642,42.832,0.425,15.619,31.157,0.536
348,348,20.652,43.179,0.425,15.733,31.165,0.536
349,349,20.662,43.519,0.425,15.844,31.172,0.535
350,350,20.672,43.854,0.426,15.954,31.179,0.535
351,351,20.682,44.182,0.426,16.062,31.185,0.534
352,352,20.691,44.505,0.426,16.168,31.191,0.534
353,353,20.7,44.82,0.427,16.272,31.196,0.533
354,354,20.709,45.13,0.427,16.373,31.201,0.533
355,355,20.718,45.433,0.427,16.473,31.205,0.533
356,356,20.727,45.729,0.428,16.571,31.208,0.532
357,357,20.731,45.747,0.43,16.593,31.158,0.533
358,358,20.729,45.476,0.433,16.536,31.051,0.534
359,359,20.728,45.208,0.436,16.479,30.946,0.535
360,360,20.727,44.943,0.439,16.423,30.842,0.536
361,361,20.725,44.681,0.442,16.368,30.74,0.537
362,362,20.724,44.422,0.445,16.313,30.639,0.538
363,363,20.722,44.166,0.448,16.258,30.539,0.539
364,364,20.721,43.914,0.451,16.204,30.442,0.541
365,365,20.719,43.664,0.454,16.151,30.345,0.542
366,366,20.718,43.418,0.457,16.098,30.251,0.543
367,367,20.716,43.174,0.46,16.045,30.157,0.544
368,368,20.714,42.934,0.462,15.994,30.066,0.545
369,369,20.713,42.697,0.465,15.942,29.976,0.546
370,370,20.711,42.464,0.468,15.892,29.888,0.547
371,371,20.709,42.234,0.47,15.842,29.801,0.548
372,372,20.708,42.007,0.473,15.792,29.716,0.548
373,373,20.706,41.783,0.475,15.743,29.633,0.549
374,374,20.704,41.563,0.477,15.695,29.551,0.55
375,375,20.702,41.347,0.48,15.647,29.471,0.551
376,376,20.7,41.133,0.482,15.6,29.392,0.552
377,377,20.698,40.923,0.484,15.554,29.316,0.553
378,378,20.696,40.717,0.486,15.508,29.241,0.553
379,379,20.695,40.514,0.488,15.463,29.167,0.554
380,380,20.692,40.315,0.49,15.419,29.096,0.555
381,381,20.69,40.119,0.492,15.375,29.026,0.556
382,382,20.688,39.926,0.494,15.332,28.958,0.556
383,383,20.686,39.737,0.496,15.289,28.891,0.557
384,384,20.684,39.552,0.498,15.248,28.827,0.558
385,385,20.682,39.37,0.499,15.207,28.764,0.558
386,386,20.68,39.192,0.501,15.166,28.703,0.559
387,387,20.677,39.017,0.502,15.127,28.643,0.559
388,388,20.675,38.846,0.504,15.088,28.585,0.56
389,389,20.673,38.679,0.505,15.049,28.53,0.56
390,390,20.67,38.515,0.507,15.012,28.475,0.561
391,391,20.668,38.354,0.508,14.975,28.423,0.561
392,392,20.665,38.198,0.509,14.939,28.372,0.562
393,393,20.663,38.045,0.51,14.904,28.323,0.562
394,394,20.66,37.895,0.511,14.869,28.276,0.563
395,395,20.658,37.749,0.512,14.835,28.231,0.563
396,396,20.655,37.607,0.513,14.802,28.187,0.563
397,397,20.653,37.468,0.514,14.769,28.146,0.564
398,398,20.65,37.333,0.515,14.738,28.106,0.564
399,399,20.647,37.201,0.516,14.707,28.067,0.564
400,400,20.645,37.074,0.516,14.677,28.031,0.565
401,401,20.642,36.949,0.517,14.647,27.996,0.565
402,402,20.639,36.829,0.518,14.618,27.963,0.565
403,403,20.636,36.712,0.518,14.59,27.932,0.565
404,404,20.633,36.598,0.519,14.563,27.903,0.565
405,405,20.63,36.489,0.519,14.537,27.875,0.565
406,406,20.627,36.383,0.519,14.511,27.849,0.566
407,407,20.624,36.28,0.519,14.487,27.825,0.566
408,408,20.621,36.182,0.52,14.463,27.803,0.566
409,409,20.618,36.087,0.52,14.439,27.783,0.566
410,410,20.615,35.995,0.52,14.417,27.764,0.566
411,411,20.612,35.908,0.52,14.395,27.747,0.566
412,412,20.609,35.824,0.519,14.374,27.732,0.566
413,413,20.606,35.744,0.519,14.354,27.718,0.566
414,414,20.603,35.667,0.519,14.335,27.707,0.566
415,415,20.599,35.594,0.519,14.317,27.697,0.565
416,416,20.596,35.525,0.518,14.299,27.689,0.565
417,417,20.593,35.459,0.518,14.283,27.682,0.565
418,418,20.59,35.398,0.517,14.267,27.678,0.565
419,419,20.586,35.34,0.517,14.252,27.675,0.565
420,420,20.583,35.285,0.516,14.237,27.674,0.565
421,421,20.58,35.235,0.515,14.224,27.675,0.564
422,422,20.576,35.188,0.515,14.212,27.677,0.564
423,423,20.573,35.145,0.514,14.2,27.681,0.564
424,424,20.569,35.106,0.513,14.189,27.687,0.563
425,425,20.566,35.07,0.512,14.179,27.695,0.563
426,426,20.562,35.039,0.511,14.17,27.704,0.563
427,427,20.559,35.011,0.51,14.162,27.715,0.562
428,428,20.555,34.987,0.508,14.155,27.728,0.562
429,429,20.552,34.967,0.507,14.149,27.743,0.561
430,430,20.548,34.95,0.506,14.143,27.759,0.561
431,431,20.545,34.938,0.504,14.139,27.777,0.56
432,432,20.541,34.929,0.503,14.135,27.797,0.56
433,433,20.538,34.925,0.501,14.133,27.819,0.559
434,434,20.534,34.924,0.5,14.131,27.842,0.559
435,435,20.53,34.927,0.498,14.13,27.867,0.558
436,436,20.527,34.934,0.496,14.131,27.894,0.557
437,437,20.523,34.945,0.494,14.132,27.922,0.557
438,438,20.52,34.96,0.493,14.134,27.952,0.556
439,439,20.516,34.978,0.491,14.137,27.984,0.555
440,440,20.512,35.001,0.489,14.141,28.017,0.555
441,441,20.509,35.028,0.487,14.146,28.052,0.554
442,442,20.505,35.059,0.484,14.152,28.089,0.553
443,443,20.502,35.093,0.482,14.159,28.127,0.552
444,444,20.498,35.132,0.48,14.167,28.167,0.552
445,445,20.495,35.175,0.478,14.176,28.209,0.551
446,446,20.491,35.222,0.475,14.187,28.253,0.55
447,447,20.487,35.272,0.473,14.198,28.298,0.549
448,448,20.484,35.327,0.47,14.21,28.344,0.548
449,449,20.48,35.386,0.468,14.223,28.392,0.547
450,450,20.477,35.449,0.465,14.237,28.442,0.546
451,451,20.473,35.516,0.462,14.252,28.494,0.545
452,452,20.47,35.587,0.46,14.269,28.547,0.544
453,453,20.466,35.662,0.457,14.286,28.601,0.543
454,454,20.463,35.742,0.454,14.304,28.657,0.542
455,455,20.459,35.825,0.451,14.324,28.715,0.541
456,456,20.456,35.912,0.448,14.345,28.774,0.54
457,457,20.453,36.004,0.445,14.366,28.835,0.539
458,458,20.449,36.1,0.442,14.389,28.897,0.538
459,459,20.436,35.628,0.442,14.26,28.854,0.538
460,460,20.423,35.146,0.442,14.129,28.809,0.539
461,461,20.41,34.659,0.442,13.996,28.765,0.539
462,462,20.396,34.167,0.441,13.862,28.72,0.539
463,463,20.382,33.669,0.441,13.727,28.674,0.54
464,464,20.369,33.165,0.441,13.59,28.629,0.54
465,465,20.357,32.808,0.441,13.488,28.596,0.541
466,466,20.349,32.777,0.441,13.464,28.591,0.541
467,467,20.341,32.745,0.441,13.44,28.587,0.54
468,468,20.333,32.713,0.441,13.416,28.583,0.54
469,469,20.325,32.68,0.44,13.392,28.579,0.54
470,470,20.317,32.646,0.44,13.367,28.575,0.54
471,471,20.309,32.612,0.44,13.343,28.571,0.54
472,472,20.301,32.578,0.44,13.318,28.567,0.54
473,473,20.292,32.543,0.44,13.293,28.564,0.54
474,474,20.284,32.508,0.44,13.268,28.56,0.54
475,475,20.276,32.472,0.44,13.242,28.556,0.539
476,476,20.268,32.436,0.439,13.217,28.553,0.539
477,477,20.259,32.399,0.439,13.191,28.549,0.539
478,478,20.251,32.362,0.439,13.166,28.546,0.539
479,479,20.243,32.325,0.439,13.14,28.543,0.539
480,480,20.234,32.287,0.439,13.114,28.539,0.539
481,481,20.226,32.249,0.439,13.088,28.536,0.539
482,482,20.217,32.21,0.438,13.062,28.533,0.538
483,483,20.209,32.171,0.438,13.036,28.53,0.538
484,484,20.2,32.132,0.438,13.01,28.527,0.538
485,485,20.192,32.092,0.438,12.984,28.524,0.538
486,486,20.183,32.053,0.438,12.958,28.52,0.538
487,487,20.175,32.013,0.438,12.932,28.517,0.538
488,488,20.166,31.972,0.437,12.906,28.514,0.537
489,489,20.157,31.932,0.437,12.88,28.511,0.537
490,490,20.149,31.891,0.437,12.854,28.508,0.537
491,491,20.14,31.85,0.437,12.828,28.505,0.537
492,492,20.132,31.809,0.437,12.802,28.502,0.537
493,493,20.123,31.767,0.437,12.777,28.499,0.537
494,494,20.115,31.726,0.436,12.751,28.496,0.537
495,495,20.106,31.684,0.436,12.726,28.493,0.536
496,496,20.098,31.642,0.436,12.7,28.49,0.536
497,497,20.089,31.6,0.436,12.675,28.487,0.536
498,498,20.081,31.558,0.436,12.65,28.484,0.536
499,499,20.072,31.516,0.436,12.625,28.48,0.536
500,500,20.064,31.474,0.435,12.6,28.477,0.536
501,501,20.055,31.432,0.435,12.576,28.474,0.535
502,502,20.047,31.39,0.435,12.552,28.471,0.535
503,503,20.038,31.348,0.435,12.528,28.467,0.535
504,504,20.03,31.306,0.435,12.504,28.464,0.535
505,505,20.021,31.264,0.435,12.48,28.46,0.535
506,506,20.013,31.222,0.434,12.457,28.457,0.535
507,507,20.005,31.18,0.434,12.434,28.453,0.534
508,508,19.996,31.138,0.434,12.411,28.449,0.534
509,509,19.988,31.097,0.434,12.389,28.445,0.534
510,510,19.98,31.055,0.434,12.367,28.442,0.534
511,511,19.972,31.014,0.434,12.345,28.438,0.534
512,512,19.964,30.973,0.433,12.324,28.433,0.534
513,513,19.956,30.933,0.433,12.303,28.429,0.533
514,514,19.948,30.892,0.433,12.282,28.425,0.533
515,515,19.94,30.852,0.433,12.262,28.421,0.533
516,516,19.932,30.812,0.433,12.242,28.416,0.533
517,517,19.924,30.772,0.433,12.223,28.411,0.533
518,518,19.916,30.733,0.433,12.204,28.407,0.533
519,519,19.908,30.694,0.433,12.185,28.402,0.532
520,520,19.9,30.656,0.433,12.167,28.397,0.532
521,521,19.893,30.618,0.432,12.15,28.392,0.532
522,522,19.885,30.58,0.432,12.133,28.386,0.532
523,523,19.877,30.543,0.432,12.116,28.381,0.532
524,524,19.87,30.506,0.432,12.1,28.375,0.532
525,525,19.862,30.47,0.432,12.085,28.37,0.531
526,526,19.855,30.434,0.432,12.07,28.364,0.531
527,527,19.848,30.399,0.432,12.056,28.358,0.531
528,528,19.841,30.364,0.432,12.042,28.352,0.531
529,529,19.833,30.33,0.432,12.029,28.345,0.531
530,530,19.826,30.297,0.432,12.016,28.339,0.531
531,531,19.819,30.264,0.432,12.004,28.332,0.53
532,532,19.812,30.232,0.432,11.993,28.326,0.53
533,533,19.805,30.2,0.432,11.982,28.319,0.53
534,534,19.799,30.17,0.431,11.972,28.311,0.53
535,535,19.792,30.14,0.431,11.963,28.304,0.53
536,536,19.785,30.11,0.431,11.954,28.297,0.53
537,537,19.779,30.082,0.431,11.946,28.289,0.529
538,538,19.772,30.054,0.431,11.939,28.281,0.529
539,539,19.766,30.027,0.431,11.932,28.273,0.529
540,540,19.759,30.0,0.431,11.926,28.265,0.529
541,541,19.753,29.975,0.431,11.921,28.256,0.529
542,542,19.747,29.95,0.431,11.917,28.248,0.529
543,543,19.741,29.926,0.431,11.913,28.239,0.529
544,544,19.735,29.903,0.431,11.91,28.23,0.528
545,545,19.729,29.881,0.432,11.908,28.221,0.528
546,546,19.723,29.86,0.432,11.906,28.211,0.528
547,547,19.717,29.84,0.432,11.906,28.202,0.528
548,548,19.711,29.821,0.432,11.906,28.192,0.528
549,549,19.706,29.802,0.432,11.907,28.182,0.528
550,550,19.7,29.785,0.432,11.908,28.172,0.528
551,551,19.695,29.768,0.432,11.911,28.161,0.527
552,552,19.689,29.753,0.432,11.914,28.151,0.527
553,553,19.684,29.738,0.432,11.918,28.14,0.527
554,554,19.679,29.725,0.432,11.923,28.129,0.527
555,555,19.674,29.712,0.432,11.928,28.118,0.527
556,556,19.669,29.701,0.432,11.934,28.106,0.527
557,557,19.664,29.69,0.432,11.941,28.095,0.527
558,558,19.659,29.681,0.433,11.949,28.083,0.526
559,559,19.654,29.672,0.433,11.958,28.071,0.526
560,560,19.65,29.665,0.433,11.968,28.058,0.526
561,561,19.645,29.658,0.433,11.978,28.046,0.526
562,562,19.64,29.653,0.433,11.989,28.033,0.526
563,563,19.636,29.649,0.433,12.001,28.021,0.526
564,564,19.632,29.646,0.434,12.014,28.008,0.526
565,565,19.627,29.643,0.434,12.027,27.994,0.526
566,566,19.623,29.642,0.434,12.041,27.981,0.525
567,567,19.619,29.642,0.434,12.056,27.967,0.525
568,568,19.615,29.643,0.434,12.072,27.954,0.525
569,569,19.611,29.645,0.434,12.088,27.94,0.525
570,570,19.607,29.649,0.435,12.106,27.925,0.525
571,571,19.604,29.653,0.435,12.124,27.911,0.525
572,572,19.6,29.658,0.435,12.143,27.896,0.525
573,573,19.596,29.664,0.435,12.162,27.882,0.525
574,574,19.593,29.672,0.436,12.182,27.867,0.525
575,575,19.589,29.68,0.436,12.203,27.852,0.524
576,576,19.586,29.69,0.436,12.225,27.836,0.524
577,577,19.583,29.7,0.436,12.247,27.821,0.524
578,578,19.58,29.712,0.437,12.27,27.805,0.524
579,579,19.576,29.724,0.437,12.294,27.79,0.524
580,580,19.573,29.738,0.437,12.318,27.774,0.524
581,581,19.57,29.752,0.438,12.343,27.757,0.524
582,582,19.567,29.768,0.438,12.369,27.741,0.524
583,583,19.564,29.784,0.438,12.395,27.725,0.524
584,584,19.562,29.802,0.438,12.422,27.708,0.524
585,585,19.559,29.82,0.439,12.449,27.691,0.524
586,586,19.556,29.839,0.439,12.477,27.674,0.523
587,587,19.554,29.86,0.439,12.506,27.657,0.523
588,588,19.551,29.881,0.44,12.535,27.64,0.523
589,589,19.549,29.903,0.44,12.565,27.623,0.523
590,590,19.546,29.926,0.44,12.595,27.605,0.523
591,591,19.544,29.95,0.441,12.626,27.588,0.523
592,592,19.541,29.974,0.441,12.657,27.57,0.523
593,593,19.539,30.0,0.441,12.688,27.552,0.523
594,594,19.537,30.026,0.442,12.72,27.534,0.523
595,595,19.535,30.053,0.442,12.753,27.516,0.523
596,596,19.532,30.081,0.443,12.786,27.498,0.523
597,597,19.53,30.11,0.443,12.819,27.48,0.523
598,598,19.528,30.139,0.443,12.853,27.461,0.523
599,599,19.526,30.17,0.444,12.887,27.443,0.522
600,600,19.524,30.201,0.444,12.921,27.424,0.522
601,601,19.522,30.232,0.444,12.956,27.406,0.522
602,602,19.52,30.264,0.445,12.99,27.387,0.522
603,603,19.518,30.297,0.445,13.026,27.368,0.522
604,604,19.517,30.331,0.446,13.061,27.349,0.522
605,605,19.515,30.365,0.446,13.097,27.33,0.522
606,606,19.513,30.4,0.446,13.133,27.311,0.522
607,607,19.511,30.435,0.447,13.169,27.292,0.522
608,608,19.509,30.471,0.447,13.205,27.272,0.522
609,609,19.508,30.507,0.448,13.241,27.253,0.522
610,610,19.506,30.544,0.448,13.278,27.234,0.522
611,611,19.504,30.581,0.449,13.315,27.214,0.522
612,612,19.502,30.619,0.449,13.351,27.195,0.522
613,613,19.501,30.657,0.449,13.388,27.175,0.522
614,614,19.499,30.696,0.45,13.425,27.156,0.522
615,615,19.497,30.735,0.45,13.462,27.136,0.522
616,616,19.496,30.774,0.451,13.499,27.117,0.522
617,617,19.494,30.813,0.451,13.536,27.097,0.522
618,618,19.492,30.853,0.452,13.572,27.077,0.522
619,619,19.49,30.894,0.452,13.609,27.057,0.522
620,620,19.489,30.934,0.453,13.646,27.038,0.521
621,621,19.487,30.975,0.453,13.682,27.018,0.521
622,622,19.485,31.016,0.453,13.719,26.998,0.521
623,623,19.483,31.057,0.454,13.755,26.979,0.521
624,624,19.482,31.098,0.454,13.792,26.959,0.521
625,625,19.48,31.14,0.455,13.828,26.939,0.521
626,626,19.478,31.181,0.455,13.863,26.919,0.521
627,627,19.476,31.223,0.456,13.899,26.9,0.521
628,628,19.474,31.265,0.456,13.934,26.88,0.521
629,629,19.473,31.306,0.457,13.97,26.86,0.521
630,630,19.471,31.348,0.457,14.005,26.841,0.521
631,631,19.469,31.39,0.458,14.039,26.821,0.521
632,632,19.467,31.432,0.458,14.074,26.801,0.521
633,633,19.465,31.474,0.458,14.108,26.782,0.521
634,634,19.463,31.515,0.459,14.141,26.762,0.521
635,635,19.461,31.557,0.459,14.175,26.743,0.521
636,636,19.458,31.598,0.46,14.208,26.723,0.521
637,637,19.456,31.64,0.46,14.24,26.704,0.521
638,638,19.454,31.681,0.461,14.272,26.684,0.521
639,639,19.452,31.722,0.461,14.304,26.665,0.521
640,640,19.449,31.763,0.462,14.336,26.646,0.521
641,641,19.447,31.804,0.462,14.367,26.627,0.521
642,642,19.445,31.844,0.462,14.397,26.608,0.521
643,643,19.442,31.884,0.463,14.427,26.589,0.521
644,644,19.439,31.924,0.463,14.457,26.57,0.521
645,645,19.437,31.964,0.464,14.486,26.551,0.521
646,646,19.434,32.003,0.464,14.514,26.532,0.521
647,647,19.431,32.042,0.465,14.543,26.513,0.521
648,648,19.429,32.081,0.465,14.57,26.494,0.521
649,649,19.426,32.119,0.465,14.597,26.476,0.521
650,650,19.423,32.157,0.466,14.624,26.457,0.521
651,651,19.42,32.195,0.466,14.649,26.439,0.521
652,652,19.417,32.232,0.467,14.675,26.421,0.521
653,653,19.413,32.268,0.467,14.7,26.402,0.521
654,654,19.41,32.305,0.468,14.724,26.384,0.521
655,655,19.407,32.34,0.468,14.747,26.366,0.521
656,656,19.404,32.376,0.468,14.77,26.348,0.521
657,657,19.4,32.41,0.469,14.793,26.331,0.521
658,658,19.396,32.444,0.469,14.814,26.313,0.521
659,659,19.393,32.478,0.47,14.835,26.295,0.521
660,660,19.389,32.511,0.47,14.856,26.278,0.521
661,661,19.385,32.544,0.47,14.876,26.261,0.521
662,662,19.381,32.576,0.471,14.895,26.244,0.521
663,663,19.377,32.607,0.471,14.913,26.226,0.521
664,664,19.373,32.638,0.471,14.931,26.21,0.521
665,665,19.369,32.668,0.472,14.948,26.193,0.521
666,666,19.365,32.697,0.472,14.965,26.176,0.521
667,667,19.36,32.726,0.473,14.981,26.16,0.521
668,668,19.356,32.754,0.473,14.996,26.143,0.521
669,669,19.351,32.781,0.473,15.01,26.127,0.521
670,670,19.347,32.808,0.474,15.024,26.111,0.521
671,671,19.342,32.834,0.474,15.037,26.095,0.521
672,672,19.337,32.859,0.474,15.05,26.079,0.521
673,673,19.332,32.884,0.475,15.061,26.063,0.521
674,674,19.327,32.908,0.475,15.072,26.048,0.521
675,675,19.322,32.931,0.475,15.082,26.032,0.521
676,676,19.316,32.953,0.476,15.092,26.017,0.521
677,677,19.311,32.974,0.476,15.101,26.002,0.521
678,678,19.306,32.995,0.476,15.109,25.987,0.521
679,679,19.3,33.014,0.477,15.116,25.973,0.521
680,680,19.294,33.033,0.477,15.123,25.958,0.521
681,681,19.289,33.051,0.477,15.128,25.944,0.521
682,682,19.283,33.068,0.478,15.134,25.929,0.521
683,683,19.277,33.085,0.478,15.138,25.915,0.521
684,684,19.27,33.1,0.478,15.142,25.901,0.521
685,685,19.264,33.115,0.478,15.145,25.888,0.521
686,686,19.258,33.128,0.479,15.147,25.874,0.521
687,687,19.251,33.141,0.479,15.148,25.861,0.522
688,688,19.245,33.153,0.479,15.149,25.848,0.522
689,689,19.238,33.164,0.479,15.149,25.835,0.522
690,690,19.232,33.173,0.48,15.148,25.822,0.522
691,691,19.225,33.182,0.48,15.147,25.809,0.522
692,692,19.218,33.19,0.48,15.144,25.797,0.522
693,693,19.211,33.197,0.48,15.141,25.784,0.522
694,694,19.203,33.203,0.481,15.138,25.772,0.522
695,695,19.196,33.208,0.481,15.133,25.76,0.522
696,696,19.189,33.212,0.481,15.128,25.749,0.522
697,697,19.181,33.215,0.481,15.122,25.737,0.522
698,698,19.173,33.216,0.481,15.115,25.726,0.522
699,699,19.166,33.217,0.482,15.108,25.714,0.522
700,700,19.158,33.217,0.482,15.1,25.703,0.522
701,701,19.15,33.215,0.482,15.091,25.693,0.522
702,702,19.142,33.213,0.482,15.081,25.682,0.522
703,703,19.134,33.209,0.482,15.07,25.672,0.522
704,704,19.125,33.204,0.483,15.059,25.662,0.522
705,705,19.117,33.199,0.483,15.047,25.652,0.522
706,706,19.109,33.192,0.483,15.035,25.642,0.522
707,707,19.1,33.184,0.483,15.021,25.632,0.522
708,708,19.091,33.174,0.483,15.007,25.623,0.522
709,709,19.082,33.164,0.483,14.992,25.613,0.522
710,710,19.074,33.152,0.483,14.977,25.604,0.522
711,711,19.065,33.139,0.484,14.96,25.596,0.522
712,712,19.055,33.125,0.484,14.943,25.587,0.522
713,713,19.046,33.11,0.484,14.925,25.579,0.522
714,714,19.037,33.094,0.484,14.907,25.57,0.522
715,715,19.028,33.076,0.484,14.888,25.562,0.523
716,716,19.018,33.057,0.484,14.868,25.554,0.523
717,717,19.008,33.037,0.484,14.847,25.547,0.523
718,718,18.999,33.016,0.484,14.825,25.539,0.523
719,719,18.989,32.993,0.484,14.803,25.532,0.523
720,720,18.979,32.969,0.484,14.78,25.525,0.523
721,721,18.969,32.944,0.484,14.757,25.518,0.523
722,722,18.959,32.917,0.484,14.732,25.512,0.523
723,723,18.949,32.89,0.484,14.707,25.505,0.523
724,724,18.939,32.861,0.484,14.681,25.499,0.523
725,725,18.928,32.83,0.484,14.655,25.493,0.523
726,726,18.918,32.798,0.484,14.627,25.487,0.523
727,727,18.908,32.765,0.484,14.599,25.481,0.523
728,728,18.897,32.731,0.484,14.571,25.476,0.523
729,729,18.886,32.695,0.484,14.541,25.471,0.523
730,730,18.876,32.658,0.484,14.511,25.466,0.523
731,731,18.865,32.619,0.484,14.48,25.461,0.523
732,732,18.854,32.58,0.484,14.449,25.456,0.523
733,733,18.843,32.538,0.484,14.417,25.452,0.523
734,734,18.832,32.496,0.484,14.384,25.447,0.523
735,735,18.821,32.452,0.484,14.35,25.443,0.523
736,736,18.809,32.406,0.484,14.315,25.439,0.523
737,737,18.798,32.359,0.484,14.28,25.435,0.523
738,738,18.787,32.311,0.484,14.245,25.432,0.523
739,739,18.776,32.261,0.484,14.208,25.429,0.523
740,740,18.764,32.21,0.484,14.171,25.425,0.523
741,741,18.753,32.158,0.484,14.133,25.422,0.523
742,742,18.741,32.104,0.484,14.095,25.419,0.523
743,743,18.729,32.048,0.484,14.055,25.417,0.523
744,744,18.718,31.992,0.483,14.015,25.414,0.523
745,745,18.706,31.933,0.483,13.975,25.412,0.523
746,746,18.694,31.873,0.483,13.934,25.41,0.523
747,747,18.682,31.812,0.483,13.892,25.408,0.523
748,748,18.67,31.75,0.483,13.849,25.406,0.523
749,749,18.658,31.686,0.483,13.806,25.404,0.523
750,750,18.646,31.62,0.483,13.762,25.403,0.523
751,751,18.634,31.553,0.482,13.717,25.401,0.523
752,752,18.622,31.485,0.482,13.672,25.4,0.523
753,753,18.61,31.415,0.482,13.626,25.399,0.523
754,754,18.598,31.343,0.482,13.58,25.398,0.523
755,755,18.586,31.27,0.482,13.532,25.398,0.523
756,756,18.573,31.196,0.481,13.485,25.397,0.523
757,757,18.561,31.121,0.481,13.436,25.397,0.523
758,758,18.549,31.043,0.481,13.387,25.396,0.523
759,759,18.536,30.965,0.481,13.337,25.396,0.523
760,760,18.524,30.885,0.481,13.287,25.396,0.523
761,761,18.512,30.803,0.48,13.236,25.396,0.523
762,762,18.499,30.72,0.48,13.185,25.396,0.523
763,763,18.487,30.636,0.48,13.133,25.397,0.523
764,764,18.474,30.551,0.48,13.08,25.397,0.523
765,765,18.462,30.463,0.479,13.027,25.398,0.523
766,766,18.449,30.375,0.479,12.973,25.399,0.523
767,767,18.437,30.285,0.479,12.919,25.399,0.523
768,768,18.424,30.194,0.479,12.864,25.4,0.523
769,769,18.412,30.101,0.478,12.808,25.401,0.523
770,770,18.4,30.007,0.478,12.752,25.403,0.523
771,771,18.387,29.912,0.478,12.696,25.404,0.523
772,772,18.375,29.816,0.478,12.639,25.405,0.523
773,773,18.362,29.718,0.477,12.581,25.407,0.523
774,774,18.35,29.619,0.477,12.523,25.408,0.523
775,775,18.337,29.518,0.477,12.465,25.41,0.523
776,776,18.325,29.416,0.476,12.406,25.412,0.523
777,777,18.312,29.313,0.476,12.346,25.413,0.523
778,778,18.3,29.209,0.476,12.286,25.415,0.522
779,779,18.287,29.104,0.475,12.226,25.417,0.522
780,780,18.275,28.997,0.475,12.165,25.419,0.522
781,781,18.263,28.89,0.475,12.104,25.421,0.522
782,782,18.25,28.781,0.474,12.042,25.423,0.522
783,783,18.238,28.671,0.474,11.981,25.425,0.522
784,784,18.226,28.56,0.474,11.918,25.428,0.522
785,785,18.213,28.448,0.473,11.855,25.43,0.522
786,786,18.201,28.335,0.473,11.792,25.432,0.522
787,787,18.189,28.22,0.473,11.729,25.435,0.522
788,788,18.177,28.105,0.472,11.665,25.437,0.522
789,789,18.165,27.989,0.472,11.601,25.439,0.522
790,790,18.153,27.872,0.472,11.537,25.442,0.522
791,791,18.141,27.754,0.471,11.473,25.444,0.522
792,792,18.129,27.636,0.471,11.408,25.447,0.521
793,793,18.117,27.516,0.471,11.343,25.449,0.521
794,794,18.105,27.396,0.47,11.278,25.452,0.521
795,795,18.093,27.274,0.47,11.212,25.454,0.521
796,796,18.082,27.153,0.469,11.147,25.457,0.521
797,797,18.07,27.03,0.469,11.081,25.459,0.521
798,798,18.058,26.907,0.469,11.015,25.462,0.521
799,799,18.047,26.783,0.468,10.949,25.465,0.521
800,800,18.035,26.659,0.468,10.883,25.467,0.521
801,801,18.024,26.534,0.468,10.817,25.47,0.521
802,802,18.013,26.408,0.467,10.751,25.472,0.52
803,803,18.001,26.282,0.467,10.684,25.474,0.52
804,804,17.99,26.156,0.466,10.618,25.477,0.52
805,805,17.979,26.03,0.466,10.552,25.479,0.52
806,806,17.968,25.903,0.466,10.486,25.482,0.52
807,807,17.957,25.775,0.465,10.42,25.484,0.52
808,808,17.947,25.648,0.465,10.354,25.486,0.52
809,809,17.936,25.52,0.465,10.288,25.489,0.52
810,810,17.925,25.392,0.464,10.222,25.491,0.519
811,811,17.915,25.264,0.464,10.156,25.493,0.519
812,812,17.904,25.137,0.463,10.091,25.495,0.519
813,813,17.894,25.009,0.463,10.026,25.497,0.519
814,814,17.884,24.881,0.463,9.961,25.499,0.519
815,815,17.874,24.753,0.462,9.896,25.501,0.519
816,816,17.864,24.625,0.462,9.831,25.503,0.519
817,817,17.854,24.498,0.462,9.767,25.505,0.519
818,818,17.844,24.371,0.461,9.703,25.506,0.518
819,819,17.835,24.244,0.461,9.64,25.508,0.518
820,820,17.825,24.117,0.461,9.577,25.51,0.518
821,821,17.816,23.991,0.46,9.514,25.511,0.518
822,822,17.806,23.865,0.46,9.452,25.512,0.518
823,823,17.797,23.74,0.459,9.39,25.514,0.518
824,824,17.788,23.616,0.459,9.329,25.515,0.518
825,825,17.779,23.492,0.459,9.268,25.516,0.517
826,826,17.771,23.368,0.458,9.208,25.517,0.517
827,827,17.762,23.246,0.458,9.148,25.518,0.517
828,828,17.754,23.124,0.458,9.089,25.519,0.517
829,829,17.745,23.003,0.457,9.03,25.52,0.517
830,830,17.737,22.883,0.457,8.973,25.52,0.517
831,831,17.729,22.764,0.457,8.915,25.521,0.517
832,832,17.721,22.645,0.456,8.859,25.521,0.516
833,833,17.713,22.528,0.456,8.803,25.522,0.516
834,834,17.706,22.412,0.456,8.748,25.522,0.516
835,835,17.698,22.297,0.456,8.694,25.522,0.516
836,836,17.691,22.183,0.455,8.641,25.522,0.516
837,837,17.684,22.07,0.455,8.588,25.522,0.516
838,838,17.677,21.959,0.455,8.536,25.521,0.516
839,839,17.67,21.849,0.454,8.485,25.521,0.515
840,840,17.663,21.741,0.454,8.435,25.521,0.515
841,841,17.657,21.633,0.454,8.386,25.52,0.515
842,842,17.65,21.528,0.454,8.338,25.519,0.515
843,843,17.644,21.423,0.453,8.291,25.519,0.515
844,844,17.638,21.321,0.453,8.245,25.518,0.515
845,845,17.632,21.22,0.453,8.199,25.517,0.515
846,846,17.626,21.12,0.453,8.155,25.515,0.514
847,847,17.621,21.023,0.452,8.112,25.514,0.514
848,848,17.615,20.927,0.452,8.07,25.513,0.514
849,849,17.61,20.832,0.452,8.029,25.511,0.514
850,850,17.605,20.74,0.452,7.989,25.51,0.514
851,851,17.6,20.649,0.451,7.95,25.508,0.514
852,852,17.595,20.561,0.451,7.913,25.506,0.514
853,853,17.591,20.474,0.451,7.876,25.504,0.513
854,854,17.586,20.389,0.451,7.841,25.502,0.513
855,855,17.582,20.306,0.451,7.806,25.5,0.513
856,856,17.578,20.225,0.45,7.773,25.497,0.513
857,857,17.574,20.147,0.45,7.742,25.495,0.513
858,858,17.57,20.07,0.45,7.711,25.492,0.513
859,859,17.567,19.995,0.45,7.682,25.49,0.513
860,860,17.563,19.923,0.45,7.654,25.487,0.512
861,861,17.56,19.852,0.45,7.627,25.484,0.512
862,862,17.557,19.784,0.449,7.601,25.481,0.512
863,863,17.554,19.718,0.449,7.577,25.478,0.512
864,864,17.552,19.654,0.449,7.554,25.475,0.512
865,865,17.549,19.593,0.449,7.532,25.471,0.512
866,866,17.547,19.533,0.449,7.511,25.468,0.512
867,867,17.545,19.476,0.449,7.492,25.464,0.511
868,868,17.543,19.421,0.449,7.474,25.461,0.511
869,869,17.541,19.368,0.449,7.457,25.457,0.511
870,870,17.539,19.318,0.449,7.442,25.453,0.511
871,871,17.538,19.27,0.449,7.428,25.449,0.511
872,872,17.536,19.224,0.448,7.415,25.445,0.511
873,873,17.535,19.181,0.448,7.403,25.441,0.511
874,874,17.534,19.139,0.448,7.393,25.437,0.511
875,875,17.533,19.101,0.448,7.384,25.433,0.51
876,876,17.533,19.064,0.448,7.376,25.428,0.51
877,877,17.532,19.029,0.448,7.369,25.424,0.51
878,878,17.532,18.997,0.448,7.364,25.419,0.51
879,879,17.531,18.968,0.448,7.36,25.415,0.51
880,880,17.531,18.94,0.448,7.357,25.41,0.51
881,881,17.532,18.915,0.448,7.356,25.405,0.51
882,882,17.532,18.891,0.448,7.355,25.4,0.51
883,883,17.532,18.871,0.448,7.356,25.395,0.509
884,884,17.533,18.852,0.448,7.358,25.39,0.509
885,885,17.534,18.835,0.448,7.361,25.385,0.509
886,886,17.535,18.821,0.448,7.366,25.38,0.509
887,887,17.536,18.809,0.448,7.371,25.375,0.509
888,888,17.537,18.799,0.448,7.378,25.37,0.509
889,889,17.538,18.791,0.448,7.385,25.365,0.509
890,890,17.539,18.785,0.448,7.394,25.36,0.509
891,891,17.541,18.781,0.448,7.404,25.354,0.508
892,892,17.543,18.779,0.448,7.415,25.349,0.508
893,893,17.545,18.779,0.448,7.427,25.343,0.508
894,894,17.547,18.781,0.448,7.439,25.338,0.508
895,895,17.549,18.785,0.448,7.453,25.332,0.508
896,896,17.551,18.791,0.448,7.468,25.327,0.508
897,897,17.553,18.799,0.448,7.484,25.321,0.508
898,898,17.556,18.809,0.449,7.501,25.315,0.508
899,899,17.559,18.82,0.449,7.518,25.31,0.508
900,900,17.561,18.833,0.449,7.536,25.304,0.507
901,901,17.564,18.848,0.449,7.556,25.298,0.507
902,902,17.567,18.864,0.449,7.576,25.293,0.507
903,903,17.57,18.882,0.449,7.597,25.287,0.507
904,904,17.573,18.902,0.449,7.618,25.281,0.507
905,905,17.577,18.923,0.449,7.64,25.275,0.507
906,906,17.58,18.946,0.449,7.663,25.269,0.507
907,907,17.583,18.97,0.449,7.687,25.264,0.507
908,908,17.587,18.995,0.449,7.711,25.258,0.507
909,909,17.591,19.022,0.449,7.736,25.252,0.506
910,910,17.594,19.05,0.45,7.761,25.246,0.506
911,911,17.598,19.08,0.45,7.787,25.24,0.506
912,912,17.602,19.111,0.45,7.814,25.234,0.506
913,913,17.606,19.142,0.45,7.841,25.228,0.506
914,914,17.61,19.175,0.45,7.868,25.223,0.506
915,915,17.614,19.209,0.45,7.896,25.217,0.506
916,916,17.618,19.244,0.45,7.924,25.211,0.506
917,917,17.623,19.28,0.45,7.953,25.205,0.506
918,918,17.627,19.317,0.45,7.982,25.199,0.506
919,919,17.631,19.355,0.451,8.011,25.193,0.505
920,920,17.636,19.394,0.451,8.04,25.187,0.505
921,921,17.64,19.433,0.451,8.07,25.182,0.505
922,922,17.645,19.473,0.451,8.1,25.176,0.505
923,923,17.649,19.514,0.451,8.13,25.17,0.505
924,924,17.654,19.556,0.451,8.16,25.164,0.505
925,925,17.658,19.598,0.451,8.191,25.158,0.505
926,926,17.663,19.64,0.451,8.221,25.153,0.505
927,927,17.668,19.683,0.452,8.251,25.147,0.505
928,928,17.672,19.726,0.452,8.282,25.141,0.505
929,929,17.677,19.77,0.452,8.312,25.136,0.504
930,930,17.682,19.814,0.452,8.342,25.13,0.504
931,931,17.687,19.859,0.452,8.373,25.124,0.504
932,932,17.692,19.903,0.452,8.403,25.119,0.504
933,933,17.696,19.948,0.452,8.433,25.113,0.504
934,934,17.701,19.993,0.452,8.463,25.108,0.504
935,935,17.706,20.038,0.452,8.493,25.102,0.504
936,936,17.711,20.083,0.453,8.522,25.097,0.504
937,937,17.716,20.128,0.453,8.551,25.091,0.504
938,938,17.72,20.173,0.453,8.58,25.086,0.504
939,939,17.725,20.218,0.453,8.609,25.08,0.503
940,940,17.73,20.263,0.453,8.637,25.075,0.503
941,941,17.735,20.307,0.453,8.665,25.07,0.503
942,942,17.739,20.351,0.453,8.693,25.065,0.503
943,943,17.744,20.395,0.453,8.72,25.059,0.503
944,944,17.749,20.439,0.453,8.746,25.054,0.503
945,945,17.754,20.482,0.454,8.773,25.049,0.503
946,946,17.758,20.525,0.454,8.798,25.044,0.503
947,947,17.763,20.568,0.454,8.824,25.039,0.503
948,948,17.767,20.61,0.454,8.848,25.034,0.503
949,949,17.772,20.651,0.454,8.872,25.029,0.502
950,950,17.776,20.692,0.454,8.896,25.025,0.502
951,951,17.781,20.732,0.454,8.919,25.02,0.502
952,952,17.785,20.772,0.454,8.941,25.015,0.502
953,953,17.79,20.811,0.454,8.963,25.01,0.502
954,954,17.794,20.849,0.454,8.984,25.006,0.502
955,955,17.798,20.886,0.454,9.004,25.001,0.502
956,956,17.802,20.923,0.454,9.024,24.997,0.502
957,957,17.806,20.959,0.454,9.043,24.992,0.502
958,958,17.81,20.993,0.454,9.061,24.988,0.502
959,959,17.814,21.027,0.455,9.079,24.984,0.501
960,960,17.818,21.061,0.455,9.095,24.979,0.501
961,961,17.822,21.093,0.455,9.111,24.975,0.501
962,962,17.826,21.124,0.455,9.126,24.971,0.501
963,963,17.83,21.154,0.455,9.14,24.967,0.501
964,964,17.833,21.183,0.455,9.153,24.963,0.501
965,965,17.837,21.211,0.455,9.166,24.959,0.501
966,966,17.84,21.237,0.455,9.177,24.955,0.501
967,967,17.844,21.263,0.455,9.188,24.952,0.501
968,968,17.847,21.287,0.455,9.198,24.948,0.501
969,969,17.85,21.31,0.455,9.206,24.945,0.501
970,970,17.853,21.332,0.455,9.214,24.941,0.5
971,971,17.856,21.353,0.455,9.221,24.938,0.5
972,972,17.859,21.372,0.455,9.227,24.934,0.5
973,973,17.862,21.39,0.455,9.232,24.931,0.5
974,974,17.865,21.407,0.455,9.236,24.928,0.5
975,975,17.867,21.422,0.455,9.239,24.925,0.5
976,976,17.87,21.436,0.455,9.241,24.922,0.5
977,977,17.872,21.449,0.455,9.242,24.919,0.5
978,978,17.874,21.46,0.455,9.241,24.916,0.5
979,979,17.877,21.469,0.454,9.24,24.914,0.5
980,980,17.879,21.478,0.454,9.238,24.911,0.499
981,981,17.881,21.484,0.454,9.234,24.908,0.499
982,982,17.883,21.489,0.454,9.23,24.906,0.499
983,983,17.884,21.493,0.454,9.224,24.904,0.499
984,984,17.886,21.495,0.454,9.218,24.902,0.499
985,985,17.888,21.495,0.454,9.21,24.899,0.499
986,986,17.889,21.493,0.454,9.201,24.897,0.499
987,987,17.89,21.491,0.454,9.191,24.896,0.499
988,988,17.891,21.486,0.454,9.18,24.894,0.499
989,989,17.893,21.48,0.454,9.167,24.892,0.499
990,990,17.894,21.472,0.454,9.154,24.891,0.499
991,991,17.894,21.462,0.453,9.139,24.889,0.498
992,992,17.895,21.45,0.453,9.123,24.888,0.498
993,993,17.896,21.437,0.453,9.106,24.887,0.498
994,994,17.896,21.422,0.453,9.088,24.885,0.498
995,995,17.896,21.406,0.453,9.068,24.884,0.498
996,996,17.897,21.387,0.453,9.048,24.884,0.498
997,997,17.897,21.367,0.453,9.026,24.883,0.498
998,998,17.897,21.344,0.452,9.003,24.882,0.498
999,999,17.897,21.32,0.452,8.979,24.882,0.498
1000,1000,17.896,21.295,0.452,8.953,24.881,0.498
1001,1001,17.896,21.267,0.452,8.926,24.881,0.497
1002,1002,17.895,21.237,0.452,8.898,24.881,0.497
1003,1003,17.895,21.206,0.451,8.869,24.881,0.497
1004,1004,17.894,21.172,0.451,8.839,24.881,0.497
1005,1005,17.893,21.137,0.451,8.807,24.881,0.497
1006,1006,17.892,21.099,0.451,8.774,24.882,0.497
1007,1007,17.891,21.06,0.45,8.74,24.882,0.497
1008,1008,17.89,21.019,0.45,8.704,24.883,0.497
1009,1009,17.888,20.975,0.45,8.667,24.884,0.497
1010,1010,17.887,20.93,0.45,8.629,24.884,0.496
1011,1011,17.885,20.883,0.449,8.59,24.886,0.496
1012,1012,17.883,20.834,0.449,8.549,24.887,0.496
1013,1013,17.881,20.782,0.449,8.507,24.888,0.496
1014,1014,17.879,20.729,0.449,8.464,24.889,0.496
1015,1015,17.877,20.674,0.448,8.419,24.891,0.496
1016,1016,17.875,20.616,0.448,8.373,24.893,0.496
1017,1017,17.872,20.557,0.448,8.326,24.895,0.496
1018,1018,17.87,20.495,0.447,8.278,24.897,0.496
1019,1019,17.867,20.432,0.447,8.228,24.899,0.495
1020,1020,17.864,20.366,0.447,8.177,24.901,0.495
1021,1021,17.861,20.298,0.446,8.125,24.904,0.495
1022,1022,17.858,20.228,0.446,8.071,24.906,0.495
1023,1023,17.855,20.156,0.446,8.016,24.909,0.495
1024,1024,17.852,20.082,0.445,7.96,24.912,0.495
1025,1025,17.848,20.006,0.445,7.902,24.915,0.495
1026,1026,17.845,19.928,0.444,7.843,24.918,0.495
1027,1027,17.841,19.847,0.444,7.783,24.921,0.494
1028,1028,17.837,19.765,0.444,7.721,24.925,0.494
1029,1029,17.834,19.68,0.443,7.659,24.928,0.494
1030,1030,17.83,19.593,0.443,7.594,24.932,0.494
1031,1031,17.825,19.504,0.442,7.529,24.936,0.494
1032,1032,17.821,19.413,0.442,7.462,24.94,0.494
1033,1033,17.817,19.319,0.442,7.394,24.944,0.494
1034,1034,17.812,19.224,0.441,7.324,24.948,0.493
1035,1035,17.808,19.126,0.441,7.253,24.952,0.493
1036,1036,17.803,19.027,0.44,7.181,24.957,0.493
1037,1037,17.798,18.925,0.44,7.108,24.962,0.493
1038,1038,17.793,18.821,0.439,7.033,24.966,0.493
1039,1039,17.788,18.714,0.439,6.957,24.971,0.493
1040,1040,17.783,18.606,0.438,6.88,24.976,0.492
1041,1041,17.778,18.495,0.438,6.801,24.982,0.492
1042,1042,17.773,18.383,0.437,6.721,24.987,0.492
1043,1043,17.767,18.268,0.437,6.64,24.992,0.492
1044,1044,17.762,18.151,0.436,6.557,24.998,0.492
1045,1045,17.756,18.032,0.436,6.473,25.004,0.492
1046,1046,17.75,17.911,0.435,6.388,25.01,0.491
1047,1047,17.744,17.788,0.435,6.302,25.016,0.491
1048,1048,17.739,17.662,0.434,6.214,25.022,0.491
1049,1049,17.733,17.535,0.433,6.125,25.028,0.491
1050,1050,17.726,17.405,0.433,6.035,25.034,0.491
1051,1051,17.72,17.274,0.432,5.943,25.041,0.491
1052,1052,17.714,17.14,0.432,5.85,25.047,0.49
1053,1053,17.708,17.004,0.431,5.756,25.054,0.49
1054,1054,17.701,16.866,0.431,5.661,25.061,0.49
1055,1055,17.695,16.726,0.43,5.565,25.068,0.49
1056,1056,17.688,16.585,0.429,5.467,25.075,0.49
1057,1057,17.681,16.441,0.429,5.368,25.082,0.489
1058,1058,17.675,16.295,0.428,5.268,25.089,0.489
1059,1059,17.668,16.147,0.427,5.167,25.096,0.489
1060,1060,17.661,15.998,0.427,5.065,25.104,0.489
1061,1061,17.654,15.846,0.426,4.961,25.111,0.489
1062,1062,17.647,15.692,0.425,4.856,25.119,0.488
1063,1063,17.64,15.537,0.425,4.75,25.127,0.488
1064,1064,17.632,15.38,0.424,4.643,25.134,0.488
1065,1065,17.625,15.221,0.424,4.535,25.142,0.488
1066,1066,17.618,15.06,0.423,4.426,25.15,0.488
1067,1067,17.611,14.897,0.422,4.316,25.158,0.487
1068,1068,17.603,14.733,0.421,4.205,25.166,0.487
1069,1069,17.596,14.567,0.421,4.092,25.174,0.487
1070,1070,17.588,14.399,0.42,3.979,25.183,0.487
1071,1071,17.581,14.229,0.419,3.864,25.191,0.486
1072,1072,17.573,14.058,0.419,3.749,25.199,0.486
1073,1073,17.565,13.886,0.418,3.633,25.208,0.486
1074,1074,17.558,13.711,0.417,3.515,25.216,0.486
1075,1075,17.55,13.536,0.417,3.397,25.224,0.485
1076,1076,17.542,13.358,0.416,3.278,25.233,0.485
1077,1077,17.534,13.18,0.415,3.158,25.241,0.485
1078,1078,17.526,13.0,0.414,3.037,25.25,0.485
1079,1079,17.519,12.818,0.414,2.916,25.259,0.484
1080,1080,17.511,12.635,0.413,2.793,25.267,0.484
1081,1081,17.503,12.451,0.412,2.67,25.276,0.484
1082,1082,17.495,12.266,0.411,2.546,25.285,0.484
1083,1083,17.489,12.155,0.411,2.496,25.279,0.484
1084,1084,17.484,12.109,0.412,2.509,25.262,0.484
1085,1085,17.479,12.063,0.412,2.523,25.244,0.484
1086,1086,17.475,12.016,0.413,2.537,25.226,0.485
1087,1087,17.47,11.969,0.413,2.551,25.208,0.485
1088,1088,17.465,11.921,0.414,2.565,25.19,0.485
1089,1089,17.461,11.873,0.414,2.579,25.172,0.485
1090,1090,17.456,11.825,0.414,2.594,25.153,0.486
1091,1091,17.451,11.777,0.415,2.608,25.135,0.486
1092,1092,17.447,11.728,0.415,2.622,25.116,0.486
1093,1093,17.442,11.679,0.416,2.637,25.097,0.487
1094,1094,17.438,11.629,0.416,2.652,25.078,0.487
1095,1095,17.433,11.579,0.417,2.666,25.059,0.487
1096,1096,17.429,11.529,0.417,2.681,25.04,0.487
1097,1097,17.424,11.479,0.418,2.696,25.021,0.488
1098,1098,17.42,11.428,0.418,2.711,25.002,0.488
1099,1099,17.415,11.377,0.418,2.726,24.982,0.488
1100,1100,17.411,11.326,0.419,2.741,24.963,0.488
1101,1101,17.407,11.275,0.419,2.756,24.943,0.489
1102,1102,17.402,11.224,0.42,2.771,24.923,0.489
1103,1103,17.398,11.172,0.42,2.786,24.904,0.489
1104,1104,17.394,11.121,0.421,2.802,24.884,0.49
1105,1105,17.39,11.069,0.421,2.817,24.864,0.49
1106,1106,17.386,11.017,0.422,2.832,24.844,0.49
1107,1107,17.381,10.965,0.422,2.847,24.824,0.49
1108,1108,17.377,10.913,0.423,2.863,24.804,0.491
1109,1109,17.373,10.861,0.423,2.878,24.784,0.491
1110,1110,17.369,10.809,0.424,2.893,24.764,0.491
1111,1111,17.366,10.757,0.424,2.908,24.743,0.492
1112,1112,17.362,10.705,0.425,2.924,24.723,0.492
1113,1113,17.358,10.653,0.425,2.939,24.703,0.492
1114,1114,17.354,10.601,0.425,2.954,24.683,0.492
1115,1115,17.351,10.549,0.426,2.969,24.663,0.493
1116,1116,17.347,10.497,0.426,2.985,24.642,0.493
1117,1117,17.343,10.445,0.427,3.0,24.622,0.493
1118,1118,17.34,10.393,0.427,3.015,24.602,0.493
1119,1119,17.336,10.342,0.428,3.03,24.582,0.494
1120,1120,17.333,10.29,0.428,3.045,24.562,0.494
1121,1121,17.33,10.239,0.429,3.059,24.542,0.494
1122,1122,17.327,10.188,0.429,3.074,24.522,0.494
1123,1123,17.324,10.138,0.43,3.089,24.502,0.495
1124,1124,17.321,10.087,0.43,3.103,24.482,0.495
1125,1125,17.318,10.037,0.431,3.118,24.462,0.495
1126,1126,17.315,9.988,0.431,3.132,24.443,0.495
1127,1127,17.312,9.938,0.431,3.146,24.423,0.496
1128,1128,17.309,9.889,0.432,3.161,24.404,0.496
1129,1129,17.307,9.84,0.432,3.175,24.384,0.496
1130,1130,17.304,9.792,0.433,3.188,24.365,0.496
1131,1131,17.302,9.744,0.433,3.202,24.346,0.496
1132,1132,17.299,9.696,0.434,3.216,24.327,0.497
1133,1133,17.297,9.649,0.434,3.229,24.308,0.497
1134,1134,17.295,9.603,0.434,3.242,24.29,0.497
1135,1135,17.293,9.557,0.435,3.255,24.271,0.497
1136,1136,17.291,9.512,0.435,3.268,24.253,0.497
1137,1137,17.289,9.467,0.436,3.281,24.235,0.498
1138,1138,17.287,9.422,0.436,3.293,24.218,0.498
1139,1139,17.285,9.379,0.436,3.305,24.2,0.498
1140,1140,17.283,9.335,0.437,3.317,24.183,0.498
1141,1141,17.282,9.293,0.437,3.329,24.166,0.498
1142,1142,17.281,9.251,0.438,3.341,24.149,0.498
1143,1143,17.279,9.21,0.438,3.352,24.132,0.499
1144,1144,17.278,9.17,0.438,3.363,24.116,0.499
1145,1145,17.277,9.13,0.439,3.374,24.1,0.499
1146,1146,17.276,9.091,0.439,3.384,24.084,0.499
1147,1147,17.275,9.053,0.439,3.395,24.069,0.499
1148,1148,17.274,9.016,0.44,3.405,24.053,0.499
1149,1149,17.273,8.979,0.44,3.414,24.039,0.499
1150,1150,17.273,8.944,0.44,3.424,24.024,0.499
1151,1151,17.272,8.909,0.441,3.433,24.01,0.5
1152,1152,17.272,8.875,0.441,3.442,23.996,0.5
1153,1153,17.272,8.842,0.441,3.45,23.983,0.5
1154,1154,17.272,8.81,0.441,3.459,23.969,0.5
1155,1155,17.272,8.778,0.442,3.467,23.957,0.5
1156,1156,17.272,8.748,0.442,3.474,23.944,0.5
1157,1157,17.272,8.719,0.442,3.482,23.932,0.5
1158,1158,17.272,8.691,0.442,3.489,23.921,0.5
1159,1159,17.273,8.663,0.443,3.495,23.909,0.5
1160,1160,17.273,8.637,0.443,3.501,23.899,0.5
1161,1161,17.274,8.611,0.443,3.507,23.888,0.5
1162,1162,17.275,8.587,0.443,3.513,23.878,0.5
1163,1163,17.276,8.564,0.443,3.518,23.869,0.5
1164,1164,17.277,8.542,0.444,3.523,23.86,0.5
1165,1165,17.278,8.52,0.444,3.528,23.851,0.5
1166,1166,17.279,8.5,0.444,3.532,23.843,0.5
1167,1167,17.28,8.481,0.444,3.536,23.835,0.5
1168,1168,17.282,8.464,0.444,3.539,23.827,0.5
1169,1169,17.283,8.447,0.444,3.542,23.82,0.5
1170,1170,17.285,8.431,0.445,3.545,23.814,0.5
1171,1171,17.287,8.416,0.445,3.547,23.808,0.5
1172,1172,17.289,8.403,0.445,3.549,23.802,0.5
1173,1173,17.291,8.391,0.445,3.55,23.797,0.5
1174,1174,17.293,8.38,0.445,3.552,23.793,0.5
1175,1175,17.295,8.37,0.445,3.552,23.788,0.5
1176,1176,17.297,8.361,0.445,3.553,23.785,0.5
1177,1177,17.3,8.353,0.445,3.553,23.782,0.5
1178,1178,17.302,8.346,0.445,3.552,23.779,0.5
1179,1179,17.305,8.341,0.445,3.551,23.777,0.499
1180,1180,17.308,8.336,0.445,3.55,23.775,0.499
1181,1181,17.311,8.333,0.445,3.549,23.773,0.499
1182,1182,17.314,8.331,0.445,3.547,23.773,0.499
1183,1183,17.317,8.33,0.445,3.544,23.772,0.499
1184,1184,17.32,8.331,0.445,3.542,23.772,0.499
1185,1185,17.323,8.332,0.445,3.539,23.773,0.499
1186,1186,17.326,8.335,0.445,3.535,23.774,0.499
1187,1187,17.33,8.338,0.445,3.531,23.775,0.498
1188,1188,17.334,8.343,0.445,3.527,23.777,0.498
1189,1189,17.337,8.349,0.445,3.523,23.78,0.498
1190,1190,17.341,8.356,0.445,3.518,23.783,0.498
1191,1191,17.345,8.364,0.445,3.512,23.786,0.498
1192,1192,17.349,8.373,0.444,3.507,23.79,0.498
1193,1193,17.353,8.383,0.444,3.501,23.794,0.497
1194,1194,17.357,8.395,0.444,3.494,23.798,0.497
1195,1195,17.361,8.407,0.444,3.488,23.803,0.497
1196,1196,17.365,8.42,0.444,3.48,23.809,0.497
1197,1197,17.37,8.435,0.444,3.473,23.815,0.497
1198,1198,17.374,8.45,0.444,3.465,23.821,0.496
1199,1199,17.379,8.467,0.443,3.457,23.828,0.496
1200,1200,17.383,8.484,0.443,3.449,23.835,0.496
1201,1201,17.388,8.503,0.443,3.44,23.842,0.496
1202,1202,17.393,8.522,0.443,3.431,23.85,0.495
1203,1203,17.397,8.542,0.443,3.422,23.858,0.495
1204,1204,17.402,8.563,0.442,3.412,23.867,0.495
1205,1205,17.407,8.586,0.442,3.402,23.876,0.495
1206,1206,17.412,8.609,0.442,3.392,23.885,0.494
1207,1207,17.417,8.632,0.442,3.382,23.895,0.494
1208,1208,17.422,8.657,0.441,3.371,23.905,0.494
1209,1209,17.427,8.683,0.441,3.36,23.915,0.494
1210,1210,17.432,8.709,0.441,3.349,23.926,0.493
1211,1211,17.438,8.736,0.441,3.337,23.936,0.493
1212,1212,17.443,8.764,0.44,3.325,23.948,0.493
1213,1213,17.448,8.793,0.44,3.313,23.959,0.492
1214,1214,17.454,8.822,0.44,3.301,23.971,0.492
1215,1215,17.459,8.853,0.439,3.289,23.983,0.492
1216,1216,17.464,8.883,0.439,3.276,23.995,0.492
1217,1217,17.47,8.915,0.439,3.263,24.008,0.491
1218,1218,17.475,8.947,0.439,3.25,24.02,0.491
1219,1219,17.481,8.98,0.438,3.237,24.033,0.491
1220,1220,17.486,9.013,0.438,3.224,24.046,0.49
1221,1221,17.492,9.047,0.438,3.21,24.06,0.49
1222,1222,17.497,9.082,0.437,3.197,24.073,0.49
1223,1223,17.503,9.117,0.437,3.183,24.087,0.489
1224,1224,17.509,9.152,0.437,3.169,24.101,0.489
1225,1225,17.514,9.188,0.436,3.155,24.115,0.489
1226,1226,17.52,9.225,0.436,3.14,24.129,0.489
1227,1227,17.525,9.262,0.435,3.126,24.143,0.488
1228,1228,17.531,9.299,0.435,3.111,24.158,0.488
1229,1229,17.536,9.337,0.435,3.097,24.172,0.488
1230,1230,17.542,9.375,0.434,3.082,24.187,0.487
1231,1231,17.548,9.414,0.434,3.067,24.202,0.487
1232,1232,17.553,9.452,0.434,3.053,24.216,0.487
1233,1233,17.559,9.491,0.433,3.038,24.231,0.486
1234,1234,17.564,9.531,0.433,3.023,24.246,0.486
1235,1235,17.57,9.571,0.433,3.008,24.261,0.486
1236,1236,17.575,9.61,0.432,2.993,24.276,0.485
1237,1237,17.581,9.651,0.432,2.978,24.291,0.485
1238,1238,17.586,9.691,0.432,2.963,24.307,0.485
1239,1239,17.591,9.731,0.431,2.947,24.322,0.485
1240,1240,17.597,9.772,0.431,2.932,24.337,0.484
1241,1241,17.602,9.813,0.43,2.917,24.352,0.484
1242,1242,17.607,9.853,0.43,2.902,24.367,0.484
1243,1243,17.612,9.894,0.43,2.887,24.382,0.483
1244,1244,17.618,9.935,0.429,2.872,24.397,0.483
1245,1245,17.623,9.976,0.429,2.857,24.413,0.483
1246,1246,17.628,10.017,0.429,2.842,24.428,0.482
1247,1247,17.633,10.058,0.428,2.827,24.443,0.482
1248,1248,17.638,10.1,0.428,2.812,24.457,0.482
1249,1249,17.642,10.141,0.428,2.797,24.472,0.482
1250,1250,17.647,10.181,0.427,2.782,24.487,0.481
1251,1251,17.652,10.222,0.427,2.767,24.502,0.481
1252,1252,17.657,10.263,0.427,2.753,24.516,0.481
1253,1253,17.661,10.304,0.426,2.738,24.531,0.481
1254,1254,17.666,10.344,0.426,2.724,24.545,0.48
1255,1255,17.67,10.385,0.426,2.709,24.56,0.48
1256,1256,17.675,10.425,0.425,2.695,24.574,0.48
1257,1257,17.679,10.465,0.425,2.681,24.588,0.48
1258,1258,17.683,10.505,0.425,2.667,24.602,0.479
1259,1259,17.688,10.544,0.424,2.653,24.616,0.479
1260,1260,17.692,10.584,0.424,2.639,24.63,0.479
1261,1261,17.696,10.623,0.424,2.625,24.643,0.479
1262,1262,17.699,10.662,0.424,2.612,24.657,0.478
1263,1263,17.703,10.7,0.423,2.598,24.67,0.478
1264,1264,17.707,10.739,0.423,2.585,24.683,0.478
1265,1265,17.711,10.777,0.423,2.572,24.696,0.478
1266,1266,17.714,10.814,0.422,2.559,24.709,0.478
1267,1267,17.718,10.852,0.422,2.546,24.722,0.477
1268,1268,17.723,10.978,0.423,2.63,24.717,0.478
1269,1269,17.729,11.107,0.423,2.718,24.711,0.478
1270,1270,17.734,11.235,0.424,2.805,24.706,0.478
1271,1271,17.739,11.361,0.424,2.89,24.7,0.478
1272,1272,17.744,11.484,0.425,2.974,24.695,0.478
1273,1273,17.749,11.606,0.425,3.055,24.69,0.479
1274,1274,17.754,11.725,0.426,3.135,24.685,0.479
1275,1275,17.759,11.843,0.426,3.214,24.681,0.479
1276,1276,17.763,11.958,0.427,3.29,24.676,0.479
1277,1277,17.768,12.07,0.427,3.365,24.672,0.479
1278,1278,17.772,12.181,0.428,3.438,24.668,0.479
1279,1279,17.776,12.289,0.428,3.509,24.664,0.48
1280,1280,17.78,12.395,0.429,3.579,24.66,0.48
1281,1281,17.784,12.499,0.429,3.647,24.656,0.48
1282,1282,17.787,12.6,0.43,3.712,24.652,0.48
1283,1283,17.791,12.699,0.43,3.776,24.649,0.48
1284,1284,17.794,12.796,0.431,3.838,24.646,0.48
1285,1285,17.797,12.89,0.431,3.898,24.643,0.481
1286,1286,17.8,12.981,0.431,3.957,24.64,0.481
1287,1287,17.803,13.071,0.432,4.013,24.638,0.481
1288,1288,17.805,13.157,0.432,4.068,24.635,0.481
1289,1289,17.807,13.242,0.433,4.12,24.633,0.481
1290,1290,17.81,13.323,0.433,4.171,24.631,0.481
1291,1291,17.812,13.403,0.433,4.22,24.629,0.482
1292,1292,17.814,13.48,0.434,4.267,24.627,0.482
1293,1293,17.815,13.554,0.434,4.312,24.625,0.482
1294,1294,17.817,13.625,0.434,4.355,24.624,0.482
1295,1295,17.818,13.694,0.435,4.396,24.623,0.482
1296,1296,17.819,13.761,0.435,4.435,24.622,0.482
1297,1297,17.82,13.825,0.435,4.472,24.621,0.483
1298,1298,17.821,13.886,0.436,4.507,24.62,0.483
1299,1299,17.822,13.945,0.436,4.541,24.62,0.483
1300,1300,17.823,14.001,0.436,4.572,24.62,0.483
1301,1301,17.823,14.055,0.436,4.601,24.62,0.483
1302,1302,17.823,14.106,0.437,4.629,24.62,0.483
1303,1303,17.823,14.154,0.437,4.654,24.62,0.484
1304,1304,17.823,14.199,0.437,4.678,24.621,0.484
1305,1305,17.822,14.242,0.437,4.7,24.621,0.484
1306,1306,17.822,14.283,0.438,4.719,24.622,0.484
1307,1307,17.821,14.32,0.438,4.737,24.623,0.484
1308,1308,17.82,14.355,0.438,4.753,24.625,0.484
1309,1309,17.819,14.388,0.438,4.767,24.626,0.484
1310,1310,17.818,14.417,0.438,4.779,24.628,0.485
1311,1311,17.817,14.444,0.439,4.789,24.63,0.485
1312,1312,17.815,14.469,0.439,4.798,24.632,0.485
1313,1313,17.814,14.49,0.439,4.804,24.634,0.485
1314,1314,17.812,14.509,0.439,4.808,24.637,0.485
1315,1315,17.81,14.526,0.439,4.811,24.639,0.485
1316,1316,17.807,14.539,0.439,4.812,24.642,0.485
1317,1317,17.805,14.551,0.439,4.81,24.645,0.486
1318,1318,17.803,14.559,0.439,4.807,24.649,0.486
1319,1319,17.8,14.565,0.44,4.802,24.652,0.486
1320,1320,17.797,14.568,0.44,4.796,24.656,0.486
1321,1321,17.794,14.568,0.44,4.787,24.66,0.486
1322,1322,17.791,14.566,0.44,4.776,24.664,0.486
1323,1323,17.788,14.561,0.44,4.764,24.668,0.486
1324,1324,17.784,14.553,0.44,4.75,24.672,0.486
1325,1325,17.781,14.543,0.44,4.734,24.677,0.487
1326,1326,17.777,14.53,0.44,4.716,24.682,0.487
1327,1327,17.773,14.515,0.44,4.697,24.687,0.487
1328,1328,17.769,14.497,0.44,4.676,24.692,0.487
1329,1329,17.765,14.476,0.44,4.653,24.697,0.487
1330,1330,17.76,14.453,0.44,4.628,24.703,0.487
1331,1331,17.756,14.427,0.44,4.601,24.709,0.487
1332,1332,17.751,14.399,0.44,4.573,24.715,0.487
1333,1333,17.747,14.368,0.44,4.543,24.721,0.488
1334,1334,17.742,14.335,0.44,4.511,24.727,0.488
1335,1335,17.737,14.299,0.44,4.478,24.734,0.488
1336,1336,17.732,14.26,0.44,4.443,24.74,0.488
1337,1337,17.726,14.219,0.44,4.406,24.747,0.488
1338,1338,17.721,14.175,0.439,4.368,24.754,0.488
1339,1339,17.715,14.129,0.439,4.328,24.762,0.488
1340,1340,17.71,14.081,0.439,4.286,24.769,0.488
1341,1341,17.704,14.03,0.439,4.243,24.777,0.488
1342,1342,17.698,13.976,0.439,4.198,24.785,0.488
1343,1343,17.692,13.92,0.439,4.152,24.793,0.488
1344,1344,17.686,13.862,0.439,4.104,24.801,0.489
1345,1345,17.68,13.801,0.438,4.054,24.809,0.489
1346,1346,17.674,13.738,0.438,4.003,24.818,0.489
1347,1347,17.667,13.673,0.438,3.951,24.826,0.489
1348,1348,17.661,13.605,0.438,3.897,24.835,0.489
1349,1349,17.654,13.535,0.438,3.842,24.844,0.489
1350,1350,17.647,13.463,0.438,3.785,24.853,0.489
1351,1351,17.64,13.389,0.437,3.727,24.862,0.489
1352,1352,17.633,13.312,0.437,3.667,24.872,0.489
1353,1353,17.626,13.233,0.437,3.606,24.881,0.489
1354,1354,17.619,13.152,0.437,3.544,24.891,0.489
1355,1355,17.612,13.069,0.436,3.48,24.901,0.489
1356,1356,17.605,12.984,0.436,3.415,24.911,0.489
1357,1357,17.598,12.897,0.436,3.349,24.921,0.49
1358,1358,17.59,12.807,0.436,3.282,24.931,0.49
1359,1359,17.583,12.716,0.435,3.213,24.942,0.49
1360,1360,17.575,12.623,0.435,3.144,24.952,0.49
1361,1361,17.568,12.528,0.435,3.073,24.963,0.49
1362,1362,17.56,12.431,0.435,3.001,24.974,0.49
1363,1363,17.552,12.332,0.434,2.928,24.985,0.49
1364,1364,17.544,12.231,0.434,2.854,24.996,0.49
1365,1365,17.537,12.129,0.434,2.778,25.007,0.49
1366,1366,17.529,12.024,0.433,2.702,25.018,0.49
1367,1367,17.521,11.919,0.433,2.625,25.029,0.49
1368,1368,17.513,11.811,0.433,2.547,25.041,0.49
1369,1369,17.505,11.702,0.432,2.468,25.052,0.49
1370,1370,17.497,11.615,0.432,2.413,25.06,0.49
1371,1371,17.491,11.59,0.433,2.423,25.055,0.491
1372,1372,17.485,11.564,0.433,2.434,25.05,0.491
1373,1373,17.479,11.538,0.434,2.444,25.045,0.491
1374,1374,17.473,11.511,0.434,2.455,25.04,0.492
1375,1375,17.467,11.484,0.435,2.465,25.035,0.492
1376,1376,17.461,11.456,0.435,2.476,25.029,0.493
1377,1377,17.455,11.428,0.436,2.487,25.024,0.493
1378,1378,17.449,11.399,0.436,2.498,25.018,0.493
1379,1379,17.443,11.371,0.436,2.51,25.013,0.494
1380,1380,17.438,11.341,0.437,2.521,25.007,0.494
1381,1381,17.432,11.312,0.437,2.532,25.002,0.495
1382,1382,17.426,11.282,0.438,2.544,24.996,0.495
1383,1383,17.42,11.251,0.438,2.556,24.99,0.495
1384,1384,17.414,11.221,0.439,2.568,24.984,0.496
1385,1385,17.408,11.19,0.439,2.579,24.979,0.496
1386,1386,17.402,11.158,0.44,2.591,24.973,0.497
1387,1387,17.397,11.127,0.44,2.604,24.967,0.497
1388,1388,17.391,11.095,0.441,2.616,24.961,0.497
1389,1389,17.385,11.063,0.441,2.628,24.955,0.498
1390,1390,17.379,11.031,0.442,2.64,24.949,0.498
1391,1391,17.374,10.998,0.442,2.653,24.943,0.498
1392,1392,17.368,10.966,0.443,2.665,24.937,0.499
1393,1393,17.363,10.933,0.443,2.677,24.931,0.499
1394,1394,17.357,10.9,0.444,2.69,24.925,0.5
1395,1395,17.352,10.867,0.444,2.702,24.919,0.5
1396,1396,17.347,10.834,0.445,2.715,24.913,0.5
1397,1397,17.341,10.801,0.445,2.727,24.908,0.501
1398,1398,17.336,10.768,0.446,2.74,24.902,0.501
1399,1399,17.331,10.735,0.446,2.753,24.896,0.502
1400,1400,17.326,10.702,0.447,2.765,24.891,0.502
1401,1401,17.321,10.669,0.447,2.778,24.885,0.502
1402,1402,17.316,10.636,0.448,2.79,24.88,0.503
1403,1403,17.311,10.603,0.448,2.803,24.874,0.503
1404,1404,17.306,10.57,0.449,2.815,24.869,0.504
1405,1405,17.302,10.537,0.449,2.827,24.864,0.504
1406,1406,17.297,10.505,0.45,2.84,24.859,0.504
1407,1407,17.293,10.472,0.45,2.852,24.854,0.505
1408,1408,17.288,10.44,0.45,2.864,24.849,0.505
1409,1409,17.284,10.408,0.451,2.876,24.845,0.505
1410,1410,17.28,10.377,0.451,2.888,24.841,0.506
1411,1411,17.275,10.345,0.452,2.9,24.836,0.506
1412,1412,17.271,10.314,0.452,2.912,24.832,0.506
1413,1413,17.267,10.283,0.453,2.923,24.829,0.507
1414,1414,17.264,10.253,0.453,2.935,24.825,0.507
1415,1415,17.26,10.223,0.454,2.946,24.822,0.507
1416,1416,17.256,10.194,0.454,2.958,24.819,0.508
1417,1417,17.253,10.165,0.454,2.969,24.816,0.508
1418,1418,17.25,10.136,0.455,2.98,24.814,0.508
1419,1419,17.246,10.108,0.455,2.99,24.811,0.509
1420,1420,17.243,10.08,0.456,3.001,24.809,0.509
1421,1421,17.24,10.054,0.456,3.011,24.808,0.509
1422,1422,17.237,10.027,0.456,3.021,24.807,0.51
1423,1423,17.235,10.001,0.457,3.031,24.806,0.51
1424,1424,17.232,9.976,0.457,3.041,24.805,0.51
1425,1425,17.229,9.952,0.457,3.05,24.805,0.51
1426,1426,17.227,9.928,0.458,3.06,24.805,0.511
1427,1427,17.225,9.905,0.458,3.069,24.805,0.511
1428,1428,17.223,9.883,0.458,3.077,24.806,0.511
1429,1429,17.221,9.862,0.459,3.086,24.807,0.511
1430,1430,17.219,9.841,0.459,3.094,24.809,0.512
1431,1431,17.218,9.821,0.459,3.102,24.811,0.512
1432,1432,17.216,9.802,0.459,3.109,24.814,0.512
1433,1433,17.215,9.784,0.46,3.116,24.817,0.512
1434,1434,17.214,9.767,0.46,3.123,24.82,0.512
1435,1435,17.212,9.751,0.46,3.13,24.824,0.513
1436,1436,17.212,9.736,0.46,3.136,24.829,0.513
1437,1437,17.211,9.722,0.46,3.142,24.833,0.513
1438,1438,17.21,9.708,0.461,3.148,24.839,0.513
1439,1439,17.21,9.696,0.461,3.153,24.845,0.513
1440,1440,17.21,9.685,0.461,3.158,24.851,0.513
1441,1441,17.21,9.675,0.461,3.162,24.858,0.514
1442,1442,17.21,9.666,0.461,3.167,24.866,0.514
1443,1443,17.21,9.658,0.461,3.17,24.874,0.514
1444,1444,17.21,9.651,0.461,3.174,24.883,0.514
1445,1445,17.211,9.646,0.461,3.177,24.892,0.514
1446,1446,17.212,9.641,0.462,3.179,24.902,0.514
1447,1447,17.213,9.638,0.462,3.181,24.912,0.514
1448,1448,17.214,9.636,0.462,3.183,24.923,0.514
1449,1449,17.215,9.635,0.462,3.184,24.934,0.514
1450,1450,17.216,9.635,0.462,3.185,24.947,0.514
1451,1451,17.218,9.637,0.462,3.186,24.959,0.514
1452,1452,17.22,9.64,0.462,3.186,24.973,0.514
1453,1453,17.222,9.644,0.461,3.185,24.987,0.514
1454,1454,17.224,9.649,0.461,3.184,25.001,0.514
1455,1455,17.226,9.655,0.461,3.183,25.016,0.514
1456,1456,17.229,9.663,0.461,3.181,25.032,0.514
1457,1457,17.231,9.672,0.461,3.179,25.049,0.514
1458,1458,17.234,9.683,0.461,3.176,25.066,0.514
1459,1459,17.237,9.694,0.461,3.173,25.084,0.514
1460,1460,17.24,9.707,0.461,3.17,25.102,0.514
1461,1461,17.244,9.721,0.46,3.166,25.121,0.514
1462,1462,17.247,9.737,0.46,3.161,25.14,0.514
1463,1463,17.251,9.754,0.46,3.156,25.161,0.514
1464,1464,17.255,9.772,0.46,3.151,25.182,0.514
1465,1465,17.259,9.791,0.46,3.145,25.203,0.514
1466,1466,17.263,9.812,0.459,3.139,25.225,0.514
1467,1467,17.267,9.834,0.459,3.132,25.248,0.514
1468,1468,17.272,9.857,0.459,3.125,25.271,0.513
1469,1469,17.276,9.881,0.458,3.117,25.295,0.513
1470,1470,17.281,9.907,0.458,3.109,25.32,0.513
1471,1471,17.286,9.934,0.458,3.101,25.345,0.513
1472,1472,17.291,9.962,0.457,3.092,25.37,0.513
1473,1473,17.297,9.992,0.457,3.082,25.397,0.513
1474,1474,17.302,10.022,0.457,3.072,25.424,0.512
1475,1475,17.308,10.054,0.456,3.062,25.451,0.512
1476,1476,17.314,10.087,0.456,3.051,25.479,0.512
1477,1477,17.32,10.121,0.455,3.04,25.507,0.512
1478,1478,17.326,10.156,0.455,3.029,25.537,0.511
1479,1479,17.332,10.192,0.454,3.017,25.566,0.511
1480,1480,17.339,10.23,0.454,3.005,25.596,0.511
1481,1481,17.345,10.268,0.453,2.992,25.627,0.511
1482,1482,17.352,10.308,0.453,2.979,25.658,0.51
1483,1483,17.359,10.349,0.452,2.966,25.689,0.51
1484,1484,17.366,10.39,0.452,2.952,25.721,0.51
1485,1485,17.373,10.433,0.451,2.938,25.754,0.51
1486,1486,17.38,10.477,0.451,2.923,25.787,0.509
1487,1487,17.388,10.521,0.45,2.908,25.82,0.509
1488,1488,17.395,10.567,0.45,2.893,25.854,0.509
1489,1489,17.403,10.613,0.449,2.877,25.888,0.508
1490,1490,17.411,10.66,0.448,2.862,25.923,0.508
1491,1491,17.419,10.709,0.448,2.846,25.958,0.508
1492,1492,17.427,10.757,0.447,2.829,25.993,0.507
1493,1493,17.435,10.807,0.447,2.812,26.028,0.507
1494,1494,17.443,10.858,0.446,2.795,26.064,0.507
1495,1495,17.452,10.948,0.446,2.821,26.093,0.506
1496,1496,17.465,11.159,0.446,2.977,26.097,0.507
1497,1497,17.477,11.372,0.447,3.134,26.101,0.507
1498,1498,17.49,11.587,0.448,3.291,26.105,0.507
1499,1499,17.503,11.803,0.449,3.45,26.109,0.508
1500,1500,17.515,12.02,0.45,3.609,26.114,0.508
1501,1501,17.528,12.238,0.45,3.769,26.118,0.508
1502,1502,17.542,12.458,0.451,3.93,26.122,0.508
1503,1503,17.555,12.678,0.452,4.091,26.127,0.509
1504,1504,17.568,12.9,0.453,4.252,26.131,0.509
1505,1505,17.581,13.122,0.454,4.414,26.136,0.509
1506,1506,17.595,13.345,0.454,4.576,26.141,0.51
1507,1507,17.608,13.568,0.455,4.738,26.146,0.51
1508,1508,17.622,13.791,0.456,4.9,26.15,0.51
1509,1509,17.636,14.015,0.457,5.062,26.155,0.51
1510,1510,17.65,14.24,0.457,5.224,26.16,0.511
1511,1511,17.663,14.464,0.458,5.386,26.165,0.511
1512,1512,17.677,14.688,0.459,5.547,26.17,0.511
1513,1513,17.691,14.912,0.46,5.708,26.175,0.511
1514,1514,17.705,15.136,0.461,5.869,26.181,0.512
1515,1515,17.719,15.359,0.461,6.03,26.186,0.512
1516,1516,17.733,15.583,0.462,6.189,26.191,0.512
1517,1517,17.747,15.805,0.463,6.348,26.197,0.512
1518,1518,17.761,16.027,0.464,6.507,26.202,0.513
1519,1519,17.776,16.249,0.464,6.664,26.208,0.513
1520,1520,17.79,16.469,0.465,6.821,26.213,0.513
1521,1521,17.804,16.689,0.466,6.977,26.219,0.514
1522,1522,17.818,16.907,0.467,7.132,26.225,0.514
1523,1523,17.832,17.125,0.467,7.286,26.231,0.514
1524,1524,17.846,17.342,0.468,7.439,26.236,0.514
1525,1525,17.861,17.557,0.469,7.591,26.242,0.514
1526,1526,17.875,17.771,0.47,7.742,26.248,0.515
1527,1527,17.889,17.984,0.47,7.891,26.255,0.515
1528,1528,17.903,18.196,0.471,8.039,26.261,0.515
1529,1529,17.917,18.406,0.472,8.186,26.267,0.515
1530,1530,17.931,18.614,0.472,8.332,26.273,0.516
1531,1531,17.945,18.821,0.473,8.476,26.28,0.516
1532,1532,17.959,19.026,0.474,8.618,26.286,0.516
1533,1533,17.973,19.23,0.474,8.76,26.293,0.516
1534,1534,17.987,19.431,0.475,8.899,26.299,0.517
1535,1535,18.01,20.388,0.476,9.246,26.374,0.516
1536,1536,18.04,21.851,0.476,9.731,26.494,0.514
1537,1537,18.069,23.293,0.477,10.21,26.613,0.513
1538,1538,18.098,24.712,0.478,10.681,26.73,0.512
1539,1539,18.127,26.11,0.478,11.145,26.845,0.51
1540,1540,18.155,27.485,0.479,11.602,26.958,0.509
1541,1541,18.183,28.838,0.48,12.052,27.07,0.508
1542,1542,18.211,30.169,0.48,12.495,27.18,0.506
1543,1543,18.238,31.477,0.481,12.93,27.288,0.505
1544,1544,18.265,32.763,0.481,13.358,27.395,0.504
1545,1545,18.292,34.028,0.482,13.779,27.5,0.503
1546,1546,18.319,35.269,0.483,14.192,27.603,0.502
1547,1547,18.345,36.489,0.483,14.598,27.704,0.5
1548,1548,18.371,37.687,0.484,14.997,27.804,0.499
1549,1549,18.396,38.863,0.484,15.389,27.902,0.498
1550,1550,18.421,40.017,0.485,15.773,27.998,0.497
1551,1551,18.446,41.149,0.485,16.15,28.092,0.496
1552,1552,18.471,42.26,0.486,16.52,28.185,0.495
1553,1553,18.495,43.349,0.486,16.882,28.277,0.494
1554,1554,18.519,44.416,0.487,17.238,28.366,0.493
1555,1555,18.542,45.462,0.487,17.586,28.454,0.492
1556,1556,18.566,46.488,0.488,17.927,28.54,0.491
1557,1557,18.588,47.492,0.488,18.261,28.625,0.49
1558,1558,18.611,48.476,0.489,18.588,28.708,0.489
1559,1559,18.633,49.439,0.489,18.908,28.789,0.488
1560,1560,18.655,50.381,0.49,19.221,28.869,0.488
1561,1561,18.677,51.304,0.49,19.528,28.947,0.487
1562,1562,18.698,52.206,0.491,19.827,29.024,0.486
1563,1563,18.719,53.089,0.491,20.12,29.099,0.485
1564,1564,18.739,53.952,0.491,20.406,29.173,0.484
1565,1565,18.76,54.795,0.492,20.685,29.245,0.484
1566,1566,18.78,55.62,0.492,20.958,29.316,0.483
1567,1567,18.799,56.425,0.493,21.224,29.386,0.482
1568,1568,18.818,57.212,0.493,21.484,29.454,0.481
1569,1569,18.837,57.98,0.493,21.737,29.52,0.481
1570,1570,18.856,58.73,0.494,21.984,29.585,0.48
1571,1571,18.874,59.462,0.494,22.225,29.649,0.479
1572,1572,18.892,60.176,0.494,22.46,29.712,0.479
1573,1573,18.91,60.873,0.495,22.688,29.773,0.478
1574,1574,18.927,61.552,0.495,22.911,29.833,0.478
1575,1575,18.944,62.214,0.495,23.127,29.891,0.477
1576,1576,18.961,62.86,0.496,23.338,29.949,0.477
1577,1577,18.978,63.488,0.496,23.543,30.005,0.476
1578,1578,18.994,64.101,0.496,23.742,30.06,0.476
1579,1579,19.01,64.697,0.497,23.936,30.114,0.475
1580,1580,19.025,65.277,0.497,24.124,30.166,0.475
1581,1581,19.041,65.841,0.497,24.307,30.218,0.474
1582,1582,19.056,66.39,0.497,24.484,30.268,0.474
1583,1583,19.07,66.924,0.498,24.656,30.317,0.473
1584,1584,19.085,67.443,0.498,24.822,30.365,0.473
1585,1585,19.099,67.947,0.498,24.984,30.412,0.472
1586,1586,19.113,68.436,0.498,25.14,30.459,0.472
1587,1587,19.126,68.912,0.499,25.291,30.504,0.472
1588,1588,19.139,69.373,0.499,25.437,30.548,0.471
1589,1589,19.152,69.82,0.499,25.579,30.591,0.471
1590,1590,19.165,70.253,0.499,25.716,30.633,0.471
1591,1591,19.178,70.673,0.5,25.847,30.674,0.47
1592,1592,19.19,71.08,0.5,25.975,30.714,0.47
1593,1593,19.202,71.474,0.5,26.097,30.754,0.47
1594,1594,19.214,71.855,0.5,26.216,30.792,0.469
1595,1595,19.225,72.223,0.5,26.329,30.83,0.469
1596,1596,19.236,72.579,0.5,26.439,30.866,0.469
1597,1597,19.247,72.923,0.501,26.544,30.902,0.469
1598,1598,19.258,73.255,0.501,26.645,30.938,0.468
1599,1599,19.268,73.575,0.501,26.741,30.972,0.468
1600,1600,19.278,73.883,0.501,26.834,31.006,0.468
1601,1601,19.288,74.18,0.501,26.923,31.039,0.468
1602,1602,19.298,74.466,0.501,27.007,31.071,0.468
1603,1603,19.307,74.74,0.501,27.088,31.102,0.467
1604,1604,19.317,75.004,0.501,27.165,31.133,0.467
1605,1605,19.326,75.257,0.502,27.238,31.163,0.467
1606,1606,19.334,75.499,0.502,27.308,31.192,0.467
1607,1607,19.343,75.731,0.502,27.374,31.221,0.467
1608,1608,19.351,75.953,0.502,27.436,31.249,0.467
1609,1609,19.359,76.165,0.502,27.495,31.277,0.467
1610,1610,19.367,76.366,0.502,27.55,31.304,0.466
1611,1611,19.375,76.559,0.502,27.602,31.33,0.466
1612,1612,19.382,76.741,0.502,27.651,31.356,0.466
1613,1613,19.39,76.914,0.502,27.697,31.381,0.466
1614,1614,19.397,77.078,0.502,27.739,31.405,0.466
1615,1615,19.404,77.233,0.502,27.778,31.429,0.466
1616,1616,19.41,77.379,0.502,27.814,31.453,0.466
1617,1617,19.417,77.516,0.502,27.847,31.476,0.466
1618,1618,19.423,77.644,0.502,27.877,31.498,0.466
1619,1619,19.429,77.764,0.502,27.904,31.521,0.466
1620,1620,19.435,77.875,0.502,27.928,31.542,0.466
1621,1621,19.441,77.979,0.502,27.949,31.563,0.466
1622,1622,19.447,78.074,0.502,27.967,31.584,0.466
1623,1623,19.452,78.161,0.502,27.983,31.604,0.466
1624,1624,19.457,78.228,0.502,27.993,31.623,0.466
1625,1625,19.462,78.259,0.502,27.992,31.639,0.466
1626,1626,19.466,78.284,0.502,27.99,31.654,0.466
1627,1627,19.47,78.303,0.502,27.985,31.669,0.466
1628,1628,19.474,78.317,0.502,27.978,31.684,0.466
1629,1629,19.478,78.326,0.501,27.97,31.699,0.466
1630,1630,19.482,78.329,0.501,27.959,31.714,0.466
1631,1631,19.486,78.328,0.501,27.947,31.728,0.466
1632,1632,19.49,78.321,0.501,27.933,31.743,0.466
1633,1633,19.493,78.309,0.501,27.917,31.757,0.467
1634,1634,19.496,78.292,0.501,27.9,31.771,0.467
1635,1635,19.5,78.27,0.501,27.88,31.784,0.467
1636,1636,19.503,78.243,0.501,27.859,31.798,0.467
1637,1637,19.506,78.212,0.501,27.837,31.811,0.467
1638,1638,19.509,78.175,0.5,27.812,31.824,0.467
1639,1639,19.512,78.135,0.5,27.786,31.837,0.467
1640,1640,19.514,78.089,0.5,27.759,31.85,0.467
1641,1641,19.517,78.039,0.5,27.73,31.863,0.467
1642,1642,19.519,77.985,0.5,27.7,31.875,0.468
1643,1643,19.522,77.926,0.5,27.668,31.888,0.468
1644,1644,19.524,77.863,0.499,27.634,31.9,0.468
1645,1645,19.526,77.796,0.499,27.6,31.912,0.468
1646,1646,19.528,77.724,0.499,27.564,31.924,0.468
1647,1647,19.53,77.649,0.499,27.526,31.936,0.468
1648,1648,19.532,77.569,0.499,27.488,31.948,0.468
1649,1649,19.534,77.486,0.498,27.448,31.959,0.468
1650,1650,19.536,77.399,0.498,27.407,31.971,0.468
1651,1651,19.538,77.308,0.498,27.364,31.982,0.469
1652,1652,19.54,77.214,0.498,27.321,31.993,0.469
1653,1653,19.541,77.116,0.497,27.276,32.005,0.469
1654,1654,19.543,77.015,0.497,27.231,32.016,0.469
1655,1655,19.544,76.91,0.497,27.184,32.026,0.469
1656,1656,19.546,76.802,0.497,27.137,32.037,0.469
1657,1657,19.547,76.691,0.496,27.088,32.048,0.469
1658,1658,19.548,76.576,0.496,27.039,32.059,0.47
1659,1659,19.55,76.459,0.496,26.988,32.069,0.47
1660,1660,19.551,76.339,0.496,26.937,32.08,0.47
1661,1661,19.552,76.216,0.495,26.885,32.09,0.47
1662,1662,19.553,76.09,0.495,26.832,32.1,0.47
1663,1663,19.554,75.962,0.495,26.779,32.11,0.47
1664,1664,19.555,75.831,0.495,26.725,32.12,0.47
1665,1665,19.556,75.698,0.494,26.67,32.13,0.471
1666,1666,19.557,75.562,0.494,26.614,32.14,0.471
1667,1667,19.559,75.424,0.494,26.558,32.15,0.471
1668,1668,19.56,75.284,0.493,26.502,32.16,0.471
1669,1669,19.561,75.142,0.493,26.445,32.17,0.471
1670,1670,19.561,74.999,0.493,26.387,32.18,0.471
1671,1671,19.562,74.853,0.492,26.33,32.189,0.471
1672,1672,19.563,74.706,0.492,26.272,32.199,0.471
1673,1673,19.564,74.557,0.492,26.213,32.209,0.472
1674,1674,19.565,74.407,0.491,26.154,32.218,0.472
1675,1675,19.566,74.256,0.491,26.096,32.228,0.472
1676,1676,19.567,74.103,0.491,26.037,32.237,0.472
1677,1677,19.568,73.949,0.491,25.977,32.247,0.472
1678,1678,19.569,73.795,0.49,25.918,32.256,0.472
1679,1679,19.57,73.639,0.49,25.859,32.266,0.472
1680,1680,19.572,73.483,0.49,25.8,32.275,0.472
1681,1681,19.573,73.326,0.489,25.741,32.284,0.473
1682,1682,19.574,73.169,0.489,25.681,32.294,0.473
1683,1683,19.575,73.012,0.489,25.623,32.303,0.473
1684,1684,19.576,72.854,0.488,25.564,32.312,0.473
1685,1685,19.577,72.696,0.488,25.506,32.322,0.473
1686,1686,19.579,72.538,0.488,25.447,32.331,0.473
1687,1687,19.58,72.381,0.487,25.39,32.341,0.473
1688,1688,19.582,72.224,0.487,25.332,32.35,0.473
1689,1689,19.583,72.067,0.487,25.276,32.359,0.474
1690,1690,19.585,71.911,0.486,25.219,32.369,0.474
1691,1691,19.586,71.755,0.486,25.164,32.378,0.474
1692,1692,19.588,71.601,0.486,25.108,32.388,0.474
1693,1693,19.59,71.447,0.485,25.054,32.397,0.474
1694,1694,19.591,71.294,0.485,25.0,32.407,0.474
1695,1695,19.593,71.143,0.485,24.947,32.416,0.474
1696,1696,19.595,70.993,0.484,24.895,32.426,0.474
1697,1697,19.597,70.845,0.484,24.844,32.436,0.474
1698,1698,19.599,70.698,0.484,24.794,32.446,0.474
1699,1699,19.602,70.553,0.483,24.744,32.455,0.475
1700,1700,19.604,70.411,0.483,24.696,32.465,0.475
1701,1701,19.607,70.27,0.483,24.649,32.475,0.475
1702,1702,19.609,70.131,0.482,24.603,32.485,0.475
1703,1703,19.612,69.995,0.482,24.558,32.495,0.475
1704,1704,19.615,69.861,0.482,24.514,32.506,0.475
1705,1705,19.617,69.73,0.481,24.472,32.516,0.475
1706,1706,19.62,69.601,0.481,24.431,32.526,0.475
1707,1707,19.624,69.475,0.481,24.391,32.537,0.475
1708,1708,19.627,69.353,0.481,24.353,32.547,0.475
1709,1709,19.63,69.233,0.48,24.316,32.558,0.475
1710,1710,19.634,69.117,0.48,24.281,32.569,0.475
1711,1711,19.637,69.004,0.48,24.247,32.58,0.475
1712,1712,19.641,68.894,0.479,24.215,32.591,0.475
1713,1713,19.645,68.789,0.479,24.185,32.602,0.475
1714,1714,19.649,68.687,0.479,24.156,32.613,0.475
1715,1715,19.653,68.588,0.479,24.129,32.624,0.475
1716,1716,19.658,68.494,0.478,24.104,32.636,0.475
1717,1717,19.662,68.404,0.478,24.081,32.647,0.475
1718,1718,19.667,68.318,0.478,24.06,32.659,0.475
1719,1719,19.672,68.236,0.478,24.04,32.671,0.475
1720,1720,19.677,68.159,0.477,24.023,32.683,0.475
1721,1721,19.682,68.086,0.477,24.008,32.695,0.475
1722,1722,19.687,68.018,0.477,23.995,32.708,0.475
1723,1723,19.693,67.955,0.477,23.983,32.72,0.475
1724,1724,19.698,67.896,0.477,23.974,32.733,0.475
1725,1725,19.704,67.842,0.476,23.968,32.745,0.475
1726,1726,19.71,67.794,0.476,23.963,32.758,0.475
1727,1727,19.716,67.75,0.476,23.961,32.772,0.475
1728,1728,19.722,67.711,0.476,23.961,32.785,0.475
1729,1729,19.729,67.678,0.476,23.963,32.798,0.475
1730,1730,19.736,67.65,0.476,23.967,32.812,0.475
1731,1731,19.742,67.628,0.475,23.974,32.826,0.475
1732,1732,19.75,67.61,0.475,23.984,32.84,0.475
1733,1733,19.757,67.599,0.475,23.995,32.854,0.475
1734,1734,19.764,67.593,0.475,24.01,32.868,0.475
1735,1735,19.772,67.592,0.475,24.026,32.883,0.475
1736,1736,19.779,67.598,0.475,24.045,32.897,0.475
1737,1737,19.787,67.609,0.475,24.067,32.912,0.475
1738,1738,19.796,67.625,0.475,24.091,32.927,0.474
1739,1739,19.804,67.648,0.474,24.118,32.942,0.474
1740,1740,19.812,67.676,0.474,24.147,32.958,0.474
1741,1741,19.821,67.71,0.474,24.179,32.973,0.474
1742,1742,19.83,67.75,0.474,24.214,32.989,0.474
1743,1743,19.839,67.796,0.474,24.251,33.005,0.474
1744,1744,19.848,67.848,0.474,24.29,33.021,0.474
1745,1745,19.858,67.906,0.474,24.332,33.037,0.474
1746,1746,19.868,67.97,0.474,24.377,33.054,0.474
1747,1747,19.877,68.04,0.474,24.424,33.07,0.473
1748,1748,19.888,68.115,0.474,24.474,33.087,0.473
1749,1749,19.898,68.197,0.474,24.527,33.104,0.473
1750,1750,19.908,68.284,0.474,24.582,33.121,0.473
1751,1751,19.919,68.378,0.474,24.64,33.139,0.473
1752,1752,19.93,68.477,0.474,24.7,33.156,0.473
1753,1753,19.941,68.582,0.474,24.763,33.174,0.472
1754,1754,19.952,68.693,0.474,24.828,33.192,0.472
1755,1755,19.963,68.81,0.474,24.896,33.209,0.472
1756,1756,19.975,68.932,0.474,24.966,33.228,0.472
1757,1757,19.986,69.061,0.474,25.039,33.246,0.472
1758,1758,19.998,69.194,0.474,25.115,33.264,0.472
1759,1759,20.01,69.334,0.474,25.192,33.283,0.471
1760,1760,20.023,69.479,0.475,25.273,33.301,0.471
1761,1761,20.035,69.629,0.475,25.355,33.32,0.471
1762,1762,20.048,69.785,0.475,25.44,33.339,0.471
1763,1763,20.06,69.947,0.475,25.528,33.358,0.471
1764,1764,20.073,70.113,0.475,25.617,33.377,0.47
1765,1765,20.087,70.285,0.475,25.709,33.396,0.47
1766,1766,20.1,70.462,0.475,25.803,33.416,0.47
1767,1767,20.113,70.644,0.475,25.899,33.435,0.47
1768,1768,20.127,70.83,0.476,25.998,33.455,0.469
1769,1769,20.141,71.022,0.476,26.099,33.474,0.469
1770,1770,20.155,71.219,0.476,26.201,33.494,0.469
1771,1771,20.169,71.42,0.476,26.306,33.514,0.469
1772,1772,20.183,71.625,0.476,26.413,33.534,0.468
1773,1773,20.197,71.835,0.476,26.521,33.553,0.468
1774,1774,20.212,72.05,0.477,26.632,33.573,0.468
1775,1775,20.226,72.269,0.477,26.744,33.593,0.468
1776,1776,20.241,72.492,0.477,26.858,33.613,0.467
1777,1777,20.256,72.719,0.477,26.974,33.633,0.467
1778,1778,20.271,72.949,0.478,27.092,33.653,0.467
1779,1779,20.286,73.184,0.478,27.211,33.673,0.467
1780,1780,20.301,73.422,0.478,27.332,33.694,0.466
1781,1781,20.317,73.664,0.478,27.454,33.714,0.466
1782,1782,20.332,73.909,0.479,27.578,33.734,0.466
1783,1783,20.348,74.158,0.479,27.703,33.754,0.465
1784,1784,20.364,74.41,0.479,27.83,33.774,0.465
1785,1785,20.38,74.665,0.479,27.957,33.794,0.465
1786,1786,20.396,74.922,0.48,28.087,33.814,0.465
1787,1787,20.412,75.183,0.48,28.217,33.834,0.464
1788,1788,20.428,75.446,0.48,28.348,33.854,0.464
1789,1789,20.444,75.712,0.481,28.48,33.873,0.464
1790,1790,20.46,75.98,0.481,28.614,33.893,0.463
1791,1791,20.477,76.25,0.481,28.748,33.913,0.463
1792,1792,20.493,76.523,0.481,28.883,33.932,0.463
1793,1793,20.509,76.798,0.482,29.019,33.952,0.463
1794,1794,20.526,77.074,0.482,29.156,33.971,0.462
1795,1795,20.543,77.352,0.482,29.293,33.99,0.462
1796,1796,20.559,77.632,0.483,29.431,34.009,0.462
1797,1797,20.576,77.913,0.483,29.57,34.028,0.461
1798,1798,20.593,78.196,0.483,29.709,34.047,0.461
1799,1799,20.61,78.48,0.484,29.848,34.066,0.461
1800,1800,20.627,78.765,0.484,29.988,34.085,0.46
1801,1801,20.644,79.051,0.485,30.128,34.103,0.46
1802,1802,20.66,79.338,0.485,30.269,34.121,0.46
1803,1803,20.677,79.625,0.485,30.409,34.139,0.46
1804,1804,20.694,79.914,0.486,30.55,34.157,0.459
1805,1805,20.711,80.202,0.486,30.69,34.175,0.459
1806,1806,20.728,80.491,0.486,30.831,34.192,0.459
1807,1807,20.745,80.781,0.487,30.972,34.21,0.458
1808,1808,20.762,81.07,0.487,31.112,34.227,0.458
1809,1809,20.78,81.36,0.487,31.252,34.244,0.458
1810,1810,20.797,81.649,0.488,31.392,34.261,0.457
1811,1811,20.814,81.938,0.488,31.532,34.277,0.457
1812,1812,20.831,82.227,0.489,31.672,34.293,0.457
1813,1813,20.848,82.515,0.489,31.811,34.309,0.457
1814,1814,20.864,82.803,0.489,31.949,34.325,0.456
1815,1815,20.881,83.091,0.49,32.087,34.341,0.456
1816,1816,20.898,83.377,0.49,32.225,34.356,0.456
1817,1817,20.915,83.663,0.491,32.362,34.371,0.455
1818,1818,20.932,83.948,0.491,32.498,34.386,0.455
1819,1819,20.949,84.231,0.491,32.633,34.4,0.455
1820,1820,20.965,84.514,0.492,32.768,34.415,0.454
1821,1821,20.982,84.796,0.492,32.902,34.429,0.454
1822,1822,20.999,85.076,0.493,33.035,34.442,0.454
1823,1823,21.015,85.355,0.493,33.167,34.456,0.454
1824,1824,21.032,85.632,0.493,33.299,34.469,0.453
1825,1825,21.048,85.908,0.494,33.429,34.482,0.453
1826,1826,21.065,86.182,0.494,33.558,34.495,0.453
1827,1827,21.081,86.455,0.495,33.687,34.507,0.453
1828,1828,21.097,86.726,0.495,33.814,34.519,0.452
1829,1829,21.113,86.995,0.495,33.94,34.531,0.452
1830,1830,21.129,87.262,0.496,34.065,34.542,0.452
1831,1831,21.145,87.528,0.496,34.188,34.554,0.451
1832,1832,21.161,87.791,0.497,34.311,34.564,0.451
1833,1833,21.177,88.052,0.497,34.432,34.575,0.451
1834,1834,21.193,88.312,0.497,34.552,34.585,0.451
1835,1835,21.208,88.569,0.498,34.67,34.595,0.45
1836,1836,21.224,88.824,0.498,34.788,34.605,0.45
1837,1837,21.239,89.076,0.499,34.904,34.615,0.45
1838,1838,21.254,89.327,0.499,35.018,34.624,0.45
1839,1839,21.269,89.575,0.499,35.131,34.633,0.45
1840,1840,21.284,89.82,0.5,35.243,34.641,0.449
1841,1841,21.299,90.064,0.5,35.353,34.649,0.449
1842,1842,21.314,90.304,0.501,35.462,34.657,0.449
1843,1843,21.328,90.543,0.501,35.569,34.665,0.449
1844,1844,21.343,90.779,0.501,35.674,34.672,0.448
1845,1845,21.357,91.012,0.502,35.779,34.679,0.448
1846,1846,21.372,91.242,0.502,35.881,34.686,0.448
1847,1847,21.386,91.471,0.503,35.982,34.693,0.448
1848,1848,21.4,91.696,0.503,36.082,34.699,0.448
1849,1849,21.413,91.919,0.503,36.18,34.705,0.447
1850,1850,21.427,92.139,0.504,36.276,34.711,0.447
1851,1851,21.441,92.357,0.504,36.371,34.716,0.447
1852,1852,21.454,92.572,0.505,36.464,34.721,0.447
1853,1853,21.467,92.784,0.505,36.555,34.726,0.447
1854,1854,21.48,92.993,0.505,36.645,34.731,0.446
1855,1855,21.493,93.2,0.506,36.733,34.735,0.446
1856,1856,21.506,93.404,0.506,36.82,34.739,0.446
1857,1857,21.519,93.606,0.506,36.904,34.743,0.446
1858,1858,21.531,93.804,0.507,36.988,34.747,0.446
1859,1859,21.543,94.0,0.507,37.069,34.75,0.446
1860,1860,21.555,94.193,0.508,37.149,34.753,0.445
1861,1861,21.567,94.383,0.508,37.228,34.756,0.445
1862,1862,21.579,94.571,0.508,37.304,34.759,0.445
1863,1863,21.591,94.756,0.509,37.379,34.761,0.445
1864,1864,21.602,94.938,0.509,37.453,34.763,0.445
1865,1865,21.614,95.117,0.509,37.524,34.765,0.445
1866,1866,21.625,95.294,0.51,37.594,34.767,0.445
1867,1867,21.636,95.468,0.51,37.663,34.769,0.444
1868,1868,21.646,95.639,0.51,37.73,34.77,0.444
1869,1869,21.657,95.808,0.511,37.795,34.771,0.444
1870,1870,21.667,95.973,0.511,37.858,34.772,0.444
1871,1871,21.678,96.136,0.511,37.92,34.773,0.444
1872,1872,21.688,96.297,0.512,37.981,34.773,0.444
1873,1873,21.697,96.454,0.512,38.04,34.774,0.444
1874,1874,21.707,96.609,0.512,38.097,34.774,0.444
1875,1875,21.717,96.762,0.513,38.152,34.774,0.444
1876,1876,21.726,96.911,0.513,38.206,34.774,0.443
1877,1877,21.735,97.059,0.513,38.259,34.773,0.443
1878,1878,21.744,97.203,0.514,38.31,34.773,0.443
1879,1879,21.753,97.345,0.514,38.359,34.772,0.443
1880,1880,21.762,97.484,0.514,38.407,34.772,0.443
1881,1881,21.77,97.621,0.515,38.453,34.771,0.443
1882,1882,21.778,97.755,0.515,38.498,34.77,0.443
1883,1883,21.786,97.886,0.515,38.542,34.768,0.443
1884,1884,21.794,98.015,0.516,38.583,34.767,0.443
1885,1885,21.802,98.142,0.516,38.624,34.766,0.443
1886,1886,21.809,98.266,0.516,38.663,34.764,0.443
1887,1887,21.817,98.387,0.516,38.7,34.762,0.443
1888,1888,21.824,98.506,0.517,38.736,34.761,0.443
1889,1889,21.831,98.622,0.517,38.771,34.759,0.442
1890,1890,21.838,98.736,0.517,38.804,34.757,0.442
1891,1891,21.844,98.848,0.517,38.836,34.755,0.442
1892,1892,21.851,98.957,0.518,38.866,34.753,0.442
1893,1893,21.857,99.064,0.518,38.896,34.75,0.442
1894,1894,21.863,99.168,0.518,38.923,34.748,0.442
1895,1895,21.869,99.27,0.518,38.95,34.746,0.442
1896,1896,21.874,99.37,0.519,38.975,34.743,0.442
1897,1897,21.88,99.467,0.519,38.999,34.741,0.442
1898,1898,21.885,99.562,0.519,39.021,34.738,0.442
1899,1899,21.89,99.654,0.519,39.042,34.735,0.442
1900,1900,21.895,99.744,0.52,39.062,34.733,0.442
1901,1901,21.9,99.832,0.52,39.081,34.73,0.442
1902,1902,21.904,99.918,0.52,39.098,34.727,0.442
1903,1903,21.909,100.001,0.52,39.115,34.724,0.442
1904,1904,21.913,100.082,0.52,39.13,34.722,0.442
1905,1905,21.917,100.161,0.521,39.143,34.719,0.442
1906,1906,21.921,100.238,0.521,39.156,34.716,0.442
1907,1907,21.925,100.312,0.521,39.168,34.713,0.442
1908,1908,21.928,100.385,0.521,39.178,34.71,0.442
1909,1909,21.932,100.455,0.521,39.187,34.707,0.442
1910,1910,21.935,100.522,0.522,39.195,34.704,0.442
1911,1911,21.938,100.588,0.522,39.202,34.701,0.442
1912,1912,21.941,100.652,0.522,39.208,34.698,0.442
1913,1913,21.943,100.713,0.522,39.213,34.695,0.442
1914,1914,21.946,100.772,0.522,39.217,34.692,0.442
1915,1915,21.948,100.829,0.523,39.219,34.689,0.442
1916,1916,21.95,100.884,0.523,39.221,34.686,0.442
1917,1917,21.952,100.937,0.523,39.222,34.684,0.442
1918,1918,21.954,100.988,0.523,39.221,34.681,0.442
1919,1919,21.956,101.037,0.523,39.22,34.678,0.442
1920,1920,21.956,101.038,0.524,39.203,34.666,0.443
1921,1921,21.953,100.857,0.525,39.126,34.617,0.443
1922,1922,21.951,100.686,0.527,39.052,34.571,0.444
1923,1923,21.948,100.526,0.528,38.981,34.527,0.445
1924,1924,21.945,100.377,0.529,38.914,34.487,0.445
1925,1925,21.943,100.237,0.531,38.85,34.448,0.446
1926,1926,21.94,100.108,0.532,38.789,34.412,0.446
1927,1927,21.938,99.988,0.533,38.731,34.379,0.447
1928,1928,21.935,99.879,0.534,38.676,34.348,0.447
1929,1929,21.933,99.78,0.535,38.624,34.32,0.448
1930,1930,21.931,99.69,0.535,38.575,34.294,0.448
1931,1931,21.929,99.61,0.536,38.529,34.271,0.448
1932,1932,21.927,99.54,0.537,38.486,34.25,0.449
1933,1933,21.925,99.48,0.537,38.447,34.231,0.449
1934,1934,21.923,99.429,0.538,38.41,34.215,0.449
1935,1935,21.921,99.388,0.538,38.376,34.201,0.45
1936,1936,21.92,99.356,0.539,38.345,34.189,0.45
1937,1937,21.918,99.333,0.539,38.317,34.18,0.45
1938,1938,21.916,99.32,0.539,38.292,34.173,0.45
1939,1939,21.915,99.315,0.539,38.269,34.169,0.45
1940,1940,21.914,99.32,0.539,38.25,34.166,0.45
1941,1941,21.912,99.334,0.539,38.233,34.166,0.45
1942,1942,21.911,99.357,0.539,38.22,34.168,0.45
1943,1943,21.911,99.455,0.539,38.231,34.189,0.45
1944,1944,21.915,99.716,0.536,38.297,34.251,0.449
1945,1945,21.918,99.987,0.534,38.366,34.315,0.448
1946,1946,21.922,100.267,0.532,38.438,34.382,0.447
1947,1947,21.926,100.556,0.529,38.514,34.451,0.447
1948,1948,21.93,100.855,0.526,38.591,34.522,0.446
1949,1949,21.929,100.938,0.525,38.6,34.551,0.445
1950,1950,21.925,100.82,0.525,38.544,34.54,0.445
1951,1951,21.921,100.7,0.525,38.487,34.528,0.446
1952,1952,21.917,100.576,0.525,38.429,34.517,0.446
1953,1953,21.913,100.449,0.525,38.37,34.505,0.446
1954,1954,21.908,100.319,0.525,38.31,34.494,0.446
1955,1955,21.904,100.187,0.525,38.249,34.482,0.447
1956,1956,21.899,100.051,0.525,38.188,34.47,0.447
1957,1957,21.894,99.913,0.525,38.126,34.459,0.447
1958,1958,21.889,99.772,0.525,38.063,34.447,0.447
1959,1959,21.884,99.628,0.525,37.999,34.435,0.448
1960,1960,21.879,99.481,0.525,37.935,34.423,0.448
1961,1961,21.874,99.332,0.525,37.87,34.411,0.448
1962,1962,21.869,99.18,0.525,37.804,34.399,0.448
1963,1963,21.863,99.026,0.525,37.738,34.387,0.449
1964,1964,21.858,98.869,0.525,37.671,34.375,0.449
1965,1965,21.852,98.709,0.525,37.603,34.363,0.449
1966,1966,21.847,98.547,0.525,37.535,34.351,0.449
1967,1967,21.841,98.383,0.525,37.466,34.339,0.45
1968,1968,21.835,98.216,0.524,37.396,34.327,0.45
1969,1969,21.83,98.047,0.524,37.326,34.315,0.45
1970,1970,21.824,97.876,0.524,37.256,34.302,0.45
1971,1971,21.818,97.702,0.524,37.185,34.29,0.451
1972,1972,21.812,97.527,0.524,37.114,34.278,0.451
1973,1973,21.806,97.349,0.524,37.042,34.265,0.451
1974,1974,21.8,97.17,0.524,36.97,34.253,0.451
1975,1975,21.793,96.989,0.524,36.897,34.241,0.452
1976,1976,21.787,96.805,0.524,36.825,34.228,0.452
1977,1977,21.781,96.62,0.524,36.751,34.216,0.452
1978,1978,21.775,96.434,0.524,36.678,34.203,0.452
1979,1979,21.768,96.246,0.524,36.604,34.191,0.453
1980,1980,21.762,96.056,0.523,36.531,34.178,0.453
1981,1981,21.756,95.865,0.523,36.457,34.166,0.453
1982,1982,21.749,95.673,0.523,36.383,34.153,0.454
1983,1983,21.743,95.48,0.523,36.308,34.141,0.454
1984,1984,21.736,95.285,0.523,36.234,34.128,0.454
1985,1985,21.73,95.09,0.523,36.16,34.116,0.454
1986,1986,21.723,94.893,0.523,36.086,34.103,0.455
1987,1987,21.717,94.696,0.523,36.011,34.091,0.455
1988,1988,21.71,94.498,0.523,35.937,34.078,0.455
1989,1989,21.704,94.3,0.522,35.863,34.066,0.455
1990,1990,21.697,94.101,0.522,35.789,34.053,0.456
1991,1991,21.691,93.902,0.522,35.716,34.041,0.456
1992,1992,21.684,93.702,0.522,35.642,34.029,0.456
1993,1993,21.678,93.503,0.522,35.569,34.016,0.456
1994,1994,21.671,93.303,0.522,35.496,34.004,0.457
1995,1995,21.665,93.104,0.522,35.424,33.992,0.457
1996,1996,21.658,92.905,0.522,35.352,33.98,0.457
1997,1997,21.652,92.706,0.522,35.28,33.968,0.457
1998,1998,21.646,92.508,0.521,35.209,33.956,0.458
1999,1999,21.639,92.31,0.521,35.139,33.944,0.458
2000,2000,21.633,92.114,0.521,35.069,33.932,0.458
2001,2001,21.627,91.918,0.521,34.999,33.92,0.458
2002,2002,21.62,91.723,0.521,34.931,33.909,0.459
2003,2003,21.614,91.529,0.521,34.863,33.897,0.459
2004,2004,21.608,91.337,0.521,34.795,33.886,0.459
2005,2005,21.602,91.146,0.521,34.729,33.874,0.459
2006,2006,21.596,90.956,0.521,34.663,33.863,0.46
2007,2007,21.59,90.769,0.52,34.599,33.852,0.46
2008,2008,21.584,90.583,0.52,34.535,33.841,0.46
2009,2009,21.578,90.399,0.52,34.472,33.83,0.46
2010,2010,21.573,90.217,0.52,34.41,33.82,0.461
2011,2011,21.567,90.038,0.52,34.349,33.809,0.461
2012,2012,21.561,89.861,0.52,34.289,33.799,0.461
2013,2013,21.556,89.686,0.52,34.231,33.788,0.461
2014,2014,21.55,89.514,0.52,34.173,33.778,0.461
2015,2015,21.545,89.345,0.52,34.117,33.769,0.462
2016,2016,21.54,89.179,0.52,34.062,33.759,0.462
2017,2017,21.535,89.015,0.52,34.009,33.749,0.462
2018,2018,21.53,88.855,0.519,33.956,33.74,0.462
2019,2019,21.525,88.699,0.519,33.905,33.731,0.462
2020,2020,21.52,88.545,0.519,33.856,33.722,0.463
2021,2021,21.515,88.396,0.519,33.808,33.714,0.463
2022,2022,21.511,88.25,0.519,33.761,33.705,0.463
2023,2023,21.506,88.108,0.519,33.716,33.697,0.463
2024,2024,21.502,87.969,0.519,33.673,33.689,0.463
2025,2025,21.497,87.835,0.519,33.631,33.681,0.463
2026,2026,21.493,87.705,0.519,33.591,33.674,0.464
2027,2027,21.489,87.58,0.519,33.553,33.667,0.464
2028,2028,21.485,87.458,0.519,33.516,33.66,0.464
2029,2029,21.482,87.342,0.519,33.481,33.653,0.464
2030,2030,21.478,87.229,0.519,33.448,33.647,0.464
2031,2031,21.474,87.122,0.519,33.416,33.64,0.464
2032,2032,21.471,87.019,0.519,33.387,33.634,0.464
2033,2033,21.468,86.922,0.519,33.359,33.629,0.464
2034,2034,21.465,86.829,0.519,33.333,33.624,0.465
2035,2035,21.462,86.742,0.519,33.309,33.619,0.465
2036,2036,21.459,86.659,0.519,33.287,33.614,0.465
2037,2037,21.456,86.582,0.519,33.267,33.609,0.465
2038,2038,21.454,86.511,0.519,33.249,33.605,0.465
2039,2039,21.451,86.444,0.519,33.233,33.601,0.465
2040,2040,21.449,86.383,0.519,33.219,33.598,0.465
2041,2041,21.447,86.328,0.519,33.207,33.595,0.465
2042,2042,21.445,86.279,0.519,33.197,33.592,0.465
2043,2043,21.443,86.235,0.519,33.189,33.589,0.465
2044,2044,21.442,86.196,0.519,33.183,33.587,0.465
2045,2045,21.44,86.164,0.519,33.179,33.585,0.465
2046,2046,21.439,86.137,0.519,33.178,33.583,0.465
2047,2047,21.438,86.117,0.519,33.178,33.582,0.465
2048,2048,21.437,86.102,0.519,33.181,33.581,0.465
2049,2049,21.436,86.093,0.519,33.185,33.58,0.465
2050,2050,21.435,86.09,0.519,33.192,33.58,0.465
2051,2051,21.434,86.093,0.519,33.201,33.58,0.465
2052,2052,21.434,86.102,0.519,33.212,33.58,0.465
2053,2053,21.434,86.116,0.519,33.225,33.581,0.465
2054,2054,21.434,86.137,0.519,33.24,33.582,0.465
2055,2055,21.434,86.164,0.519,33.257,33.583,0.465
2056,2056,21.434,86.197,0.519,33.276,33.585,0.465
2057,2057,21.434,86.235,0.52,33.297,33.586,0.465
2058,2058,21.435,86.28,0.52,33.32,33.589,0.465
2059,2059,21.435,86.33,0.52,33.346,33.591,0.465
2060,2060,21.436,86.387,0.52,33.373,33.594,0.465
2061,2061,21.437,86.449,0.52,33.402,33.597,0.465
2062,2062,21.438,86.517,0.52,33.434,33.6,0.465
2063,2063,21.44,86.591,0.52,33.467,33.604,0.465
2064,2064,21.441,86.67,0.52,33.502,33.608,0.465
2065,2065,21.442,86.755,0.52,33.539,33.612,0.465
2066,2066,21.444,86.846,0.521,33.578,33.617,0.465
2067,2067,21.446,86.942,0.521,33.619,33.621,0.465
2068,2068,21.448,87.044,0.521,33.661,33.626,0.465
2069,2069,21.45,87.151,0.521,33.705,33.632,0.465
2070,2070,21.452,87.263,0.521,33.751,33.637,0.464
2071,2071,21.455,87.381,0.521,33.799,33.643,0.464
2072,2072,21.457,87.504,0.522,33.849,33.649,0.464
2073,2073,21.46,87.631,0.522,33.9,33.656,0.464
2074,2074,21.462,87.764,0.522,33.952,33.662,0.464
2075,2075,21.465,87.902,0.522,34.006,33.669,0.464
2076,2076,21.468,88.044,0.522,34.062,33.676,0.464
2077,2077,21.471,88.191,0.522,34.119,33.683,0.464
2078,2078,21.475,88.343,0.523,34.177,33.69,0.463
2079,2079,21.478,88.499,0.523,34.237,33.698,0.463
2080,2080,21.481,88.659,0.523,34.298,33.705,0.463
2081,2081,21.485,88.823,0.523,34.361,33.713,0.463
2082,2082,21.489,88.992,0.524,34.424,33.721,0.463
2083,2083,21.492,89.164,0.524,34.489,33.729,0.463
2084,2084,21.496,89.341,0.524,34.555,33.738,0.463
2085,2085,21.5,89.521,0.524,34.622,33.746,0.462
2086,2086,21.504,89.705,0.524,34.69,33.755,0.462
2087,2087,21.508,89.892,0.525,34.759,33.763,0.462
2088,2088,21.513,90.082,0.525,34.828,33.772,0.462
2089,2089,21.517,90.276,0.525,34.899,33.781,0.462
2090,2090,21.521,90.472,0.525,34.971,33.79,0.461
2091,2091,21.526,90.672,0.526,35.043,33.799,0.461
2092,2092,21.53,90.874,0.526,35.116,33.808,0.461
2093,2093,21.535,91.079,0.526,35.189,33.817,0.461
2094,2094,21.539,91.286,0.526,35.263,33.827,0.461
2095,2095,21.544,91.496,0.527,35.338,33.836,0.461
2096,2096,21.549,91.708,0.527,35.413,33.845,0.46
2097,2097,21.554,91.922,0.527,35.488,33.854,0.46
2098,2098,21.559,92.138,0.527,35.564,33.864,0.46
2099,2099,21.564,92.356,0.528,35.64,33.873,0.46
2100,2100,21.568,92.575,0.528,35.716,33.882,0.46
2101,2101,21.573,92.796,0.528,35.792,33.891,0.459
2102,2102,21.578,93.018,0.529,35.869,33.901,0.459
2103,2103,21.583,93.241,0.529,35.945,33.91,0.459
2104,2104,21.589,93.466,0.529,36.022,33.919,0.459
2105,2105,21.594,93.691,0.529,36.099,33.928,0.459
2106,2106,21.599,93.918,0.53,36.175,33.937,0.458
2107,2107,21.604,94.145,0.53,36.251,33.946,0.458
2108,2108,21.609,94.372,0.53,36.328,33.955,0.458
2109,2109,21.614,94.6,0.531,36.403,33.964,0.458
2110,2110,21.619,94.828,0.531,36.479,33.972,0.458
2111,2111,21.624,95.057,0.531,36.554,33.981,0.457
2112,2112,21.629,95.285,0.531,36.629,33.989,0.457
2113,2113,21.635,95.513,0.532,36.703,33.998,0.457
2114,2114,21.64,95.741,0.532,36.777,34.006,0.457
2115,2115,21.645,95.969,0.532,36.85,34.014,0.457
2116,2116,21.65,96.196,0.533,36.923,34.022,0.457
2117,2117,21.655,96.423,0.533,36.995,34.03,0.456
2118,2118,21.66,96.649,0.533,37.067,34.037,0.456
2119,2119,21.665,96.874,0.534,37.137,34.045,0.456
2120,2120,21.67,97.099,0.534,37.207,34.052,0.456
2121,2121,21.675,97.322,0.534,37.276,34.059,0.456
2122,2122,21.68,97.544,0.534,37.345,34.066,0.456
2123,2123,21.684,97.765,0.535,37.412,34.073,0.455
2124,2124,21.689,97.985,0.535,37.479,34.079,0.455
2125,2125,21.694,98.203,0.535,37.544,34.086,0.455
2126,2126,21.699,98.42,0.536,37.609,34.092,0.455
2127,2127,21.703,98.635,0.536,37.672,34.098,0.455
2128,2128,21.708,98.848,0.536,37.735,34.104,0.455
2129,2129,21.712,99.06,0.537,37.796,34.109,0.454
2130,2130,21.717,99.27,0.537,37.856,34.115,0.454
2131,2131,21.721,99.478,0.537,37.916,34.12,0.454
2132,2132,21.726,99.684,0.537,37.974,34.125,0.454
2133,2133,21.73,99.888,0.538,38.03,34.13,0.454
2134,2134,21.734,100.089,0.538,38.086,34.134,0.454
2135,2135,21.738,100.289,0.538,38.14,34.138,0.454
2136,2136,21.742,100.486,0.539,38.193,34.142,0.454
2137,2137,21.746,100.681,0.539,38.245,34.146,0.453
2138,2138,21.75,100.873,0.539,38.296,34.15,0.453
2139,2139,21.753,101.063,0.54,38.345,34.153,0.453
2140,2140,21.757,101.25,0.54,38.393,34.156,0.453
2141,2141,21.761,101.435,0.54,38.439,34.159,0.453
2142,2142,21.764,101.617,0.54,38.484,34.162,0.453
2143,2143,21.768,101.797,0.541,38.528,34.164,0.453
2144,2144,21.771,101.973,0.541,38.57,34.166,0.453
2145,2145,21.774,102.147,0.541,38.611,34.168,0.453
2146,2146,21.777,102.318,0.541,38.651,34.17,0.453
2147,2147,21.78,102.486,0.542,38.689,34.172,0.452
2148,2148,21.783,102.651,0.542,38.725,34.173,0.452
2149,2149,21.786,102.814,0.542,38.76,34.174,0.452
2150,2150,21.788,102.973,0.543,38.794,34.175,0.452
2151,2151,21.791,103.129,0.543,38.826,34.176,0.452
2152,2152,21.793,103.282,0.543,38.857,34.176,0.452
2153,2153,21.795,103.432,0.543,38.886,34.176,0.452
2154,2154,21.798,103.579,0.544,38.914,34.176,0.452
2155,2155,21.8,103.723,0.544,38.94,34.176,0.452
2156,2156,21.802,103.863,0.544,38.964,34.175,0.452
2157,2157,21.803,104.0,0.544,38.987,34.175,0.452
2158,2158,21.805,104.134,0.545,39.009,34.174,0.452
2159,2159,21.807,104.265,0.545,39.029,34.172,0.452
2160,2160,21.808,104.392,0.545,39.048,34.171,0.452
2161,2161,21.809,104.516,0.545,39.065,34.17,0.452
2162,2162,21.807,104.426,0.547,39.016,34.128,0.453
2163,2163,21.799,104.028,0.55,38.871,34.027,0.454
2164,2164,21.791,103.639,0.554,38.73,33.928,0.455
2165,2165,21.783,103.259,0.557,38.591,33.832,0.457
2166,2166,21.775,102.89,0.56,38.455,33.739,0.458
2167,2167,21.768,102.53,0.563,38.322,33.648,0.459
2168,2168,21.76,102.18,0.566,38.191,33.559,0.461
2169,2169,21.753,101.841,0.569,38.064,33.473,0.462
2170,2170,21.745,101.511,0.572,37.939,33.39,0.463
2171,2171,21.738,101.192,0.575,37.817,33.309,0.464
2172,2172,21.731,100.884,0.577,37.698,33.231,0.465
2173,2173,21.724,100.585,0.58,37.583,33.155,0.466
2174,2174,21.717,100.298,0.582,37.47,33.082,0.468
2175,2175,21.711,100.053,0.584,37.369,33.021,0.468
2176,2176,21.706,99.849,0.586,37.279,32.97,0.469
2177,2177,21.701,99.654,0.587,37.192,32.922,0.47
2178,2178,21.695,99.469,0.589,37.108,32.876,0.471
2179,2179,21.69,99.295,0.59,37.027,32.833,0.471
2180,2180,21.685,99.13,0.591,36.948,32.792,0.472
2181,2181,21.68,98.976,0.592,36.872,32.754,0.472
2182,2182,21.676,98.832,0.593,36.8,32.719,0.473
2183,2183,21.671,98.699,0.594,36.73,32.685,0.473
2184,2184,21.666,98.575,0.595,36.663,32.655,0.474
2185,2185,21.662,98.463,0.596,36.599,32.627,0.474
2186,2186,21.658,98.36,0.597,36.538,32.601,0.475
2187,2187,21.653,98.269,0.597,36.481,32.579,0.475
2188,2188,21.649,98.188,0.598,36.426,32.558,0.475
2189,2189,21.645,98.117,0.598,36.374,32.541,0.476
2190,2190,21.641,98.057,0.599,36.325,32.526,0.476
2191,2191,21.637,98.008,0.599,36.279,32.513,0.476
2192,2192,21.634,97.97,0.599,36.236,32.504,0.476
2193,2193,21.63,97.942,0.599,36.196,32.497,0.477
2194,2194,21.627,97.925,0.599,36.159,32.492,0.477
2195,2195,21.624,97.919,0.599,36.125,32.49,0.477
2196,2196,21.62,97.924,0.598,36.095,32.491,0.477
2197,2197,21.617,97.94,0.598,36.067,32.495,0.477
2198,2198,21.614,97.966,0.597,36.042,32.501,0.477
2199,2199,21.612,98.004,0.597,36.021,32.51,0.477
2200,2200,21.609,98.052,0.596,36.002,32.522,0.477
2201,2201,21.606,98.112,0.595,35.987,32.536,0.477
2202,2202,21.604,98.182,0.595,35.974,32.553,0.477
2203,2203,21.601,98.264,0.594,35.965,32.573,0.476
2204,2204,21.599,98.356,0.593,35.959,32.596,0.476
2205,2205,21.597,98.46,0.591,35.956,32.621,0.476
2206,2206,21.595,98.574,0.59,35.956,32.649,0.476
2207,2207,21.593,98.7,0.589,35.959,32.68,0.475
2208,2208,21.592,98.837,0.587,35.965,32.714,0.475
2209,2209,21.59,98.986,0.586,35.975,32.75,0.475
2210,2210,21.589,99.145,0.584,35.987,32.789,0.474
2211,2211,21.587,99.315,0.582,36.003,32.831,0.474
2212,2212,21.586,99.497,0.58,36.021,32.876,0.473
2213,2213,21.585,99.69,0.578,36.043,32.923,0.472
2214,2214,21.584,99.895,0.576,36.068,32.973,0.472
2215,2215,21.584,100.11,0.574,36.096,33.027,0.471
2216,2216,21.583,100.337,0.572,36.127,33.082,0.471
2217,2217,21.582,100.575,0.57,36.161,33.141,0.47
2218,2218,21.582,100.824,0.567,36.199,33.203,0.469
2219,2219,21.582,101.085,0.564,36.239,33.267,0.468
2220,2220,21.582,101.357,0.562,36.283,33.334,0.468
2221,2221,21.582,101.641,0.559,36.33,33.404,0.467
2222,2222,21.582,101.935,0.556,36.38,33.477,0.466
2223,2223,21.582,102.242,0.553,36.433,33.553,0.465
2224,2224,21.581,102.43,0.551,36.452,33.608,0.464
2225,2225,21.573,102.25,0.551,36.363,33.595,0.465
2226,2226,21.565,102.065,0.551,36.274,33.582,0.465
2227,2227,21.556,101.875,0.55,36.182,33.569,0.465
2228,2228,21.548,101.681,0.55,36.09,33.555,0.466
2229,2229,21.54,101.481,0.55,35.997,33.542,0.466
2230,2230,21.531,101.277,0.55,35.902,33.529,0.466
2231,2231,21.522,101.068,0.55,35.805,33.515,0.467
2232,2232,21.514,100.853,0.55,35.708,33.502,0.467
2233,2233,21.505,100.634,0.55,35.609,33.488,0.467
2234,2234,21.496,100.41,0.549,35.509,33.474,0.468
2235,2235,21.487,100.182,0.549,35.408,33.46,0.468
2236,2236,21.478,99.948,0.549,35.306,33.446,0.469
2237,2237,21.468,99.709,0.549,35.202,33.432,0.469
2238,2238,21.459,99.466,0.549,35.097,33.418,0.469
2239,2239,21.45,99.217,0.548,34.991,33.404,0.47
2240,2240,21.44,98.964,0.548,34.884,33.39,0.47
2241,2241,21.43,98.706,0.548,34.775,33.376,0.471
2242,2242,21.421,98.443,0.548,34.666,33.361,0.471
2243,2243,21.411,98.176,0.548,34.555,33.347,0.472
2244,2244,21.401,97.903,0.547,34.443,33.332,0.472
2245,2245,21.391,97.626,0.547,34.33,33.317,0.472
2246,2246,21.381,97.344,0.547,34.216,33.303,0.473
2247,2247,21.371,97.058,0.547,34.101,33.288,0.473
2248,2248,21.361,96.767,0.546,33.985,33.273,0.474
2249,2249,21.35,96.471,0.546,33.867,33.258,0.474
2250,2250,21.34,96.171,0.546,33.749,33.243,0.475
2251,2251,21.33,95.866,0.545,33.63,33.228,0.475
2252,2252,21.319,95.557,0.545,33.509,33.213,0.475
2253,2253,21.309,95.243,0.545,33.388,33.197,0.476
2254,2254,21.298,94.926,0.545,33.266,33.182,0.476
2255,2255,21.288,94.603,0.544,33.143,33.167,0.477
2256,2256,21.277,94.277,0.544,33.019,33.151,0.477
2257,2257,21.266,93.947,0.544,32.894,33.136,0.478
2258,2258,21.256,93.612,0.543,32.768,33.12,0.478
2259,2259,21.245,93.273,0.543,32.641,33.105,0.479
2260,2260,21.234,92.931,0.543,32.513,33.089,0.479
2261,2261,21.223,92.585,0.542,32.385,33.073,0.479
2262,2262,21.212,92.235,0.542,32.256,33.057,0.48
2263,2263,21.201,91.881,0.542,32.126,33.042,0.48
2264,2264,21.19,91.523,0.541,31.996,33.026,0.481
2265,2265,21.18,91.163,0.541,31.865,33.01,0.481
2266,2266,21.169,90.798,0.54,31.733,32.994,0.482
2267,2267,21.158,90.431,0.54,31.6,32.978,0.482
2268,2268,21.147,90.06,0.54,31.467,32.962,0.483
2269,2269,21.136,89.686,0.539,31.334,32.946,0.483
2270,2270,21.125,89.31,0.539,31.2,32.93,0.484
2271,2271,21.114,88.93,0.538,31.065,32.914,0.484
2272,2272,21.103,88.548,0.538,30.93,32.898,0.485
2273,2273,21.092,88.163,0.538,30.795,32.882,0.485
2274,2274,21.081,87.775,0.537,30.659,32.867,0.486
2275,2275,21.07,87.386,0.537,30.523,32.851,0.486
2276,2276,21.059,86.994,0.536,30.386,32.835,0.486
2277,2277,21.048,86.6,0.536,30.249,32.819,0.487
2278,2278,21.037,86.203,0.535,30.113,32.803,0.487
2279,2279,21.026,85.806,0.535,29.975,32.787,0.488
2280,2280,21.015,85.406,0.535,29.838,32.771,0.488
2281,2281,21.004,85.005,0.534,29.701,32.756,0.489
2282,2282,20.994,84.603,0.534,29.563,32.74,0.489
2283,2283,20.983,84.199,0.533,29.426,32.724,0.49
2284,2284,20.972,83.794,0.533,29.289,32.709,0.49
2285,2285,20.962,83.389,0.532,29.151,32.693,0.491
2286,2286,20.951,82.982,0.532,29.014,32.678,0.491
2287,2287,20.941,82.575,0.531,28.877,32.662,0.491
2288,2288,20.93,82.168,0.531,28.74,32.647,0.492
2289,2289,20.92,81.76,0.53,28.604,32.632,0.492
2290,2290,20.91,81.352,0.53,28.467,32.617,0.493
2291,2291,20.899,80.945,0.529,28.331,32.602,0.493
2292,2292,20.889,80.537,0.529,28.196,32.587,0.494
2293,2293,20.879,80.13,0.528,28.061,32.573,0.494
2294,2294,20.869,79.724,0.528,27.926,32.558,0.494
2295,2295,20.859,79.318,0.527,27.792,32.544,0.495
2296,2296,20.85,78.913,0.527,27.658,32.53,0.495
2297,2297,20.84,78.51,0.526,27.525,32.516,0.496
2298,2298,20.83,78.108,0.526,27.393,32.502,0.496
2299,2299,20.821,77.707,0.525,27.262,32.488,0.497
2300,2300,20.812,77.308,0.525,27.131,32.475,0.497
2301,2301,20.802,76.911,0.524,27.001,32.461,0.497
2302,2302,20.793,76.516,0.524,26.872,32.448,0.498
2303,2303,20.784,76.123,0.523,26.744,32.435,0.498
2304,2304,20.775,75.732,0.523,26.617,32.423,0.498
2305,2305,20.767,75.344,0.522,26.491,32.41,0.499
2306,2306,20.758,74.959,0.522,26.366,32.398,0.499
2307,2307,20.749,74.577,0.521,26.242,32.386,0.5
2308,2308,20.741,74.198,0.521,26.119,32.375,0.5
2309,2309,20.733,73.822,0.52,25.997,32.363,0.5
2310,2310,20.725,73.45,0.52,25.877,32.352,0.501
2311,2311,20.717,73.082,0.519,25.758,32.341,0.501
2312,2312,20.709,72.717,0.519,25.641,32.33,0.501
2313,2313,20.702,72.356,0.518,25.525,32.32,0.502
2314,2314,20.694,72.0,0.518,25.41,32.31,0.502
2315,2315,20.687,71.648,0.517,25.297,32.3,0.502
2316,2316,20.68,71.301,0.517,25.185,32.291,0.502
2317,2317,20.673,70.958,0.516,25.075,32.282,0.503
2318,2318,20.666,70.62,0.516,24.967,32.273,0.503
2319,2319,20.66,70.287,0.515,24.86,32.265,0.503
2320,2320,20.653,69.96,0.515,24.755,32.257,0.504
2321,2321,20.647,69.637,0.514,24.652,32.249,0.504
2322,2322,20.641,69.321,0.514,24.551,32.242,0.504
2323,2323,20.635,69.01,0.513,24.452,32.235,0.504
2324,2324,20.629,68.704,0.513,24.354,32.228,0.505
2325,2325,20.624,68.405,0.512,24.258,32.222,0.505
2326,2326,20.619,68.112,0.512,24.165,32.216,0.505
2327,2327,20.614,67.825,0.511,24.073,32.211,0.505
2328,2328,20.609,67.545,0.511,23.984,32.206,0.505
2329,2329,20.604,67.271,0.51,23.896,32.201,0.506
2330,2330,20.6,67.003,0.51,23.811,32.197,0.506
2331,2331,20.595,66.743,0.509,23.728,32.193,0.506
2332,2332,20.591,66.466,0.509,23.639,32.188,0.506
2333,2333,20.586,66.144,0.508,23.536,32.179,0.506
2334,2334,20.581,65.828,0.508,23.435,32.172,0.507
2335,2335,20.577,65.52,0.507,23.337,32.164,0.507
2336,2336,20.572,65.219,0.507,23.241,32.157,0.507
2337,2337,20.568,64.925,0.506,23.146,32.151,0.507
2338,2338,20.564,64.638,0.506,23.055,32.144,0.507
2339,2339,20.561,64.359,0.505,22.965,32.139,0.508
2340,2340,20.557,64.088,0.505,22.878,32.133,0.508
2341,2341,20.554,63.824,0.504,22.794,32.128,0.508
2342,2342,20.551,63.568,0.504,22.712,32.124,0.508
2343,2343,20.548,63.32,0.503,22.632,32.12,0.508
2344,2344,20.545,63.081,0.503,22.555,32.117,0.508
2345,2345,20.543,62.849,0.502,22.48,32.113,0.508
2346,2346,20.541,62.626,0.502,22.408,32.111,0.508
2347,2347,20.539,62.411,0.501,22.339,32.109,0.509
2348,2348,20.537,62.204,0.501,22.272,32.107,0.509
2349,2349,20.536,62.006,0.501,22.207,32.106,0.509
2350,2350,20.534,61.816,0.5,22.146,32.105,0.509
2351,2351,20.533,61.634,0.5,22.087,32.105,0.509
2352,2352,20.533,61.462,0.499,22.03,32.105,0.509
2353,2353,20.532,61.297,0.499,21.977,32.105,0.509
2354,2354,20.532,61.142,0.499,21.926,32.106,0.509
2355,2355,20.531,60.995,0.498,21.877,32.108,0.509
2356,2356,20.532,60.857,0.498,21.832,32.11,0.509
2357,2357,20.532,60.727,0.497,21.789,32.112,0.509
2358,2358,20.533,60.606,0.497,21.748,32.115,0.509
2359,2359,20.533,60.493,0.497,21.711,32.118,0.509
2360,2360,20.534,60.39,0.496,21.676,32.122,0.509
2361,2361,20.536,60.294,0.496,21.643,32.126,0.509
2362,2362,20.537,60.208,0.496,21.614,32.131,0.509
2363,2363,20.539,60.13,0.495,21.587,32.136,0.509
2364,2364,20.541,60.06,0.495,21.563,32.142,0.509
2365,2365,20.543,59.999,0.494,21.541,32.147,0.509
2366,2366,20.545,59.946,0.494,21.522,32.154,0.509
2367,2367,20.548,59.901,0.494,21.505,32.16,0.508
2368,2368,20.55,59.865,0.494,21.491,32.168,0.508
2369,2369,20.553,59.837,0.493,21.48,32.175,0.508
2370,2370,20.557,59.817,0.493,21.471,32.183,0.508
2371,2371,20.56,59.805,0.493,21.465,32.191,0.508
2372,2372,20.564,59.8,0.492,21.461,32.2,0.508
2373,2373,20.567,59.804,0.492,21.459,32.209,0.508
2374,2374,20.571,59.815,0.492,21.46,32.218,0.508
2375,2375,20.576,59.834,0.492,21.464,32.228,0.507
2376,2376,20.58,59.86,0.491,21.469,32.238,0.507
2377,2377,20.585,59.893,0.491,21.477,32.248,0.507
2378,2378,20.589,59.934,0.491,21.488,32.259,0.507
2379,2379,20.594,59.982,0.491,21.5,32.27,0.507
2380,2380,20.599,60.036,0.49,21.515,32.281,0.507
2381,2381,20.605,60.098,0.49,21.531,32.292,0.506
2382,2382,20.61,60.166,0.49,21.55,32.304,0.506
2383,2383,20.616,60.24,0.49,21.571,32.316,0.506
2384,2384,20.622,60.321,0.489,21.594,32.328,0.506
2385,2385,20.628,60.408,0.489,21.619,32.341,0.506
2386,2386,20.634,60.501,0.489,21.645,32.354,0.505
2387,2387,20.64,60.599,0.489,21.674,32.367,0.505
2388,2388,20.647,60.704,0.489,21.704,32.38,0.505
2389,2389,20.653,60.813,0.489,21.736,32.393,0.505
2390,2390,20.66,60.928,0.488,21.77,32.406,0.505
2391,2391,20.667,61.049,0.488,21.805,32.42,0.504
2392,2392,20.674,61.174,0.488,21.842,32.434,0.504
2393,2393,20.681,61.304,0.488,21.881,32.447,0.504
2394,2394,20.688,61.438,0.488,21.92,32.461,0.504
2395,2395,20.696,61.577,0.488,21.962,32.475,0.503
2396,2396,20.703,61.72,0.488,22.004,32.49,0.503
2397,2397,20.711,61.866,0.487,22.048,32.504,0.503
2398,2398,20.719,62.017,0.487,22.093,32.518,0.503
2399,2399,20.727,62.171,0.487,22.139,32.532,0.502
2400,2400,20.735,62.329,0.487,22.187,32.547,0.502
2401,2401,20.743,62.49,0.487,22.235,32.561,0.502
2402,2402,20.751,62.654,0.487,22.284,32.575,0.502
2403,2403,20.759,62.821,0.487,22.334,32.59,0.501
2404,2404,20.767,62.99,0.487,22.385,32.604,0.501
2405,2405,20.776,63.162,0.487,22.437,32.618,0.501
2406,2406,20.784,63.336,0.487,22.489,32.633,0.5
2407,2407,20.793,63.511,0.486,22.542,32.647,0.5
2408,2408,20.802,63.689,0.486,22.596,32.661,0.5
2409,2409,20.81,63.869,0.486,22.65,32.675,0.5
2410,2410,20.819,64.049,0.486,22.704,32.689,0.499
2411,2411,20.828,64.232,0.486,22.759,32.703,0.499
2412,2412,20.837,64.415,0.486,22.814,32.716,0.499
2413,2413,20.845,64.599,0.486,22.87,32.73,0.499
2414,2414,20.854,64.783,0.486,22.925,32.743,0.498
2415,2415,20.863,64.968,0.486,22.981,32.756,0.498
2416,2416,20.872,65.154,0.486,23.037,32.77,0.498
2417,2417,20.881,65.339,0.486,23.093,32.782,0.498
2418,2418,20.89,65.525,0.486,23.149,32.795,0.497
2419,2419,20.899,65.71,0.486,23.204,32.808,0.497
2420,2420,20.908,65.895,0.486,23.26,32.82,0.497
2421,2421,20.917,66.079,0.486,23.315,32.832,0.497
2422,2422,20.926,66.262,0.486,23.37,32.844,0.496
2423,2423,20.935,66.444,0.486,23.425,32.855,0.496
2424,2424,20.944,66.625,0.486,23.479,32.867,0.496
2425,2425,20.953,66.805,0.486,23.532,32.878,0.496
2426,2426,20.962,66.983,0.486,23.586,32.888,0.495
2427,2427,20.971,67.16,0.486,23.638,32.899,0.495
2428,2428,20.98,67.335,0.486,23.69,32.909,0.495
2429,2429,20.989,67.508,0.486,23.741,32.919,0.495
2430,2430,20.998,67.678,0.486,23.792,32.929,0.494
2431,2431,21.007,67.847,0.486,23.841,32.938,0.494
2432,2432,21.015,68.013,0.486,23.89,32.947,0.494
2433,2433,21.024,68.176,0.486,23.938,32.955,0.494
2434,2434,21.033,68.337,0.486,23.985,32.964,0.494
2435,2435,21.041,68.494,0.486,24.031,32.972,0.493
2436,2436,21.05,68.649,0.486,24.076,32.979,0.493
2437,2437,21.058,68.801,0.486,24.12,32.986,0.493
2438,2438,21.067,68.949,0.486,24.163,32.993,0.493
2439,2439,21.075,69.094,0.486,24.204,33.0,0.493
2440,2440,21.083,69.235,0.486,24.245,33.006,0.493
2441,2441,21.092,69.372,0.486,24.284,33.011,0.492
2442,2442,21.1,69.506,0.486,24.321,33.017,0.492
2443,2443,21.108,69.636,0.486,24.358,33.022,0.492
2444,2444,21.115,69.761,0.486,24.393,33.026,0.492
2445,2445,21.123,69.883,0.486,24.426,33.03,0.492
2446,2446,21.131,70.0,0.486,24.458,33.034,0.492
2447,2447,21.138,70.112,0.486,24.489,33.037,0.491
2448,2448,21.146,70.22,0.486,24.518,33.04,0.491
2449,2449,21.153,70.324,0.486,24.545,33.043,0.491
2450,2450,21.161,70.422,0.486,24.571,33.045,0.491
2451,2451,21.168,70.516,0.486,24.595,33.046,0.491
2452,2452,21.175,70.605,0.486,24.618,33.048,0.491
2453,2453,21.182,70.688,0.486,24.638,33.048,0.491
2454,2454,21.188,70.767,0.486,24.657,33.049,0.491
2455,2455,21.195,70.84,0.486,24.675,33.049,0.491
2456,2456,21.201,70.908,0.485,24.69,33.048,0.491
2457,2457,21.208,70.97,0.485,24.704,33.047,0.491
2458,2458,21.214,71.027,0.485,24.715,33.046,0.49
2459,2459,21.22,71.078,0.485,24.725,33.044,0.49
2460,2460,21.226,71.123,0.485,24.733,33.042,0.49
2461,2461,21.232,71.163,0.485,24.739,33.039,0.49
2462,2462,21.237,71.196,0.485,24.743,33.036,0.49
2463,2463,21.243,71.224,0.485,24.745,33.032,0.49
2464,2464,21.248,71.245,0.485,24.745,33.028,0.49
2465,2465,21.253,71.261,0.485,24.743,33.023,0.49
2466,2466,21.258,71.27,0.485,24.738,33.018,0.49
2467,2467,21.263,71.272,0.485,24.732,33.013,0.49
2468,2468,21.268,71.269,0.485,24.724,33.007,0.49
2469,2469,21.272,71.259,0.485,24.713,33.001,0.49
2470,2470,21.277,71.242,0.485,24.701,32.994,0.49
2471,2471,21.281,71.219,0.485,24.686,32.986,0.49
2472,2472,21.285,71.189,0.485,24.669,32.979,0.49
2473,2473,21.288,71.152,0.485,24.649,32.97,0.49
2474,2474,21.292,71.108,0.485,24.628,32.962,0.491
2475,2475,21.296,71.058,0.485,24.604,32.953,0.491
2476,2476,21.299,71.001,0.485,24.578,32.943,0.491
2477,2477,21.302,70.936,0.484,24.55,32.933,0.491
2478,2478,21.305,70.865,0.484,24.52,32.923,0.491
2479,2479,21.307,70.786,0.484,24.487,32.912,0.491
2480,2480,21.31,70.7,0.484,24.452,32.9,0.491
2481,2481,21.312,70.607,0.484,24.414,32.888,0.491
2482,2482,21.314,70.506,0.484,24.374,32.876,0.491
2483,2483,21.316,70.398,0.484,24.332,32.863,0.491
2484,2484,21.318,70.283,0.484,24.288,32.85,0.492
2485,2485,21.32,70.16,0.484,24.241,32.836,0.492
2486,2486,21.321,70.029,0.483,24.191,32.822,0.492
2487,2487,21.322,69.891,0.483,24.139,32.807,0.492
2488,2488,21.323,69.745,0.483,24.085,32.792,0.492
2489,2489,21.324,69.592,0.483,24.029,32.777,0.492
2490,2490,21.324,69.43,0.483,23.97,32.761,0.493
2491,2491,21.325,69.261,0.483,23.908,32.744,0.493
2492,2492,21.325,69.084,0.483,23.844,32.727,0.493
2493,2493,21.325,68.899,0.482,23.778,32.71,0.493
2494,2494,21.325,68.705,0.482,23.709,32.692,0.493
2495,2495,21.324,68.504,0.482,23.638,32.674,0.494
2496,2496,21.323,68.295,0.482,23.564,32.655,0.494
2497,2497,21.323,68.077,0.482,23.487,32.636,0.494
2498,2498,21.321,67.852,0.481,23.408,32.616,0.494
2499,2499,21.32,67.618,0.481,23.327,32.596,0.495
2500,2500,21.319,67.376,0.481,23.243,32.575,0.495
2501,2501,21.317,67.125,0.481,23.157,32.554,0.495
2502,2502,21.315,66.866,0.481,23.068,32.533,0.496
2503,2503,21.313,66.599,0.48,22.976,32.511,0.496
2504,2504,21.311,66.323,0.48,22.882,32.489,0.496
2505,2505,21.308,66.039,0.48,22.785,32.466,0.497
2506,2506,21.305,65.746,0.48,22.686,32.442,0.497
2507,2507,21.302,65.444,0.479,22.584,32.419,0.497
2508,2508,21.299,65.134,0.479,22.48,32.394,0.498
2509,2509,21.296,64.816,0.479,22.373,32.37,0.498
2510,2510,21.292,64.488,0.479,22.264,32.345,0.498
2511,2511,21.288,64.152,0.478,22.152,32.319,0.499
2512,2512,21.284,63.807,0.478,22.037,32.293,0.499
2513,2513,21.28,63.453,0.478,21.92,32.266,0.499
2514,2514,21.275,63.091,0.477,21.8,32.239,0.5
2515,2515,21.271,62.72,0.477,21.678,32.212,0.5
2516,2516,21.266,62.339,0.477,21.553,32.184,0.501
2517,2517,21.261,61.95,0.476,21.426,32.156,0.501
2518,2518,21.255,61.552,0.476,21.296,32.127,0.501
2519,2519,21.25,61.145,0.476,21.163,32.098,0.502
2520,2520,21.244,60.729,0.475,21.028,32.068,0.502
2521,2521,21.238,60.305,0.475,20.89,32.038,0.503
2522,2522,21.232,59.871,0.475,20.75,32.007,0.503
2523,2523,21.226,59.428,0.474,20.607,31.976,0.504
2524,2524,21.219,58.976,0.474,20.461,31.944,0.504
2525,2525,21.213,58.515,0.474,20.313,31.912,0.505
2526,2526,21.206,58.045,0.473,20.163,31.88,0.505
2527,2527,21.198,57.567,0.473,20.01,31.847,0.506
2528,2528,21.191,57.079,0.472,19.854,31.813,0.506
2529,2529,21.184,56.582,0.472,19.696,31.78,0.507
2530,2530,21.176,56.076,0.472,19.535,31.745,0.507
2531,2531,21.168,55.561,0.471,19.372,31.711,0.508
2532,2532,21.16,55.037,0.471,19.206,31.675,0.508
2533,2533,21.151,54.504,0.47,19.038,31.64,0.509
2534,2534,21.143,53.962,0.47,18.867,31.604,0.51
2535,2535,21.134,53.412,0.469,18.694,31.567,0.51
2536,2536,21.125,52.852,0.469,18.518,31.53,0.511
2537,2537,21.116,52.283,0.468,18.34,31.492,0.511
2538,2538,21.107,51.706,0.468,18.16,31.454,0.512
2539,2539,21.097,51.12,0.467,17.976,31.416,0.512
2540,2540,21.088,50.525,0.467,17.791,31.377,0.513
2541,2541,21.078,49.921,0.466,17.603,31.338,0.514
2542,2542,21.068,49.308,0.466,17.413,31.298,0.514
2543,2543,21.058,48.687,0.465,17.22,31.258,0.515
2544,2544,21.048,48.057,0.465,17.025,31.218,0.516
2545,2545,21.037,47.419,0.464,16.828,31.177,0.516
2546,2546,21.026,46.772,0.464,16.628,31.135,0.517
2547,2547,21.016,46.116,0.463,16.426,31.093,0.517
2548,2548,21.005,45.453,0.463,16.222,31.051,0.518
2549,2549,20.993,44.781,0.462,16.016,31.008,0.519
2550,2550,20.982,44.1,0.462,15.807,30.965,0.52
2551,2551,20.971,43.412,0.461,15.596,30.921,0.52
2552,2552,20.959,42.715,0.46,15.383,30.877,0.521
2553,2553,20.947,42.011,0.46,15.168,30.833,0.522
2554,2554,20.935,41.299,0.459,14.951,30.788,0.522
2555,2555,20.923,40.579,0.459,14.731,30.743,0.523
2556,2556,20.911,39.851,0.458,14.51,30.697,0.524
2557,2557,20.899,39.115,0.457,14.287,30.651,0.524
2558,2558,20.886,38.373,0.457,14.061,30.605,0.525
2559,2559,20.874,37.622,0.456,13.834,30.558,0.526
2560,2560,20.861,36.865,0.456,13.604,30.511,0.527
2561,2561,20.848,36.1,0.455,13.373,30.463,0.527
2562,2562,20.835,35.329,0.454,13.14,30.415,0.528
2563,2563,20.822,34.551,0.454,12.905,30.367,0.529
2564,2564,20.809,33.766,0.453,12.668,30.318,0.53
2565,2565,20.795,32.974,0.452,12.43,30.269,0.53
2566,2566,20.788,32.663,0.452,12.308,30.262,0.531
2567,2567,20.784,32.596,0.451,12.246,30.277,0.53
2568,2568,20.78,32.529,0.45,12.183,30.291,0.53
2569,2569,20.775,32.461,0.45,12.119,30.306,0.53
2570,2570,20.771,32.392,0.449,12.056,30.321,0.53
2571,2571,20.767,32.323,0.448,11.992,30.336,0.53
2572,2572,20.763,32.254,0.448,11.928,30.351,0.53
2573,2573,20.758,32.184,0.447,11.863,30.367,0.53
2574,2574,20.754,32.113,0.446,11.798,30.382,0.529
2575,2575,20.749,32.041,0.446,11.733,30.398,0.529
2576,2576,20.745,31.97,0.445,11.668,30.414,0.529
2577,2577,20.741,31.897,0.444,11.602,30.43,0.529
2578,2578,20.736,31.825,0.444,11.537,30.446,0.529
2579,2579,20.732,31.751,0.443,11.471,30.462,0.529
2580,2580,20.727,31.678,0.442,11.404,30.478,0.529
2581,2581,20.723,31.604,0.441,11.338,30.494,0.528
2582,2582,20.718,31.529,0.441,11.272,30.511,0.528
2583,2583,20.714,31.454,0.44,11.205,30.527,0.528
2584,2584,20.709,31.379,0.439,11.138,30.544,0.528
2585,2585,20.705,31.304,0.439,11.071,30.56,0.528
2586,2586,20.701,31.228,0.438,11.004,30.577,0.527
2587,2587,20.696,31.152,0.437,10.937,30.594,0.527
2588,2588,20.692,31.075,0.436,10.87,30.611,0.527
2589,2589,20.687,30.999,0.436,10.803,30.628,0.527
2590,2590,20.683,30.922,0.435,10.736,30.645,0.527
2591,2591,20.678,30.845,0.434,10.669,30.662,0.527
2592,2592,20.674,30.768,0.434,10.602,30.679,0.526
2593,2593,20.67,30.691,0.433,10.535,30.696,0.526
2594,2594,20.665,30.613,0.432,10.468,30.713,0.526
2595,2595,20.661,30.536,0.431,10.402,30.73,0.526
2596,2596,20.657,30.459,0.431,10.335,30.747,0.526
2597,2597,20.653,30.381,0.43,10.268,30.764,0.525
2598,2598,20.648,30.304,0.429,10.202,30.781,0.525
2599,2599,20.644,30.226,0.428,10.136,30.798,0.525
2600,2600,20.64,30.149,0.428,10.07,30.815,0.525
2601,2601,20.636,30.072,0.427,10.004,30.832,0.525
2602,2602,20.632,29.995,0.426,9.939,30.849,0.524
2603,2603,20.628,29.918,0.426,9.874,30.866,0.524
2604,2604,20.624,29.841,0.425,9.809,30.883,0.524
2605,2605,20.62,29.765,0.424,9.744,30.9,0.524
2606,2606,20.616,29.689,0.423,9.68,30.916,0.524
2607,2607,20.612,29.613,0.423,9.616,30.933,0.523
2608,2608,20.609,29.537,0.422,9.553,30.95,0.523
2609,2609,20.605,29.462,0.421,9.49,30.966,0.523
2610,2610,20.601,29.387,0.421,9.427,30.983,0.523
2611,2611,20.598,29.313,0.42,9.365,30.999,0.523
2612,2612,20.594,29.239,0.419,9.303,31.015,0.522
2613,2613,20.591,29.165,0.419,9.242,31.031,0.522
2614,2614,20.587,29.093,0.418,9.182,31.047,0.522
2615,2615,20.584,29.02,0.417,9.122,31.063,0.522
2616,2616,20.581,28.948,0.417,9.063,31.079,0.522
2617,2617,20.577,28.877,0.416,9.004,31.094,0.521
2618,2618,20.574,28.807,0.415,8.946,31.11,0.521
2619,2619,20.571,28.737,0.415,8.888,31.125,0.521
2620,2620,20.568,28.668,0.414,8.832,31.14,0.521
2621,2621,20.565,28.599,0.413,8.776,31.155,0.521
2622,2622,20.562,28.532,0.413,8.72,31.17,0.52
2623,2623,20.56,28.465,0.412,8.666,31.185,0.52
2624,2624,20.557,28.399,0.412,8.612,31.199,0.52
2625,2625,20.554,28.334,0.411,8.559,31.213,0.52
2626,2626,20.552,28.269,0.41,8.507,31.227,0.52
2627,2627,20.549,28.206,0.41,8.456,31.241,0.52
2628,2628,20.547,28.144,0.409,8.406,31.254,0.519
2629,2629,20.545,28.083,0.409,8.357,31.268,0.519
2630,2630,20.542,28.022,0.408,8.308,31.281,0.519
2631,2631,20.54,27.963,0.408,8.261,31.294,0.519
2632,2632,20.538,27.905,0.407,8.214,31.306,0.519
2633,2633,20.536,27.848,0.407,8.169,31.319,0.518
2634,2634,20.535,27.792,0.406,8.124,31.331,0.518
2635,2635,20.533,27.737,0.406,8.081,31.343,0.518
2636,2636,20.531,27.684,0.405,8.038,31.354,0.518
2637,2637,20.53,27.632,0.405,7.997,31.366,0.518
2638,2638,20.528,27.581,0.404,7.957,31.377,0.518
2639,2639,20.527,27.531,0.404,7.918,31.387,0.517
2640,2640,20.526,27.483,0.403,7.88,31.398,0.517
2641,2641,20.525,27.435,0.403,7.843,31.408,0.517
2642,2642,20.523,27.39,0.402,7.808,31.418,0.517
2643,2643,20.523,27.345,0.402,7.773,31.427,0.517
2644,2644,20.522,27.302,0.401,7.74,31.437,0.517
2645,2645,20.521,27.261,0.401,7.708,31.446,0.517
2646,2646,20.52,27.22,0.401,7.677,31.454,0.516
2647,2647,20.52,27.182,0.4,7.648,31.462,0.516
2648,2648,20.519,27.145,0.4,7.62,31.47,0.516
2649,2649,20.519,27.109,0.399,7.593,31.478,0.516
2650,2650,20.519,27.075,0.399,7.567,31.485,0.516
2651,2651,20.519,27.042,0.399,7.543,31.492,0.516
2652,2652,20.519,27.011,0.398,7.52,31.499,0.516
2653,2653,20.519,26.981,0.398,7.498,31.505,0.515
2654,2654,20.519,26.953,0.398,7.478,31.511,0.515
2655,2655,20.519,26.926,0.398,7.459,31.517,0.515
2656,2656,20.519,26.901,0.397,7.442,31.522,0.515
2657,2657,20.52,26.878,0.397,7.425,31.527,0.515
2658,2658,20.52,26.856,0.397,7.41,31.532,0.515
2659,2659,20.521,26.836,0.397,7.397,31.536,0.515
2660,2660,20.522,26.818,0.396,7.385,31.54,0.515
2661,2661,20.523,26.801,0.396,7.374,31.543,0.515
2662,2662,20.524,26.786,0.396,7.365,31.546,0.515
2663,2663,20.525,26.772,0.396,7.357,31.549,0.515
2664,2664,20.526,26.76,0.396,7.35,31.551,0.515
2665,2665,20.527,26.75,0.395,7.345,31.553,0.514
2666,2666,20.529,26.741,0.395,7.341,31.555,0.514
2667,2667,20.53,26.734,0.395,7.338,31.556,0.514
2668,2668,20.532,26.728,0.395,7.337,31.557,0.514
2669,2669,20.533,26.724,0.395,7.338,31.558,0.514
2670,2670,20.535,26.722,0.395,7.339,31.558,0.514
2671,2671,20.537,26.722,0.395,7.342,31.557,0.514
2672,2672,20.539,26.723,0.395,7.347,31.557,0.514
2673,2673,20.541,26.725,0.395,7.352,31.556,0.514
2674,2674,20.543,26.729,0.395,7.359,31.555,0.514
2675,2675,20.545,26.735,0.395,7.368,31.553,0.514
2676,2676,20.548,26.743,0.394,7.377,31.551,0.514
2677,2677,20.55,26.752,0.394,7.388,31.549,0.514
2678,2678,20.553,26.762,0.394,7.401,31.546,0.514
2679,2679,20.555,26.774,0.395,7.414,31.543,0.514
2680,2680,20.558,26.788,0.395,7.429,31.539,0.514
2681,2681,20.56,26.803,0.395,7.445,31.535,0.514
2682,2682,20.563,26.819,0.395,7.463,31.531,0.514
2683,2683,20.566,26.837,0.395,7.481,31.527,0.514
2684,2684,20.569,26.857,0.395,7.501,31.522,0.514
2685,2685,20.572,26.878,0.395,7.522,31.517,0.514
2686,2686,20.575,26.9,0.395,7.544,31.511,0.514
2687,2687,20.578,26.924,0.395,7.567,31.505,0.514
2688,2688,20.581,26.949,0.395,7.592,31.499,0.514
2689,2689,20.585,26.975,0.395,7.617,31.493,0.514
2690,2690,20.588,27.003,0.395,7.644,31.486,0.514
2691,2691,20.591,27.032,0.396,7.671,31.479,0.514
2692,2692,20.595,27.063,0.396,7.7,31.471,0.514
2693,2693,20.598,27.094,0.396,7.73,31.463,0.515
2694,2694,20.602,27.127,0.396,7.76,31.455,0.515
2695,2695,20.606,27.161,0.396,7.792,31.447,0.515
2696,2696,20.609,27.196,0.397,7.824,31.438,0.515
2697,2697,20.613,27.233,0.397,7.858,31.429,0.515
2698,2698,20.617,27.27,0.397,7.892,31.42,0.515
2699,2699,20.621,27.309,0.397,7.928,31.411,0.515
2700,2700,20.624,27.349,0.398,7.964,31.401,0.515
2701,2701,20.628,27.389,0.398,8.001,31.391,0.515
2702,2702,20.632,27.431,0.398,8.038,31.38,0.515
2703,2703,20.636,27.474,0.398,8.077,31.37,0.515
2704,2704,20.64,27.517,0.399,8.116,31.359,0.516
2705,2705,20.644,27.562,0.399,8.156,31.348,0.516
2706,2706,20.648,27.607,0.399,8.196,31.337,0.516
2707,2707,20.652,27.654,0.4,8.237,31.325,0.516
2708,2708,20.656,27.701,0.4,8.279,31.313,0.516
2709,2709,20.66,27.749,0.4,8.321,31.301,0.516
2710,2710,20.664,27.798,0.4,8.364,31.289,0.516
2711,2711,20.668,27.847,0.401,8.407,31.277,0.516
2712,2712,20.673,27.897,0.401,8.451,31.264,0.517
2713,2713,20.677,27.948,0.402,8.495,31.252,0.517
2714,2714,20.681,27.999,0.402,8.54,31.239,0.517
2715,2715,20.685,28.051,0.402,8.585,31.225,0.517
2716,2716,20.689,28.104,0.403,8.631,31.212,0.517
2717,2717,20.693,28.157,0.403,8.676,31.199,0.517
2718,2718,20.697,28.21,0.403,8.723,31.185,0.517
2719,2719,20.701,28.265,0.404,8.769,31.171,0.518
2720,2720,20.705,28.319,0.404,8.815,31.157,0.518
2721,2721,20.709,28.374,0.405,8.862,31.143,0.518
2722,2722,20.713,28.429,0.405,8.909,31.129,0.518
2723,2723,20.718,28.485,0.405,8.956,31.115,0.518
2724,2724,20.722,28.541,0.406,9.004,31.101,0.518
2725,2725,20.725,28.597,0.406,9.051,31.086,0.519
2726,2726,20.729,28.653,0.407,9.098,31.072,0.519
2727,2727,20.733,28.71,0.407,9.146,31.057,0.519
2728,2728,20.737,28.767,0.407,9.193,31.042,0.519
2729,2729,20.741,28.824,0.408,9.24,31.027,0.519
2730,2730,20.745,28.881,0.408,9.288,31.012,0.52
2731,2731,20.749,28.938,0.409,9.335,30.997,0.52
2732,2732,20.752,28.995,0.409,9.382,30.982,0.52
2733,2733,20.756,29.053,0.41,9.429,30.967,0.52
2734,2734,20.76,29.11,0.41,9.476,30.952,0.52
2735,2735,20.763,29.168,0.41,9.522,30.937,0.521
2736,2736,20.767,29.225,0.411,9.569,30.922,0.521
2737,2737,20.77,29.282,0.411,9.615,30.907,0.521
2738,2738,20.774,29.339,0.412,9.661,30.892,0.521
2739,2739,20.777,29.396,0.412,9.706,30.876,0.521
2740,2740,20.78,29.453,0.413,9.751,30.861,0.522
2741,2741,20.783,29.51,0.413,9.796,30.846,0.522
2742,2742,20.787,29.566,0.414,9.841,30.831,0.522
2743,2743,20.79,29.622,0.414,9.885,30.816,0.522
2744,2744,20.793,29.678,0.414,9.929,30.801,0.523
2745,2745,20.796,29.734,0.415,9.972,30.786,0.523
2746,2746,20.799,29.789,0.415,10.015,30.771,0.523
2747,2747,20.801,29.844,0.416,10.057,30.756,0.523
2748,2748,20.804,29.899,0.416,10.099,30.741,0.523
2749,2749,20.807,29.954,0.417,10.14,30.726,0.524
2750,2750,20.809,30.008,0.417,10.181,30.712,0.524
2751,2751,20.812,30.061,0.417,10.221,30.697,0.524
2752,2752,20.814,30.114,0.418,10.261,30.682,0.524
2753,2753,20.816,30.167,0.418,10.3,30.668,0.525
2754,2754,20.818,30.219,0.419,10.339,30.654,0.525
2755,2755,20.821,30.271,0.419,10.377,30.639,0.525
2756,2756,20.823,30.322,0.42,10.414,30.625,0.525
2757,2757,20.824,30.373,0.42,10.45,30.611,0.525
2758,2758,20.826,30.423,0.42,10.486,30.597,0.526
2759,2759,20.828,30.473,0.421,10.521,30.584,0.526
2760,2760,20.83,30.522,0.421,10.556,30.57,0.526
2761,2761,20.831,30.57,0.422,10.59,30.556,0.526
2762,2762,20.832,30.618,0.422,10.623,30.543,0.527
2763,2763,20.834,30.665,0.422,10.655,30.53,0.527
2764,2764,20.835,30.712,0.423,10.686,30.517,0.527
2765,2765,20.836,30.758,0.423,10.717,30.504,0.527
2766,2766,20.837,30.803,0.424,10.747,30.492,0.528
2767,2767,20.838,30.848,0.424,10.776,30.479,0.528
2768,2768,20.839,30.891,0.424,10.805,30.467,0.528
2769,2769,20.839,30.935,0.425,10.832,30.455,0.528
2770,2770,20.84,30.977,0.425,10.859,30.443,0.529
2771,2771,20.84,31.019,0.425,10.885,30.431,0.529
2772,2772,20.841,31.06,0.426,10.91,30.42,0.529
2773,2773,20.841,31.1,0.426,10.934,30.408,0.529
2774,2774,20.841,31.139,0.426,10.958,30.397,0.53
2775,2775,20.841,31.178,0.427,10.98,30.387,0.53
2776,2776,20.841,31.216,0.427,11.002,30.376,0.53
2777,2777,20.84,31.253,0.427,11.023,30.366,0.53
2778,2778,20.84,31.289,0.428,11.043,30.355,0.53
2779,2779,20.839,31.325,0.428,11.062,30.346,0.531
2780,2780,20.839,31.359,0.428,11.08,30.336,0.531
2781,2781,20.838,31.393,0.429,11.097,30.326,0.531
2782,2782,20.837,31.426,0.429,11.114,30.317,0.531
2783,2783,20.836,31.458,0.429,11.129,30.308,0.532
2784,2784,20.835,31.49,0.43,11.144,30.3,0.532
2785,2785,20.834,31.52,0.43,11.158,30.291,0.532
2786,2786,20.832,31.549,0.43,11.17,30.283,0.532
2787,2787,20.831,31.578,0.43,11.182,30.276,0.533
2788,2788,20.829,31.606,0.431,11.193,30.268,0.533
2789,2789,20.827,31.632,0.431,11.203,30.261,0.533
2790,2790,20.826,31.658,0.431,11.212,30.254,0.533
2791,2791,20.824,31.683,0.431,11.221,30.247,0.533
2792,2792,20.821,31.707,0.431,11.228,30.241,0.534
2793,2793,20.819,31.731,0.432,11.234,30.235,0.534
2794,2794,20.817,31.753,0.432,11.24,30.229,0.534
2795,2795,20.814,31.774,0.432,11.244,30.223,0.534
2796,2796,20.812,31.794,0.432,11.248,30.218,0.535
2797,2797,20.809,31.814,0.432,11.251,30.213,0.535
2798,2798,20.806,31.832,0.433,11.252,30.209,0.535
2799,2799,20.803,31.85,0.433,11.253,30.205,0.535
2800,2800,20.8,31.866,0.433,11.253,30.201,0.536
2801,2801,20.797,31.882,0.433,11.252,30.197,0.536
2802,2802,20.794,31.896,0.433,11.25,30.194,0.536
2803,2803,20.79,31.91,0.433,11.248,30.191,0.536
2804,2804,20.787,31.923,0.433,11.244,30.188,0.536
2805,2805,20.783,31.934,0.433,11.239,30.186,0.537
2806,2806,20.779,31.945,0.434,11.234,30.184,0.537
2807,2807,20.775,31.955,0.434,11.228,30.182,0.537
2808,2808,20.771,31.964,0.434,11.22,30.181,0.537
2809,2809,20.767,31.971,0.434,11.212,30.18,0.537
2810,2810,20.763,31.978,0.434,11.203,30.179,0.538
2811,2811,20.758,31.984,0.434,11.193,30.179,0.538
2812,2812,20.754,31.989,0.434,11.182,30.179,0.538
2813,2813,20.749,31.992,0.434,11.171,30.179,0.538
2814,2814,20.745,31.995,0.434,11.158,30.18,0.538
2815,2815,20.74,31.997,0.434,11.145,30.181,0.539
2816,2816,20.735,31.998,0.434,11.13,30.182,0.539
2817,2817,20.73,31.998,0.434,11.115,30.184,0.539
2818,2818,20.725,31.996,0.434,11.099,30.186,0.539
2819,2819,20.72,31.994,0.434,11.082,30.189,0.539
2820,2820,20.714,31.991,0.434,11.065,30.191,0.54
2821,2821,20.709,31.987,0.434,11.046,30.195,0.54
2822,2822,20.703,31.981,0.434,11.027,30.198,0.54
2823,2823,20.698,31.975,0.434,11.007,30.202,0.54
2824,2824,20.692,31.968,0.434,10.986,30.206,0.54
2825,2825,20.686,31.96,0.434,10.964,30.211,0.54
2826,2826,20.68,31.951,0.434,10.942,30.215,0.541
2827,2827,20.674,31.94,0.433,10.918,30.221,0.541
2828,2828,20.668,31.929,0.433,10.894,30.226,0.541
2829,2829,20.662,31.917,0.433,10.869,30.232,0.541
2830,2830,20.656,31.904,0.433,10.844,30.238,0.541
2831,2831,20.649,31.89,0.433,10.817,30.245,0.541
2832,2832,20.643,31.874,0.433,10.79,30.252,0.541
2833,2833,20.636,31.858,0.433,10.762,30.259,0.542
2834,2834,20.63,31.841,0.432,10.733,30.267,0.542
2835,2835,20.623,31.823,0.432,10.704,30.274,0.542
2836,2836,20.616,31.804,0.432,10.674,30.283,0.542
2837,2837,20.609,31.784,0.432,10.643,30.291,0.542
2838,2838,20.603,31.763,0.432,10.611,30.3,0.542
2839,2839,20.596,31.741,0.432,10.579,30.31,0.542
2840,2840,20.589,31.718,0.431,10.546,30.319,0.543
2841,2841,20.581,31.694,0.431,10.513,30.329,0.543
2842,2842,20.574,31.669,0.431,10.479,30.339,0.543
2843,2843,20.567,31.644,0.431,10.444,30.35,0.543
2844,2844,20.56,31.617,0.43,10.408,30.361,0.543
2845,2845,20.552,31.59,0.43,10.372,30.372,0.543
2846,2846,20.545,31.561,0.43,10.335,30.384,0.543
2847,2847,20.537,31.532,0.43,10.298,30.395,0.543
2848,2848,20.53,31.501,0.429,10.26,30.407,0.544
2849,2849,20.522,31.47,0.429,10.222,30.42,0.544
2850,2850,20.515,31.438,0.429,10.182,30.433,0.544
2851,2851,20.507,31.405,0.428,10.143,30.446,0.544
2852,2852,20.499,31.372,0.428,10.103,30.459,0.544
2853,2853,20.492,31.337,0.428,10.062,30.473,0.544
2854,2854,20.484,31.302,0.427,10.021,30.487,0.544
2855,2855,20.476,31.266,0.427,9.979,30.501,0.544
2856,2856,20.468,31.228,0.427,9.937,30.515,0.544
2857,2857,20.46,31.191,0.426,9.894,30.53,0.544
2858,2858,20.452,31.152,0.426,9.851,30.545,0.544
2859,2859,20.444,31.113,0.426,9.807,30.56,0.544
2860,2860,20.437,31.072,0.425,9.763,30.576,0.545
2861,2861,20.429,31.032,0.425,9.719,30.592,0.545
2862,2862,20.421,30.99,0.424,9.674,30.608,0.545
2863,2863,20.413,30.948,0.424,9.629,30.624,0.545
2864,2864,20.404,30.905,0.424,9.583,30.641,0.545
2865,2865,20.396,30.861,0.423,9.537,30.657,0.545
2866,2866,20.388,30.817,0.423,9.491,30.674,0.545
2867,2867,20.38,30.772,0.422,9.444,30.692,0.545
2868,2868,20.372,30.726,0.422,9.397,30.709,0.545
2869,2869,20.364,30.68,0.422,9.35,30.727,0.545
2870,2870,20.356,30.633,0.421,9.303,30.745,0.545
2871,2871,20.348,30.586,0.421,9.255,30.763,0.545
2872,2872,20.34,30.538,0.42,9.207,30.781,0.545
2873,2873,20.332,30.489,0.42,9.159,30.799,0.545
2874,2874,20.324,30.44,0.419,9.11,30.818,0.545
2875,2875,20.316,30.391,0.419,9.062,30.837,0.545
2876,2876,20.308,30.341,0.419,9.013,30.856,0.545
2877,2877,20.3,30.291,0.418,8.964,30.875,0.545
2878,2878,20.292,30.24,0.418,8.915,30.894,0.545
2879,2879,20.284,30.189,0.417,8.866,30.914,0.545
2880,2880,20.276,30.137,0.417,8.817,30.933,0.545
2881,2881,20.268,30.086,0.416,8.768,30.953,0.545
2882,2882,20.261,30.033,0.416,8.719,30.973,0.545
2883,2883,20.253,29.981,0.415,8.67,30.993,0.545
2884,2884,20.245,29.928,0.415,8.62,31.013,0.545
2885,2885,20.237,29.875,0.414,8.571,31.033,0.545
2886,2886,20.23,29.822,0.414,8.522,31.054,0.545
2887,2887,20.222,29.769,0.413,8.473,31.074,0.545
2888,2888,20.214,29.715,0.413,8.424,31.095,0.545
2889,2889,20.207,29.662,0.412,8.375,31.115,0.545
2890,2890,20.199,29.608,0.412,8.327,31.136,0.545
2891,2891,20.192,29.554,0.411,8.278,31.156,0.545
2892,2892,20.185,29.501,0.411,8.23,31.177,0.545
2893,2893,20.177,29.447,0.41,8.182,31.198,0.545
2894,2894,20.17,29.393,0.41,8.134,31.219,0.545
2895,2895,20.163,29.339,0.409,8.086,31.24,0.545
2896,2896,20.156,29.286,0.409,8.039,31.261,0.545
2897,2897,20.149,29.232,0.408,7.992,31.281,0.545
2898,2898,20.142,29.179,0.408,7.946,31.302,0.545
2899,2899,20.135,29.126,0.408,7.899,31.323,0.545
2900,2900,20.128,29.073,0.407,7.853,31.344,0.545
2901,2901,20.121,29.02,0.407,7.808,31.365,0.545
2902,2902,20.115,28.968,0.406,7.763,31.386,0.545
2903,2903,20.108,28.916,0.406,7.718,31.406,0.545
2904,2904,20.102,28.864,0.405,7.674,31.427,0.545
2905,2905,20.095,28.813,0.405,7.631,31.448,0.545
2906,2906,20.089,28.762,0.404,7.588,31.468,0.545
2907,2907,20.083,28.711,0.404,7.545,31.489,0.545
2908,2908,20.077,28.661,0.403,7.503,31.509,0.545
2909,2909,20.071,28.611,0.403,7.462,31.53,0.545
2910,2910,20.065,28.563,0.402,7.421,31.55,0.545
2911,2911,20.059,28.514,0.402,7.381,31.57,0.545
2912,2912,20.053,28.466,0.402,7.342,31.59,0.545
2913,2913,20.048,28.419,0.401,7.303,31.61,0.545
2914,2914,20.042,28.373,0.401,7.265,31.63,0.545
2915,2915,20.037,28.327,0.4,7.228,31.649,0.545
2916,2916,20.032,28.282,0.4,7.192,31.669,0.545
2917,2917,20.027,28.238,0.399,7.156,31.688,0.545
2918,2918,20.022,28.194,0.399,7.121,31.707,0.545
2919,2919,20.017,28.152,0.399,7.087,31.726,0.545
2920,2920,20.012,28.11,0.398,7.054,31.745,0.545
2921,2921,20.008,28.069,0.398,7.022,31.764,0.545
2922,2922,20.003,28.029,0.398,6.991,31.782,0.545
2923,2923,19.999,27.99,0.397,6.961,31.8,0.545
2924,2924,19.994,27.952,0.397,6.931,31.818,0.545
2925,2925,19.99,27.915,0.397,6.903,31.836,0.545
2926,2926,19.986,27.88,0.396,6.876,31.854,0.545
2927,2927,19.982,27.845,0.396,6.849,31.871,0.545
2928,2928,19.979,27.811,0.396,6.824,31.888,0.545
2929,2929,19.975,27.778,0.395,6.8,31.905,0.545
2930,2930,19.972,27.747,0.395,6.777,31.922,0.545
2931,2931,19.968,27.717,0.395,6.755,31.938,0.545
2932,2932,19.965,27.688,0.394,6.734,31.954,0.545
2933,2933,19.962,27.66,0.394,6.714,31.97,0.545
2934,2934,19.959,27.634,0.394,6.695,31.986,0.545
2935,2935,19.957,27.608,0.394,6.678,32.001,0.545
2936,2936,19.954,27.584,0.393,6.661,32.016,0.545
2937,2937,19.952,27.562,0.393,6.646,32.03,0.545
2938,2938,19.949,27.54,0.393,6.632,32.045,0.545
2939,2939,19.947,27.52,0.393,6.619,32.059,0.545
2940,2940,19.945,27.502,0.393,6.608,32.073,0.545
2941,2941,19.943,27.485,0.392,6.598,32.086,0.545
2942,2942,19.942,27.469,0.392,6.589,32.099,0.545
2943,2943,19.94,27.455,0.392,6.581,32.112,0.545
2944,2944,19.939,27.442,0.392,6.574,32.124,0.545
2945,2945,19.937,27.43,0.392,6.569,32.136,0.545
2946,2946,19.936,27.42,0.392,6.565,32.148,0.546
2947,2947,19.935,27.412,0.391,6.563,32.16,0.546
2948,2948,19.934,27.405,0.391,6.561,32.171,0.546
2949,2949,19.934,27.399,0.391,6.561,32.181,0.546
2950,2950,19.933,27.395,0.391,6.562,32.192,0.546
2951,2951,19.933,27.393,0.391,6.565,32.202,0.546
2952,2952,19.933,27.392,0.391,6.569,32.212,0.546
2953,2953,19.933,27.393,0.391,6.574,32.221,0.546
2954,2954,19.933,27.395,0.391,6.581,32.23,0.546
2955,2955,19.933,27.398,0.391,6.589,32.238,0.546
2956,2956,19.933,27.403,0.391,6.598,32.247,0.546
2957,2957,19.934,27.41,0.391,6.608,32.254,0.546
2958,2958,19.935,27.418,0.391,6.62,32.262,0.546
2959,2959,19.936,27.428,0.391,6.633,32.269,0.547
2960,2960,19.937,27.439,0.391,6.647,32.276,0.547
2961,2961,19.938,27.452,0.391,6.663,32.282,0.547
2962,2962,19.939,27.466,0.391,6.68,32.288,0.547
2963,2963,19.94,27.482,0.391,6.698,32.294,0.547
2964,2964,19.942,27.499,0.391,6.718,32.299,0.547
2965,2965,19.944,27.518,0.391,6.739,32.304,0.547
2966,2966,19.946,27.538,0.391,6.761,32.309,0.547
2967,2967,19.948,27.56,0.392,6.784,32.313,0.547
2968,2968,19.95,27.583,0.392,6.808,32.317,0.548
2969,2969,19.952,27.608,0.392,6.834,32.32,0.548
2970,2970,19.955,27.634,0.392,6.861,32.323,0.548
2971,2971,19.957,27.661,0.392,6.889,32.326,0.548
2972,2972,19.96,27.69,0.392,6.918,32.328,0.548
2973,2973,19.963,27.72,0.392,6.949,32.33,0.548
2974,2974,19.966,27.752,0.393,6.98,32.332,0.549
2975,2975,19.969,27.785,0.393,7.013,32.333,0.549
2976,2976,19.972,27.819,0.393,7.047,32.334,0.549
2977,2977,19.975,27.855,0.393,7.082,32.334,0.549
2978,2978,19.979,27.891,0.394,7.118,32.335,0.549
2979,2979,19.983,27.929,0.394,7.155,32.335,0.549
2980,2980,19.986,27.969,0.394,7.193,32.334,0.55
2981,2981,19.99,28.009,0.394,7.232,32.333,0.55
2982,2982,19.994,28.051,0.395,7.272,32.332,0.55
2983,2983,19.998,28.094,0.395,7.313,32.331,0.55
2984,2984,20.003,28.138,0.395,7.355,32.329,0.55
2985,2985,20.007,28.183,0.395,7.398,32.327,0.55
2986,2986,20.011,28.229,0.396,7.441,32.325,0.551
2987,2987,20.016,28.276,0.396,7.486,32.322,0.551
2988,2988,20.021,28.325,0.396,7.531,32.319,0.551
2989,2989,20.026,28.374,0.397,7.577,32.316,0.551
2990,2990,20.03,28.424,0.397,7.624,32.312,0.551
2991,2991,20.035,28.475,0.397,7.672,32.308,0.552
2992,2992,20.04,28.527,0.398,7.721,32.304,0.552
2993,2993,20.046,28.58,0.398,7.77,32.299,0.552
2994,2994,20.051,28.634,0.398,7.82,32.295,0.552
2995,2995,20.056,28.689,0.399,7.87,32.29,0.552
2996,2996,20.062,28.744,0.399,7.921,32.284,0.553
2997,2997,20.067,28.8,0.4,7.973,32.279,0.553
2998,2998,20.073,28.857,0.4,8.025,32.273,0.553
2999,2999,20.079,28.914,0.4,8.078,32.267,0.553
3000,3000,20.085,28.972,0.401,8.131,32.261,0.554
3001,3001,20.09,29.031,0.401,8.185,32.254,0.554
3002,3002,20.096,29.091,0.402,8.239,32.248,0.554
3003,3003,20.102,29.151,0.402,8.293,32.241,0.554
3004,3004,20.109,29.211,0.403,8.348,32.233,0.555
3005,3005,20.115,29.272,0.403,8.404,32.226,0.555
3006,3006,20.121,29.333,0.403,8.459,32.219,0.555
3007,3007,20.127,29.395,0.404,8.515,32.211,0.555
3008,3008,20.134,29.457,0.404,8.571,32.203,0.555
3009,3009,20.14,29.52,0.405,8.628,32.195,0.556
3010,3010,20.146,29.583,0.405,8.684,32.187,0.556
3011,3011,20.153,29.646,0.406,8.741,32.178,0.556
3012,3012,20.16,29.709,0.406,8.798,32.169,0.556
3013,3013,20.166,29.773,0.407,8.855,32.161,0.557
3014,3014,20.173,29.837,0.407,8.912,32.152,0.557
3015,3015,20.179,29.901,0.408,8.97,32.143,0.557
3016,3016,20.186,29.965,0.408,9.027,32.134,0.557
3017,3017,20.193,30.029,0.409,9.084,32.124,0.558
3018,3018,20.2,30.093,0.409,9.141,32.115,0.558
3019,3019,20.207,30.158,0.41,9.198,32.105,0.558
3020,3020,20.213,30.222,0.41,9.256,32.096,0.558
3021,3021,20.22,30.287,0.411,9.313,32.086,0.559
3022,3022,20.227,30.351,0.411,9.37,32.076,0.559
3023,3023,20.234,30.415,0.411,9.426,32.066,0.559
3024,3024,20.241,30.48,0.412,9.483,32.056,0.559
3025,3025,20.248,30.544,0.412,9.539,32.046,0.56
3026,3026,20.255,30.608,0.413,9.595,32.036,0.56
3027,3027,20.262,30.671,0.413,9.651,32.026,0.56
3028,3028,20.269,30.735,0.414,9.707,32.015,0.56
3029,3029,20.276,30.798,0.414,9.762,32.005,0.561
3030,3030,20.283,30.862,0.415,9.817,31.995,0.561
3031,3031,20.29,30.924,0.415,9.872,31.984,0.561
3032,3032,20.297,30.987,0.416,9.926,31.974,0.561
3033,3033,20.304,31.049,0.416,9.98,31.963,0.562
3034,3034,20.311,31.111,0.417,10.034,31.953,0.562
3035,3035,20.318,31.173,0.417,10.087,31.943,0.562
3036,3036,20.325,31.234,0.418,10.14,31.932,0.562
3037,3037,20.331,31.295,0.418,10.192,31.922,0.563
3038,3038,20.338,31.355,0.419,10.244,31.911,0.563
3039,3039,20.345,31.415,0.419,10.295,31.901,0.563
3040,3040,20.352,31.475,0.42,10.346,31.89,0.563
3041,3041,20.359,31.533,0.42,10.396,31.88,0.564
3042,3042,20.366,31.592,0.421,10.446,31.87,0.564
3043,3043,20.372,31.65,0.421,10.495,31.859,0.564
3044,3044,20.379,31.707,0.422,10.543,31.849,0.564
3045,3045,20.386,31.764,0.422,10.591,31.839,0.565
3046,3046,20.393,31.821,0.422,10.639,31.829,0.565
3047,3047,20.399,31.876,0.423,10.685,31.819,0.565
3048,3048,20.406,31.932,0.423,10.731,31.808,0.565
3049,3049,20.412,31.986,0.424,10.777,31.799,0.566
3050,3050,20.419,32.04,0.424,10.822,31.789,0.566
3051,3051,20.425,32.093,0.425,10.866,31.779,0.566
3052,3052,20.432,32.146,0.425,10.909,31.769,0.566
3053,3053,20.438,32.198,0.426,10.952,31.76,0.567
3054,3054,20.444,32.249,0.426,10.994,31.75,0.567
3055,3055,20.451,32.3,0.426,11.035,31.741,0.567
3056,3056,20.457,32.35,0.427,11.076,31.731,0.567
3057,3057,20.463,32.399,0.427,11.116,31.722,0.567
3058,3058,20.469,32.448,0.428,11.155,31.713,0.568
3059,3059,20.475,32.496,0.428,11.194,31.704,0.568
3060,3060,20.481,32.543,0.428,11.231,31.695,0.568
3061,3061,20.487,32.589,0.429,11.268,31.686,0.568
3062,3062,20.493,32.635,0.429,11.305,31.678,0.569
3063,3063,20.499,32.679,0.429,11.34,31.669,0.569
3064,3064,20.504,32.724,0.43,11.375,31.661,0.569
3065,3065,20.51,32.767,0.43,11.409,31.653,0.569
3066,3066,20.516,32.809,0.431,11.442,31.645,0.569
3067,3067,20.521,32.851,0.431,11.474,31.637,0.57
3068,3068,20.527,32.892,0.431,11.506,31.629,0.57
3069,3069,20.532,32.932,0.432,11.536,31.622,0.57
3070,3070,20.537,32.971,0.432,11.566,31.615,0.57
3071,3071,20.542,33.01,0.432,11.595,31.607,0.57
3072,3072,20.548,33.048,0.432,11.624,31.6,0.571
3073,3073,20.553,33.085,0.433,11.651,31.593,0.571
3074,3074,20.558,33.121,0.433,11.678,31.587,0.571
3075,3075,20.563,33.156,0.433,11.704,31.58,0.571
3076,3076,20.567,33.19,0.434,11.729,31.574,0.571
3077,3077,20.572,33.224,0.434,11.753,31.568,0.572
3078,3078,20.577,33.257,0.434,11.777,31.562,0.572
3079,3079,20.581,33.288,0.434,11.8,31.556,0.572
3080,3080,20.586,33.32,0.435,11.822,31.551,0.572
3081,3081,20.591,33.443,0.435,11.864,31.554,0.572
3082,3082,20.6,33.814,0.435,11.962,31.58,0.572
3083,3083,20.608,34.173,0.435,12.058,31.605,0.572
3084,3084,20.617,34.522,0.436,12.15,31.629,0.571
3085,3085,20.625,34.859,0.436,12.238,31.653,0.571
3086,3086,20.632,35.185,0.436,12.324,31.676,0.571
3087,3087,20.64,35.501,0.436,12.407,31.698,0.571
3088,3088,20.647,35.805,0.437,12.486,31.72,0.571
3089,3089,20.654,36.098,0.437,12.562,31.741,0.57
3090,3090,20.661,36.381,0.437,12.635,31.761,0.57
3091,3091,20.668,36.653,0.437,12.705,31.78,0.57
3092,3092,20.675,36.914,0.437,12.772,31.799,0.57
3093,3093,20.681,37.164,0.437,12.836,31.817,0.57
3094,3094,20.687,37.404,0.438,12.897,31.835,0.57
3095,3095,20.693,37.633,0.438,12.955,31.852,0.569
3096,3096,20.698,37.852,0.438,13.01,31.868,0.569
3097,3097,20.704,38.06,0.438,13.061,31.883,0.569
3098,3098,20.709,38.257,0.438,13.11,31.898,0.569
3099,3099,20.714,38.445,0.438,13.156,31.912,0.569
3100,3100,20.719,38.621,0.438,13.199,31.926,0.569
3101,3101,20.723,38.788,0.438,13.239,31.939,0.569
3102,3102,20.728,38.945,0.438,13.277,31.952,0.569
3103,3103,20.732,39.091,0.439,13.311,31.963,0.569
3104,3104,20.736,39.228,0.439,13.343,31.975,0.569
3105,3105,20.74,39.354,0.439,13.371,31.985,0.569
3106,3106,20.743,39.471,0.439,13.397,31.996,0.569
3107,3107,20.747,39.578,0.439,13.42,32.005,0.569
3108,3108,20.75,39.674,0.439,13.441,32.014,0.569
3109,3109,20.753,39.762,0.439,13.459,32.023,0.569
3110,3110,20.756,39.84,0.439,13.474,32.03,0.569
3111,3111,20.758,39.908,0.439,13.486,32.038,0.569
3112,3112,20.761,39.966,0.439,13.496,32.045,0.569
3113,3113,20.763,40.016,0.439,13.503,32.051,0.569
3114,3114,20.765,40.056,0.439,13.507,32.057,0.569
3115,3115,20.767,40.087,0.439,13.509,32.062,0.569
3116,3116,20.769,40.108,0.439,13.509,32.067,0.569
3117,3117,20.77,40.121,0.439,13.506,32.071,0.569
3118,3118,20.771,40.125,0.439,13.5,32.075,0.569
3119,3119,20.772,40.12,0.439,13.492,32.078,0.569
3120,3120,20.773,40.106,0.439,13.482,32.081,0.569
3121,3121,20.774,40.083,0.438,13.469,32.083,0.57
3122,3122,20.775,40.052,0.438,13.454,32.085,0.57
3123,3123,20.775,40.012,0.438,13.436,32.086,0.57
3124,3124,20.775,39.964,0.438,13.416,32.087,0.57
3125,3125,20.775,39.907,0.438,13.394,32.088,0.57
3126,3126,20.775,39.842,0.438,13.37,32.088,0.57
3127,3127,20.775,39.769,0.438,13.344,32.088,0.57
3128,3128,20.775,39.688,0.438,13.315,32.087,0.57
3129,3129,20.774,39.599,0.438,13.284,32.086,0.571
3130,3130,20.773,39.503,0.438,13.251,32.084,0.571
3131,3131,20.773,39.398,0.437,13.216,32.082,0.571
3132,3132,20.772,39.286,0.437,13.179,32.08,0.571
3133,3133,20.77,39.167,0.437,13.14,32.077,0.571
3134,3134,20.769,39.039,0.437,13.098,32.074,0.572
3135,3135,20.768,38.905,0.437,13.055,32.071,0.572
3136,3136,20.766,38.764,0.437,13.01,32.067,0.572
3137,3137,20.764,38.615,0.436,12.963,32.063,0.572
3138,3138,20.762,38.459,0.436,12.915,32.058,0.572
3139,3139,20.76,38.297,0.436,12.864,32.053,0.573
3140,3140,20.758,38.128,0.436,12.812,32.048,0.573
3141,3141,20.756,37.952,0.435,12.757,32.042,0.573
3142,3142,20.754,37.77,0.435,12.702,32.036,0.573
3143,3143,20.751,37.581,0.435,12.644,32.03,0.574
3144,3144,20.749,37.386,0.435,12.585,32.024,0.574
3145,3145,20.746,37.185,0.435,12.524,32.017,0.574
3146,3146,20.743,36.978,0.434,12.462,32.01,0.574
3147,3147,20.74,36.765,0.434,12.398,32.002,0.575
3148,3148,20.737,36.546,0.434,12.332,31.995,0.575
3149,3149,20.734,36.322,0.433,12.265,31.987,0.575
3150,3150,20.731,36.093,0.433,12.197,31.978,0.575
3151,3151,20.727,35.858,0.433,12.128,31.97,0.576
3152,3152,20.724,35.618,0.433,12.057,31.961,0.576
3153,3153,20.72,35.373,0.432,11.984,31.952,0.576
3154,3154,20.717,35.123,0.432,11.911,31.943,0.576
3155,3155,20.713,34.868,0.432,11.836,31.934,0.577
3156,3156,20.709,34.608,0.431,11.76,31.924,0.577
3157,3157,20.706,34.345,0.431,11.683,31.914,0.577
3158,3158,20.702,34.077,0.431,11.605,31.904,0.578
3159,3159,20.698,33.805,0.43,11.526,31.894,0.578
3160,3160,20.694,33.528,0.43,11.445,31.883,0.578
3161,3161,20.69,33.249,0.43,11.364,31.873,0.578
3162,3162,20.687,33.074,0.429,11.307,31.872,0.579
3163,3163,20.686,33.042,0.429,11.281,31.884,0.579
3164,3164,20.685,33.01,0.429,11.255,31.897,0.578
3165,3165,20.684,32.977,0.428,11.229,31.909,0.578
3166,3166,20.683,32.943,0.428,11.202,31.922,0.578
3167,3167,20.682,32.909,0.428,11.176,31.934,0.578
3168,3168,20.681,32.875,0.427,11.149,31.947,0.578
3169,3169,20.68,32.841,0.427,11.123,31.96,0.578
3170,3170,20.679,32.806,0.427,11.096,31.973,0.578
3171,3171,20.678,32.77,0.426,11.069,31.986,0.578
3172,3172,20.677,32.735,0.426,11.042,31.999,0.578
3173,3173,20.676,32.699,0.426,11.015,32.012,0.578
3174,3174,20.675,32.662,0.425,10.988,32.026,0.578
3175,3175,20.674,32.626,0.425,10.96,32.039,0.578
3176,3176,20.673,32.589,0.424,10.933,32.052,0.578
3177,3177,20.672,32.552,0.424,10.906,32.066,0.578
3178,3178,20.671,32.514,0.424,10.879,32.079,0.577
3179,3179,20.67,32.477,0.423,10.852,32.093,0.577
3180,3180,20.669,32.439,0.423,10.824,32.106,0.577
3181,3181,20.669,32.401,0.422,10.797,32.12,0.577
3182,3182,20.668,32.363,0.422,10.77,32.133,0.577
3183,3183,20.667,32.324,0.422,10.743,32.147,0.577
3184,3184,20.666,32.286,0.421,10.716,32.16,0.577
3185,3185,20.665,32.247,0.421,10.689,32.174,0.577
3186,3186,20.665,32.208,0.42,10.663,32.188,0.577
3187,3187,20.664,32.17,0.42,10.636,32.201,0.577
3188,3188,20.663,32.131,0.42,10.61,32.215,0.576
3189,3189,20.663,32.092,0.419,10.583,32.228,0.576
3190,3190,20.662,32.053,0.419,10.557,32.242,0.576
3191,3191,20.662,32.014,0.418,10.532,32.255,0.576
3192,3192,20.661,31.976,0.418,10.506,32.268,0.576
3193,3193,20.661,31.937,0.418,10.48,32.282,0.576
3194,3194,20.66,31.898,0.417,10.455,32.295,0.576
3195,3195,20.66,31.86,0.417,10.43,32.308,0.576
3196,3196,20.66,31.821,0.416,10.406,32.321,0.575
3197,3197,20.659,31.783,0.416,10.381,32.334,0.575
3198,3198,20.659,31.744,0.416,10.357,32.347,0.575
3199,3199,20.659,31.706,0.415,10.333,32.36,0.575
3200,3200,20.659,31.669,0.415,10.31,32.373,0.575
3201,3201,20.659,31.631,0.415,10.287,32.385,0.575
3202,3202,20.659,31.593,0.414,10.264,32.398,0.575
3203,3203,20.659,31.556,0.414,10.242,32.41,0.574
3204,3204,20.659,31.519,0.413,10.22,32.422,0.574
3205,3205,20.66,31.483,0.413,10.199,32.435,0.574
3206,3206,20.66,31.447,0.413,10.177,32.447,0.574
3207,3207,20.66,31.411,0.412,10.157,32.458,0.574
3208,3208,20.661,31.375,0.412,10.137,32.47,0.574
3209,3209,20.661,31.34,0.412,10.117,32.482,0.574
3210,3210,20.662,31.305,0.411,10.098,32.493,0.573
3211,3211,20.663,31.271,0.411,10.079,32.504,0.573
3212,3212,20.663,31.237,0.41,10.061,32.515,0.573
3213,3213,20.664,31.204,0.41,10.043,32.526,0.573
3214,3214,20.665,31.171,0.41,10.026,32.537,0.573
3215,3215,20.666,31.138,0.409,10.01,32.547,0.573
3216,3216,20.667,31.106,0.409,9.994,32.557,0.573
3217,3217,20.668,31.075,0.409,9.978,32.567,0.572
3218,3218,20.669,31.044,0.409,9.963,32.577,0.572
3219,3219,20.671,31.014,0.408,9.949,32.587,0.572
3220,3220,20.672,30.984,0.408,9.936,32.596,0.572
3221,3221,20.674,30.955,0.408,9.923,32.605,0.572
3222,3222,20.675,30.927,0.407,9.911,32.614,0.572
3223,3223,20.677,30.899,0.407,9.899,32.623,0.572
3224,3224,20.679,30.872,0.407,9.888,32.631,0.571
3225,3225,20.68,30.846,0.406,9.878,32.639,0.571
3226,3226,20.682,30.821,0.406,9.868,32.647,0.571
3227,3227,20.684,30.796,0.406,9.86,32.655,0.571
3228,3228,20.687,30.772,0.406,9.852,32.662,0.571
3229,3229,20.689,30.748,0.405,9.844,32.669,0.571
3230,3230,20.691,30.726,0.405,9.838,32.676,0.571
3231,3231,20.693,30.704,0.405,9.832,32.683,0.57
3232,3232,20.696,30.683,0.405,9.827,32.689,0.57
3233,3233,20.699,30.663,0.404,9.823,32.695,0.57
3234,3234,20.701,30.643,0.404,9.819,32.7,0.57
3235,3235,20.704,30.625,0.404,9.817,32.706,0.57
3236,3236,20.707,30.607,0.404,9.815,32.711,0.57
3237,3237,20.71,30.59,0.404,9.814,32.716,0.569
3238,3238,20.713,30.574,0.403,9.813,32.72,0.569
3239,3239,20.716,30.559,0.403,9.814,32.724,0.569
3240,3240,20.72,30.545,0.403,9.815,32.728,0.569
3241,3241,20.723,30.532,0.403,9.818,32.731,0.569
3242,3242,20.726,30.52,0.403,9.821,32.734,0.569
3243,3243,20.73,30.508,0.403,9.825,32.737,0.569
3244,3244,20.734,30.498,0.403,9.829,32.74,0.569
3245,3245,20.737,30.488,0.402,9.835,32.742,0.568
3246,3246,20.741,30.48,0.402,9.842,32.744,0.568
3247,3247,20.745,30.472,0.402,9.849,32.745,0.568
3248,3248,20.749,30.466,0.402,9.857,32.746,0.568
3249,3249,20.753,30.46,0.402,9.866,32.747,0.568
3250,3250,20.758,30.455,0.402,9.876,32.747,0.568
3251,3251,20.762,30.452,0.402,9.887,32.747,0.568
3252,3252,20.767,30.449,0.402,9.899,32.747,0.568
3253,3253,20.771,30.447,0.402,9.911,32.747,0.567
3254,3254,20.776,30.447,0.402,9.925,32.746,0.567
3255,3255,20.78,30.447,0.402,9.939,32.744,0.567
3256,3256,20.785,30.448,0.402,9.954,32.743,0.567
3257,3257,20.79,30.45,0.402,9.97,32.74,0.567
3258,3258,20.795,30.454,0.401,9.987,32.738,0.567
3259,3259,20.8,30.458,0.401,10.005,32.735,0.567
3260,3260,20.806,30.463,0.401,10.023,32.732,0.567
3261,3261,20.811,30.469,0.401,10.043,32.729,0.566
3262,3262,20.816,30.476,0.402,10.063,32.725,0.566
3263,3263,20.822,30.484,0.402,10.084,32.721,0.566
3264,3264,20.827,30.493,0.402,10.106,32.716,0.566
3265,3265,20.833,30.503,0.402,10.129,32.711,0.566
3266,3266,20.839,30.514,0.402,10.152,32.706,0.566
3267,3267,20.844,30.526,0.402,10.177,32.701,0.566
3268,3268,20.85,30.539,0.402,10.202,32.695,0.566
3269,3269,20.856,30.553,0.402,10.228,32.688,0.566
3270,3270,20.862,30.568,0.402,10.255,32.682,0.566
3271,3271,20.868,30.584,0.402,10.282,32.675,0.565
3272,3272,20.875,30.6,0.402,10.31,32.667,0.565
3273,3273,20.881,30.618,0.402,10.34,32.66,0.565
3274,3274,20.887,30.636,0.402,10.369,32.652,0.565
3275,3275,20.894,30.656,0.403,10.4,32.643,0.565
3276,3276,20.9,30.676,0.403,10.431,32.635,0.565
3277,3277,20.907,30.697,0.403,10.463,32.625,0.565
3278,3278,20.913,30.719,0.403,10.496,32.616,0.565
3279,3279,20.92,30.741,0.403,10.529,32.606,0.565
3280,3280,20.927,30.765,0.403,10.563,32.596,0.565
3281,3281,20.933,30.789,0.404,10.597,32.586,0.565
3282,3282,20.94,30.814,0.404,10.633,32.575,0.565
3283,3283,20.947,30.84,0.404,10.669,32.564,0.565
3284,3284,20.954,30.867,0.404,10.705,32.553,0.564
3285,3285,20.961,30.895,0.404,10.742,32.541,0.564
3286,3286,20.968,30.923,0.405,10.78,32.529,0.564
3287,3287,20.975,30.952,0.405,10.818,32.517,0.564
3288,3288,20.982,30.981,0.405,10.857,32.505,0.564
3289,3289,20.99,31.012,0.405,10.896,32.492,0.564
3290,3290,20.997,31.043,0.405,10.936,32.479,0.564
3291,3291,21.004,31.074,0.406,10.976,32.465,0.564
3292,3292,21.012,31.107,0.406,11.017,32.451,0.564
3293,3293,21.019,31.14,0.406,11.058,32.437,0.564
3294,3294,21.026,31.173,0.406,11.099,32.423,0.564
3295,3295,21.034,31.207,0.407,11.141,32.409,0.564
3296,3296,21.041,31.242,0.407,11.184,32.394,0.564
3297,3297,21.049,31.277,0.407,11.227,32.379,0.564
3298,3298,21.056,31.313,0.408,11.27,32.363,0.564
3299,3299,21.064,31.349,0.408,11.313,32.348,0.564
3300,3300,21.071,31.386,0.408,11.357,32.332,0.564
3301,3301,21.079,31.424,0.409,11.401,32.316,0.564
3302,3302,21.086,31.461,0.409,11.446,32.299,0.564
3303,3303,21.094,31.5,0.409,11.49,32.283,0.563
3304,3304,21.101,31.538,0.41,11.535,32.266,0.563
3305,3305,21.109,31.577,0.41,11.58,32.249,0.563
3306,3306,21.116,31.617,0.41,11.626,32.232,0.563
3307,3307,21.124,31.656,0.411,11.671,32.214,0.563
3308,3308,21.133,31.837,0.411,11.751,32.21,0.563
3309,3309,21.146,32.249,0.411,11.887,32.227,0.563
3310,3310,21.159,32.663,0.412,12.023,32.245,0.562
3311,3311,21.171,33.076,0.412,12.16,32.262,0.562
3312,3312,21.183,33.49,0.412,12.297,32.279,0.561
3313,3313,21.196,33.904,0.413,12.434,32.295,0.56
3314,3314,21.208,34.317,0.413,12.57,32.312,0.56
3315,3315,21.221,34.73,0.413,12.707,32.328,0.559
3316,3316,21.233,35.142,0.414,12.844,32.344,0.559
3317,3317,21.246,35.554,0.414,12.98,32.36,0.558
3318,3318,21.258,35.964,0.415,13.117,32.375,0.558
3319,3319,21.27,36.374,0.415,13.253,32.39,0.557
3320,3320,21.282,36.782,0.415,13.388,32.405,0.557
3321,3321,21.295,37.189,0.416,13.523,32.42,0.556
3322,3322,21.307,37.594,0.416,13.658,32.434,0.556
3323,3323,21.319,37.997,0.417,13.792,32.448,0.555
3324,3324,21.331,38.398,0.417,13.926,32.461,0.555
3325,3325,21.343,38.797,0.417,14.059,32.474,0.554
3326,3326,21.355,39.194,0.418,14.191,32.487,0.554
3327,3327,21.366,39.588,0.418,14.322,32.5,0.553
3328,3328,21.378,39.98,0.419,14.453,32.512,0.553
3329,3329,21.39,40.368,0.419,14.583,32.524,0.552
3330,3330,21.401,40.755,0.419,14.712,32.535,0.552
3331,3331,21.412,41.138,0.42,14.84,32.546,0.552
3332,3332,21.424,41.518,0.42,14.967,32.556,0.551
3333,3333,21.435,41.894,0.421,15.093,32.567,0.551
3334,3334,21.446,42.267,0.421,15.217,32.576,0.55
3335,3335,21.457,42.637,0.421,15.341,32.586,0.55
3336,3336,21.468,43.003,0.422,15.464,32.595,0.549
3337,3337,21.478,43.365,0.422,15.585,32.603,0.549
3338,3338,21.489,43.723,0.423,15.705,32.611,0.548
3339,3339,21.499,44.077,0.423,15.823,32.619,0.548
3340,3340,21.51,44.427,0.424,15.94,32.626,0.548
3341,3341,21.52,44.772,0.424,16.056,32.633,0.547
3342,3342,21.53,45.114,0.424,16.171,32.639,0.547
3343,3343,21.54,45.45,0.425,16.283,32.645,0.546
3344,3344,21.55,45.782,0.425,16.395,32.65,0.546
3345,3345,21.559,46.11,0.426,16.505,32.655,0.546
3346,3346,21.569,46.432,0.426,16.613,32.66,0.545
3347,3347,21.578,46.75,0.427,16.719,32.664,0.545
3348,3348,21.587,47.062,0.427,16.824,32.667,0.545
3349,3349,21.596,47.37,0.427,16.927,32.67,0.544
3350,3350,21.605,47.672,0.428,17.029,32.673,0.544
3351,3351,21.613,47.969,0.428,17.128,32.675,0.544
3352,3352,21.622,48.261,0.429,17.226,32.677,0.543
3353,3353,21.63,48.547,0.429,17.322,32.678,0.543
3354,3354,21.638,48.828,0.429,17.417,32.679,0.543
3355,3355,21.646,49.103,0.43,17.509,32.679,0.542
3356,3356,21.654,49.372,0.43,17.599,32.679,0.542
3357,3357,21.661,49.636,0.431,17.688,32.678,0.542
3358,3358,21.668,49.894,0.431,17.774,32.677,0.541
3359,3359,21.669,49.799,0.433,17.765,32.605,0.542
3360,3360,21.665,49.437,0.437,17.681,32.48,0.544
3361,3361,21.661,49.079,0.44,17.599,32.357,0.545
3362,3362,21.657,48.724,0.444,17.517,32.235,0.547
3363,3363,21.653,48.374,0.447,17.436,32.115,0.548
3364,3364,21.649,48.027,0.451,17.356,31.997,0.55
3365,3365,21.645,47.684,0.454,17.277,31.88,0.551
3366,3366,21.64,47.345,0.457,17.198,31.765,0.552
3367,3367,21.636,47.01,0.461,17.12,31.652,0.554
3368,3368,21.632,46.679,0.464,17.042,31.54,0.555
3369,3369,21.628,46.352,0.467,16.966,31.431,0.556
3370,3370,21.623,46.028,0.47,16.89,31.322,0.558
3371,3371,21.619,45.709,0.473,16.815,31.216,0.559
3372,3372,21.615,45.394,0.476,16.74,31.112,0.56
3373,3373,21.61,45.082,0.479,16.667,31.009,0.562
3374,3374,21.606,44.775,0.482,16.594,30.908,0.563
3375,3375,21.602,44.472,0.484,16.522,30.809,0.564
3376,3376,21.597,44.173,0.487,16.451,30.711,0.565
3377,3377,21.593,43.877,0.49,16.381,30.616,0.566
3378,3378,21.588,43.586,0.492,16.311,30.522,0.567
3379,3379,21.583,43.299,0.495,16.242,30.43,0.568
3380,3380,21.579,43.016,0.497,16.174,30.34,0.569
3381,3381,21.574,42.737,0.5,16.107,30.251,0.571
3382,3382,21.57,42.461,0.502,16.041,30.165,0.572
3383,3383,21.565,42.19,0.504,15.975,30.08,0.573
3384,3384,21.56,41.923,0.506,15.91,29.997,0.573
3385,3385,21.555,41.66,0.509,15.846,29.916,0.574
3386,3386,21.55,41.401,0.511,15.783,29.837,0.575
3387,3387,21.546,41.146,0.513,15.721,29.76,0.576
3388,3388,21.541,40.895,0.515,15.659,29.684,0.577
3389,3389,21.536,40.648,0.517,15.599,29.611,0.578
3390,3390,21.531,40.404,0.518,15.539,29.539,0.579
3391,3391,21.526,40.165,0.52,15.48,29.469,0.58
3392,3392,21.521,39.93,0.522,15.422,29.401,0.58
3393,3393,21.516,39.698,0.523,15.364,29.335,0.581
3394,3394,21.511,39.471,0.525,15.308,29.27,0.582
3395,3395,21.506,39.247,0.527,15.252,29.207,0.583
3396,3396,21.501,39.028,0.528,15.197,29.147,0.583
3397,3397,21.495,38.812,0.529,15.143,29.088,0.584
3398,3398,21.49,38.6,0.531,15.089,29.03,0.585
3399,3399,21.485,38.392,0.532,15.037,28.975,0.585
3400,3400,21.48,38.187,0.533,14.985,28.922,0.586
3401,3401,21.474,37.987,0.534,14.934,28.87,0.586
3402,3402,21.469,37.79,0.535,14.884,28.82,0.587
3403,3403,21.463,37.597,0.536,14.834,28.772,0.587
3404,3404,21.458,37.408,0.537,14.786,28.726,0.588
3405,3405,21.453,37.223,0.538,14.738,28.681,0.588
3406,3406,21.447,37.041,0.539,14.691,28.638,0.589
3407,3407,21.441,36.863,0.54,14.645,28.597,0.589
3408,3408,21.436,36.689,0.54,14.6,28.558,0.589
3409,3409,21.43,36.518,0.541,14.555,28.521,0.59
3410,3410,21.425,36.351,0.542,14.512,28.485,0.59
3411,3411,21.419,36.188,0.542,14.469,28.452,0.591
3412,3412,21.413,36.028,0.542,14.427,28.419,0.591
3413,3413,21.408,35.872,0.543,14.385,28.389,0.591
3414,3414,21.402,35.72,0.543,14.345,28.361,0.591
3415,3415,21.396,35.571,0.543,14.305,28.334,0.592
3416,3416,21.39,35.426,0.544,14.266,28.309,0.592
3417,3417,21.384,35.285,0.544,14.228,28.285,0.592
3418,3418,21.378,35.147,0.544,14.191,28.264,0.592
3419,3419,21.372,35.012,0.544,14.154,28.244,0.592
3420,3420,21.367,34.881,0.544,14.118,28.226,0.592
3421,3421,21.361,34.754,0.543,14.084,28.209,0.592
3422,3422,21.355,34.63,0.543,14.049,28.194,0.592
3423,3423,21.349,34.51,0.543,14.016,28.181,0.593
3424,3424,21.342,34.393,0.543,13.984,28.17,0.593
3425,3425,21.336,34.28,0.542,13.952,28.16,0.593
3426,3426,21.33,34.17,0.542,13.921,28.152,0.592
3427,3427,21.324,34.064,0.541,13.891,28.146,0.592
3428,3428,21.318,33.961,0.541,13.861,28.141,0.592
3429,3429,21.312,33.861,0.54,13.833,28.138,0.592
3430,3430,21.306,33.765,0.539,13.805,28.137,0.592
3431,3431,21.299,33.673,0.538,13.778,28.137,0.592
3432,3432,21.293,33.584,0.538,13.752,28.139,0.592
3433,3433,21.287,33.498,0.537,13.727,28.142,0.592
3434,3434,21.282,33.477,0.535,13.718,28.159,0.591
3435,3435,21.278,33.511,0.534,13.724,28.187,0.591
3436,3436,21.273,33.544,0.532,13.73,28.217,0.59
3437,3437,21.269,33.578,0.53,13.736,28.247,0.59
3438,3438,21.264,33.612,0.529,13.742,28.278,0.589
3439,3439,21.26,33.646,0.527,13.748,28.31,0.588
3440,3440,21.255,33.68,0.525,13.753,28.343,0.588
3441,3441,21.25,33.715,0.523,13.759,28.377,0.587
3442,3442,21.246,33.749,0.521,13.764,28.411,0.586
3443,3443,21.241,33.784,0.519,13.77,28.447,0.586
3444,3444,21.236,33.819,0.517,13.775,28.484,0.585
3445,3445,21.231,33.854,0.515,13.781,28.521,0.584
3446,3446,21.226,33.89,0.513,13.786,28.559,0.584
3447,3447,21.221,33.925,0.511,13.791,28.598,0.583
3448,3448,21.216,33.961,0.509,13.797,28.638,0.582
3449,3449,21.211,33.996,0.507,13.802,28.679,0.582
3450,3450,21.206,34.032,0.505,13.807,28.72,0.581
3451,3451,21.2,34.068,0.503,13.812,28.763,0.58
3452,3452,21.195,34.104,0.5,13.817,28.806,0.579
3453,3453,21.19,34.141,0.498,13.823,28.85,0.579
3454,3454,21.184,34.177,0.496,13.828,28.894,0.578
3455,3455,21.179,34.213,0.493,13.833,28.94,0.577
3456,3456,21.173,34.25,0.491,13.838,28.986,0.576
3457,3457,21.168,34.287,0.488,13.843,29.033,0.575
3458,3458,21.162,34.323,0.486,13.848,29.08,0.575
3459,3459,21.156,34.36,0.484,13.853,29.128,0.574
3460,3460,21.151,34.397,0.481,13.858,29.177,0.573
3461,3461,21.145,34.434,0.478,13.864,29.226,0.572
3462,3462,21.139,34.471,0.476,13.869,29.277,0.571
3463,3463,21.134,34.508,0.473,13.874,29.327,0.57
3464,3464,21.128,34.545,0.471,13.879,29.379,0.569
3465,3465,21.122,34.582,0.468,13.884,29.431,0.568
3466,3466,21.116,34.619,0.465,13.889,29.483,0.568
3467,3467,21.11,34.656,0.463,13.895,29.536,0.567
3468,3468,21.104,34.693,0.46,13.9,29.589,0.566
3469,3469,21.098,34.731,0.457,13.905,29.643,0.565
3470,3470,21.092,34.768,0.454,13.91,29.698,0.564
3471,3471,21.086,34.805,0.452,13.916,29.753,0.563
3472,3472,21.08,34.842,0.449,13.921,29.808,0.562
3473,3473,21.074,34.867,0.447,13.921,29.853,0.561
3474,3474,21.065,34.848,0.446,13.9,29.852,0.561
3475,3475,21.056,34.828,0.446,13.878,29.851,0.561
3476,3476,21.047,34.808,0.446,13.857,29.85,0.561
3477,3477,21.037,34.787,0.446,13.836,29.85,0.561
3478,3478,21.028,34.766,0.446,13.814,29.85,0.561
3479,3479,21.019,34.745,0.446,13.793,29.849,0.561
3480,3480,21.01,34.723,0.445,13.771,29.849,0.561
3481,3481,21.001,34.701,0.445,13.75,29.849,0.561
3482,3482,20.992,34.679,0.445,13.728,29.849,0.56
3483,3483,20.983,34.657,0.445,13.707,29.849,0.56
3484,3484,20.973,34.634,0.445,13.685,29.849,0.56
3485,3485,20.964,34.611,0.445,13.664,29.849,0.56
3486,3486,20.955,34.588,0.444,13.642,29.849,0.56
3487,3487,20.946,34.565,0.444,13.621,29.849,0.56
3488,3488,20.937,34.541,0.444,13.599,29.849,0.56
3489,3489,20.927,34.518,0.444,13.578,29.85,0.56
3490,3490,20.918,34.494,0.444,13.557,29.85,0.56
3491,3491,20.909,34.47,0.444,13.536,29.85,0.56
3492,3492,20.9,34.445,0.443,13.514,29.851,0.559
3493,3493,20.891,34.421,0.443,13.493,29.851,0.559
3494,3494,20.881,34.397,0.443,13.473,29.852,0.559
3495,3495,20.872,34.372,0.443,13.452,29.852,0.559
3496,3496,20.863,34.347,0.443,13.431,29.853,0.559
3497,3497,20.854,34.323,0.443,13.411,29.853,0.559
3498,3498,20.845,34.298,0.442,13.391,29.853,0.559
3499,3499,20.836,34.273,0.442,13.371,29.854,0.559
3500,3500,20.827,34.248,0.442,13.351,29.854,0.559
3501,3501,20.818,34.223,0.442,13.331,29.855,0.559
3502,3502,20.809,34.199,0.442,13.312,29.855,0.558
3503,3503,20.8,34.174,0.441,13.292,29.855,0.558
3504,3504,20.791,34.149,0.441,13.273,29.856,0.558
3505,3505,20.782,34.124,0.441,13.255,29.856,0.558
3506,3506,20.773,34.1,0.441,13.236,29.856,0.558
3507,3507,20.764,34.075,0.441,13.218,29.856,0.558
3508,3508,20.756,34.051,0.441,13.2,29.856,0.558
3509,3509,20.747,34.026,0.44,13.183,29.856,0.558
3510,3510,20.738,34.002,0.44,13.165,29.856,0.557
3511,3511,20.729,33.978,0.44,13.148,29.856,0.557
3512,3512,20.721,33.954,0.44,13.132,29.856,0.557
3513,3513,20.712,33.93,0.44,13.115,29.856,0.557
3514,3514,20.704,33.907,0.44,13.1,29.856,0.557
3515,3515,20.695,33.884,0.44,13.084,29.855,0.557
3516,3516,20.687,33.861,0.439,13.069,29.855,0.557
3517,3517,20.679,33.838,0.439,13.054,29.854,0.557
3518,3518,20.67,33.816,0.439,13.04,29.853,0.556
3519,3519,20.662,33.793,0.439,13.026,29.852,0.556
3520,3520,20.654,33.771,0.439,13.012,29.851,0.556
3521,3521,20.646,33.75,0.439,12.999,29.85,0.556
3522,3522,20.638,33.729,0.439,12.986,29.849,0.556
3523,3523,20.63,33.708,0.438,12.974,29.848,0.556
3524,3524,20.622,33.687,0.438,12.963,29.847,0.556
3525,3525,20.614,33.667,0.438,12.951,29.845,0.556
3526,3526,20.607,33.648,0.438,12.941,29.843,0.555
3527,3527,20.599,33.629,0.438,12.93,29.841,0.555
3528,3528,20.591,33.61,0.438,12.921,29.839,0.555
3529,3529,20.584,33.591,0.438,12.911,29.837,0.555
3530,3530,20.576,33.574,0.438,12.903,29.835,0.555
3531,3531,20.569,33.556,0.438,12.894,29.833,0.555
3532,3532,20.562,33.539,0.438,12.887,29.83,0.555
3533,3533,20.555,33.523,0.438,12.88,29.827,0.555
3534,3534,20.547,33.507,0.437,12.873,29.824,0.554
3535,3535,20.54,33.492,0.437,12.867,29.821,0.554
3536,3536,20.533,33.477,0.437,12.862,29.818,0.554
3537,3537,20.526,33.463,0.437,12.857,29.814,0.554
3538,3538,20.52,33.45,0.437,12.853,29.811,0.554
3539,3539,20.513,33.437,0.437,12.849,29.807,0.554
3540,3540,20.506,33.424,0.437,12.846,29.803,0.554
3541,3541,20.5,33.413,0.437,12.844,29.799,0.554
3542,3542,20.493,33.402,0.437,12.842,29.795,0.553
3543,3543,20.487,33.391,0.437,12.841,29.79,0.553
3544,3544,20.481,33.382,0.437,12.84,29.785,0.553
3545,3545,20.474,33.373,0.437,12.84,29.78,0.553
3546,3546,20.468,33.364,0.437,12.841,29.775,0.553
3547,3547,20.462,33.357,0.437,12.842,29.77,0.553
3548,3548,20.456,33.35,0.437,12.844,29.764,0.553
3549,3549,20.45,33.343,0.437,12.846,29.759,0.553
3550,3550,20.445,33.338,0.437,12.849,29.753,0.553
3551,3551,20.439,33.333,0.437,12.853,29.746,0.552
3552,3552,20.433,33.329,0.437,12.858,29.74,0.552
3553,3553,20.428,33.325,0.437,12.863,29.734,0.552
3554,3554,20.423,33.323,0.437,12.868,29.727,0.552
3555,3555,20.417,33.321,0.437,12.875,29.72,0.552
3556,3556,20.412,33.32,0.437,12.882,29.713,0.552
3557,3557,20.407,33.319,0.437,12.889,29.705,0.552
3558,3558,20.402,33.32,0.438,12.898,29.698,0.552
3559,3559,20.397,33.321,0.438,12.906,29.69,0.552
3560,3560,20.392,33.323,0.438,12.916,29.682,0.551
3561,3561,20.387,33.326,0.438,12.926,29.674,0.551
3562,3562,20.383,33.329,0.438,12.937,29.665,0.551
3563,3563,20.378,33.334,0.438,12.948,29.656,0.551
3564,3564,20.373,33.339,0.438,12.96,29.648,0.551
3565,3565,20.369,33.344,0.438,12.973,29.639,0.551
3566,3566,20.365,33.351,0.438,12.986,29.629,0.551
3567,3567,20.36,33.358,0.438,13.0,29.62,0.551
3568,3568,20.356,33.367,0.439,13.014,29.61,0.551
3569,3569,20.352,33.376,0.439,13.029,29.6,0.551
3570,3570,20.348,33.385,0.439,13.045,29.59,0.551
3571,3571,20.344,33.396,0.439,13.061,29.58,0.55
3572,3572,20.34,33.407,0.439,13.077,29.569,0.55
3573,3573,20.337,33.419,0.439,13.095,29.558,0.55
3574,3574,20.333,33.432,0.44,13.112,29.548,0.55
3575,3575,20.329,33.445,0.44,13.131,29.536,0.55
3576,3576,20.326,33.459,0.44,13.15,29.525,0.55
3577,3577,20.322,33.474,0.44,13.169,29.514,0.55
3578,3578,20.319,33.49,0.44,13.189,29.502,0.55
3579,3579,20.316,33.506,0.441,13.209,29.49,0.55
3580,3580,20.312,33.523,0.441,13.23,29.478,0.55
3581,3581,20.309,33.541,0.441,13.251,29.466,0.55
3582,3582,20.306,33.56,0.441,13.273,29.453,0.55
3583,3583,20.303,33.579,0.441,13.295,29.441,0.55
3584,3584,20.3,33.599,0.442,13.318,29.428,0.549
3585,3585,20.297,33.619,0.442,13.341,29.415,0.549
3586,3586,20.294,33.64,0.442,13.364,29.402,0.549
3587,3587,20.292,33.662,0.442,13.388,29.388,0.549
3588,3588,20.289,33.685,0.443,13.412,29.375,0.549
3589,3589,20.286,33.708,0.443,13.437,29.361,0.549
3590,3590,20.284,33.731,0.443,13.462,29.347,0.549
3591,3591,20.281,33.756,0.443,13.487,29.333,0.549
3592,3592,20.279,33.78,0.444,13.513,29.319,0.549
3593,3593,20.276,33.806,0.444,13.539,29.305,0.549
3594,3594,20.274,33.832,0.444,13.565,29.291,0.549
3595,3595,20.272,33.858,0.445,13.592,29.276,0.549
3596,3596,20.269,33.885,0.445,13.618,29.261,0.549
3597,3597,20.267,33.913,0.445,13.645,29.247,0.549
3598,3598,20.265,33.941,0.445,13.673,29.232,0.549
3599,3599,20.263,33.969,0.446,13.7,29.216,0.549
3600,3600,20.261,33.998,0.446,13.728,29.201,0.549
3601,3601,20.259,34.027,0.446,13.755,29.186,0.549
3602,3602,20.256,34.057,0.447,13.783,29.17,0.548
3603,3603,20.254,34.087,0.447,13.812,29.155,0.548
3604,3604,20.253,34.118,0.447,13.84,29.139,0.548
3605,3605,20.251,34.149,0.448,13.868,29.123,0.548
3606,3606,20.249,34.18,0.448,13.897,29.107,0.548
3607,3607,20.247,34.212,0.448,13.925,29.091,0.548
3608,3608,20.245,34.244,0.449,13.954,29.075,0.548
3609,3609,20.243,34.276,0.449,13.983,29.059,0.548
3610,3610,20.241,34.309,0.449,14.011,29.043,0.548
3611,3611,20.24,34.342,0.45,14.04,29.027,0.548
3612,3612,20.238,34.375,0.45,14.069,29.01,0.548
3613,3613,20.236,34.408,0.45,14.097,28.994,0.548
3614,3614,20.234,34.442,0.451,14.126,28.977,0.548
3615,3615,20.232,34.476,0.451,14.155,28.96,0.548
3616,3616,20.231,34.51,0.451,14.183,28.944,0.548
3617,3617,20.229,34.544,0.452,14.212,28.927,0.548
3618,3618,20.227,34.578,0.452,14.24,28.91,0.548
3619,3619,20.226,34.612,0.452,14.268,28.893,0.548
3620,3620,20.224,34.647,0.453,14.297,28.876,0.548
3621,3621,20.222,34.682,0.453,14.325,28.859,0.548
3622,3622,20.22,34.716,0.453,14.352,28.842,0.548
3623,3623,20.219,34.751,0.454,14.38,28.825,0.548
3624,3624,20.217,34.786,0.454,14.407,28.808,0.548
3625,3625,20.215,34.821,0.455,14.435,28.791,0.548
3626,3626,20.213,34.856,0.455,14.462,28.774,0.548
3627,3627,20.212,34.891,0.455,14.489,28.757,0.548
3628,3628,20.21,34.926,0.456,14.515,28.74,0.548
3629,3629,20.208,34.961,0.456,14.542,28.723,0.548
3630,3630,20.206,34.995,0.456,14.568,28.706,0.548
3631,3631,20.204,35.03,0.457,14.593,28.689,0.548
3632,3632,20.202,35.065,0.457,14.619,28.672,0.548
3633,3633,20.2,35.099,0.457,14.644,28.655,0.548
3634,3634,20.198,35.134,0.458,14.669,28.637,0.548
3635,3635,20.196,35.168,0.458,14.693,28.62,0.548
3636,3636,20.194,35.202,0.458,14.717,28.603,0.548
3637,3637,20.192,35.236,0.459,14.741,28.586,0.547
3638,3638,20.19,35.27,0.459,14.765,28.569,0.547
3639,3639,20.188,35.304,0.459,14.788,28.552,0.547
3640,3640,20.186,35.337,0.46,14.81,28.535,0.547
3641,3641,20.184,35.37,0.46,14.832,28.519,0.547
3642,3642,20.181,35.403,0.461,14.854,28.502,0.547
3643,3643,20.179,35.436,0.461,14.876,28.485,0.547
3644,3644,20.177,35.469,0.461,14.897,28.468,0.547
3645,3645,20.174,35.501,0.462,14.917,28.452,0.547
3646,3646,20.172,35.533,0.462,14.937,28.435,0.547
3647,3647,20.169,35.564,0.462,14.957,28.418,0.547
3648,3648,20.167,35.596,0.463,14.976,28.402,0.547
3649,3649,20.164,35.627,0.463,14.995,28.386,0.547
3650,3650,20.162,35.657,0.463,15.013,28.369,0.547
3651,3651,20.159,35.687,0.464,15.031,28.353,0.547
3652,3652,20.156,35.717,0.464,15.048,28.337,0.547
3653,3653,20.153,35.747,0.464,15.064,28.321,0.547
3654,3654,20.15,35.776,0.465,15.081,28.305,0.547
3655,3655,20.147,35.805,0.465,15.096,28.289,0.547
3656,3656,20.144,35.833,0.465,15.111,28.273,0.547
3657,3657,20.141,35.861,0.465,15.126,28.257,0.547
3658,3658,20.138,35.888,0.466,15.14,28.242,0.547
3659,3659,20.135,35.915,0.466,15.154,28.226,0.547
3660,3660,20.131,35.942,0.466,15.167,28.211,0.547
3661,3661,20.128,35.968,0.467,15.179,28.196,0.547
3662,3662,20.124,35.993,0.467,15.191,28.18,0.547
3663,3663,20.121,36.018,0.467,15.202,28.165,0.547
3664,3664,20.117,36.043,0.467,15.213,28.151,0.547
3665,3665,20.113,36.067,0.468,15.223,28.136,0.547
3666,3666,20.109,36.079,0.469,15.228,28.11,0.548
3667,3667,20.104,36.078,0.47,15.226,28.073,0.548
3668,3668,20.099,36.077,0.471,15.223,28.037,0.548
3669,3669,20.094,36.077,0.473,15.221,28.002,0.549
3670,3670,20.089,36.077,0.474,15.219,27.967,0.549
3671,3671,20.083,36.078,0.475,15.216,27.934,0.549
3672,3672,20.078,36.079,0.476,15.213,27.902,0.55
3673,3673,20.073,36.08,0.477,15.211,27.871,0.55
3674,3674,20.068,36.082,0.478,15.208,27.842,0.55
3675,3675,20.062,36.084,0.479,15.205,27.813,0.55
3676,3676,20.057,36.086,0.48,15.201,27.785,0.551
3677,3677,20.051,36.089,0.481,15.198,27.759,0.551
3678,3678,20.046,36.092,0.482,15.194,27.734,0.551
3679,3679,20.041,36.096,0.483,15.191,27.71,0.551
3680,3680,20.035,36.1,0.484,15.187,27.687,0.551
3681,3681,20.029,36.104,0.484,15.183,27.665,0.551
3682,3682,20.024,36.109,0.485,15.179,27.644,0.552
3683,3683,20.018,36.114,0.486,15.175,27.625,0.552
3684,3684,20.012,36.119,0.486,15.171,27.606,0.552
3685,3685,20.007,36.125,0.486,15.167,27.589,0.552
3686,3686,20.001,36.131,0.487,15.162,27.574,0.552
3687,3687,19.995,36.138,0.487,15.158,27.559,0.552
3688,3688,19.989,36.144,0.487,15.153,27.545,0.552
3689,3689,19.983,36.152,0.488,15.149,27.533,0.552
3690,3690,19.978,36.159,0.488,15.144,27.522,0.552
3691,3691,19.972,36.167,0.488,15.139,27.512,0.552
3692,3692,19.966,36.176,0.488,15.134,27.504,0.552
3693,3693,19.96,36.184,0.488,15.129,27.496,0.552
3694,3694,19.953,36.193,0.488,15.123,27.49,0.552
3695,3695,19.947,36.203,0.488,15.118,27.486,0.552
3696,3696,19.941,36.212,0.488,15.113,27.482,0.552
3697,3697,19.935,36.222,0.487,15.107,27.48,0.552
3698,3698,19.929,36.233,0.487,15.102,27.478,0.552
3699,3699,19.922,36.243,0.487,15.096,27.479,0.552
3700,3700,19.916,36.254,0.486,15.09,27.48,0.551
3701,3701,19.91,36.265,0.486,15.084,27.483,0.551
3702,3702,19.903,36.277,0.485,15.078,27.487,0.551
3703,3703,19.897,36.289,0.485,15.072,27.492,0.551
3704,3704,19.891,36.301,0.484,15.066,27.498,0.551
3705,3705,19.884,36.314,0.483,15.06,27.506,0.55
3706,3706,19.878,36.326,0.482,15.054,27.515,0.55
3707,3707,19.871,36.339,0.482,15.047,27.525,0.55
3708,3708,19.864,36.353,0.481,15.041,27.537,0.55
3709,3709,19.858,36.366,0.48,15.034,27.55,0.549
3710,3710,19.851,36.38,0.479,15.028,27.564,0.549
3711,3711,19.844,36.394,0.478,15.021,27.579,0.549
3712,3712,19.838,36.409,0.476,15.014,27.596,0.548
3713,3713,19.831,36.423,0.475,15.008,27.614,0.548
3714,3714,19.823,36.423,0.475,14.994,27.619,0.548
3715,3715,19.815,36.41,0.474,14.975,27.613,0.548
3716,3716,19.807,36.396,0.474,14.954,27.608,0.548
3717,3717,19.799,36.381,0.474,14.934,27.603,0.548
3718,3718,19.79,36.366,0.474,14.913,27.598,0.548
3719,3719,19.782,36.349,0.474,14.891,27.593,0.548
3720,3720,19.773,36.331,0.474,14.868,27.589,0.548
3721,3721,19.765,36.312,0.474,14.845,27.585,0.548
3722,3722,19.756,36.293,0.474,14.822,27.581,0.548
3723,3723,19.747,36.272,0.474,14.798,27.577,0.548
3724,3724,19.739,36.25,0.474,14.773,27.573,0.548
3725,3725,19.73,36.228,0.474,14.748,27.57,0.548
3726,3726,19.721,36.204,0.474,14.722,27.567,0.548
3727,3727,19.712,36.179,0.474,14.696,27.564,0.548
3728,3728,19.702,36.154,0.474,14.669,27.561,0.548
3729,3729,19.693,36.127,0.473,14.642,27.559,0.548
3730,3730,19.684,36.099,0.473,14.614,27.557,0.547
3731,3731,19.675,36.07,0.473,14.586,27.555,0.547
3732,3732,19.665,36.041,0.473,14.557,27.553,0.547
3733,3733,19.656,36.01,0.473,14.527,27.551,0.547
3734,3734,19.646,35.978,0.473,14.497,27.55,0.547
3735,3735,19.637,35.945,0.472,14.467,27.549,0.547
3736,3736,19.627,35.911,0.472,14.435,27.548,0.547
3737,3737,19.618,35.876,0.472,14.404,27.547,0.547
3738,3738,19.608,35.84,0.472,14.372,27.546,0.547
3739,3739,19.598,35.803,0.472,14.339,27.546,0.547
3740,3740,19.588,35.765,0.471,14.306,27.546,0.547
3741,3741,19.578,35.726,0.471,14.272,27.546,0.547
3742,3742,19.569,35.685,0.471,14.238,27.546,0.547
3743,3743,19.559,35.644,0.471,14.203,27.547,0.547
3744,3744,19.549,35.602,0.471,14.168,27.547,0.547
3745,3745,19.539,35.558,0.47,14.132,27.548,0.547
3746,3746,19.528,35.514,0.47,14.096,27.549,0.547
3747,3747,19.518,35.468,0.47,14.06,27.55,0.547
3748,3748,19.508,35.421,0.47,14.023,27.552,0.547
3749,3749,19.498,35.373,0.469,13.985,27.553,0.547
3750,3750,19.488,35.325,0.469,13.947,27.555,0.547
3751,3751,19.478,35.275,0.469,13.908,27.557,0.546
3752,3752,19.467,35.224,0.468,13.869,27.559,0.546
3753,3753,19.457,35.172,0.468,13.83,27.562,0.546
3754,3754,19.447,35.119,0.468,13.79,27.564,0.546
3755,3755,19.436,35.065,0.468,13.75,27.567,0.546
3756,3756,19.426,35.009,0.467,13.709,27.57,0.546
3757,3757,19.415,34.953,0.467,13.668,27.573,0.546
3758,3758,19.405,34.896,0.467,13.626,27.576,0.546
3759,3759,19.395,34.838,0.466,13.584,27.579,0.546
3760,3760,19.384,34.778,0.466,13.541,27.583,0.546
3761,3761,19.374,34.718,0.465,13.498,27.586,0.546
3762,3762,19.363,34.657,0.465,13.455,27.59,0.546
3763,3763,19.353,34.594,0.465,13.411,27.594,0.545
3764,3764,19.342,34.531,0.464,13.367,27.598,0.545
3765,3765,19.332,34.466,0.464,13.323,27.602,0.545
3766,3766,19.321,34.401,0.464,13.278,27.607,0.545
3767,3767,19.311,34.334,0.463,13.232,27.611,0.545
3768,3768,19.3,34.267,0.463,13.187,27.616,0.545
3769,3769,19.29,34.199,0.462,13.141,27.621,0.545
3770,3770,19.279,34.129,0.462,13.095,27.625,0.545
3771,3771,19.269,34.059,0.462,13.048,27.63,0.545
3772,3772,19.258,33.988,0.461,13.001,27.635,0.544
3773,3773,19.248,33.916,0.461,12.954,27.641,0.544
3774,3774,19.238,33.843,0.46,12.906,27.646,0.544
3775,3775,19.227,33.769,0.46,12.858,27.651,0.544
3776,3776,19.217,33.694,0.46,12.81,27.657,0.544
3777,3777,19.206,33.618,0.459,12.761,27.662,0.544
3778,3778,19.196,33.542,0.459,12.713,27.668,0.544
3779,3779,19.186,33.465,0.458,12.664,27.674,0.543
3780,3780,19.176,33.386,0.458,12.614,27.68,0.543
3781,3781,19.165,33.308,0.457,12.565,27.686,0.543
3782,3782,19.155,33.228,0.457,12.515,27.692,0.543
3783,3783,19.145,33.147,0.456,12.465,27.698,0.543
3784,3784,19.135,33.066,0.456,12.415,27.704,0.543
3785,3785,19.125,32.984,0.456,12.365,27.71,0.542
3786,3786,19.115,32.901,0.455,12.314,27.716,0.542
3787,3787,19.105,32.818,0.455,12.263,27.723,0.542
3788,3788,19.095,32.734,0.454,12.213,27.729,0.542
3789,3789,19.085,32.649,0.454,12.162,27.735,0.542
3790,3790,19.075,32.564,0.453,12.11,27.742,0.542
3791,3791,19.065,32.478,0.453,12.059,27.748,0.541
3792,3792,19.055,32.391,0.452,12.008,27.755,0.541
3793,3793,19.046,32.304,0.452,11.956,27.761,0.541
3794,3794,19.036,32.217,0.451,11.905,27.767,0.541
3795,3795,19.027,32.129,0.451,11.853,27.774,0.541
3796,3796,19.017,32.04,0.45,11.802,27.78,0.541
3797,3797,19.008,31.951,0.45,11.75,27.787,0.54
3798,3798,18.998,31.862,0.449,11.698,27.793,0.54
3799,3799,18.989,31.772,0.449,11.647,27.8,0.54
3800,3800,18.98,31.682,0.448,11.595,27.806,0.54
3801,3801,18.97,31.591,0.448,11.543,27.813,0.54
3802,3802,18.961,31.5,0.447,11.492,27.819,0.539
3803,3803,18.952,31.409,0.447,11.44,27.826,0.539
3804,3804,18.943,31.318,0.446,11.388,27.832,0.539
3805,3805,18.935,31.226,0.446,11.337,27.838,0.539
3806,3806,18.926,31.134,0.445,11.286,27.844,0.539
3807,3807,18.917,31.042,0.445,11.235,27.851,0.538
3808,3808,18.909,30.95,0.444,11.184,27.857,0.538
3809,3809,18.9,30.858,0.444,11.133,27.863,0.538
3810,3810,18.892,30.766,0.443,11.082,27.869,0.538
3811,3811,18.883,30.673,0.443,11.031,27.875,0.537
3812,3812,18.875,30.581,0.442,10.981,27.881,0.537
3813,3813,18.867,30.489,0.442,10.931,27.887,0.537
3814,3814,18.859,30.396,0.441,10.881,27.892,0.537
3815,3815,18.851,30.304,0.441,10.832,27.898,0.537
3816,3816,18.843,30.212,0.44,10.782,27.903,0.536
3817,3817,18.836,30.12,0.44,10.733,27.909,0.536
3818,3818,18.828,30.029,0.44,10.685,27.914,0.536
3819,3819,18.821,29.937,0.439,10.636,27.919,0.536
3820,3820,18.813,29.846,0.439,10.588,27.925,0.535
3821,3821,18.806,29.755,0.438,10.541,27.93,0.535
3822,3822,18.799,29.664,0.438,10.493,27.934,0.535
3823,3823,18.792,29.574,0.437,10.446,27.939,0.535
3824,3824,18.785,29.484,0.437,10.4,27.944,0.534
3825,3825,18.778,29.395,0.436,10.354,27.948,0.534
3826,3826,18.771,29.306,0.436,10.308,27.953,0.534
3827,3827,18.765,29.218,0.435,10.263,27.957,0.534
3828,3828,18.758,29.13,0.435,10.219,27.961,0.533
3829,3829,18.752,29.043,0.434,10.175,27.965,0.533
3830,3830,18.746,28.956,0.434,10.131,27.969,0.533
3831,3831,18.74,28.87,0.434,10.088,27.972,0.533
3832,3832,18.734,28.784,0.433,10.046,27.976,0.533
3833,3833,18.728,28.7,0.433,10.004,27.979,0.532
3834,3834,18.722,28.616,0.432,9.962,27.982,0.532
3835,3835,18.717,28.532,0.432,9.922,27.985,0.532
3836,3836,18.711,28.45,0.431,9.882,27.988,0.532
3837,3837,18.706,28.368,0.431,9.842,27.991,0.531
3838,3838,18.701,28.287,0.431,9.803,27.993,0.531
3839,3839,18.696,28.208,0.43,9.765,27.995,0.531
3840,3840,18.691,28.129,0.43,9.728,27.997,0.531
3841,3841,18.686,28.051,0.43,9.691,27.999,0.53
3842,3842,18.681,27.973,0.429,9.655,28.001,0.53
3843,3843,18.677,27.897,0.429,9.62,28.002,0.53
3844,3844,18.672,27.822,0.428,9.585,28.004,0.53
3845,3845,18.668,27.748,0.428,9.551,28.005,0.529
3846,3846,18.664,27.675,0.428,9.518,28.006,0.529
3847,3847,18.66,27.604,0.427,9.486,28.006,0.529
3848,3848,18.656,27.533,0.427,9.455,28.007,0.529
3849,3849,18.652,27.463,0.427,9.424,28.007,0.528
3850,3850,18.649,27.395,0.426,9.394,28.007,0.528
3851,3851,18.645,27.328,0.426,9.365,28.007,0.528
3852,3852,18.642,27.262,0.426,9.337,28.007,0.528
3853,3853,18.639,27.197,0.425,9.309,28.006,0.527
3854,3854,18.636,27.134,0.425,9.283,28.005,0.527
3855,3855,18.633,27.072,0.425,9.257,28.004,0.527
3856,3856,18.63,27.011,0.425,9.232,28.003,0.527
3857,3857,18.628,26.951,0.424,9.208,28.002,0.526
3858,3858,18.625,26.893,0.424,9.185,28.0,0.526
3859,3859,18.623,26.836,0.424,9.163,27.998,0.526
3860,3860,18.621,26.781,0.423,9.142,27.996,0.526
3861,3861,18.619,26.726,0.423,9.121,27.994,0.525
3862,3862,18.617,26.674,0.423,9.102,27.991,0.525
3863,3863,18.615,26.622,0.423,9.083,27.989,0.525
3864,3864,18.614,26.572,0.423,9.066,27.986,0.525
3865,3865,18.612,26.524,0.422,9.049,27.983,0.525
3866,3866,18.611,26.477,0.422,9.033,27.979,0.524
3867,3867,18.61,26.431,0.422,9.018,27.976,0.524
3868,3868,18.608,26.387,0.422,9.004,27.972,0.524
3869,3869,18.608,26.344,0.421,8.991,27.968,0.524
3870,3870,18.607,26.302,0.421,8.979,27.964,0.523
3871,3871,18.606,26.262,0.421,8.967,27.959,0.523
3872,3872,18.605,26.224,0.421,8.957,27.954,0.523
3873,3873,18.605,26.187,0.421,8.947,27.95,0.523
3874,3874,18.605,26.151,0.421,8.939,27.944,0.523
3875,3875,18.604,26.117,0.42,8.931,27.939,0.522
3876,3876,18.604,26.085,0.42,8.924,27.934,0.522
3877,3877,18.604,26.053,0.42,8.918,27.928,0.522
3878,3878,18.605,26.024,0.42,8.913,27.922,0.522
3879,3879,18.605,25.995,0.42,8.909,27.916,0.521
3880,3880,18.605,25.968,0.42,8.906,27.909,0.521
3881,3881,18.606,25.943,0.42,8.903,27.903,0.521
3882,3882,18.607,25.919,0.42,8.902,27.896,0.521
3883,3883,18.607,25.896,0.42,8.901,27.889,0.521
3884,3884,18.608,25.875,0.419,8.901,27.882,0.52
3885,3885,18.609,25.855,0.419,8.902,27.874,0.52
3886,3886,18.61,25.836,0.419,8.903,27.867,0.52
3887,3887,18.611,25.819,0.419,8.906,27.859,0.52
3888,3888,18.613,25.803,0.419,8.909,27.851,0.52
3889,3889,18.614,25.788,0.419,8.913,27.843,0.519
3890,3890,18.616,25.775,0.419,8.918,27.835,0.519
3891,3891,18.617,25.763,0.419,8.923,27.826,0.519
3892,3892,18.619,25.753,0.419,8.93,27.817,0.519
3893,3893,18.621,25.743,0.419,8.937,27.809,0.519
3894,3894,18.623,25.735,0.419,8.944,27.799,0.518
3895,3895,18.625,25.728,0.419,8.953,27.79,0.518
3896,3896,18.627,25.722,0.419,8.962,27.781,0.518
3897,3897,18.629,25.718,0.419,8.971,27.771,0.518
3898,3898,18.631,25.714,0.419,8.982,27.762,0.518
3899,3899,18.633,25.712,0.419,8.993,27.752,0.518
3900,3900,18.636,25.711,0.419,9.004,27.742,0.517
3901,3901,18.638,25.711,0.419,9.016,27.731,0.517
3902,3902,18.641,25.712,0.419,9.029,27.721,0.517
3903,3903,18.643,25.714,0.419,9.042,27.711,0.517
3904,3904,18.646,25.717,0.419,9.056,27.7,0.517
3905,3905,18.649,25.721,0.419,9.07,27.689,0.516
3906,3906,18.652,25.725,0.419,9.085,27.678,0.516
3907,3907,18.654,25.731,0.419,9.1,27.667,0.516
3908,3908,18.657,25.738,0.419,9.116,27.656,0.516
3909,3909,18.66,25.746,0.419,9.132,27.645,0.516
3910,3910,18.663,25.754,0.419,9.148,27.633,0.516
3911,3911,18.666,25.763,0.419,9.165,27.622,0.515
3912,3912,18.67,25.773,0.419,9.182,27.61,0.515
3913,3913,18.673,25.784,0.419,9.2,27.598,0.515
3914,3914,18.676,25.796,0.42,9.218,27.586,0.515
3915,3915,18.679,25.808,0.42,9.236,27.574,0.515
3916,3916,18.682,25.821,0.42,9.254,27.562,0.515
3917,3917,18.686,25.834,0.42,9.273,27.55,0.514
3918,3918,18.689,25.848,0.42,9.292,27.538,0.514
3919,3919,18.692,25.863,0.42,9.311,27.525,0.514
3920,3920,18.696,25.878,0.42,9.33,27.513,0.514
3921,3921,18.699,25.894,0.42,9.35,27.5,0.514
3922,3922,18.703,25.91,0.42,9.369,27.488,0.514
3923,3923,18.706,25.927,0.42,9.389,27.475,0.513
3924,3924,18.709,25.944,0.42,9.409,27.462,0.513
3925,3925,18.713,25.961,0.42,9.429,27.449,0.513
3926,3926,18.716,25.979,0.421,9.449,27.436,0.513
3927,3927,18.72,25.997,0.421,9.469,27.423,0.513
3928,3928,18.723,26.015,0.421,9.489,27.41,0.513
3929,3929,18.727,26.034,0.421,9.509,27.397,0.513
3930,3930,18.73,26.053,0.421,9.529,27.384,0.512
3931,3931,18.734,26.072,0.421,9.549,27.371,0.512
3932,3932,18.737,26.091,0.421,9.568,27.357,0.512
3933,3933,18.741,26.111,0.421,9.588,27.344,0.512
3934,3934,18.744,26.13,0.421,9.608,27.331,0.512
3935,3935,18.747,26.149,0.422,9.627,27.317,0.512
3936,3936,18.751,26.169,0.422,9.646,27.304,0.512
3937,3937,18.754,26.189,0.422,9.665,27.29,0.511
3938,3938,18.757,26.208,0.422,9.684,27.277,0.511
3939,3939,18.761,26.228,0.422,9.703,27.264,0.511
3940,3940,18.764,26.247,0.422,9.721,27.25,0.511
3941,3941,18.767,26.266,0.422,9.74,27.236,0.511
3942,3942,18.77,26.285,0.422,9.758,27.223,0.511
3943,3943,18.773,26.304,0.422,9.775,27.209,0.511
3944,3944,18.776,26.323,0.422,9.792,27.196,0.51
3945,3945,18.779,26.342,0.423,9.809,27.182,0.51
3946,3946,18.782,26.36,0.423,9.826,27.169,0.51
3947,3947,18.785,26.378,0.423,9.842,27.155,0.51
3948,3948,18.788,26.396,0.423,9.858,27.142,0.51
3949,3949,18.791,26.413,0.423,9.873,27.128,0.51
3950,3950,18.794,26.43,0.423,9.888,27.115,0.51
3951,3951,18.797,26.447,0.423,9.903,27.102,0.51
3952,3952,18.799,26.463,0.423,9.917,27.088,0.509
3953,3953,18.802,26.479,0.423,9.93,27.075,0.509
3954,3954,18.804,26.494,0.424,9.943,27.061,0.509
3955,3955,18.807,26.509,0.424,9.956,27.048,0.509
3956,3956,18.809,26.523,0.424,9.968,27.035,0.509
3957,3957,18.811,26.537,0.424,9.98,27.022,0.509
3958,3958,18.814,26.55,0.424,9.991,27.008,0.509
3959,3959,18.816,26.563,0.424,10.001,26.995,0.509
3960,3960,18.818,26.574,0.424,10.011,26.982,0.508
3961,3961,18.82,26.586,0.424,10.02,26.969,0.508
3962,3962,18.822,26.596,0.424,10.028,26.956,0.508
3963,3963,18.823,26.606,0.424,10.036,26.943,0.508
3964,3964,18.825,26.615,0.424,10.044,26.931,0.508
3965,3965,18.827,26.624,0.424,10.05,26.918,0.508
3966,3966,18.828,26.632,0.424,10.056,26.905,0.508
3967,3967,18.829,26.639,0.424,10.062,26.893,0.508
3968,3968,18.831,26.645,0.425,10.066,26.88,0.507
3969,3969,18.832,26.65,0.425,10.07,26.868,0.507
3970,3970,18.833,26.655,0.425,10.073,26.855,0.507
3971,3971,18.834,26.658,0.425,10.076,26.843,0.507
3972,3972,18.835,26.661,0.425,10.078,26.831,0.507
3973,3973,18.836,26.663,0.425,10.079,26.819,0.507
3974,3974,18.837,26.664,0.425,10.079,26.807,0.507
3975,3975,18.837,26.664,0.425,10.078,26.795,0.507
3976,3976,18.838,26.663,0.425,10.077,26.783,0.506
3977,3977,18.838,26.661,0.425,10.075,26.772,0.506
3978,3978,18.838,26.658,0.425,10.072,26.76,0.506
3979,3979,18.838,26.654,0.425,10.068,26.749,0.506
3980,3980,18.838,26.649,0.425,10.064,26.738,0.506
3981,3981,18.838,26.643,0.425,10.058,26.726,0.506
3982,3982,18.838,26.635,0.425,10.052,26.715,0.506
3983,3983,18.838,26.627,0.425,10.045,26.704,0.506
3984,3984,18.837,26.618,0.425,10.037,26.694,0.506
3985,3985,18.837,26.607,0.425,10.029,26.683,0.505
3986,3986,18.836,26.596,0.425,10.019,26.672,0.505
3987,3987,18.835,26.583,0.425,10.009,26.662,0.505
3988,3988,18.834,26.569,0.425,9.997,26.652,0.505
3989,3989,18.833,26.554,0.425,9.985,26.642,0.505
3990,3990,18.832,26.537,0.425,9.972,26.632,0.505
3991,3991,18.83,26.52,0.425,9.958,26.622,0.505
3992,3992,18.829,26.501,0.424,9.943,26.612,0.505
3993,3993,18.827,26.481,0.424,9.927,26.603,0.505
3994,3994,18.826,26.46,0.424,9.91,26.593,0.504
3995,3995,18.824,26.437,0.424,9.892,26.584,0.504
3996,3996,18.822,26.413,0.424,9.874,26.575,0.504
3997,3997,18.82,26.388,0.424,9.854,26.566,0.504
3998,3998,18.818,26.362,0.424,9.834,26.557,0.504
3999,3999,18.815,26.334,0.424,9.812,26.548,0.504
4000,4000,18.813,26.304,0.424,9.79,26.54,0.504
