id_stratigraphie,id_anneau,id_formation,z_base,z_toit,epaisseur
1,1,R,49.2,53.12,3.92
2,1,L,47.68,49.2,1.52
3,1,S,36.36,47.68,11.32
4,1,M,22.8,36.36,13.57
5,1,C,17.37,22.8,5.43
6,1,A,6.22,17.37,11.15
7,1,K,3.22,6.22,3.0
8,2,R,49.21,53.12,3.91
9,2,L,47.69,49.21,1.51
10,2,S,36.4,47.69,11.3
11,2,M,22.87,36.4,13.53
12,2,C,17.47,22.87,5.4
13,2,A,6.31,17.47,11.15
14,2,K,3.31,6.31,3.0
15,3,R,49.21,53.12,3.91
16,3,L,47.71,49.21,1.51
17,3,S,36.43,47.71,11.27
18,3,M,22.94,36.43,13.5
19,3,C,17.56,22.94,5.37
20,3,A,6.41,17.56,11.16
21,3,K,3.41,6.41,3.0
22,4,R,49.22,53.12,3.9
23,4,L,47.72,49.22,1.5
24,4,S,36.47,47.72,11.25
25,4,M,23.01,36.47,13.46
26,4,C,17.66,23.01,5.35
27,4,A,6.5,17.66,11.16
28,4,K,3.5,6.5,3.0
29,5,R,49.22,53.12,3.9
30,5,L,47.73,49.22,1.49
31,5,S,36.5,47.73,11.23
32,5,M,23.08,36.5,13.42
33,5,C,17.76,23.08,5.32
34,5,A,6.6,17.76,11.16
35,5,K,3.6,6.6,3.0
36,6,R,49.23,53.12,3.9
37,6,L,47.74,49.23,1.49
38,6,S,36.54,47.74,11.2
39,6,M,23.15,36.54,13.39
40,6,C,17.86,23.15,5.29
41,6,A,6.69,17.86,11.17
42,6,K,3.69,6.69,3.0
43,7,R,49.23,53.12,3.89
44,7,L,47.75,49.23,1.48
45,7,S,36.57,47.75,11.18
46,7,M,23.22,36.57,13.35
47,7,C,17.96,23.22,5.26
48,7,A,6.79,17.96,11.17
49,7,K,3.79,6.79,3.0
50,8,R,49.24,53.12,3.89
51,8,L,47.76,49.24,1.48
52,8,S,36.61,47.76,11.16
53,8,M,23.29,36.61,13.31
54,8,C,18.06,23.29,5.24
55,8,A,6.89,18.06,11.17
56,8,K,3.89,6.89,3.0
57,9,R,49.24,53.12,3.88
58,9,L,47.77,49.24,1.47
59,9,S,36.64,47.77,11.13
60,9,M,23.36,36.64,13.28
61,9,C,18.16,23.36,5.21
62,9,A,6.99,18.16,11.17
63,9,K,3.99,6.99,3.0
64,10,R,49.25,53.12,3.88
65,10,L,47.78,49.25,1.46
66,10,S,36.67,47.78,11.11
67,10,M,23.43,36.67,13.24
68,10,C,18.25,23.43,5.18
69,10,A,7.09,18.25,11.17
70,10,K,4.09,7.09,3.0
71,11,R,49.25,53.12,3.87
72,11,L,47.79,49.25,1.46
73,11,S,36.71,47.79,11.09
74,11,M,23.5,36.71,13.2
75,11,C,18.35,23.5,5.15
76,11,A,7.18,18.35,11.17
77,11,K,4.18,7.18,3.0
78,12,R,49.25,53.12,3.87
79,12,L,47.8,49.25,1.45
80,12,S,36.74,47.8,11.06
81,12,M,23.57,36.74,13.17
82,12,C,18.45,23.57,5.12
83,12,A,7.28,18.45,11.17
84,12,K,4.28,7.28,3.0
85,13,R,49.26,53.12,3.86
86,13,L,47.81,49.26,1.44
87,13,S,36.77,47.81,11.04
88,13,M,23.64,36.77,13.13
89,13,C,18.55,23.64,5.09
90,13,A,7.38,18.55,11.17
91,13,K,4.38,7.38,3.0
92,14,R,49.26,53.11,3.85
93,14,L,47.82,49.26,1.44
94,14,S,36.8,47.82,11.02
95,14,M,23.71,36.8,13.09
96,14,C,18.65,23.71,5.06
97,14,A,7.48,18.65,11.17
98,14,K,4.48,7.48,3.0
99,15,R,49.26,53.11,3.85
100,15,L,47.83,49.26,1.43
101,15,S,36.83,47.83,11.0
102,15,M,23.78,36.83,13.06
103,15,C,18.75,23.78,5.03
104,15,A,7.58,18.75,11.16
105,15,K,4.58,7.58,3.0
106,16,R,49.26,53.11,3.84
107,16,L,47.84,49.26,1.42
108,16,S,36.86,47.84,10.97
109,16,M,23.84,36.86,13.02
110,16,C,18.85,23.84,5.0
111,16,A,7.69,18.85,11.16
112,16,K,4.69,7.69,3.0
113,17,R,49.26,53.1,3.84
114,17,L,47.85,49.26,1.42
115,17,S,36.9,47.85,10.95
116,17,M,23.91,36.9,12.98
117,17,C,18.95,23.91,4.96
118,17,A,7.79,18.95,11.16
119,17,K,4.79,7.79,3.0
120,18,R,49.27,53.1,3.83
121,18,L,47.85,49.27,1.41
122,18,S,36.93,47.85,10.93
123,18,M,23.98,36.93,12.95
124,18,C,19.04,23.98,4.93
125,18,A,7.89,19.04,11.16
126,18,K,4.89,7.89,3.0
127,19,R,49.27,53.09,3.82
128,19,L,47.86,49.27,1.41
129,19,S,36.96,47.86,10.91
130,19,M,24.04,36.96,12.91
131,19,C,19.14,24.04,4.9
132,19,A,7.99,19.14,11.15
133,19,K,4.99,7.99,3.0
134,20,R,49.27,53.09,3.82
135,20,L,47.87,49.27,1.4
136,20,S,36.98,47.87,10.88
137,20,M,24.11,36.98,12.88
138,20,C,19.24,24.11,4.87
139,20,A,8.09,19.24,11.15
140,20,K,5.09,8.09,3.0
141,21,R,49.27,53.08,3.81
142,21,L,47.88,49.27,1.39
143,21,S,37.01,47.88,10.86
144,21,M,24.17,37.01,12.84
145,21,C,19.34,24.17,4.84
146,21,A,8.19,19.34,11.14
147,21,K,5.19,8.19,3.0
148,22,R,49.27,53.07,3.81
149,22,L,47.88,49.27,1.39
150,22,S,37.04,47.88,10.84
151,22,M,24.24,37.04,12.8
152,22,C,19.43,24.24,4.8
153,22,A,8.29,19.43,11.14
154,22,K,5.29,8.29,3.0
155,23,R,49.27,53.07,3.8
156,23,L,47.89,49.27,1.38
157,23,S,37.07,47.89,10.82
158,23,M,24.3,37.07,12.77
159,23,C,19.53,24.3,4.77
160,23,A,8.4,19.53,11.13
161,23,K,5.4,8.4,3.0
162,24,R,49.27,53.06,3.79
163,24,L,47.89,49.27,1.37
164,24,S,37.1,47.89,10.8
165,24,M,24.36,37.1,12.73
166,24,C,19.63,24.36,4.74
167,24,A,8.5,19.63,11.13
168,24,K,5.5,8.5,3.0
169,25,R,49.27,53.05,3.79
170,25,L,47.9,49.27,1.37
171,25,S,37.12,47.9,10.78
172,25,M,24.43,37.12,12.7
173,25,C,19.72,24.43,4.7
174,25,A,8.6,19.72,11.12
175,25,K,5.6,8.6,3.0
176,26,R,49.27,53.04,3.78
177,26,L,47.9,49.27,1.36
178,26,S,37.15,47.9,10.75
179,26,M,24.49,37.15,12.66
180,26,C,19.82,24.49,4.67
181,26,A,8.7,19.82,11.12
182,26,K,5.7,8.7,3.0
183,27,R,49.26,53.04,3.77
184,27,L,47.91,49.26,1.36
185,27,S,37.18,47.91,10.73
186,27,M,24.55,37.18,12.63
187,27,C,19.91,24.55,4.64
188,27,A,8.8,19.91,11.11
189,27,K,5.8,8.8,3.0
190,28,R,49.26,53.03,3.76
191,28,L,47.91,49.26,1.35
192,28,S,37.2,47.91,10.71
193,28,M,24.61,37.2,12.59
194,28,C,20.01,24.61,4.6
195,28,A,8.9,20.01,11.11
196,28,K,5.9,8.9,3.0
197,29,R,49.26,53.02,3.76
198,29,L,47.92,49.26,1.34
199,29,S,37.23,47.92,10.69
200,29,M,24.67,37.23,12.55
201,29,C,20.1,24.67,4.57
202,29,A,9.0,20.1,11.1
203,29,K,6.0,9.0,3.0
204,30,R,49.26,53.01,3.75
205,30,L,47.92,49.26,1.34
206,30,S,37.25,47.92,10.67
207,30,M,24.73,37.25,12.52
208,30,C,20.2,24.73,4.53
209,30,A,9.11,20.2,11.09
210,30,K,6.11,9.11,3.0
211,31,R,49.25,53.0,3.74
212,31,L,47.92,49.25,1.33
213,31,S,37.27,47.92,10.65
214,31,M,24.79,37.27,12.49
215,31,C,20.29,24.79,4.5
216,31,A,9.21,20.29,11.08
217,31,K,6.21,9.21,3.0
218,32,R,49.25,52.99,3.73
219,32,L,47.93,49.25,1.33
220,32,S,37.3,47.93,10.63
221,32,M,24.84,37.3,12.45
222,32,C,20.38,24.84,4.46
223,32,A,9.31,20.38,11.08
224,32,K,6.31,9.31,3.0
225,33,R,49.25,52.97,3.73
226,33,L,47.93,49.25,1.32
227,33,S,37.32,47.93,10.61
228,33,M,24.9,37.32,12.42
229,33,C,20.47,24.9,4.43
230,33,A,9.41,20.47,11.07
231,33,K,6.41,9.41,3.0
232,34,R,49.24,52.96,3.72
233,34,L,47.93,49.24,1.31
234,34,S,37.34,47.93,10.59
235,34,M,24.96,37.34,12.38
236,34,C,20.57,24.96,4.39
237,34,A,9.5,20.57,11.06
238,34,K,6.5,9.5,3.0
239,35,R,49.24,52.95,3.71
240,35,L,47.93,49.24,1.31
241,35,S,37.36,47.93,10.57
242,35,M,25.01,37.36,12.35
243,35,C,20.66,25.01,4.36
244,35,A,9.6,20.66,11.05
245,35,K,6.6,9.6,3.0
246,36,R,49.24,52.94,3.7
247,36,L,47.93,49.24,1.3
248,36,S,37.38,47.93,10.55
249,36,M,25.07,37.38,12.31
250,36,C,20.75,25.07,4.32
251,36,A,9.7,20.75,11.04
252,36,K,6.7,9.7,3.0
253,37,R,49.23,52.93,3.7
254,37,L,47.93,49.23,1.3
255,37,S,37.4,47.93,10.53
256,37,M,25.12,37.4,12.28
257,37,C,20.83,25.12,4.29
258,37,A,9.8,20.83,11.03
259,37,K,6.8,9.8,3.0
260,38,R,49.22,52.91,3.69
261,38,L,47.93,49.22,1.29
262,38,S,37.42,47.93,10.51
263,38,M,25.17,37.42,12.25
264,38,C,20.92,25.17,4.25
265,38,A,9.9,20.92,11.03
266,38,K,6.9,9.9,3.0
267,39,R,49.22,52.9,3.68
268,39,L,47.93,49.22,1.29
269,39,S,37.44,47.93,10.49
270,39,M,25.22,37.44,12.21
271,39,C,21.01,25.22,4.21
272,39,A,9.99,21.01,11.02
273,39,K,6.99,9.99,3.0
274,40,R,49.21,52.89,3.67
275,40,L,47.93,49.21,1.28
276,40,S,37.45,47.93,10.48
277,40,M,25.27,37.45,12.18
278,40,C,21.1,25.27,4.18
279,40,A,10.09,21.1,11.01
280,40,K,7.09,10.09,3.0
281,41,R,49.21,52.87,3.66
282,41,L,47.93,49.21,1.28
283,41,S,37.47,47.93,10.46
284,41,M,25.32,37.47,12.15
285,41,C,21.18,25.32,4.14
286,41,A,10.18,21.18,11.0
287,41,K,7.18,10.18,3.0
288,42,R,49.2,52.86,3.66
289,42,L,47.93,49.2,1.27
290,42,S,37.49,47.93,10.44
291,42,M,25.37,37.49,12.12
292,42,C,21.27,25.37,4.11
293,42,A,10.28,21.27,10.99
294,42,K,7.28,10.28,3.0
295,43,R,49.19,52.84,3.65
296,43,L,47.92,49.19,1.27
297,43,S,37.5,47.92,10.42
298,43,M,25.42,37.5,12.08
299,43,C,21.35,25.42,4.07
300,43,A,10.37,21.35,10.98
301,43,K,7.37,10.37,3.0
302,44,R,49.19,52.82,3.64
303,44,L,47.92,49.19,1.26
304,44,S,37.52,47.92,10.4
305,44,M,25.46,37.52,12.05
306,44,C,21.43,25.46,4.03
307,44,A,10.47,21.43,10.97
308,44,K,7.47,10.47,3.0
309,45,R,49.18,52.81,3.63
310,45,L,47.92,49.18,1.26
311,45,S,37.53,47.92,10.39
312,45,M,25.51,37.53,12.02
313,45,C,21.51,25.51,4.0
314,45,A,10.56,21.51,10.96
315,45,K,7.56,10.56,3.0
316,46,R,49.17,52.79,3.62
317,46,L,47.91,49.17,1.26
318,46,S,37.54,47.91,10.37
319,46,M,25.55,37.54,11.99
320,46,C,21.59,25.55,3.96
321,46,A,10.65,21.59,10.94
322,46,K,7.65,10.65,3.0
323,47,R,49.16,52.78,3.61
324,47,L,47.91,49.16,1.25
325,47,S,37.56,47.91,10.35
326,47,M,25.6,37.56,11.96
327,47,C,21.67,25.6,3.93
328,47,A,10.74,21.67,10.93
329,47,K,7.74,10.74,3.0
330,48,R,49.15,52.76,3.61
331,48,L,47.9,49.15,1.25
332,48,S,37.57,47.9,10.34
333,48,M,25.64,37.57,11.93
334,48,C,21.75,25.64,3.89
335,48,A,10.83,21.75,10.92
336,48,K,7.83,10.83,3.0
337,49,R,49.14,52.74,3.6
338,49,L,47.9,49.14,1.24
339,49,S,37.58,47.9,10.32
340,49,M,25.68,37.58,11.9
341,49,C,21.83,25.68,3.85
342,49,A,10.92,21.83,10.91
343,49,K,7.92,10.92,3.0
344,50,R,49.13,52.72,3.59
345,50,L,47.89,49.13,1.24
346,50,S,37.59,47.89,10.3
347,50,M,25.72,37.59,11.87
348,50,C,21.91,25.72,3.82
349,50,A,11.0,21.91,10.9
350,50,K,8.0,11.0,3.0
351,51,R,49.12,52.7,3.58
352,51,L,47.89,49.12,1.24
353,51,S,37.6,47.89,10.29
354,51,M,25.76,37.6,11.84
355,51,C,21.98,25.76,3.78
356,51,A,11.09,21.98,10.89
357,51,K,8.09,11.09,3.0
358,52,R,49.11,52.69,3.57
359,52,L,47.88,49.11,1.23
360,52,S,37.61,47.88,10.27
361,52,M,25.8,37.61,11.81
362,52,C,22.05,25.8,3.74
363,52,A,11.18,22.05,10.88
364,52,K,8.18,11.18,3.0
365,53,R,49.1,52.67,3.56
366,53,L,47.87,49.1,1.23
367,53,S,37.62,47.87,10.26
368,53,M,25.84,37.62,11.78
369,53,C,22.13,25.84,3.71
370,53,A,11.26,22.13,10.87
371,53,K,8.26,11.26,3.0
372,54,R,49.09,52.65,3.56
373,54,L,47.86,49.09,1.23
374,54,S,37.62,47.86,10.24
375,54,M,25.87,37.62,11.75
376,54,C,22.2,25.87,3.67
377,54,A,11.34,22.2,10.85
378,54,K,8.34,11.34,3.0
379,55,R,49.08,52.63,3.55
380,55,L,47.86,49.08,1.22
381,55,S,37.63,47.86,10.23
382,55,M,25.91,37.63,11.72
383,55,C,22.27,25.91,3.64
384,55,A,11.43,22.27,10.84
385,55,K,8.43,11.43,3.0
386,56,R,49.07,52.61,3.54
387,56,L,47.85,49.07,1.22
388,56,S,37.64,47.85,10.21
389,56,M,25.94,37.64,11.69
390,56,C,22.34,25.94,3.6
391,56,A,11.51,22.34,10.83
392,56,K,8.51,11.51,3.0
393,57,R,49.06,52.59,3.53
394,57,L,47.84,49.06,1.22
395,57,S,37.64,47.84,10.2
396,57,M,25.97,37.64,11.67
397,57,C,22.41,25.97,3.57
398,57,A,11.59,22.41,10.82
399,57,K,8.59,11.59,3.0
400,58,R,49.04,52.57,3.52
401,58,L,47.83,49.04,1.22
402,58,S,37.64,47.83,10.18
403,58,M,26.0,37.64,11.64
404,58,C,22.47,26.0,3.53
405,58,A,11.66,22.47,10.81
406,58,K,8.66,11.66,3.0
407,59,R,49.03,52.55,3.51
408,59,L,47.82,49.03,1.21
409,59,S,37.65,47.82,10.17
410,59,M,26.03,37.65,11.61
411,59,C,22.54,26.03,3.5
412,59,A,11.74,22.54,10.8
413,59,K,8.74,11.74,3.0
414,60,R,49.02,52.52,3.51
415,60,L,47.81,49.02,1.21
416,60,S,37.65,47.81,10.16
417,60,M,26.06,37.65,11.59
418,60,C,22.6,26.06,3.46
419,60,A,11.82,22.6,10.78
420,60,K,8.82,11.82,3.0
421,61,R,49.01,52.5,3.5
422,61,L,47.8,49.01,1.21
423,61,S,37.65,47.8,10.14
424,61,M,26.09,37.65,11.56
425,61,C,22.66,26.09,3.43
426,61,A,11.89,22.66,10.77
427,61,K,8.89,11.89,3.0
428,62,R,48.99,52.48,3.49
429,62,L,47.78,48.99,1.21
430,62,S,37.65,47.78,10.13
431,62,M,26.12,37.65,11.53
432,62,C,22.73,26.12,3.39
433,62,A,11.97,22.73,10.76
434,62,K,8.97,11.97,3.0
435,63,R,48.98,52.46,3.48
436,63,L,47.77,48.98,1.21
437,63,S,37.65,47.77,10.12
438,63,M,26.14,37.65,11.51
439,63,C,22.79,26.14,3.36
440,63,A,12.04,22.79,10.75
441,63,K,9.04,12.04,3.0
442,64,R,48.96,52.44,3.47
443,64,L,47.76,48.96,1.21
444,64,S,37.65,47.76,10.11
445,64,M,26.17,37.65,11.48
446,64,C,22.84,26.17,3.32
447,64,A,12.11,22.84,10.74
448,64,K,9.11,12.11,3.0
449,65,R,48.95,52.41,3.46
450,65,L,47.75,48.95,1.2
451,65,S,37.65,47.75,10.1
452,65,M,26.19,37.65,11.46
453,65,C,22.9,26.19,3.29
454,65,A,12.18,22.9,10.72
455,65,K,9.18,12.18,3.0
456,66,R,48.94,52.39,3.46
457,66,L,47.73,48.94,1.2
458,66,S,37.65,47.73,10.08
459,66,M,26.21,37.65,11.44
460,66,C,22.96,26.21,3.25
461,66,A,12.24,22.96,10.71
462,66,K,9.24,12.24,3.0
463,67,R,48.92,52.37,3.45
464,67,L,47.72,48.92,1.2
465,67,S,37.64,47.72,10.07
466,67,M,26.23,37.64,11.41
467,67,C,23.01,26.23,3.22
468,67,A,12.31,23.01,10.7
469,67,K,9.31,12.31,3.0
470,68,R,48.9,52.34,3.44
471,68,L,47.7,48.9,1.2
472,68,S,37.64,47.7,10.06
473,68,M,26.25,37.64,11.39
474,68,C,23.06,26.25,3.19
475,68,A,12.38,23.06,10.69
476,68,K,9.38,12.38,3.0
477,69,R,48.89,52.32,3.43
478,69,L,47.69,48.89,1.2
479,69,S,37.63,47.69,10.05
480,69,M,26.27,37.63,11.37
481,69,C,23.12,26.27,3.15
482,69,A,12.44,23.12,10.68
483,69,K,9.44,12.44,3.0
484,70,R,48.87,52.3,3.42
485,70,L,47.67,48.87,1.2
486,70,S,37.63,47.67,10.04
487,70,M,26.29,37.63,11.34
488,70,C,23.17,26.29,3.12
489,70,A,12.5,23.17,10.67
490,70,K,9.5,12.5,3.0
491,71,R,48.86,52.27,3.41
492,71,L,47.66,48.86,1.2
493,71,S,37.62,47.66,10.03
494,71,M,26.3,37.62,11.32
495,71,C,23.21,26.3,3.09
496,71,A,12.56,23.21,10.65
497,71,K,9.56,12.56,3.0
498,72,R,48.84,52.25,3.41
499,72,L,47.64,48.84,1.2
500,72,S,37.62,47.64,10.02
501,72,M,26.32,37.62,11.3
502,72,C,23.26,26.32,3.06
503,72,A,12.62,23.26,10.64
504,72,K,9.62,12.62,3.0
505,73,R,48.82,52.22,3.4
506,73,L,47.62,48.82,1.2
507,73,S,37.61,47.62,10.01
508,73,M,26.33,37.61,11.28
509,73,C,23.31,26.33,3.02
510,73,A,12.68,23.31,10.63
511,73,K,9.68,12.68,3.0
512,74,R,48.81,52.2,3.39
513,74,L,47.6,48.81,1.2
514,74,S,37.6,47.6,10.0
515,74,M,26.34,37.6,11.26
516,74,C,23.35,26.34,2.99
517,74,A,12.73,23.35,10.62
518,74,K,9.73,12.73,3.0
519,75,R,48.79,52.17,3.38
520,75,L,47.59,48.79,1.2
521,75,S,37.59,47.59,10.0
522,75,M,26.35,37.59,11.24
523,75,C,23.39,26.35,2.96
524,75,A,12.78,23.39,10.61
525,75,K,9.78,12.78,3.0
526,76,R,48.77,52.15,3.38
527,76,L,47.57,48.77,1.21
528,76,S,37.58,47.57,9.99
529,76,M,26.36,37.58,11.22
530,76,C,23.43,26.36,2.93
531,76,A,12.84,23.43,10.6
532,76,K,9.84,12.84,3.0
533,77,R,48.75,52.12,3.37
534,77,L,47.55,48.75,1.21
535,77,S,37.57,47.55,9.98
536,77,M,26.37,37.57,11.2
537,77,C,23.47,26.37,2.9
538,77,A,12.89,23.47,10.59
539,77,K,9.89,12.89,3.0
540,78,R,48.74,52.1,3.36
541,78,L,47.53,48.74,1.21
542,78,S,37.56,47.53,9.97
543,78,M,26.38,37.56,11.18
544,78,C,23.51,26.38,2.87
545,78,A,12.94,23.51,10.58
546,78,K,9.94,12.94,3.0
547,79,R,48.72,52.07,3.35
548,79,L,47.51,48.72,1.21
549,79,S,37.54,47.51,9.97
550,79,M,26.38,37.54,11.16
551,79,C,23.55,26.38,2.84
552,79,A,12.98,23.55,10.57
553,79,K,9.98,12.98,3.0
554,80,R,48.7,52.05,3.35
555,80,L,47.49,48.7,1.21
556,80,S,37.53,47.49,9.96
557,80,M,26.39,37.53,11.14
558,80,C,23.58,26.39,2.81
559,80,A,13.03,23.58,10.56
560,80,K,10.03,13.03,3.0
561,81,R,48.68,52.02,3.34
562,81,L,47.47,48.68,1.21
563,81,S,37.51,47.47,9.95
564,81,M,26.39,37.51,11.12
565,81,C,23.62,26.39,2.78
566,81,A,13.07,23.62,10.54
567,81,K,10.07,13.07,3.0
568,82,R,48.66,51.99,3.33
569,82,L,47.45,48.66,1.22
570,82,S,37.5,47.45,9.95
571,82,M,26.4,37.5,11.1
572,82,C,23.65,26.4,2.75
573,82,A,13.11,23.65,10.53
574,82,K,10.11,13.11,3.0
575,83,R,48.64,51.97,3.32
576,83,L,47.42,48.64,1.22
577,83,S,37.48,47.42,9.94
578,83,M,26.4,37.48,11.09
579,83,C,23.68,26.4,2.72
580,83,A,13.15,23.68,10.52
581,83,K,10.15,13.15,3.0
582,84,R,48.62,51.94,3.32
583,84,L,47.4,48.62,1.22
584,84,S,37.47,47.4,9.93
585,84,M,26.4,37.47,11.07
586,84,C,23.71,26.4,2.69
587,84,A,13.19,23.71,10.52
588,84,K,10.19,13.19,3.0
589,85,R,48.6,51.91,3.31
590,85,L,47.38,48.6,1.23
591,85,S,37.45,47.38,9.93
592,85,M,26.4,37.45,11.05
593,85,C,23.73,26.4,2.66
594,85,A,13.23,23.73,10.51
595,85,K,10.23,13.23,3.0
596,86,R,48.59,51.89,3.3
597,86,L,47.36,48.59,1.23
598,86,S,37.43,47.36,9.92
599,86,M,26.39,37.43,11.04
600,86,C,23.76,26.39,2.64
601,86,A,13.26,23.76,10.5
602,86,K,10.26,13.26,3.0
603,87,R,48.57,51.86,3.3
604,87,L,47.33,48.57,1.23
605,87,S,37.41,47.33,9.92
606,87,M,26.39,37.41,11.02
607,87,C,23.78,26.39,2.61
608,87,A,13.29,23.78,10.49
609,87,K,10.29,13.29,3.0
610,88,R,48.55,51.83,3.29
611,88,L,47.31,48.55,1.24
612,88,S,37.39,47.31,9.91
613,88,M,26.39,37.39,11.01
614,88,C,23.8,26.39,2.58
615,88,A,13.33,23.8,10.48
616,88,K,10.33,13.33,3.0
617,89,R,48.53,51.81,3.28
618,89,L,47.28,48.53,1.24
619,89,S,37.37,47.28,9.91
620,89,M,26.38,37.37,10.99
621,89,C,23.82,26.38,2.56
622,89,A,13.35,23.82,10.47
623,89,K,10.35,13.35,3.0
624,90,R,48.5,51.78,3.28
625,90,L,47.26,48.5,1.25
626,90,S,37.35,47.26,9.91
627,90,M,26.37,37.35,10.98
628,90,C,23.84,26.37,2.53
629,90,A,13.38,23.84,10.46
630,90,K,10.38,13.38,3.0
631,91,R,48.48,51.75,3.27
632,91,L,47.23,48.48,1.25
633,91,S,37.33,47.23,9.9
634,91,M,26.37,37.33,10.96
635,91,C,23.86,26.37,2.51
636,91,A,13.41,23.86,10.45
637,91,K,10.41,13.41,3.0
638,92,R,48.46,51.73,3.26
639,92,L,47.21,48.46,1.26
640,92,S,37.31,47.21,9.9
641,92,M,26.36,37.31,10.95
642,92,C,23.88,26.36,2.48
643,92,A,13.43,23.88,10.45
644,92,K,10.43,13.43,3.0
645,93,R,48.44,51.7,3.26
646,93,L,47.18,48.44,1.26
647,93,S,37.29,47.18,9.9
648,93,M,26.35,37.29,10.94
649,93,C,23.89,26.35,2.46
650,93,A,13.45,23.89,10.44
651,93,K,10.45,13.45,3.0
652,94,R,48.42,51.67,3.25
653,94,L,47.16,48.42,1.27
654,94,S,37.26,47.16,9.89
655,94,M,26.34,37.26,10.93
656,94,C,23.9,26.34,2.43
657,94,A,13.47,23.9,10.43
658,94,K,10.47,13.47,3.0
659,95,R,48.4,51.65,3.25
660,95,L,47.13,48.4,1.27
661,95,S,37.24,47.13,9.89
662,95,M,26.33,37.24,10.91
663,95,C,23.91,26.33,2.41
664,95,A,13.49,23.91,10.42
665,95,K,10.49,13.49,3.0
666,96,R,48.38,51.62,3.24
667,96,L,47.1,48.38,1.28
668,96,S,37.21,47.1,9.89
669,96,M,26.31,37.21,10.9
670,96,C,23.92,26.31,2.39
671,96,A,13.51,23.92,10.42
672,96,K,10.51,13.51,3.0
673,97,R,48.36,51.59,3.24
674,97,L,47.08,48.36,1.28
675,97,S,37.19,47.08,9.89
676,97,M,26.3,37.19,10.89
677,97,C,23.93,26.3,2.37
678,97,A,13.52,23.93,10.41
679,97,K,10.52,13.52,3.0
680,98,R,48.34,51.57,3.23
681,98,L,47.05,48.34,1.29
682,98,S,37.16,47.05,9.89
683,98,M,26.28,37.16,10.88
684,98,C,23.94,26.28,2.34
685,98,A,13.53,23.94,10.4
686,98,K,10.53,13.53,3.0
687,99,R,48.32,51.54,3.22
688,99,L,47.02,48.32,1.3
689,99,S,37.14,47.02,9.88
690,99,M,26.27,37.14,10.87
691,99,C,23.94,26.27,2.32
692,99,A,13.55,23.94,10.4
693,99,K,10.55,13.55,3.0
694,100,R,48.29,51.51,3.22
695,100,L,46.99,48.29,1.3
696,100,S,37.11,46.99,9.88
697,100,M,26.25,37.11,10.86
698,100,C,23.95,26.25,2.3
699,100,A,13.55,23.95,10.39
700,100,K,10.55,13.55,3.0
701,101,R,48.27,51.49,3.21
702,101,L,46.96,48.27,1.31
703,101,S,37.08,46.96,9.88
704,101,M,26.23,37.08,10.85
705,101,C,23.95,26.23,2.28
706,101,A,13.56,23.95,10.39
707,101,K,10.56,13.56,3.0
708,102,R,48.25,51.46,3.21
709,102,L,46.93,48.25,1.32
710,102,S,37.05,46.93,9.88
711,102,M,26.21,37.05,10.84
712,102,C,23.95,26.21,2.26
713,102,A,13.57,23.95,10.38
714,102,K,10.57,13.57,3.0
715,103,R,48.23,51.43,3.2
716,103,L,46.9,48.23,1.32
717,103,S,37.02,46.9,9.88
718,103,M,26.19,37.02,10.83
719,103,C,23.95,26.19,2.24
720,103,A,13.57,23.95,10.38
721,103,K,10.57,13.57,3.0
722,104,R,48.21,51.41,3.2
723,104,L,46.88,48.21,1.33
724,104,S,36.99,46.88,9.88
725,104,M,26.17,36.99,10.82
726,104,C,23.95,26.17,2.22
727,104,A,13.57,23.95,10.37
728,104,K,10.57,13.57,3.0
729,105,R,48.19,51.38,3.2
730,105,L,46.85,48.19,1.34
731,105,S,36.96,46.85,9.88
732,105,M,26.15,36.96,10.81
733,105,C,23.94,26.15,2.21
734,105,A,13.57,23.94,10.37
735,105,K,10.57,13.57,3.0
736,106,R,48.16,51.36,3.19
737,106,L,46.82,48.16,1.35
738,106,S,36.93,46.82,9.88
739,106,M,26.12,36.93,10.81
740,106,C,23.94,26.12,2.19
741,106,A,13.57,23.94,10.37
742,106,K,10.55,13.57,3.02
743,107,R,48.14,51.33,3.19
744,107,L,46.79,48.14,1.36
745,107,S,36.9,46.79,9.89
746,107,M,26.1,36.9,10.8
747,107,C,23.93,26.1,2.17
748,107,A,13.57,23.93,10.36
749,107,K,10.5,13.57,3.07
750,108,R,48.12,51.3,3.18
751,108,L,46.76,48.12,1.36
752,108,S,36.87,46.76,9.89
753,108,M,26.08,36.87,10.79
754,108,C,23.92,26.08,2.16
755,108,A,13.56,23.92,10.36
756,108,K,10.45,13.56,3.11
757,109,R,48.1,51.28,3.18
758,109,L,46.72,48.1,1.37
759,109,S,36.84,46.72,9.89
760,109,M,26.05,36.84,10.79
761,109,C,23.91,26.05,2.14
762,109,A,13.55,23.91,10.36
763,109,K,10.41,13.55,3.15
764,110,R,48.08,51.25,3.18
765,110,L,46.69,48.08,1.38
766,110,S,36.8,46.69,9.89
767,110,M,26.02,36.8,10.78
768,110,C,23.9,26.02,2.13
769,110,A,13.54,23.9,10.36
770,110,K,10.36,13.54,3.18
771,111,R,48.05,51.23,3.17
772,111,L,46.66,48.05,1.39
773,111,S,36.77,46.66,9.89
774,111,M,26.0,36.77,10.77
775,111,C,23.89,26.0,2.11
776,111,A,13.53,23.89,10.35
777,111,K,10.32,13.53,3.22
778,112,R,48.03,51.2,3.17
779,112,L,46.63,48.03,1.4
780,112,S,36.74,46.63,9.89
781,112,M,25.97,36.74,10.77
782,112,C,23.87,25.97,2.1
783,112,A,13.52,23.87,10.35
784,112,K,10.27,13.52,3.25
785,113,R,48.01,51.18,3.17
786,113,L,46.6,48.01,1.41
787,113,S,36.7,46.6,9.9
788,113,M,25.94,36.7,10.76
789,113,C,23.86,25.94,2.08
790,113,A,13.5,23.86,10.35
791,113,K,10.23,13.5,3.28
792,114,R,47.99,51.15,3.16
793,114,L,46.57,47.99,1.42
794,114,S,36.67,46.57,9.9
795,114,M,25.91,36.67,10.76
796,114,C,23.84,25.91,2.07
797,114,A,13.49,23.84,10.35
798,114,K,10.18,13.49,3.31
799,115,R,47.97,51.13,3.16
800,115,L,46.54,47.97,1.43
801,115,S,36.63,46.54,9.9
802,115,M,25.88,36.63,10.75
803,115,C,23.82,25.88,2.06
804,115,A,13.47,23.82,10.35
805,115,K,10.14,13.47,3.33
806,116,R,47.94,51.1,3.16
807,116,L,46.5,47.94,1.44
808,116,S,36.6,46.5,9.91
809,116,M,25.85,36.6,10.75
810,116,C,23.8,25.85,2.05
811,116,A,13.45,23.8,10.35
812,116,K,10.1,13.45,3.35
813,117,R,47.92,51.08,3.16
814,117,L,46.47,47.92,1.45
815,117,S,36.56,46.47,9.91
816,117,M,25.82,36.56,10.75
817,117,C,23.78,25.82,2.04
818,117,A,13.43,23.78,10.35
819,117,K,10.06,13.43,3.37
820,118,R,47.9,51.05,3.15
821,118,L,46.44,47.9,1.46
822,118,S,36.52,46.44,9.91
823,118,M,25.78,36.52,10.74
824,118,C,23.76,25.78,2.03
825,118,A,13.41,23.76,10.35
826,118,K,10.01,13.41,3.39
827,119,R,47.88,51.03,3.15
828,119,L,46.41,47.88,1.47
829,119,S,36.49,46.41,9.92
830,119,M,25.75,36.49,10.74
831,119,C,23.73,25.75,2.02
832,119,A,13.38,23.73,10.35
833,119,K,9.97,13.38,3.41
834,120,R,47.86,51.01,3.15
835,120,L,46.37,47.86,1.48
836,120,S,36.45,46.37,9.92
837,120,M,25.72,36.45,10.74
838,120,C,23.71,25.72,2.01
839,120,A,13.35,23.71,10.35
840,120,K,9.93,13.35,3.42
841,121,R,47.84,50.98,3.15
842,121,L,46.34,47.84,1.5
843,121,S,36.41,46.34,9.93
844,121,M,25.68,36.41,10.73
845,121,C,23.68,25.68,2.0
846,121,A,13.33,23.68,10.36
847,121,K,9.89,13.33,3.43
848,122,R,47.81,50.96,3.15
849,122,L,46.31,47.81,1.51
850,122,S,36.38,46.31,9.93
851,122,M,25.65,36.38,10.73
852,122,C,23.66,25.65,1.99
853,122,A,13.3,23.66,10.36
854,122,K,9.85,13.3,3.44
855,123,R,47.79,50.94,3.15
856,123,L,46.27,47.79,1.52
857,123,S,36.34,46.27,9.94
858,123,M,25.61,36.34,10.73
859,123,C,23.63,25.61,1.98
860,123,A,13.26,23.63,10.36
861,123,K,9.81,13.26,3.45
862,124,R,47.77,50.92,3.14
863,124,L,46.24,47.77,1.53
864,124,S,36.3,46.24,9.94
865,124,M,25.57,36.3,10.73
866,124,C,23.6,25.57,1.98
867,124,A,13.23,23.6,10.37
868,124,K,9.78,13.23,3.46
869,125,R,47.75,50.89,3.14
870,125,L,46.21,47.75,1.54
871,125,S,36.26,46.21,9.95
872,125,M,25.54,36.26,10.73
873,125,C,23.57,25.54,1.97
874,125,A,13.2,23.57,10.37
875,125,K,9.74,13.2,3.46
876,126,R,47.73,50.87,3.14
877,126,L,46.17,47.73,1.55
878,126,S,36.22,46.17,9.95
879,126,M,25.5,36.22,10.72
880,126,C,23.53,25.5,1.96
881,126,A,13.16,23.53,10.37
882,126,K,9.7,13.16,3.46
883,127,R,47.71,50.85,3.14
884,127,L,46.14,47.71,1.57
885,127,S,36.18,46.14,9.96
886,127,M,25.46,36.18,10.72
887,127,C,23.5,25.46,1.96
888,127,A,13.12,23.5,10.38
889,127,K,9.67,13.12,3.46
890,128,R,47.69,50.83,3.14
891,128,L,46.11,47.69,1.58
892,128,S,36.15,46.11,9.96
893,128,M,25.42,36.15,10.72
894,128,C,23.47,25.42,1.95
895,128,A,13.08,23.47,10.38
896,128,K,9.63,13.08,3.45
897,129,R,47.67,50.81,3.14
898,129,L,46.07,47.67,1.59
899,129,S,36.11,46.07,9.97
900,129,M,25.38,36.11,10.72
901,129,C,23.43,25.38,1.95
902,129,A,13.04,23.43,10.39
903,129,K,9.6,13.04,3.45
904,130,R,47.65,50.79,3.14
905,130,L,46.04,47.65,1.61
906,130,S,36.07,46.04,9.97
907,130,M,25.34,36.07,10.72
908,130,C,23.4,25.34,1.95
909,130,A,13.0,23.4,10.39
910,130,K,9.56,13.0,3.44
911,131,R,47.63,50.77,3.14
912,131,L,46.01,47.63,1.62
913,131,S,36.03,46.01,9.98
914,131,M,25.3,36.03,10.72
915,131,C,23.36,25.3,1.95
916,131,A,12.96,23.36,10.4
917,131,K,9.53,12.96,3.43
918,132,R,47.6,50.75,3.14
919,132,L,45.97,47.6,1.63
920,132,S,35.99,45.97,9.99
921,132,M,25.26,35.99,10.72
922,132,C,23.32,25.26,1.94
923,132,A,12.91,23.32,10.41
924,132,K,9.49,12.91,3.42
925,133,R,47.58,50.73,3.14
926,133,L,45.94,47.58,1.65
927,133,S,35.95,45.94,9.99
928,133,M,25.22,35.95,10.72
929,133,C,23.28,25.22,1.94
930,133,A,12.87,23.28,10.41
931,133,K,9.46,12.87,3.4
932,134,R,47.56,50.71,3.14
933,134,L,45.91,47.56,1.66
934,134,S,35.91,45.91,10.0
935,134,M,25.18,35.91,10.72
936,134,C,23.24,25.18,1.94
937,134,A,12.82,23.24,10.42
938,134,K,9.43,12.82,3.39
939,135,R,47.55,50.69,3.15
940,135,L,45.87,47.55,1.67
941,135,S,35.87,45.87,10.01
942,135,M,25.14,35.87,10.73
943,135,C,23.2,25.14,1.94
944,135,A,12.77,23.2,10.43
945,135,K,9.4,12.77,3.37
946,136,R,47.53,50.67,3.15
947,136,L,45.84,47.53,1.69
948,136,S,35.83,45.84,10.01
949,136,M,25.1,35.83,10.73
950,136,C,23.16,25.1,1.94
951,136,A,12.72,23.16,10.44
952,136,K,9.37,12.72,3.35
953,137,R,47.51,50.65,3.15
954,137,L,45.81,47.51,1.7
955,137,S,35.79,45.81,10.02
956,137,M,25.06,35.79,10.73
957,137,C,23.11,25.06,1.94
958,137,A,12.67,23.11,10.45
959,137,K,9.34,12.67,3.33
960,138,R,47.49,50.64,3.15
961,138,L,45.77,47.49,1.71
962,138,S,35.75,45.77,10.03
963,138,M,25.02,35.75,10.73
964,138,C,23.07,25.02,1.95
965,138,A,12.61,23.07,10.46
966,138,K,9.31,12.61,3.3
967,139,R,47.47,50.62,3.15
968,139,L,45.74,47.47,1.73
969,139,S,35.71,45.74,10.03
970,139,M,24.97,35.71,10.73
971,139,C,23.03,24.97,1.95
972,139,A,12.56,23.03,10.47
973,139,K,9.28,12.56,3.28
974,140,R,47.45,50.6,3.15
975,140,L,45.71,47.45,1.74
976,140,S,35.67,45.71,10.04
977,140,M,24.93,35.67,10.73
978,140,C,22.98,24.93,1.95
979,140,A,12.5,22.98,10.48
980,140,K,9.26,12.5,3.25
981,141,R,47.43,50.59,3.15
982,141,L,45.67,47.43,1.76
983,141,S,35.62,45.67,10.05
984,141,M,24.89,35.62,10.74
985,141,C,22.93,24.89,1.95
986,141,A,12.45,22.93,10.49
987,141,K,9.23,12.45,3.22
988,142,R,47.41,50.57,3.16
989,142,L,45.64,47.41,1.77
990,142,S,35.58,45.64,10.06
991,142,M,24.85,35.58,10.74
992,142,C,22.89,24.85,1.96
993,142,A,12.39,22.89,10.5
994,142,K,9.2,12.39,3.19
995,143,R,47.39,50.55,3.16
996,143,L,45.61,47.39,1.79
997,143,S,35.54,45.61,10.06
998,143,M,24.8,35.54,10.74
999,143,C,22.84,24.8,1.96
1000,143,A,12.33,22.84,10.51
1001,143,K,9.18,12.33,3.15
1002,144,R,47.38,50.54,3.16
1003,144,L,45.57,47.38,1.8
1004,144,S,35.5,45.57,10.07
1005,144,M,24.76,35.5,10.74
1006,144,C,22.79,24.76,1.97
1007,144,A,12.27,22.79,10.52
1008,144,K,9.15,12.27,3.12
1009,145,R,47.36,50.52,3.17
1010,145,L,45.54,47.36,1.82
1011,145,S,35.46,45.54,10.08
1012,145,M,24.72,35.46,10.75
1013,145,C,22.74,24.72,1.97
1014,145,A,12.21,22.74,10.53
1015,145,K,9.13,12.21,3.08
1016,146,R,47.34,50.51,3.17
1017,146,L,45.51,47.34,1.83
1018,146,S,35.42,45.51,10.09
1019,146,M,24.67,35.42,10.75
1020,146,C,22.69,24.67,1.98
1021,146,A,12.15,22.69,10.55
1022,146,K,9.11,12.15,3.04
1023,147,R,47.32,50.5,3.17
1024,147,L,45.48,47.32,1.85
1025,147,S,35.38,45.48,10.09
1026,147,M,24.63,35.38,10.75
1027,147,C,22.64,24.63,1.99
1028,147,A,12.08,22.64,10.56
1029,147,K,9.08,12.08,3.0
1030,148,R,47.31,50.48,3.17
1031,148,L,45.44,47.31,1.86
1032,148,S,35.34,45.44,10.1
1033,148,M,24.59,35.34,10.76
1034,148,C,22.59,24.59,1.99
1035,148,A,12.02,22.59,10.57
1036,148,K,9.02,12.02,3.0
1037,149,R,47.29,50.47,3.18
1038,149,L,45.41,47.29,1.88
1039,149,S,35.3,45.41,10.11
1040,149,M,24.54,35.3,10.76
1041,149,C,22.54,24.54,2.0
1042,149,A,11.96,22.54,10.59
1043,149,K,8.96,11.96,3.0
1044,150,R,47.28,50.46,3.18
1045,150,L,45.38,47.28,1.89
1046,150,S,35.26,45.38,10.12
1047,150,M,24.5,35.26,10.76
1048,150,C,22.49,24.5,2.01
1049,150,A,11.89,22.49,10.6
1050,150,K,8.89,11.89,3.0
1051,151,R,47.26,50.45,3.19
1052,151,L,45.35,47.26,1.91
1053,151,S,35.22,45.35,10.13
1054,151,M,24.46,35.22,10.77
1055,151,C,22.44,24.46,2.02
1056,151,A,11.82,22.44,10.61
1057,151,K,8.82,11.82,3.0
1058,152,R,47.24,50.43,3.19
1059,152,L,45.32,47.24,1.93
1060,152,S,35.18,45.32,10.13
1061,152,M,24.42,35.18,10.77
1062,152,C,22.39,24.42,2.03
1063,152,A,11.76,22.39,10.63
1064,152,K,8.76,11.76,3.0
1065,153,R,47.23,50.42,3.19
1066,153,L,45.29,47.23,1.94
1067,153,S,35.15,45.29,10.14
1068,153,M,24.37,35.15,10.77
1069,153,C,22.33,24.37,2.04
1070,153,A,11.69,22.33,10.65
1071,153,K,8.69,11.69,3.0
1072,154,R,47.21,50.41,3.2
1073,154,L,45.26,47.21,1.96
1074,154,S,35.11,45.26,10.15
1075,154,M,24.33,35.11,10.78
1076,154,C,22.28,24.33,2.05
1077,154,A,11.62,22.28,10.66
1078,154,K,8.62,11.62,3.0
1079,155,R,47.2,50.4,3.2
1080,155,L,45.22,47.2,1.97
1081,155,S,35.07,45.22,10.16
1082,155,M,24.29,35.07,10.78
1083,155,C,22.23,24.29,2.06
1084,155,A,11.55,22.23,10.68
1085,155,K,8.55,11.55,3.0
1086,156,R,47.18,50.39,3.21
1087,156,L,45.19,47.18,1.99
1088,156,S,35.03,45.19,10.16
1089,156,M,24.25,35.03,10.78
1090,156,C,22.17,24.25,2.07
1091,156,A,11.48,22.17,10.69
1092,156,K,8.48,11.48,3.0
1093,157,R,47.17,50.38,3.21
1094,157,L,45.16,47.17,2.01
1095,157,S,34.99,45.16,10.17
1096,157,M,24.2,34.99,10.79
1097,157,C,22.12,24.2,2.09
1098,157,A,11.41,22.12,10.71
1099,157,K,8.41,11.41,3.0
1100,158,R,47.16,50.37,3.22
1101,158,L,45.13,47.16,2.02
1102,158,S,34.95,45.13,10.18
1103,158,M,24.16,34.95,10.79
1104,158,C,22.06,24.16,2.1
1105,158,A,11.33,22.06,10.73
1106,158,K,8.33,11.33,3.0
1107,159,R,47.14,50.37,3.22
1108,159,L,45.1,47.14,2.04
1109,159,S,34.92,45.1,10.19
1110,159,M,24.12,34.92,10.8
1111,159,C,22.01,24.12,2.11
1112,159,A,11.26,22.01,10.75
1113,159,K,8.26,11.26,3.0
1114,160,R,47.13,50.36,3.23
1115,160,L,45.07,47.13,2.05
1116,160,S,34.88,45.07,10.2
1117,160,M,24.08,34.88,10.8
1118,160,C,21.95,24.08,2.13
1119,160,A,11.19,21.95,10.76
1120,160,K,8.19,11.19,3.0
1121,161,R,47.12,50.35,3.24
1122,161,L,45.05,47.12,2.07
1123,161,S,34.84,45.05,10.2
1124,161,M,24.04,34.84,10.8
1125,161,C,21.9,24.04,2.14
1126,161,A,11.12,21.9,10.78
1127,161,K,8.12,11.12,3.0
1128,162,R,47.1,50.34,3.24
1129,162,L,45.02,47.1,2.09
1130,162,S,34.8,45.02,10.21
1131,162,M,24.0,34.8,10.81
1132,162,C,21.84,24.0,2.15
1133,162,A,11.04,21.84,10.8
1134,162,K,8.04,11.04,3.0
1135,163,R,47.09,50.34,3.25
1136,163,L,44.99,47.09,2.1
1137,163,S,34.77,44.99,10.22
1138,163,M,23.96,34.77,10.81
1139,163,C,21.79,23.96,2.17
1140,163,A,10.97,21.79,10.82
1141,163,K,7.97,10.97,3.0
1142,164,R,47.08,50.33,3.25
1143,164,L,44.96,47.08,2.12
1144,164,S,34.73,44.96,10.23
1145,164,M,23.92,34.73,10.82
1146,164,C,21.73,23.92,2.19
1147,164,A,10.89,21.73,10.84
1148,164,K,7.89,10.89,3.0
1149,165,R,47.07,50.33,3.26
1150,165,L,44.93,47.07,2.14
1151,165,S,34.7,44.93,10.23
1152,165,M,23.88,34.7,10.82
1153,165,C,21.68,23.88,2.2
1154,165,A,10.82,21.68,10.86
1155,165,K,7.82,10.82,3.0
1156,166,R,47.06,50.32,3.27
1157,166,L,44.9,47.06,2.15
1158,166,S,34.66,44.9,10.24
1159,166,M,23.84,34.66,10.82
1160,166,C,21.62,23.84,2.22
1161,166,A,10.74,21.62,10.88
1162,166,K,7.74,10.74,3.0
1163,167,R,47.04,50.32,3.27
1164,167,L,44.88,47.04,2.17
1165,167,S,34.63,44.88,10.25
1166,167,M,23.8,34.63,10.83
1167,167,C,21.57,23.8,2.23
1168,167,A,10.67,21.57,10.9
1169,167,K,7.67,10.67,3.0
1170,168,R,47.03,50.31,3.28
1171,168,L,44.85,47.03,2.18
1172,168,S,34.59,44.85,10.26
1173,168,M,23.76,34.59,10.83
1174,168,C,21.51,23.76,2.25
1175,168,A,10.59,21.51,10.92
1176,168,K,7.59,10.59,3.0
1177,169,R,47.02,50.31,3.29
1178,169,L,44.82,47.02,2.2
1179,169,S,34.56,44.82,10.26
1180,169,M,23.73,34.56,10.83
1181,169,C,21.46,23.73,2.27
1182,169,A,10.51,21.46,10.94
1183,169,K,7.51,10.51,3.0
1184,170,R,47.01,50.31,3.29
1185,170,L,44.8,47.01,2.22
1186,170,S,34.53,44.8,10.27
1187,170,M,23.69,34.53,10.84
1188,170,C,21.4,23.69,2.29
1189,170,A,10.44,21.4,10.96
1190,170,K,7.44,10.44,3.0
1191,171,R,47.0,50.31,3.3
1192,171,L,44.77,47.0,2.23
1193,171,S,34.49,44.77,10.28
1194,171,M,23.65,34.49,10.84
1195,171,C,21.35,23.65,2.31
1196,171,A,10.36,21.35,10.99
1197,171,K,7.36,10.36,3.0
1198,172,R,47.0,50.3,3.31
1199,172,L,44.75,47.0,2.25
1200,172,S,34.46,44.75,10.29
1201,172,M,23.62,34.46,10.84
1202,172,C,21.29,23.62,2.32
1203,172,A,10.28,21.29,11.01
1204,172,K,7.28,10.28,3.0
1205,173,R,46.99,50.3,3.32
1206,173,L,44.72,46.99,2.27
1207,173,S,34.43,44.72,10.29
1208,173,M,23.58,34.43,10.85
1209,173,C,21.24,23.58,2.34
1210,173,A,10.21,21.24,11.03
1211,173,K,7.21,10.21,3.0
1212,174,R,46.98,50.3,3.32
1213,174,L,44.7,46.98,2.28
1214,174,S,34.4,44.7,10.3
1215,174,M,23.55,34.4,10.85
1216,174,C,21.18,23.55,2.36
1217,174,A,10.13,21.18,11.05
1218,174,K,7.13,10.13,3.0
1219,175,R,46.97,50.3,3.33
1220,175,L,44.67,46.97,2.3
1221,175,S,34.37,44.67,10.31
1222,175,M,23.51,34.37,10.85
1223,175,C,21.13,23.51,2.38
1224,175,A,10.05,21.13,11.08
1225,175,K,7.05,10.05,3.0
1226,176,R,46.96,50.3,3.34
1227,176,L,44.65,46.96,2.31
1228,176,S,34.34,44.65,10.31
1229,176,M,23.48,34.34,10.86
1230,176,C,21.08,23.48,2.4
1231,176,A,9.98,21.08,11.1
1232,176,K,6.98,9.98,3.0
1233,177,R,46.96,50.3,3.35
1234,177,L,44.62,46.96,2.33
1235,177,S,34.31,44.62,10.32
1236,177,M,23.44,34.31,10.86
1237,177,C,21.02,23.44,2.42
1238,177,A,9.9,21.02,11.12
1239,177,K,6.9,9.9,3.0
1240,178,R,46.95,50.3,3.36
1241,178,L,44.6,46.95,2.35
1242,178,S,34.28,44.6,10.33
1243,178,M,23.41,34.28,10.86
1244,178,C,20.97,23.41,2.44
1245,178,A,9.82,20.97,11.15
1246,178,K,6.82,9.82,3.0
1247,179,R,46.94,50.31,3.36
1248,179,L,44.58,46.94,2.36
1249,179,S,34.25,44.58,10.33
1250,179,M,23.38,34.25,10.87
1251,179,C,20.92,23.38,2.46
1252,179,A,9.75,20.92,11.17
1253,179,K,6.75,9.75,3.0
1254,180,R,46.94,50.31,3.37
1255,180,L,44.56,46.94,2.38
1256,180,S,34.22,44.56,10.34
1257,180,M,23.35,34.22,10.87
1258,180,C,20.86,23.35,2.49
1259,180,A,9.67,20.86,11.19
1260,180,K,6.67,9.67,3.0
1261,181,R,46.93,50.31,3.38
1262,181,L,44.53,46.93,2.39
1263,181,S,34.19,44.53,10.34
1264,181,M,23.32,34.19,10.87
1265,181,C,20.81,23.32,2.51
1266,181,A,9.59,20.81,11.22
1267,181,K,6.59,9.59,3.0
1268,182,R,46.92,50.31,3.39
1269,182,L,44.51,46.92,2.41
1270,182,S,34.16,44.51,10.35
1271,182,M,23.29,34.16,10.87
1272,182,C,20.76,23.29,2.53
1273,182,A,9.52,20.76,11.24
1274,182,K,6.52,9.52,3.0
1275,183,R,46.92,50.32,3.4
1276,183,L,44.49,46.92,2.43
1277,183,S,34.14,44.49,10.35
1278,183,M,23.26,34.14,10.88
1279,183,C,20.71,23.26,2.55
1280,183,A,9.44,20.71,11.27
1281,183,K,6.44,9.44,3.0
1282,184,R,46.91,50.32,3.41
1283,184,L,44.47,46.91,2.44
1284,184,S,34.11,44.47,10.36
1285,184,M,23.23,34.11,10.88
1286,184,C,20.66,23.23,2.57
1287,184,A,9.37,20.66,11.29
1288,184,K,6.37,9.37,3.0
1289,185,R,46.91,50.33,3.42
1290,185,L,44.45,46.91,2.46
1291,185,S,34.09,44.45,10.36
1292,185,M,23.21,34.09,10.88
1293,185,C,20.61,23.21,2.6
1294,185,A,9.29,20.61,11.32
1295,185,K,6.29,9.29,3.0
1296,186,R,46.91,50.33,3.43
1297,186,L,44.43,46.91,2.47
1298,186,S,34.06,44.43,10.37
1299,186,M,23.18,34.06,10.88
1300,186,C,20.56,23.18,2.62
1301,186,A,9.22,20.56,11.34
1302,186,K,6.22,9.22,3.0
1303,187,R,46.9,50.34,3.44
1304,187,L,44.41,46.9,2.49
1305,187,S,34.04,44.41,10.37
1306,187,M,23.16,34.04,10.88
1307,187,C,20.51,23.16,2.64
1308,187,A,9.15,20.51,11.37
1309,187,K,6.15,9.15,3.0
1310,188,R,46.9,50.34,3.45
1311,188,L,44.39,46.9,2.5
1312,188,S,34.02,44.39,10.38
1313,188,M,23.13,34.02,10.88
1314,188,C,20.47,23.13,2.67
1315,188,A,9.07,20.47,11.4
1316,188,K,6.07,9.07,3.0
1317,189,R,46.9,50.35,3.46
1318,189,L,44.38,46.9,2.52
1319,189,S,33.99,44.38,10.38
1320,189,M,23.11,33.99,10.88
1321,189,C,20.42,23.11,2.69
1322,189,A,9.0,20.42,11.42
1323,189,K,6.0,9.0,3.0
1324,190,R,46.89,50.36,3.46
1325,190,L,44.36,46.89,2.53
1326,190,S,33.97,44.36,10.39
1327,190,M,23.09,33.97,10.89
1328,190,C,20.37,23.09,2.71
1329,190,A,8.93,20.37,11.45
1330,190,K,5.93,8.93,3.0
1331,191,R,46.89,50.37,3.47
1332,191,L,44.34,46.89,2.55
1333,191,S,33.95,44.34,10.39
1334,191,M,23.06,33.95,10.89
1335,191,C,20.33,23.06,2.74
1336,191,A,8.85,20.33,11.47
1337,191,K,5.85,8.85,3.0
1338,192,R,46.89,50.37,3.48
1339,192,L,44.32,46.89,2.56
1340,192,S,33.93,44.32,10.39
1341,192,M,23.04,33.93,10.89
1342,192,C,20.28,23.04,2.76
1343,192,A,8.78,20.28,11.5
1344,192,K,5.78,8.78,3.0
1345,193,R,46.89,50.38,3.49
1346,193,L,44.31,46.89,2.58
1347,193,S,33.91,44.31,10.4
1348,193,M,23.02,33.91,10.89
1349,193,C,20.24,23.02,2.78
1350,193,A,8.71,20.24,11.53
1351,193,K,5.71,8.71,3.0
1352,194,R,46.89,50.39,3.5
1353,194,L,44.29,46.89,2.59
1354,194,S,33.89,44.29,10.4
1355,194,M,23.0,33.89,10.89
1356,194,C,20.2,23.0,2.81
1357,194,A,8.64,20.2,11.55
1358,194,K,5.64,8.64,3.0
1359,195,R,46.89,50.4,3.51
1360,195,L,44.28,46.89,2.61
1361,195,S,33.87,44.28,10.4
1362,195,M,22.99,33.87,10.89
1363,195,C,20.15,22.99,2.83
1364,195,A,8.57,20.15,11.58
1365,195,K,5.57,8.57,3.0
1366,196,R,46.89,50.41,3.52
1367,196,L,44.26,46.89,2.62
1368,196,S,33.86,44.26,10.41
1369,196,M,22.97,33.86,10.89
1370,196,C,20.11,22.97,2.86
1371,196,A,8.51,20.11,11.61
1372,196,K,5.51,8.51,3.0
1373,197,R,46.89,50.42,3.53
1374,197,L,44.25,46.89,2.64
1375,197,S,33.84,44.25,10.41
1376,197,M,22.95,33.84,10.89
1377,197,C,20.07,22.95,2.88
1378,197,A,8.44,20.07,11.64
1379,197,K,5.44,8.44,3.0
1380,198,R,46.89,50.43,3.54
1381,198,L,44.23,46.89,2.65
1382,198,S,33.82,44.23,10.41
1383,198,M,22.94,33.82,10.89
1384,198,C,20.03,22.94,2.9
1385,198,A,8.37,20.03,11.66
1386,198,K,5.37,8.37,3.0
1387,199,R,46.89,50.44,3.56
1388,199,L,44.22,46.89,2.67
1389,199,S,33.81,44.22,10.41
1390,199,M,22.92,33.81,10.88
1391,199,C,19.99,22.92,2.93
1392,199,A,8.3,19.99,11.69
1393,199,K,5.3,8.3,3.0
1394,200,R,46.89,50.45,3.57
1395,200,L,44.21,46.89,2.68
1396,200,S,33.79,44.21,10.42
1397,200,M,22.91,33.79,10.88
1398,200,C,19.96,22.91,2.95
1399,200,A,8.24,19.96,11.72
1400,200,K,5.24,8.24,3.0
1401,201,R,46.89,50.46,3.58
1402,201,L,44.2,46.89,2.69
1403,201,S,33.78,44.2,10.42
1404,201,M,22.9,33.78,10.88
1405,201,C,19.92,22.9,2.98
1406,201,A,8.18,19.92,11.74
1407,201,K,5.18,8.18,3.0
1408,202,R,46.89,50.48,3.59
1409,202,L,44.18,46.89,2.71
1410,202,S,33.77,44.18,10.42
1411,202,M,22.89,33.77,10.88
1412,202,C,19.88,22.89,3.0
1413,202,A,8.11,19.88,11.77
1414,202,K,5.11,8.11,3.0
1415,203,R,46.89,50.49,3.6
1416,203,L,44.17,46.89,2.72
1417,203,S,33.75,44.17,10.42
1418,203,M,22.88,33.75,10.88
1419,203,C,19.85,22.88,3.03
1420,203,A,8.05,19.85,11.8
1421,203,K,5.05,8.05,3.0
1422,204,R,46.9,50.5,3.61
1423,204,L,44.16,46.9,2.73
1424,204,S,33.74,44.16,10.42
1425,204,M,22.87,33.74,10.87
1426,204,C,19.82,22.87,3.05
1427,204,A,7.99,19.82,11.83
1428,204,K,4.99,7.99,3.0
1429,205,R,46.9,50.52,3.62
1430,205,L,44.15,46.9,2.75
1431,205,S,33.73,44.15,10.42
1432,205,M,22.86,33.73,10.87
1433,205,C,19.78,22.86,3.08
1434,205,A,7.93,19.78,11.86
1435,205,K,4.93,7.93,3.0
1436,206,R,46.9,50.53,3.63
1437,206,L,44.14,46.9,2.76
1438,206,S,33.72,44.14,10.42
1439,206,M,22.85,33.72,10.87
1440,206,C,19.75,22.85,3.1
1441,206,A,7.87,19.75,11.88
1442,206,K,4.87,7.87,3.0
1443,207,R,46.9,50.54,3.64
1444,207,L,44.13,46.9,2.77
1445,207,S,33.71,44.13,10.42
1446,207,M,22.85,33.71,10.87
1447,207,C,19.72,22.85,3.13
1448,207,A,7.81,19.72,11.91
1449,207,K,4.81,7.81,3.0
1450,208,R,46.91,50.56,3.65
1451,208,L,44.12,46.91,2.78
1452,208,S,33.7,44.12,10.42
1453,208,M,22.84,33.7,10.86
1454,208,C,19.69,22.84,3.15
1455,208,A,7.75,19.69,11.94
1456,208,K,4.75,7.75,3.0
1457,209,R,46.91,50.57,3.66
1458,209,L,44.12,46.91,2.8
1459,209,S,33.7,44.12,10.42
1460,209,M,22.84,33.7,10.86
1461,209,C,19.66,22.84,3.17
1462,209,A,7.7,19.66,11.97
1463,209,K,4.7,7.7,3.0
1464,210,R,46.92,50.59,3.67
1465,210,L,44.11,46.92,2.81
1466,210,S,33.69,44.11,10.42
1467,210,M,22.83,33.69,10.85
1468,210,C,19.64,22.83,3.2
1469,210,A,7.64,19.64,11.99
1470,210,K,4.64,7.64,3.0
1471,211,R,46.92,50.6,3.68
1472,211,L,44.1,46.92,2.82
1473,211,S,33.68,44.1,10.42
1474,211,M,22.83,33.68,10.85
1475,211,C,19.61,22.83,3.22
1476,211,A,7.59,19.61,12.02
1477,211,K,4.59,7.59,3.0
1478,212,R,46.93,50.62,3.69
1479,212,L,44.09,46.93,2.83
1480,212,S,33.68,44.09,10.42
1481,212,M,22.83,33.68,10.85
1482,212,C,19.59,22.83,3.25
1483,212,A,7.54,19.59,12.05
1484,212,K,4.54,7.54,3.0
1485,213,R,46.93,50.64,3.7
1486,213,L,44.09,46.93,2.84
1487,213,S,33.67,44.09,10.41
1488,213,M,22.83,33.67,10.84
1489,213,C,19.56,22.83,3.27
1490,213,A,7.48,19.56,12.08
1491,213,K,4.48,7.48,3.0
1492,214,R,46.94,50.65,3.72
1493,214,L,44.08,46.94,2.86
1494,214,S,33.67,44.08,10.41
1495,214,M,22.83,33.67,10.83
1496,214,C,19.54,22.83,3.3
1497,214,A,7.43,19.54,12.1
1498,214,K,4.43,7.43,3.0
1499,215,R,46.94,50.67,3.73
1500,215,L,44.08,46.94,2.87
1501,215,S,33.67,44.08,10.41
1502,215,M,22.84,33.67,10.83
1503,215,C,19.52,22.84,3.32
1504,215,A,7.39,19.52,12.13
1505,215,K,4.39,7.39,3.0
1506,216,R,46.95,50.69,3.74
1507,216,L,44.07,46.95,2.88
1508,216,S,33.66,44.07,10.41
1509,216,M,22.84,33.66,10.82
1510,216,C,19.5,22.84,3.34
1511,216,A,7.34,19.5,12.16
1512,216,K,4.34,7.34,3.0
1513,217,R,46.96,50.7,3.75
1514,217,L,44.07,46.96,2.89
1515,217,S,33.66,44.07,10.4
1516,217,M,22.85,33.66,10.82
1517,217,C,19.48,22.85,3.37
1518,217,A,7.29,19.48,12.19
1519,217,K,4.29,7.29,3.0
1520,218,R,46.96,50.72,3.76
1521,218,L,44.06,46.96,2.9
1522,218,S,33.66,44.06,10.4
1523,218,M,22.85,33.66,10.81
1524,218,C,19.46,22.85,3.39
1525,218,A,7.25,19.46,12.21
1526,218,K,4.25,7.25,3.0
1527,219,R,46.97,50.74,3.77
1528,219,L,44.06,46.97,2.91
1529,219,S,33.66,44.06,10.4
1530,219,M,22.86,33.66,10.8
1531,219,C,19.45,22.86,3.41
1532,219,A,7.2,19.45,12.24
1533,219,K,4.2,7.2,3.0
1534,220,R,46.98,50.76,3.78
1535,220,L,44.06,46.98,2.92
1536,220,S,33.66,44.06,10.39
1537,220,M,22.87,33.66,10.8
1538,220,C,19.43,22.87,3.44
1539,220,A,7.16,19.43,12.27
1540,220,K,4.16,7.16,3.0
1541,221,R,46.98,50.78,3.79
1542,221,L,44.06,46.98,2.93
1543,221,S,33.67,44.06,10.39
1544,221,M,22.88,33.67,10.79
1545,221,C,19.42,22.88,3.46
1546,221,A,7.12,19.42,12.3
1547,221,K,4.12,7.12,3.0
1548,222,R,46.99,50.79,3.8
1549,222,L,44.05,46.99,2.94
1550,222,S,33.67,44.05,10.39
1551,222,M,22.89,33.67,10.78
1552,222,C,19.41,22.89,3.48
1553,222,A,7.08,19.41,12.32
1554,222,K,4.08,7.08,3.0
1555,223,R,47.0,50.81,3.81
1556,223,L,44.05,47.0,2.95
1557,223,S,33.67,44.05,10.38
1558,223,M,22.9,33.67,10.77
1559,223,C,19.4,22.9,3.5
1560,223,A,7.05,19.4,12.35
1561,223,K,4.05,7.05,3.0
1562,224,R,47.01,50.83,3.82
1563,224,L,44.05,47.01,2.96
1564,224,S,33.68,44.05,10.38
1565,224,M,22.91,33.68,10.77
1566,224,C,19.39,22.91,3.52
1567,224,A,7.01,19.39,12.38
1568,224,K,4.01,7.01,3.0
1569,225,R,47.02,50.85,3.83
1570,225,L,44.05,47.02,2.97
1571,225,S,33.68,44.05,10.37
1572,225,M,22.92,33.68,10.76
1573,225,C,19.38,22.92,3.55
1574,225,A,6.97,19.38,12.4
1575,225,K,3.97,6.97,3.0
1576,226,R,47.03,50.87,3.85
1577,226,L,44.05,47.03,2.98
1578,226,S,33.69,44.05,10.36
1579,226,M,22.94,33.69,10.75
1580,226,C,19.37,22.94,3.57
1581,226,A,6.94,19.37,12.43
1582,226,K,3.94,6.94,3.0
1583,227,R,47.03,50.89,3.86
1584,227,L,44.05,47.03,2.98
1585,227,S,33.69,44.05,10.36
1586,227,M,22.95,33.69,10.74
1587,227,C,19.37,22.95,3.59
1588,227,A,6.91,19.37,12.46
1589,227,K,3.91,6.91,3.0
1590,228,R,47.04,50.91,3.87
1591,228,L,44.05,47.04,2.99
1592,228,S,33.7,44.05,10.35
1593,228,M,22.97,33.7,10.73
1594,228,C,19.36,22.97,3.61
1595,228,A,6.88,19.36,12.48
1596,228,K,3.88,6.88,3.0
1597,229,R,47.05,50.93,3.88
1598,229,L,44.05,47.05,3.0
1599,229,S,33.71,44.05,10.35
1600,229,M,22.99,33.71,10.72
1601,229,C,19.36,22.99,3.63
1602,229,A,6.85,19.36,12.51
1603,229,K,3.85,6.85,3.0
1604,230,R,47.06,50.95,3.89
1605,230,L,44.06,47.06,3.01
1606,230,S,33.72,44.06,10.34
1607,230,M,23.01,33.72,10.71
1608,230,C,19.36,23.01,3.65
1609,230,A,6.82,19.36,12.53
1610,230,K,3.82,6.82,3.0
1611,231,R,47.07,50.97,3.9
1612,231,L,44.06,47.07,3.02
1613,231,S,33.73,44.06,10.33
1614,231,M,23.03,33.73,10.7
1615,231,C,19.36,23.03,3.67
1616,231,A,6.8,19.36,12.56
1617,231,K,3.8,6.8,3.0
1618,232,R,47.08,50.99,3.91
1619,232,L,44.06,47.08,3.02
1620,232,S,33.74,44.06,10.32
1621,232,M,23.05,33.74,10.69
1622,232,C,19.36,23.05,3.69
1623,232,A,6.77,19.36,12.58
1624,232,K,3.77,6.77,3.0
1625,233,R,47.09,51.01,3.92
1626,233,L,44.06,47.09,3.03
1627,233,S,33.75,44.06,10.32
1628,233,M,23.07,33.75,10.68
1629,233,C,19.36,23.07,3.71
1630,233,A,6.75,19.36,12.61
1631,233,K,3.75,6.75,3.0
1632,234,R,47.1,51.03,3.93
1633,234,L,44.07,47.1,3.04
1634,234,S,33.76,44.07,10.31
1635,234,M,23.09,33.76,10.67
1636,234,C,19.37,23.09,3.73
1637,234,A,6.73,19.37,12.63
1638,234,K,3.73,6.73,3.0
1639,235,R,47.11,51.05,3.94
1640,235,L,44.07,47.11,3.04
1641,235,S,33.77,44.07,10.3
1642,235,M,23.12,33.77,10.65
1643,235,C,19.37,23.12,3.75
1644,235,A,6.71,19.37,12.66
1645,235,K,3.71,6.71,3.0
1646,236,R,47.12,51.08,3.95
1647,236,L,44.08,47.12,3.05
1648,236,S,33.79,44.08,10.29
1649,236,M,23.14,33.79,10.64
1650,236,C,19.38,23.14,3.77
1651,236,A,6.69,19.38,12.68
1652,236,K,3.69,6.69,3.0
1653,237,R,47.14,51.1,3.96
1654,237,L,44.08,47.14,3.06
1655,237,S,33.8,44.08,10.28
1656,237,M,23.17,33.8,10.63
1657,237,C,19.39,23.17,3.78
1658,237,A,6.68,19.39,12.71
1659,237,K,3.68,6.68,3.0
1660,238,R,47.15,51.12,3.97
1661,238,L,44.09,47.15,3.06
1662,238,S,33.81,44.09,10.27
1663,238,M,23.2,33.81,10.62
1664,238,C,19.4,23.2,3.8
1665,238,A,6.66,19.4,12.73
1666,238,K,3.66,6.66,3.0
1667,239,R,47.16,51.14,3.98
1668,239,L,44.09,47.16,3.07
1669,239,S,33.83,44.09,10.26
1670,239,M,23.23,33.83,10.6
1671,239,C,19.41,23.23,3.82
1672,239,A,6.65,19.41,12.76
1673,239,K,3.65,6.65,3.0
1674,240,R,47.17,51.16,3.99
1675,240,L,44.1,47.17,3.07
1676,240,S,33.85,44.1,10.25
1677,240,M,23.25,33.85,10.59
1678,240,C,19.42,23.25,3.83
1679,240,A,6.64,19.42,12.78
1680,240,K,3.64,6.64,3.0
1681,241,R,47.18,51.18,4.0
1682,241,L,44.1,47.18,3.08
1683,241,S,33.86,44.1,10.24
1684,241,M,23.28,33.86,10.58
1685,241,C,19.43,23.28,3.85
1686,241,A,6.63,19.43,12.8
1687,241,K,3.63,6.63,3.0
1688,242,R,47.19,51.2,4.01
1689,242,L,44.11,47.19,3.08
1690,242,S,33.88,44.11,10.23
1691,242,M,23.32,33.88,10.56
1692,242,C,19.45,23.32,3.87
1693,242,A,6.62,19.45,12.83
1694,242,K,3.62,6.62,3.0
1695,243,R,47.2,51.22,4.02
1696,243,L,44.12,47.2,3.09
1697,243,S,33.9,44.12,10.22
1698,243,M,23.35,33.9,10.55
1699,243,C,19.47,23.35,3.88
1700,243,A,6.62,19.47,12.85
1701,243,K,3.62,6.62,3.0
1702,244,R,47.21,51.24,4.03
1703,244,L,44.12,47.21,3.09
1704,244,S,33.92,44.12,10.21
1705,244,M,23.38,33.92,10.54
1706,244,C,19.48,23.38,3.9
1707,244,A,6.61,19.48,12.87
1708,244,K,3.61,6.61,3.0
1709,245,R,47.23,51.27,4.04
1710,245,L,44.13,47.23,3.09
1711,245,S,33.94,44.13,10.2
1712,245,M,23.41,33.94,10.52
1713,245,C,19.5,23.41,3.91
1714,245,A,6.61,19.5,12.89
1715,245,K,3.61,6.61,3.0
1716,246,R,47.24,51.29,4.05
1717,246,L,44.14,47.24,3.1
1718,246,S,33.96,44.14,10.18
1719,246,M,23.45,33.96,10.51
1720,246,C,19.53,23.45,3.92
1721,246,A,6.61,19.53,12.91
1722,246,K,3.61,6.61,3.0
1723,247,R,47.25,51.31,4.06
1724,247,L,44.15,47.25,3.1
1725,247,S,33.98,44.15,10.17
1726,247,M,23.49,33.98,10.49
1727,247,C,19.55,23.49,3.94
1728,247,A,6.61,19.55,12.94
1729,247,K,3.61,6.61,3.0
1730,248,R,47.26,51.33,4.07
1731,248,L,44.16,47.26,3.1
1732,248,S,34.0,44.16,10.16
1733,248,M,23.52,34.0,10.48
1734,248,C,19.57,23.52,3.95
1735,248,A,6.61,19.57,12.96
1736,248,K,3.61,6.61,3.0
1737,249,R,47.27,51.35,4.08
1738,249,L,44.17,47.27,3.11
1739,249,S,34.02,44.17,10.15
1740,249,M,23.56,34.02,10.46
1741,249,C,19.6,23.56,3.96
1742,249,A,6.62,19.6,12.98
1743,249,K,3.62,6.62,3.0
1744,250,R,47.29,51.37,4.09
1745,250,L,44.18,47.29,3.11
1746,250,S,34.04,44.18,10.13
1747,250,M,23.6,34.04,10.44
1748,250,C,19.62,23.6,3.98
1749,250,A,6.62,19.62,13.0
1750,250,K,3.62,6.62,3.0
1751,251,R,47.3,51.39,4.09
1752,251,L,44.19,47.3,3.11
1753,251,S,34.07,44.19,10.12
1754,251,M,23.64,34.07,10.43
1755,251,C,19.65,23.64,3.99
1756,251,A,6.63,19.65,13.02
1757,251,K,3.63,6.63,3.0
1758,252,R,47.31,51.41,4.1
1759,252,L,44.19,47.31,3.12
1760,252,S,34.09,44.19,10.11
1761,252,M,23.68,34.09,10.41
1762,252,C,19.68,23.68,4.0
1763,252,A,6.64,19.68,13.04
1764,252,K,3.64,6.64,3.0
1765,253,R,47.32,51.43,4.11
1766,253,L,44.21,47.32,3.12
1767,253,S,34.11,44.21,10.09
1768,253,M,23.72,34.11,10.4
1769,253,C,19.71,23.72,4.01
1770,253,A,6.65,19.71,13.06
1771,253,K,3.65,6.65,3.0
1772,254,R,47.33,51.46,4.12
1773,254,L,44.22,47.33,3.12
1774,254,S,34.14,44.22,10.08
1775,254,M,23.76,34.14,10.38
1776,254,C,19.74,23.76,4.02
1777,254,A,6.66,19.74,13.08
1778,254,K,3.66,6.66,3.0
1779,255,R,47.35,51.48,4.13
1780,255,L,44.23,47.35,3.12
1781,255,S,34.16,44.23,10.06
1782,255,M,23.8,34.16,10.36
1783,255,C,19.77,23.8,4.03
1784,255,A,6.68,19.77,13.1
1785,255,K,3.68,6.68,3.0
1786,256,R,47.36,51.5,4.14
1787,256,L,44.24,47.36,3.12
1788,256,S,34.19,44.24,10.05
1789,256,M,23.85,34.19,10.34
1790,256,C,19.81,23.85,4.04
1791,256,A,6.69,19.81,13.12
1792,256,K,3.69,6.69,3.0
1793,257,R,47.37,51.52,4.15
1794,257,L,44.25,47.37,3.12
1795,257,S,34.22,44.25,10.03
1796,257,M,23.89,34.22,10.33
1797,257,C,19.84,23.89,4.05
1798,257,A,6.71,19.84,13.13
1799,257,K,3.71,6.71,3.0
1800,258,R,47.38,51.54,4.15
1801,258,L,44.26,47.38,3.12
1802,258,S,34.24,44.26,10.02
1803,258,M,23.93,34.24,10.31
1804,258,C,19.88,23.93,4.05
1805,258,A,6.73,19.88,13.15
1806,258,K,3.73,6.73,3.0
1807,259,R,47.4,51.56,4.16
1808,259,L,44.27,47.4,3.12
1809,259,S,34.27,44.27,10.0
1810,259,M,23.98,34.27,10.29
1811,259,C,19.92,23.98,4.06
1812,259,A,6.75,19.92,13.17
1813,259,K,3.75,6.75,3.0
1814,260,R,47.41,51.58,4.17
1815,260,L,44.28,47.41,3.12
1816,260,S,34.3,44.28,9.99
1817,260,M,24.02,34.3,10.27
1818,260,C,19.96,24.02,4.07
1819,260,A,6.77,19.96,13.19
1820,260,K,3.77,6.77,3.0
1821,261,R,47.42,51.6,4.18
1822,261,L,44.3,47.42,3.12
1823,261,S,34.33,44.3,9.97
1824,261,M,24.07,34.33,10.25
1825,261,C,20.0,24.07,4.07
1826,261,A,6.79,20.0,13.2
1827,261,K,3.79,6.79,3.0
1828,262,R,47.43,51.62,4.19
1829,262,L,44.31,47.43,3.12
1830,262,S,34.35,44.31,9.95
1831,262,M,24.12,34.35,10.24
1832,262,C,20.04,24.12,4.08
1833,262,A,6.82,20.04,13.22
1834,262,K,3.82,6.82,3.0
1835,263,R,47.44,51.64,4.19
1836,263,L,44.32,47.44,3.12
1837,263,S,34.38,44.32,9.94
1838,263,M,24.17,34.38,10.22
1839,263,C,20.08,24.17,4.08
1840,263,A,6.85,20.08,13.24
1841,263,K,3.85,6.85,3.0
1842,264,R,47.46,51.66,4.2
1843,264,L,44.33,47.46,3.12
1844,264,S,34.41,44.33,9.92
1845,264,M,24.22,34.41,10.2
1846,264,C,20.13,24.22,4.09
1847,264,A,6.88,20.13,13.25
1848,264,K,3.88,6.88,3.0
1849,265,R,47.47,51.67,4.21
1850,265,L,44.34,47.47,3.12
1851,265,S,34.44,44.34,9.9
1852,265,M,24.26,34.44,10.18
1853,265,C,20.17,24.26,4.09
1854,265,A,6.91,20.17,13.27
1855,265,K,3.91,6.91,3.0
1856,266,R,47.48,51.69,4.21
1857,266,L,44.36,47.48,3.12
1858,266,S,34.47,44.36,9.88
1859,266,M,24.31,34.47,10.16
1860,266,C,20.22,24.31,4.1
1861,266,A,6.94,20.22,13.28
1862,266,K,3.94,6.94,3.0
1863,267,R,47.49,51.71,4.22
1864,267,L,44.37,47.49,3.12
1865,267,S,34.5,44.37,9.87
1866,267,M,24.36,34.5,10.14
1867,267,C,20.27,24.36,4.1
1868,267,A,6.97,20.27,13.3
1869,267,K,3.97,6.97,3.0
1870,268,R,47.5,51.73,4.23
1871,268,L,44.38,47.5,3.12
1872,268,S,34.54,44.38,9.85
1873,268,M,24.42,34.54,10.12
1874,268,C,20.31,24.42,4.1
1875,268,A,7.0,20.31,13.31
1876,268,K,4.0,7.0,3.0
1877,269,R,47.51,51.75,4.23
1878,269,L,44.4,47.51,3.12
1879,269,S,34.57,44.4,9.83
1880,269,M,24.47,34.57,10.1
1881,269,C,20.36,24.47,4.1
1882,269,A,7.04,20.36,13.32
1883,269,K,4.04,7.04,3.0
1884,270,R,47.52,51.77,4.24
1885,270,L,44.41,47.52,3.11
1886,270,S,34.6,44.41,9.81
1887,270,M,24.52,34.6,10.08
1888,270,C,20.41,24.52,4.1
1889,270,A,7.08,20.41,13.34
1890,270,K,4.08,7.08,3.0
1891,271,R,47.54,51.78,4.25
1892,271,L,44.42,47.54,3.11
1893,271,S,34.63,44.42,9.79
1894,271,M,24.57,34.63,10.06
1895,271,C,20.47,24.57,4.1
1896,271,A,7.12,20.47,13.35
1897,271,K,4.12,7.12,3.0
1898,272,R,47.55,51.8,4.25
1899,272,L,44.44,47.55,3.11
1900,272,S,34.66,44.44,9.77
1901,272,M,24.62,34.66,10.04
1902,272,C,20.52,24.62,4.1
1903,272,A,7.16,20.52,13.36
1904,272,K,4.16,7.16,3.0
1905,273,R,47.56,51.82,4.26
1906,273,L,44.45,47.56,3.11
1907,273,S,34.7,44.45,9.75
1908,273,M,24.68,34.7,10.02
1909,273,C,20.57,24.68,4.1
1910,273,A,7.2,20.57,13.37
1911,273,K,4.2,7.2,3.0
1912,274,R,47.57,51.83,4.27
1913,274,L,44.46,47.57,3.1
1914,274,S,34.73,44.46,9.74
1915,274,M,24.73,34.73,10.0
1916,274,C,20.63,24.73,4.1
1917,274,A,7.24,20.63,13.39
1918,274,K,4.24,7.24,3.0
1919,275,R,47.58,51.85,4.27
1920,275,L,44.48,47.58,3.1
1921,275,S,34.76,44.48,9.72
1922,275,M,24.78,34.76,9.98
1923,275,C,20.68,24.78,4.1
1924,275,A,7.29,20.68,13.4
1925,275,K,4.29,7.29,3.0
1926,276,R,47.59,51.87,4.28
1927,276,L,44.49,47.59,3.1
1928,276,S,34.8,44.49,9.7
1929,276,M,24.84,34.8,9.96
1930,276,C,20.74,24.84,4.1
1931,276,A,7.33,20.74,13.41
1932,276,K,4.33,7.33,3.0
1933,277,R,47.6,51.88,4.28
1934,277,L,44.51,47.6,3.09
1935,277,S,34.83,44.51,9.68
1936,277,M,24.89,34.83,9.94
1937,277,C,20.8,24.89,4.09
1938,277,A,7.38,20.8,13.42
1939,277,K,4.38,7.38,3.0
1940,278,R,47.61,51.9,4.29
1941,278,L,44.52,47.61,3.09
1942,278,S,34.86,44.52,9.66
1943,278,M,24.95,34.86,9.92
1944,278,C,20.86,24.95,4.09
1945,278,A,7.43,20.86,13.43
1946,278,K,4.43,7.43,3.0
1947,279,R,47.62,51.91,4.29
1948,279,L,44.53,47.62,3.08
1949,279,S,34.9,44.53,9.64
1950,279,M,25.0,34.9,9.9
1951,279,C,20.92,25.0,4.09
1952,279,A,7.48,20.92,13.44
1953,279,K,4.48,7.48,3.0
1954,280,R,47.63,51.93,4.3
1955,280,L,44.55,47.63,3.08
1956,280,S,34.93,44.55,9.62
1957,280,M,25.06,34.93,9.88
1958,280,C,20.98,25.06,4.08
1959,280,A,7.53,20.98,13.45
1960,280,K,4.53,7.53,3.0
1961,281,R,47.64,51.94,4.3
1962,281,L,44.56,47.64,3.08
1963,281,S,34.97,44.56,9.59
1964,281,M,25.11,34.97,9.85
1965,281,C,21.04,25.11,4.08
1966,281,A,7.58,21.04,13.45
1967,281,K,4.58,7.58,3.0
1968,282,R,47.65,51.95,4.31
1969,282,L,44.57,47.65,3.07
1970,282,S,35.0,44.57,9.57
1971,282,M,25.17,35.0,9.83
1972,282,C,21.1,25.17,4.07
1973,282,A,7.64,21.1,13.46
1974,282,K,4.64,7.64,3.0
1975,283,R,47.65,51.97,4.31
1976,283,L,44.59,47.65,3.07
1977,283,S,35.04,44.59,9.55
1978,283,M,25.22,35.04,9.81
1979,283,C,21.16,25.22,4.06
1980,283,A,7.69,21.16,13.47
1981,283,K,4.69,7.69,3.0
1982,284,R,47.66,51.98,4.32
1983,284,L,44.6,47.66,3.06
1984,284,S,35.07,44.6,9.53
1985,284,M,25.28,35.07,9.79
1986,284,C,21.22,25.28,4.06
1987,284,A,7.75,21.22,13.48
1988,284,K,4.75,7.75,3.0
1989,285,R,47.67,51.99,4.32
1990,285,L,44.62,47.67,3.06
1991,285,S,35.11,44.62,9.51
1992,285,M,25.34,35.11,9.77
1993,285,C,21.29,25.34,4.05
1994,285,A,7.8,21.29,13.49
1995,285,K,4.8,7.8,3.0
1996,286,R,47.68,52.0,4.32
1997,286,L,44.63,47.68,3.05
1998,286,S,35.14,44.63,9.49
1999,286,M,25.39,35.14,9.75
2000,286,C,21.35,25.39,4.04
2001,286,A,7.86,21.35,13.49
2002,286,K,4.86,7.86,3.0
2003,287,R,47.69,52.02,4.33
2004,287,L,44.64,47.69,3.05
2005,287,S,35.18,44.64,9.47
2006,287,M,25.45,35.18,9.73
2007,287,C,21.42,25.45,4.03
2008,287,A,7.92,21.42,13.5
2009,287,K,4.92,7.92,3.0
2010,288,R,47.7,52.03,4.33
2011,288,L,44.66,47.7,3.04
2012,288,S,35.21,44.66,9.44
2013,288,M,25.5,35.21,9.71
2014,288,C,21.48,25.5,4.02
2015,288,A,7.98,21.48,13.5
2016,288,K,4.98,7.98,3.0
2017,289,R,47.7,52.04,4.34
2018,289,L,44.67,47.7,3.03
2019,289,S,35.25,44.67,9.42
2020,289,M,25.56,35.25,9.69
2021,289,C,21.55,25.56,4.01
2022,289,A,8.04,21.55,13.51
2023,289,K,5.04,8.04,3.0
2024,290,R,47.71,52.05,4.34
2025,290,L,44.68,47.71,3.03
2026,290,S,35.28,44.68,9.4
2027,290,M,25.62,35.28,9.66
2028,290,C,21.62,25.62,4.0
2029,290,A,8.1,21.62,13.51
2030,290,K,5.1,8.1,3.0
2031,291,R,47.72,52.06,4.34
2032,291,L,44.69,47.72,3.02
2033,291,S,35.32,44.69,9.38
2034,291,M,25.67,35.32,9.64
2035,291,C,21.69,25.67,3.99
2036,291,A,8.17,21.69,13.52
2037,291,K,5.17,8.17,3.0
2038,292,R,47.72,52.07,4.35
2039,292,L,44.71,47.72,3.02
2040,292,S,35.35,44.71,9.36
2041,292,M,25.73,35.35,9.62
2042,292,C,21.75,25.73,3.97
2043,292,A,8.23,21.75,13.52
2044,292,K,5.23,8.23,3.0
2045,293,R,47.73,52.08,4.35
2046,293,L,44.72,47.73,3.01
2047,293,S,35.39,44.72,9.33
2048,293,M,25.79,35.39,9.6
2049,293,C,21.82,25.79,3.96
2050,293,A,8.3,21.82,13.53
2051,293,K,5.3,8.3,3.0
2052,294,R,47.73,52.09,4.35
2053,294,L,44.73,47.73,3.0
2054,294,S,35.42,44.73,9.31
2055,294,M,25.84,35.42,9.58
2056,294,C,21.89,25.84,3.95
2057,294,A,8.36,21.89,13.53
2058,294,K,5.36,8.36,3.0
2059,295,R,47.74,52.09,4.35
2060,295,L,44.74,47.74,3.0
2061,295,S,35.46,44.74,9.29
2062,295,M,25.9,35.46,9.56
2063,295,C,21.96,25.9,3.93
2064,295,A,8.43,21.96,13.53
2065,295,K,5.43,8.43,3.0
2066,296,R,47.75,52.1,4.36
2067,296,L,44.76,47.75,2.99
2068,296,S,35.49,44.76,9.27
2069,296,M,25.95,35.49,9.54
2070,296,C,22.03,25.95,3.92
2071,296,A,8.5,22.03,13.54
2072,296,K,5.5,8.5,3.0
2073,297,R,47.75,52.11,4.36
2074,297,L,44.77,47.75,2.98
2075,297,S,35.53,44.77,9.24
2076,297,M,26.01,35.53,9.52
2077,297,C,22.1,26.01,3.91
2078,297,A,8.57,22.1,13.54
2079,297,K,5.57,8.57,3.0
2080,298,R,47.75,52.12,4.36
2081,298,L,44.78,47.75,2.97
2082,298,S,35.56,44.78,9.22
2083,298,M,26.06,35.56,9.5
2084,298,C,22.17,26.06,3.89
2085,298,A,8.64,22.17,13.54
2086,298,K,5.64,8.64,3.0
2087,299,R,47.76,52.12,4.36
2088,299,L,44.79,47.76,2.97
2089,299,S,35.6,44.79,9.2
2090,299,M,26.12,35.6,9.48
2091,299,C,22.25,26.12,3.87
2092,299,A,8.71,22.25,13.54
2093,299,K,5.71,8.71,3.0
2094,300,R,47.76,52.13,4.36
2095,300,L,44.8,47.76,2.96
2096,300,S,35.63,44.8,9.17
2097,300,M,26.17,35.63,9.46
2098,300,C,22.32,26.17,3.86
2099,300,A,8.78,22.32,13.54
2100,300,K,5.78,8.78,3.0
2101,301,R,47.77,52.13,4.37
2102,301,L,44.81,47.77,2.95
2103,301,S,35.66,44.81,9.15
2104,301,M,26.23,35.66,9.43
2105,301,C,22.39,26.23,3.84
2106,301,A,8.85,22.39,13.54
2107,301,K,5.85,8.85,3.0
2108,302,R,47.77,52.14,4.37
2109,302,L,44.82,47.77,2.94
2110,302,S,35.7,44.82,9.13
2111,302,M,26.28,35.7,9.41
2112,302,C,22.46,26.28,3.82
2113,302,A,8.92,22.46,13.54
2114,302,K,5.92,8.92,3.0
2115,303,R,47.77,52.14,4.37
2116,303,L,44.84,47.77,2.94
2117,303,S,35.73,44.84,9.1
2118,303,M,26.34,35.73,9.39
2119,303,C,22.53,26.34,3.8
2120,303,A,8.99,22.53,13.54
2121,303,K,5.99,8.99,3.0
2122,304,R,47.77,52.14,4.37
2123,304,L,44.85,47.77,2.93
2124,304,S,35.77,44.85,9.08
2125,304,M,26.39,35.77,9.37
2126,304,C,22.61,26.39,3.78
2127,304,A,9.07,22.61,13.54
2128,304,K,6.07,9.07,3.0
2129,305,R,47.78,52.15,4.37
2130,305,L,44.86,47.78,2.92
2131,305,S,35.8,44.86,9.06
2132,305,M,26.44,35.8,9.35
2133,305,C,22.68,26.44,3.77
2134,305,A,9.14,22.68,13.54
2135,305,K,6.14,9.14,3.0
2136,306,R,47.78,52.15,4.37
2137,306,L,44.87,47.78,2.91
2138,306,S,35.83,44.87,9.03
2139,306,M,26.5,35.83,9.33
2140,306,C,22.75,26.5,3.75
2141,306,A,9.21,22.75,13.54
2142,306,K,6.21,9.21,3.0
2143,307,R,47.78,52.15,4.37
2144,307,L,44.87,47.78,2.9
2145,307,S,35.87,44.87,9.01
2146,307,M,26.55,35.87,9.32
2147,307,C,22.82,26.55,3.73
2148,307,A,9.29,22.82,13.54
2149,307,K,6.29,9.29,3.0
2150,308,R,47.78,52.15,4.37
2151,308,L,44.88,47.78,2.9
2152,308,S,35.9,44.88,8.99
2153,308,M,26.6,35.9,9.3
2154,308,C,22.9,26.6,3.7
2155,308,A,9.36,22.9,13.53
2156,308,K,6.36,9.36,3.0
2157,309,R,47.78,52.15,4.37
2158,309,L,44.89,47.78,2.89
2159,309,S,35.93,44.89,8.96
2160,309,M,26.65,35.93,9.28
2161,309,C,22.97,26.65,3.68
2162,309,A,9.44,22.97,13.53
2163,309,K,6.44,9.44,3.0
2164,310,R,47.78,52.15,4.37
2165,310,L,44.9,47.78,2.88
2166,310,S,35.96,44.9,8.94
2167,310,M,26.7,35.96,9.26
2168,310,C,23.04,26.7,3.66
2169,310,A,9.51,23.04,13.53
2170,310,K,6.51,9.51,3.0
2171,311,R,47.78,52.15,4.37
2172,311,L,44.91,47.78,2.87
2173,311,S,35.99,44.91,8.92
2174,311,M,26.75,35.99,9.24
2175,311,C,23.12,26.75,3.64
2176,311,A,9.59,23.12,13.53
2177,311,K,6.59,9.59,3.0
2178,312,R,47.78,52.15,4.37
2179,312,L,44.92,47.78,2.86
2180,312,S,36.03,44.92,8.89
2181,312,M,26.8,36.03,9.22
2182,312,C,23.19,26.8,3.62
2183,312,A,9.67,23.19,13.52
2184,312,K,6.67,9.67,3.0
2185,313,R,47.78,52.15,4.37
2186,313,L,44.92,47.78,2.85
2187,313,S,36.06,44.92,8.87
2188,313,M,26.85,36.06,9.2
2189,313,C,23.26,26.85,3.59
2190,313,A,9.74,23.26,13.52
2191,313,K,6.74,9.74,3.0
2192,314,R,47.78,52.15,4.37
2193,314,L,44.93,47.78,2.85
2194,314,S,36.09,44.93,8.84
2195,314,M,26.9,36.09,9.18
2196,314,C,23.33,26.9,3.57
2197,314,A,9.82,23.33,13.51
2198,314,K,6.82,9.82,3.0
2199,315,R,47.77,52.15,4.37
2200,315,L,44.94,47.77,2.84
2201,315,S,36.12,44.94,8.82
2202,315,M,26.95,36.12,9.17
2203,315,C,23.41,26.95,3.54
2204,315,A,9.9,23.41,13.51
2205,315,K,6.9,9.9,3.0
2206,316,R,47.77,52.15,4.37
2207,316,L,44.94,47.77,2.83
2208,316,S,36.15,44.94,8.8
2209,316,M,27.0,36.15,9.15
2210,316,C,23.48,27.0,3.52
2211,316,A,9.97,23.48,13.51
2212,316,K,6.97,9.97,3.0
2213,317,R,47.77,52.14,4.37
2214,317,L,44.95,47.77,2.82
2215,317,S,36.18,44.95,8.77
2216,317,M,27.05,36.18,9.13
2217,317,C,23.55,27.05,3.49
2218,317,A,10.05,23.55,13.5
2219,317,K,7.05,10.05,3.0
2220,318,R,47.77,52.14,4.37
2221,318,L,44.96,47.77,2.81
2222,318,S,36.21,44.96,8.75
2223,318,M,27.09,36.21,9.11
2224,318,C,23.62,27.09,3.47
2225,318,A,10.13,23.62,13.5
2226,318,K,7.13,10.13,3.0
2227,319,R,47.76,52.13,4.37
2228,319,L,44.96,47.76,2.8
2229,319,S,36.23,44.96,8.73
2230,319,M,27.14,36.23,9.1
2231,319,C,23.69,27.14,3.44
2232,319,A,10.2,23.69,13.49
2233,319,K,7.2,10.2,3.0
2234,320,R,47.76,52.13,4.37
2235,320,L,44.97,47.76,2.79
2236,320,S,36.26,44.97,8.7
2237,320,M,27.18,36.26,9.08
2238,320,C,23.77,27.18,3.42
2239,320,A,10.28,23.77,13.48
2240,320,K,7.28,10.28,3.0
2241,321,R,47.75,52.12,4.37
2242,321,L,44.97,47.75,2.78
2243,321,S,36.29,44.97,8.68
2244,321,M,27.23,36.29,9.06
2245,321,C,23.84,27.23,3.39
2246,321,A,10.36,23.84,13.48
2247,321,K,7.36,10.36,3.0
2248,322,R,47.75,52.12,4.37
2249,322,L,44.97,47.75,2.78
2250,322,S,36.32,44.97,8.66
2251,322,M,27.27,36.32,9.05
2252,322,C,23.91,27.27,3.36
2253,322,A,10.44,23.91,13.47
2254,322,K,7.44,10.44,3.0
2255,323,R,47.74,52.11,4.36
2256,323,L,44.98,47.74,2.77
2257,323,S,36.34,44.98,8.63
2258,323,M,27.31,36.34,9.03
2259,323,C,23.98,27.31,3.34
2260,323,A,10.51,23.98,13.46
2261,323,K,7.51,10.51,3.0
2262,324,R,47.74,52.1,4.36
2263,324,L,44.98,47.74,2.76
2264,324,S,36.37,44.98,8.61
2265,324,M,27.35,36.37,9.02
2266,324,C,24.05,27.35,3.31
2267,324,A,10.59,24.05,13.46
2268,324,K,7.59,10.59,3.0
2269,325,R,47.73,52.09,4.36
2270,325,L,44.98,47.73,2.75
2271,325,S,36.4,44.98,8.59
2272,325,M,27.39,36.4,9.0
2273,325,C,24.11,27.39,3.28
2274,325,A,10.67,24.11,13.45
2275,325,K,7.67,10.67,3.0
2276,326,R,47.72,52.08,4.36
2277,326,L,44.98,47.72,2.74
2278,326,S,36.42,44.98,8.56
2279,326,M,27.43,36.42,8.99
2280,326,C,24.18,27.43,3.25
2281,326,A,10.74,24.18,13.44
2282,326,K,7.74,10.74,3.0
2283,327,R,47.72,52.08,4.36
2284,327,L,44.99,47.72,2.73
2285,327,S,36.45,44.99,8.54
2286,327,M,27.47,36.45,8.97
2287,327,C,24.25,27.47,3.22
2288,327,A,10.82,24.25,13.43
2289,327,K,7.82,10.82,3.0
2290,328,R,47.71,52.07,4.36
2291,328,L,44.99,47.71,2.72
2292,328,S,36.47,44.99,8.52
2293,328,M,27.51,36.47,8.96
2294,328,C,24.32,27.51,3.19
2295,328,A,10.89,24.32,13.43
2296,328,K,7.89,10.89,3.0
2297,329,R,47.7,52.06,4.35
2298,329,L,44.99,47.7,2.71
2299,329,S,36.49,44.99,8.49
2300,329,M,27.55,36.49,8.94
2301,329,C,24.39,27.55,3.16
2302,329,A,10.97,24.39,13.42
2303,329,K,7.97,10.97,3.0
2304,330,R,47.69,52.04,4.35
2305,330,L,44.99,47.69,2.71
2306,330,S,36.52,44.99,8.47
2307,330,M,27.59,36.52,8.93
2308,330,C,24.45,27.59,3.13
2309,330,A,11.04,24.45,13.41
2310,330,K,8.04,11.04,3.0
2311,331,R,47.68,52.03,4.35
2312,331,L,44.99,47.68,2.7
2313,331,S,36.54,44.99,8.45
2314,331,M,27.62,36.54,8.92
2315,331,C,24.52,27.62,3.1
2316,331,A,11.12,24.52,13.4
2317,331,K,8.12,11.12,3.0
2318,332,R,47.67,52.02,4.35
2319,332,L,44.99,47.67,2.69
2320,332,S,36.56,44.99,8.43
2321,332,M,27.66,36.56,8.91
2322,332,C,24.58,27.66,3.07
2323,332,A,11.19,24.58,13.39
2324,332,K,8.19,11.19,3.0
2325,333,R,47.66,52.01,4.34
2326,333,L,44.99,47.66,2.68
2327,333,S,36.58,44.99,8.4
2328,333,M,27.69,36.58,8.89
2329,333,C,24.65,27.69,3.04
2330,333,A,11.27,24.65,13.38
2331,333,K,8.27,11.27,3.0
2332,334,R,47.65,52.0,4.34
2333,334,L,44.98,47.65,2.67
2334,334,S,36.6,44.98,8.38
2335,334,M,27.72,36.6,8.88
2336,334,C,24.71,27.72,3.01
2337,334,A,11.34,24.71,13.37
2338,334,K,8.34,11.34,3.0
2339,335,R,47.64,51.98,4.34
2340,335,L,44.98,47.64,2.66
2341,335,S,36.62,44.98,8.36
2342,335,M,27.75,36.62,8.87
2343,335,C,24.77,27.75,2.98
2344,335,A,11.41,24.77,13.36
2345,335,K,8.41,11.41,3.0
2346,336,R,47.63,51.97,4.34
2347,336,L,44.98,47.63,2.65
2348,336,S,36.64,44.98,8.34
2349,336,M,27.78,36.64,8.86
2350,336,C,24.84,27.78,2.95
2351,336,A,11.48,24.84,13.35
2352,336,K,8.48,11.48,3.0
2353,337,R,47.62,51.95,4.33
2354,337,L,44.98,47.62,2.65
2355,337,S,36.66,44.98,8.32
2356,337,M,27.81,36.66,8.85
2357,337,C,24.9,27.81,2.92
2358,337,A,11.55,24.9,13.34
2359,337,K,8.55,11.55,3.0
2360,338,R,47.61,51.94,4.33
2361,338,L,44.97,47.61,2.64
2362,338,S,36.68,44.97,8.29
2363,338,M,27.84,36.68,8.84
2364,338,C,24.96,27.84,2.88
2365,338,A,11.63,24.96,13.33
2366,338,K,8.63,11.63,3.0
2367,339,R,47.6,51.92,4.33
2368,339,L,44.97,47.6,2.63
2369,339,S,36.7,44.97,8.27
2370,339,M,27.87,36.7,8.83
2371,339,C,25.02,27.87,2.85
2372,339,A,11.7,25.02,13.32
2373,339,K,8.7,11.7,3.0
2374,340,R,47.58,51.91,4.32
2375,340,L,44.96,47.58,2.62
2376,340,S,36.71,44.96,8.25
2377,340,M,27.89,36.71,8.82
2378,340,C,25.08,27.89,2.82
2379,340,A,11.76,25.08,13.31
2380,340,K,8.76,11.76,3.0
2381,341,R,47.57,51.89,4.32
2382,341,L,44.96,47.57,2.61
2383,341,S,36.73,44.96,8.23
2384,341,M,27.92,36.73,8.81
2385,341,C,25.13,27.92,2.79
2386,341,A,11.83,25.13,13.3
2387,341,K,8.83,11.83,3.0
2388,342,R,47.55,51.87,4.32
2389,342,L,44.95,47.55,2.6
2390,342,S,36.74,44.95,8.21
2391,342,M,27.94,36.74,8.8
2392,342,C,25.19,27.94,2.75
2393,342,A,11.9,25.19,13.29
2394,342,K,8.9,11.9,3.0
2395,343,R,47.54,51.85,4.31
2396,343,L,44.94,47.54,2.6
2397,343,S,36.76,44.94,8.19
2398,343,M,27.97,36.76,8.79
2399,343,C,25.25,27.97,2.72
2400,343,A,11.97,25.25,13.28
2401,343,K,8.97,11.97,3.0
2402,344,R,47.53,51.83,4.31
2403,344,L,44.94,47.53,2.59
2404,344,S,36.77,44.94,8.17
2405,344,M,27.99,36.77,8.78
2406,344,C,25.3,27.99,2.69
2407,344,A,12.03,25.3,13.27
2408,344,K,9.03,12.03,3.0
2409,345,R,47.51,51.82,4.31
2410,345,L,44.93,47.51,2.58
2411,345,S,36.78,44.93,8.14
2412,345,M,28.01,36.78,8.78
2413,345,C,25.35,28.01,2.65
2414,345,A,12.1,25.35,13.26
2415,345,K,9.1,12.1,3.0
2416,346,R,47.49,51.8,4.3
2417,346,L,44.92,47.49,2.57
2418,346,S,36.8,44.92,8.12
2419,346,M,28.03,36.8,8.77
2420,346,C,25.41,28.03,2.62
2421,346,A,12.16,25.41,13.25
2422,346,K,9.16,12.16,3.0
2423,347,R,47.48,51.78,4.3
2424,347,L,44.91,47.48,2.57
2425,347,S,36.81,44.91,8.1
2426,347,M,28.05,36.81,8.76
2427,347,C,25.46,28.05,2.59
2428,347,A,12.22,25.46,13.23
2429,347,K,9.22,12.22,3.0
2430,348,R,47.46,51.76,4.29
2431,348,L,44.9,47.46,2.56
2432,348,S,36.82,44.9,8.08
2433,348,M,28.06,36.82,8.76
2434,348,C,25.51,28.06,2.55
2435,348,A,12.29,25.51,13.22
2436,348,K,9.23,12.29,3.06
2437,349,R,47.44,51.73,4.29
2438,349,L,44.89,47.44,2.55
2439,349,S,36.83,44.89,8.06
2440,349,M,28.08,36.83,8.75
2441,349,C,25.56,28.08,2.52
2442,349,A,12.35,25.56,13.21
2443,349,K,9.19,12.35,3.16
2444,350,R,47.43,51.71,4.29
2445,350,L,44.88,47.43,2.54
2446,350,S,36.84,44.88,8.04
2447,350,M,28.09,36.84,8.75
2448,350,C,25.61,28.09,2.49
2449,350,A,12.41,25.61,13.2
2450,350,K,9.15,12.41,3.26
2451,351,R,47.41,51.69,4.28
2452,351,L,44.87,47.41,2.54
2453,351,S,36.85,44.87,8.02
2454,351,M,28.11,36.85,8.74
2455,351,C,25.65,28.11,2.45
2456,351,A,12.47,25.65,13.19
2457,351,K,9.11,12.47,3.35
2458,352,R,47.39,51.67,4.28
2459,352,L,44.86,47.39,2.53
2460,352,S,36.86,44.86,8.0
2461,352,M,28.12,36.86,8.74
2462,352,C,25.7,28.12,2.42
2463,352,A,12.52,25.7,13.18
2464,352,K,9.07,12.52,3.45
2465,353,R,47.37,51.65,4.28
2466,353,L,44.85,47.37,2.52
2467,353,S,36.86,44.85,7.98
2468,353,M,28.13,36.86,8.73
2469,353,C,25.75,28.13,2.38
2470,353,A,12.58,25.75,13.16
2471,353,K,9.03,12.58,3.55
2472,354,R,47.35,51.62,4.27
2473,354,L,44.83,47.35,2.52
2474,354,S,36.87,44.83,7.96
2475,354,M,28.14,36.87,8.73
2476,354,C,25.79,28.14,2.35
2477,354,A,12.64,25.79,13.15
2478,354,K,8.99,12.64,3.64
2479,355,R,47.33,51.6,4.27
2480,355,L,44.82,47.33,2.51
2481,355,S,36.88,44.82,7.95
2482,355,M,28.15,36.88,8.73
2483,355,C,25.83,28.15,2.32
2484,355,A,12.69,25.83,13.14
2485,355,K,8.95,12.69,3.74
2486,356,R,47.31,51.57,4.26
2487,356,L,44.81,47.31,2.5
2488,356,S,36.88,44.81,7.93
2489,356,M,28.15,36.88,8.73
2490,356,C,25.87,28.15,2.28
2491,356,A,12.74,25.87,13.13
2492,356,K,8.91,12.74,3.83
2493,357,R,47.29,51.55,4.26
2494,357,L,44.79,47.29,2.5
2495,357,S,36.89,44.79,7.91
2496,357,M,28.16,36.89,8.73
2497,357,C,25.91,28.16,2.25
2498,357,A,12.79,25.91,13.12
2499,357,K,8.87,12.79,3.92
2500,358,R,47.27,51.52,4.25
2501,358,L,44.78,47.27,2.49
2502,358,S,36.89,44.78,7.89
2503,358,M,28.16,36.89,8.72
2504,358,C,25.95,28.16,2.21
2505,358,A,12.84,25.95,13.11
2506,358,K,8.83,12.84,4.01
2507,359,R,47.25,51.5,4.25
2508,359,L,44.76,47.25,2.49
2509,359,S,36.89,44.76,7.87
2510,359,M,28.17,36.89,8.72
2511,359,C,25.99,28.17,2.18
2512,359,A,12.89,25.99,13.09
2513,359,K,8.79,12.89,4.1
2514,360,R,47.23,51.47,4.25
2515,360,L,44.75,47.23,2.48
2516,360,S,36.89,44.75,7.85
2517,360,M,28.17,36.89,8.72
2518,360,C,26.02,28.17,2.15
2519,360,A,12.94,26.02,13.08
2520,360,K,8.75,12.94,4.19
2521,361,R,47.21,51.45,4.24
2522,361,L,44.73,47.21,2.48
2523,361,S,36.89,44.73,7.83
2524,361,M,28.17,36.89,8.72
2525,361,C,26.06,28.17,2.11
2526,361,A,12.99,26.06,13.07
2527,361,K,8.71,12.99,4.28
2528,362,R,47.18,51.42,4.24
2529,362,L,44.71,47.18,2.47
2530,362,S,36.9,44.71,7.82
2531,362,M,28.17,36.9,8.73
2532,362,C,26.09,28.17,2.08
2533,362,A,13.03,26.09,13.06
2534,362,K,8.67,13.03,4.37
2535,363,R,47.16,51.39,4.23
2536,363,L,44.69,47.16,2.47
2537,363,S,36.89,44.69,7.8
2538,363,M,28.17,36.89,8.73
2539,363,C,26.12,28.17,2.04
2540,363,A,13.08,26.12,13.05
2541,363,K,8.62,13.08,4.45
2542,364,R,47.14,51.37,4.23
2543,364,L,44.68,47.14,2.46
2544,364,S,36.89,44.68,7.78
2545,364,M,28.16,36.89,8.73
2546,364,C,26.15,28.16,2.01
2547,364,A,13.12,26.15,13.04
2548,364,K,8.58,13.12,4.54
2549,365,R,47.11,51.34,4.22
2550,365,L,44.66,47.11,2.46
2551,365,S,36.89,44.66,7.77
2552,365,M,28.16,36.89,8.73
2553,365,C,26.18,28.16,1.98
2554,365,A,13.16,26.18,13.03
2555,365,K,8.54,13.16,4.62
2556,366,R,47.09,51.31,4.22
2557,366,L,44.64,47.09,2.45
2558,366,S,36.89,44.64,7.75
2559,366,M,28.15,36.89,8.73
2560,366,C,26.21,28.15,1.94
2561,366,A,13.2,26.21,13.01
2562,366,K,8.5,13.2,4.7
2563,367,R,47.06,51.28,4.22
2564,367,L,44.62,47.06,2.45
2565,367,S,36.89,44.62,7.73
2566,367,M,28.15,36.89,8.74
2567,367,C,26.24,28.15,1.91
2568,367,A,13.24,26.24,13.0
2569,367,K,8.45,13.24,4.78
2570,368,R,47.04,51.25,4.21
2571,368,L,44.6,47.04,2.44
2572,368,S,36.88,44.6,7.72
2573,368,M,28.14,36.88,8.74
2574,368,C,26.26,28.14,1.88
2575,368,A,13.27,26.26,12.99
2576,368,K,8.41,13.27,4.86
2577,369,R,47.01,51.22,4.21
2578,369,L,44.58,47.01,2.44
2579,369,S,36.88,44.58,7.7
2580,369,M,28.13,36.88,8.75
2581,369,C,26.29,28.13,1.84
2582,369,A,13.31,26.29,12.98
2583,369,K,8.37,13.31,4.94
2584,370,R,46.99,51.19,4.2
2585,370,L,44.55,46.99,2.43
2586,370,S,36.87,44.55,7.68
2587,370,M,28.12,36.87,8.75
2588,370,C,26.31,28.12,1.81
2589,370,A,13.34,26.31,12.97
2590,370,K,8.32,13.34,5.01
2591,371,R,46.96,51.16,4.2
2592,371,L,44.53,46.96,2.43
2593,371,S,36.86,44.53,7.67
2594,371,M,28.11,36.86,8.76
2595,371,C,26.33,28.11,1.78
2596,371,A,13.37,26.33,12.96
2597,371,K,8.28,13.37,5.09
2598,372,R,46.94,51.13,4.19
2599,372,L,44.51,46.94,2.43
2600,372,S,36.86,44.51,7.65
2601,372,M,28.09,36.86,8.76
2602,372,C,26.35,28.09,1.74
2603,372,A,13.4,26.35,12.95
2604,372,K,8.24,13.4,5.16
2605,373,R,46.91,51.1,4.19
2606,373,L,44.49,46.91,2.42
2607,373,S,36.85,44.49,7.64
2608,373,M,28.08,36.85,8.77
2609,373,C,26.37,28.08,1.71
2610,373,A,13.43,26.37,12.94
2611,373,K,8.19,13.43,5.23
2612,374,R,46.88,51.07,4.19
2613,374,L,44.46,46.88,2.42
2614,374,S,36.84,44.46,7.62
2615,374,M,28.06,36.84,8.78
2616,374,C,26.38,28.06,1.68
2617,374,A,13.45,26.38,12.93
2618,374,K,8.15,13.45,5.3
2619,375,R,46.86,51.04,4.18
2620,375,L,44.44,46.86,2.42
2621,375,S,36.83,44.44,7.61
2622,375,M,28.04,36.83,8.79
2623,375,C,26.4,28.04,1.65
2624,375,A,13.48,26.4,12.92
2625,375,K,8.11,13.48,5.37
2626,376,R,46.83,51.01,4.18
2627,376,L,44.41,46.83,2.42
2628,376,S,36.82,44.41,7.59
2629,376,M,28.03,36.82,8.79
2630,376,C,26.41,28.03,1.62
2631,376,A,13.5,26.41,12.91
2632,376,K,8.06,13.5,5.44
2633,377,R,46.8,50.97,4.17
2634,377,L,44.39,46.8,2.41
2635,377,S,36.81,44.39,7.58
2636,377,M,28.01,36.81,8.8
2637,377,C,26.42,28.01,1.58
2638,377,A,13.52,26.42,12.9
2639,377,K,8.02,13.52,5.5
2640,378,R,46.77,50.94,4.17
2641,378,L,44.36,46.77,2.41
2642,378,S,36.8,44.36,7.56
2643,378,M,27.98,36.8,8.81
2644,378,C,26.43,27.98,1.55
2645,378,A,13.54,26.43,12.89
2646,378,K,7.98,13.54,5.57
2647,379,R,46.74,50.91,4.17
2648,379,L,44.33,46.74,2.41
2649,379,S,36.78,44.33,7.55
2650,379,M,27.96,36.78,8.82
2651,379,C,26.44,27.96,1.52
2652,379,A,13.56,26.44,12.88
2653,379,K,7.93,13.56,5.63
2654,380,R,46.72,50.88,4.16
2655,380,L,44.31,46.72,2.41
2656,380,S,36.77,44.31,7.54
2657,380,M,27.94,36.77,8.83
2658,380,C,26.45,27.94,1.49
2659,380,A,13.58,26.45,12.87
2660,380,K,7.89,13.58,5.69
2661,381,R,46.69,50.84,4.16
2662,381,L,44.28,46.69,2.41
2663,381,S,36.76,44.28,7.52
2664,381,M,27.91,36.76,8.84
2665,381,C,26.45,27.91,1.46
2666,381,A,13.59,26.45,12.86
2667,381,K,7.85,13.59,5.74
2668,382,R,46.66,50.81,4.15
2669,382,L,44.25,46.66,2.41
2670,382,S,36.74,44.25,7.51
2671,382,M,27.89,36.74,8.86
2672,382,C,26.46,27.89,1.43
2673,382,A,13.61,26.46,12.85
2674,382,K,7.81,13.61,5.8
2675,383,R,46.63,50.78,4.15
2676,383,L,44.22,46.63,2.4
2677,383,S,36.73,44.22,7.5
2678,383,M,27.86,36.73,8.87
2679,383,C,26.46,27.86,1.4
2680,383,A,13.62,26.46,12.84
2681,383,K,7.76,13.62,5.85
2682,384,R,46.6,50.75,4.15
2683,384,L,44.19,46.6,2.4
2684,384,S,36.71,44.19,7.48
2685,384,M,27.83,36.71,8.88
2686,384,C,26.46,27.83,1.37
2687,384,A,13.63,26.46,12.83
2688,384,K,7.72,13.63,5.91
2689,385,R,46.57,50.71,4.14
2690,385,L,44.17,46.57,2.4
2691,385,S,36.69,44.17,7.47
2692,385,M,27.8,36.69,8.89
2693,385,C,26.46,27.8,1.34
2694,385,A,13.63,26.46,12.82
2695,385,K,7.68,13.63,5.96
2696,386,R,46.54,50.68,4.14
2697,386,L,44.14,46.54,2.4
2698,386,S,36.68,44.14,7.46
2699,386,M,27.77,36.68,8.91
2700,386,C,26.46,27.77,1.31
2701,386,A,13.64,26.46,12.82
2702,386,K,7.64,13.64,6.0
2703,387,R,46.51,50.64,4.14
2704,387,L,44.11,46.51,2.4
2705,387,S,36.66,44.11,7.45
2706,387,M,27.74,36.66,8.92
2707,387,C,26.45,27.74,1.28
2708,387,A,13.64,26.45,12.81
2709,387,K,7.59,13.64,6.05
2710,388,R,46.48,50.61,4.13
2711,388,L,44.07,46.48,2.4
2712,388,S,36.64,44.07,7.44
2713,388,M,27.7,36.64,8.94
2714,388,C,26.45,27.7,1.26
2715,388,A,13.65,26.45,12.8
2716,388,K,7.55,13.65,6.1
2717,389,R,46.45,50.58,4.13
2718,389,L,44.04,46.45,2.4
2719,389,S,36.62,44.04,7.42
2720,389,M,27.67,36.62,8.95
2721,389,C,26.44,27.67,1.23
2722,389,A,13.65,26.44,12.79
2723,389,K,7.51,13.65,6.14
2724,390,R,46.42,50.54,4.13
2725,390,L,44.01,46.42,2.4
2726,390,S,36.6,44.01,7.41
2727,390,M,27.63,36.6,8.97
2728,390,C,26.43,27.63,1.2
2729,390,A,13.65,26.43,12.79
2730,390,K,7.47,13.65,6.18
2731,391,R,46.38,50.51,4.12
2732,391,L,43.98,46.38,2.41
2733,391,S,36.58,43.98,7.4
2734,391,M,27.59,36.58,8.98
2735,391,C,26.42,27.59,1.17
2736,391,A,13.64,26.42,12.78
2737,391,K,7.43,13.64,6.22
2738,392,R,46.35,50.47,4.12
2739,392,L,43.95,46.35,2.41
2740,392,S,36.56,43.95,7.39
2741,392,M,27.56,36.56,9.0
2742,392,C,26.41,27.56,1.15
2743,392,A,13.64,26.41,12.77
2744,392,K,7.39,13.64,6.25
2745,393,R,46.32,50.44,4.12
2746,393,L,43.91,46.32,2.41
2747,393,S,36.53,43.91,7.38
2748,393,M,27.52,36.53,9.02
2749,393,C,26.4,27.52,1.12
2750,393,A,13.63,26.4,12.77
2751,393,K,7.34,13.63,6.29
2752,394,R,46.29,50.4,4.11
2753,394,L,43.88,46.29,2.41
2754,394,S,36.51,43.88,7.37
2755,394,M,27.48,36.51,9.03
2756,394,C,26.38,27.48,1.09
2757,394,A,13.62,26.38,12.76
2758,394,K,7.3,13.62,6.32
2759,395,R,46.26,50.37,4.11
2760,395,L,43.85,46.26,2.41
2761,395,S,36.49,43.85,7.36
2762,395,M,27.43,36.49,9.05
2763,395,C,26.37,27.43,1.07
2764,395,A,13.61,26.37,12.75
2765,395,K,7.26,13.61,6.35
2766,396,R,46.23,50.33,4.11
2767,396,L,43.81,46.23,2.41
2768,396,S,36.46,43.81,7.35
2769,396,M,27.39,36.46,9.07
2770,396,C,26.35,27.39,1.04
2771,396,A,13.6,26.35,12.75
2772,396,K,7.22,13.6,6.38
2773,397,R,46.19,50.3,4.1
2774,397,L,43.78,46.19,2.42
2775,397,S,36.44,43.78,7.34
2776,397,M,27.35,36.44,9.09
2777,397,C,26.33,27.35,1.02
2778,397,A,13.58,26.33,12.74
2779,397,K,7.18,13.58,6.4
2780,398,R,46.16,50.26,4.1
2781,398,L,43.74,46.16,2.42
2782,398,S,36.41,43.74,7.33
2783,398,M,27.3,36.41,9.11
2784,398,C,26.31,27.3,0.99
2785,398,A,13.57,26.31,12.74
2786,398,K,7.15,13.57,6.42
2787,399,R,46.13,50.23,4.1
2788,399,L,43.71,46.13,2.42
2789,399,S,36.39,43.71,7.32
2790,399,M,27.26,36.39,9.13
2791,399,C,26.29,27.26,0.97
2792,399,A,13.55,26.29,12.73
2793,399,K,7.11,13.55,6.44
2794,400,R,46.1,50.19,4.1
2795,400,L,43.67,46.1,2.42
2796,400,S,36.36,43.67,7.31
2797,400,M,27.21,36.36,9.15
2798,400,C,26.26,27.21,0.95
2799,400,A,13.53,26.26,12.73
2800,400,K,7.07,13.53,6.46
2801,401,R,46.06,50.16,4.09
2802,401,L,43.63,46.06,2.43
2803,401,S,36.33,43.63,7.3
2804,401,M,27.16,36.33,9.17
2805,401,C,26.24,27.16,0.92
2806,401,A,13.51,26.24,12.73
2807,401,K,7.03,13.51,6.48
2808,402,R,46.03,50.12,4.09
2809,402,L,43.6,46.03,2.43
2810,402,S,36.31,43.6,7.29
2811,402,M,27.11,36.31,9.19
2812,402,C,26.21,27.11,0.9
2813,402,A,13.49,26.21,12.72
2814,402,K,6.99,13.49,6.49
2815,403,R,46.0,50.09,4.09
2816,403,L,43.56,46.0,2.44
2817,403,S,36.28,43.56,7.28
2818,403,M,27.06,36.28,9.21
2819,403,C,26.18,27.06,0.88
2820,403,A,13.46,26.18,12.72
2821,403,K,6.96,13.46,6.51
2822,404,R,45.96,50.05,4.09
2823,404,L,43.52,45.96,2.44
2824,404,S,36.25,43.52,7.28
2825,404,M,27.01,36.25,9.24
2826,404,C,26.15,27.01,0.86
2827,404,A,13.44,26.15,12.72
2828,404,K,6.92,13.44,6.52
2829,405,R,45.93,50.01,4.08
2830,405,L,43.49,45.93,2.44
2831,405,S,36.22,43.49,7.27
2832,405,M,26.96,36.22,9.26
2833,405,C,26.12,26.96,0.84
2834,405,A,13.41,26.12,12.71
2835,405,K,6.88,13.41,6.52
2836,406,R,45.9,49.98,4.08
2837,406,L,43.45,45.9,2.45
2838,406,S,36.19,43.45,7.26
2839,406,M,26.91,36.19,9.28
2840,406,C,26.09,26.91,0.82
2841,406,A,13.38,26.09,12.71
2842,406,K,6.85,13.38,6.53
2843,407,R,45.86,49.94,4.08
2844,407,L,43.41,45.86,2.45
2845,407,S,36.16,43.41,7.25
2846,407,M,26.85,36.16,9.31
2847,407,C,26.06,26.85,0.8
2848,407,A,13.34,26.06,12.71
2849,407,K,6.81,13.34,6.53
2850,408,R,45.83,49.91,4.08
2851,408,L,43.37,45.83,2.46
2852,408,S,36.13,43.37,7.24
2853,408,M,26.8,36.13,9.33
2854,408,C,26.02,26.8,0.78
2855,408,A,13.31,26.02,12.71
2856,408,K,6.78,13.31,6.53
2857,409,R,45.8,49.87,4.08
2858,409,L,43.33,45.8,2.46
2859,409,S,36.1,43.33,7.24
2860,409,M,26.74,36.1,9.36
2861,409,C,25.98,26.74,0.76
2862,409,A,13.28,25.98,12.71
2863,409,K,6.74,13.28,6.53
2864,410,R,45.76,49.84,4.08
2865,410,L,43.29,45.76,2.47
2866,410,S,36.07,43.29,7.23
2867,410,M,26.69,36.07,9.38
2868,410,C,25.95,26.69,0.74
2869,410,A,13.24,25.95,12.71
2870,410,K,6.71,13.24,6.53
2871,411,R,45.73,49.8,4.07
2872,411,L,43.26,45.73,2.48
2873,411,S,36.03,43.26,7.22
2874,411,M,26.63,36.03,9.41
2875,411,C,25.91,26.63,0.72
2876,411,A,13.2,25.91,12.71
2877,411,K,6.68,13.2,6.52
2878,412,R,45.7,49.77,4.07
2879,412,L,43.22,45.7,2.48
2880,412,S,36.0,43.22,7.21
2881,412,M,26.57,36.0,9.43
2882,412,C,25.87,26.57,0.7
2883,412,A,13.16,25.87,12.71
2884,412,K,6.64,13.16,6.51
2885,413,R,45.66,49.74,4.07
2886,413,L,43.18,45.66,2.49
2887,413,S,35.97,43.18,7.21
2888,413,M,26.51,35.97,9.46
2889,413,C,25.82,26.51,0.69
2890,413,A,13.12,25.82,12.71
2891,413,K,6.61,13.12,6.5
2892,414,R,45.63,49.7,4.07
2893,414,L,43.14,45.63,2.49
2894,414,S,35.94,43.14,7.2
2895,414,M,26.45,35.94,9.48
2896,414,C,25.78,26.45,0.67
2897,414,A,13.07,25.78,12.71
2898,414,K,6.58,13.07,6.49
2899,415,R,45.6,49.67,4.07
2900,415,L,43.1,45.6,2.5
2901,415,S,35.9,43.1,7.19
2902,415,M,26.39,35.9,9.51
2903,415,C,25.74,26.39,0.65
2904,415,A,13.03,25.74,12.71
2905,415,K,6.55,13.03,6.48
2906,416,R,45.56,49.63,4.07
2907,416,L,43.06,45.56,2.51
2908,416,S,35.87,43.06,7.19
2909,416,M,26.33,35.87,9.54
2910,416,C,25.69,26.33,0.64
2911,416,A,12.98,25.69,12.71
2912,416,K,6.52,12.98,6.46
2913,417,R,45.53,49.6,4.07
2914,417,L,43.02,45.53,2.51
2915,417,S,35.83,43.02,7.18
2916,417,M,26.27,35.83,9.57
2917,417,C,25.64,26.27,0.62
2918,417,A,12.93,25.64,12.71
2919,417,K,6.49,12.93,6.44
2920,418,R,45.5,49.57,4.07
2921,418,L,42.97,45.5,2.52
2922,418,S,35.8,42.97,7.17
2923,418,M,26.21,35.8,9.59
2924,418,C,25.6,26.21,0.61
2925,418,A,12.88,25.6,12.72
2926,418,K,6.46,12.88,6.42
2927,419,R,45.46,49.53,4.07
2928,419,L,42.93,45.46,2.53
2929,419,S,35.76,42.93,7.17
2930,419,M,26.14,35.76,9.62
2931,419,C,25.55,26.14,0.6
2932,419,A,12.83,25.55,12.72
2933,419,K,6.43,12.83,6.39
2934,420,R,45.43,49.5,4.07
2935,420,L,42.89,45.43,2.54
2936,420,S,35.73,42.89,7.16
2937,420,M,26.08,35.73,9.65
2938,420,C,25.5,26.08,0.58
2939,420,A,12.77,25.5,12.72
2940,420,K,6.41,12.77,6.37
2941,421,R,45.4,49.46,4.07
2942,421,L,42.85,45.4,2.55
2943,421,S,35.69,42.85,7.16
2944,421,M,26.01,35.69,9.68
2945,421,C,25.44,26.01,0.57
2946,421,A,12.72,25.44,12.73
2947,421,K,6.38,12.72,6.34
2948,422,R,45.36,49.43,4.07
2949,422,L,42.81,45.36,2.55
2950,422,S,35.66,42.81,7.15
2951,422,M,25.95,35.66,9.71
2952,422,C,25.39,25.95,0.56
2953,422,A,12.66,25.39,12.73
2954,422,K,6.35,12.66,6.31
2955,423,R,45.33,49.4,4.07
2956,423,L,42.77,45.33,2.56
2957,423,S,35.62,42.77,7.15
2958,423,M,25.88,35.62,9.74
2959,423,C,25.34,25.88,0.55
2960,423,A,12.6,25.34,12.74
2961,423,K,6.33,12.6,6.27
2962,424,R,45.3,49.37,4.07
2963,424,L,42.73,45.3,2.57
2964,424,S,35.59,42.73,7.14
2965,424,M,25.82,35.59,9.77
2966,424,C,25.28,25.82,0.54
2967,424,A,12.54,25.28,12.74
2968,424,K,6.3,12.54,6.24
2969,425,R,45.27,49.33,4.07
2970,425,L,42.69,45.27,2.58
2971,425,S,35.55,42.69,7.13
2972,425,M,25.75,35.55,9.8
2973,425,C,25.23,25.75,0.53
2974,425,A,12.48,25.23,12.75
2975,425,K,6.28,12.48,6.2
2976,426,R,45.23,49.3,4.07
2977,426,L,42.64,45.23,2.59
2978,426,S,35.51,42.64,7.13
2979,426,M,25.68,35.51,9.83
2980,426,C,25.17,25.68,0.52
2981,426,A,12.42,25.17,12.75
2982,426,K,6.25,12.42,6.16
2983,427,R,45.2,49.27,4.07
2984,427,L,42.6,45.2,2.6
2985,427,S,35.48,42.6,7.12
2986,427,M,25.62,35.48,9.86
2987,427,C,25.11,25.62,0.51
2988,427,A,12.35,25.11,12.76
2989,427,K,6.23,12.35,6.12
2990,428,R,45.17,49.24,4.07
2991,428,L,42.56,45.17,2.61
2992,428,S,35.44,42.56,7.12
2993,428,M,25.55,35.44,9.89
2994,428,C,25.05,25.55,0.5
2995,428,A,12.29,25.05,12.76
2996,428,K,6.21,12.29,6.08
2997,429,R,45.14,49.21,4.07
2998,429,L,42.52,45.14,2.62
2999,429,S,35.4,42.52,7.11
3000,429,M,25.48,35.4,9.92
3001,429,C,24.99,25.48,0.49
3002,429,A,12.22,24.99,12.77
3003,429,K,6.19,12.22,6.03
3004,430,R,45.1,49.18,4.07
3005,430,L,42.48,45.1,2.63
3006,430,S,35.37,42.48,7.11
3007,430,M,25.41,35.37,9.95
3008,430,C,24.93,25.41,0.48
3009,430,A,12.15,24.93,12.78
3010,430,K,6.17,12.15,5.98
3011,431,R,45.07,49.15,4.07
3012,431,L,42.43,45.07,2.64
3013,431,S,35.33,42.43,7.1
3014,431,M,25.34,35.33,9.99
3015,431,C,24.87,25.34,0.47
3016,431,A,12.08,24.87,12.79
3017,431,K,6.15,12.08,5.93
3018,432,R,45.04,49.12,4.07
3019,432,L,42.39,45.04,2.65
3020,432,S,35.29,42.39,7.1
3021,432,M,25.27,35.29,10.02
3022,432,C,24.8,25.27,0.47
3023,432,A,12.01,24.8,12.79
3024,432,K,6.13,12.01,5.88
3025,433,R,45.01,49.09,4.08
3026,433,L,42.35,45.01,2.66
3027,433,S,35.25,42.35,7.1
3028,433,M,25.2,35.25,10.05
3029,433,C,24.74,25.2,0.46
3030,433,A,11.94,24.74,12.8
3031,433,K,6.11,11.94,5.83
3032,434,R,44.98,49.06,4.08
3033,434,L,42.31,44.98,2.67
3034,434,S,35.22,42.31,7.09
3035,434,M,25.13,35.22,10.08
3036,434,C,24.67,25.13,0.46
3037,434,A,11.86,24.67,12.81
3038,434,K,6.1,11.86,5.77
3039,435,R,44.95,49.03,4.08
3040,435,L,42.26,44.95,2.68
3041,435,S,35.18,42.26,7.09
3042,435,M,25.06,35.18,10.12
3043,435,C,24.61,25.06,0.45
3044,435,A,11.79,24.61,12.82
3045,435,K,6.08,11.79,5.71
3046,436,R,44.92,49.0,4.08
3047,436,L,42.22,44.92,2.69
3048,436,S,35.14,42.22,7.08
3049,436,M,24.99,35.14,10.15
3050,436,C,24.54,24.99,0.45
3051,436,A,11.71,24.54,12.83
3052,436,K,6.06,11.71,5.65
3053,437,R,44.88,48.97,4.08
3054,437,L,42.18,44.88,2.7
3055,437,S,35.1,42.18,7.08
3056,437,M,24.92,35.1,10.18
3057,437,C,24.47,24.92,0.44
3058,437,A,11.64,24.47,12.84
3059,437,K,6.05,11.64,5.59
3060,438,R,44.85,48.94,4.09
3061,438,L,42.14,44.85,2.72
3062,438,S,35.06,42.14,7.07
3063,438,M,24.85,35.06,10.22
3064,438,C,24.41,24.85,0.44
3065,438,A,11.56,24.41,12.85
3066,438,K,6.03,11.56,5.52
3067,439,R,44.82,48.91,4.09
3068,439,L,42.1,44.82,2.73
3069,439,S,35.03,42.1,7.07
3070,439,M,24.78,35.03,10.25
3071,439,C,24.34,24.78,0.44
3072,439,A,11.48,24.34,12.86
3073,439,K,6.02,11.48,5.46
3074,440,R,44.79,48.88,4.09
3075,440,L,42.05,44.79,2.74
3076,440,S,34.99,42.05,7.06
3077,440,M,24.71,34.99,10.28
3078,440,C,24.27,24.71,0.44
3079,440,A,11.4,24.27,12.87
3080,440,K,6.01,11.4,5.39
3081,441,R,44.76,48.86,4.09
3082,441,L,42.01,44.76,2.75
3083,441,S,34.95,42.01,7.06
3084,441,M,24.63,34.95,10.32
3085,441,C,24.2,24.63,0.44
3086,441,A,11.31,24.2,12.88
3087,441,K,6.0,11.31,5.32
3088,442,R,44.73,48.83,4.1
3089,442,L,41.97,44.73,2.76
3090,442,S,34.91,41.97,7.06
3091,442,M,24.56,34.91,10.35
3092,442,C,24.13,24.56,0.43
3093,442,A,11.23,24.13,12.9
3094,442,K,5.99,11.23,5.24
3095,443,R,44.7,48.8,4.1
3096,443,L,41.93,44.7,2.78
3097,443,S,34.88,41.93,7.05
3098,443,M,24.49,34.88,10.39
3099,443,C,24.06,24.49,0.43
3100,443,A,11.15,24.06,12.91
3101,443,K,5.98,11.15,5.17
3102,444,R,44.68,48.78,4.1
3103,444,L,41.89,44.68,2.79
3104,444,S,34.84,41.89,7.05
3105,444,M,24.42,34.84,10.42
3106,444,C,23.98,24.42,0.43
3107,444,A,11.06,23.98,12.92
3108,444,K,5.97,11.06,5.1
3109,445,R,44.65,48.75,4.1
3110,445,L,41.84,44.65,2.8
3111,445,S,34.8,41.84,7.04
3112,445,M,24.35,34.8,10.45
3113,445,C,23.91,24.35,0.44
3114,445,A,10.98,23.91,12.93
3115,445,K,5.96,10.98,5.02
3116,446,R,44.62,48.73,4.11
3117,446,L,41.8,44.62,2.81
3118,446,S,34.76,41.8,7.04
3119,446,M,24.28,34.76,10.49
3120,446,C,23.84,24.28,0.44
3121,446,A,10.89,23.84,12.95
3122,446,K,5.95,10.89,4.94
3123,447,R,44.59,48.7,4.11
3124,447,L,41.76,44.59,2.83
3125,447,S,34.73,41.76,7.03
3126,447,M,24.2,34.73,10.52
3127,447,C,23.77,24.2,0.44
3128,447,A,10.8,23.77,12.96
3129,447,K,5.95,10.8,4.86
3130,448,R,44.56,48.68,4.12
3131,448,L,41.72,44.56,2.84
3132,448,S,34.69,41.72,7.03
3133,448,M,24.13,34.69,10.56
3134,448,C,23.69,24.13,0.44
3135,448,A,10.71,23.69,12.98
3136,448,K,5.94,10.71,4.77
3137,449,R,44.53,48.65,4.12
3138,449,L,41.68,44.53,2.85
3139,449,S,34.65,41.68,7.03
3140,449,M,24.06,34.65,10.59
3141,449,C,23.62,24.06,0.44
3142,449,A,10.63,23.62,12.99
3143,449,K,5.94,10.63,4.69
3144,450,R,44.51,48.63,4.12
3145,450,L,41.64,44.51,2.87
3146,450,S,34.62,41.64,7.02
3147,450,M,23.99,34.62,10.63
3148,450,C,23.54,23.99,0.45
3149,450,A,10.54,23.54,13.01
3150,450,K,5.93,10.54,4.6
3151,451,R,44.48,48.61,4.13
3152,451,L,41.6,44.48,2.88
3153,451,S,34.58,41.6,7.02
3154,451,M,23.92,34.58,10.66
3155,451,C,23.47,23.92,0.45
3156,451,A,10.44,23.47,13.02
3157,451,K,5.93,10.44,4.52
3158,452,R,44.45,48.58,4.13
3159,452,L,41.56,44.45,2.9
3160,452,S,34.54,41.56,7.01
3161,452,M,23.85,34.54,10.7
3162,452,C,23.39,23.85,0.46
3163,452,A,10.35,23.39,13.04
3164,452,K,5.93,10.35,4.43
3165,453,R,44.43,48.56,4.13
3166,453,L,41.52,44.43,2.91
3167,453,S,34.51,41.52,7.01
3168,453,M,23.78,34.51,10.73
3169,453,C,23.32,23.78,0.46
3170,453,A,10.26,23.32,13.05
3171,453,K,5.93,10.26,4.34
3172,454,R,44.4,48.54,4.14
3173,454,L,41.48,44.4,2.92
3174,454,S,34.47,41.48,7.0
3175,454,M,23.71,34.47,10.77
3176,454,C,23.24,23.71,0.47
3177,454,A,10.17,23.24,13.07
3178,454,K,5.93,10.17,4.24
3179,455,R,44.38,48.52,4.14
3180,455,L,41.44,44.38,2.94
3181,455,S,34.44,41.44,7.0
3182,455,M,23.64,34.44,10.8
3183,455,C,23.16,23.64,0.47
3184,455,A,10.08,23.16,13.09
3185,455,K,5.93,10.08,4.15
3186,456,R,44.35,48.5,4.15
3187,456,L,41.4,44.35,2.95
3188,456,S,34.4,41.4,7.0
3189,456,M,23.57,34.4,10.84
3190,456,C,23.09,23.57,0.48
3191,456,A,9.98,23.09,13.1
3192,456,K,5.93,9.98,4.05
3193,457,R,44.32,48.48,4.15
3194,457,L,41.36,44.32,2.97
3195,457,S,34.37,41.36,6.99
3196,457,M,23.5,34.37,10.87
3197,457,C,23.01,23.5,0.49
3198,457,A,9.89,23.01,13.12
3199,457,K,5.93,9.89,3.96
3200,458,R,44.3,48.46,4.16
3201,458,L,41.32,44.3,2.98
3202,458,S,34.33,41.32,6.99
3203,458,M,23.43,34.33,10.91
3204,458,C,22.93,23.43,0.5
3205,458,A,9.79,22.93,13.14
3206,458,K,5.93,9.79,3.86
3207,459,R,44.28,48.44,4.16
3208,459,L,41.28,44.28,2.99
3209,459,S,34.3,41.28,6.98
3210,459,M,23.36,34.3,10.94
3211,459,C,22.86,23.36,0.5
3212,459,A,9.7,22.86,13.16
3213,459,K,5.94,9.7,3.76
3214,460,R,44.25,48.42,4.17
3215,460,L,41.24,44.25,3.01
3216,460,S,34.27,41.24,6.98
3217,460,M,23.29,34.27,10.98
3218,460,C,22.78,23.29,0.51
3219,460,A,9.6,22.78,13.18
3220,460,K,5.94,9.6,3.66
3221,461,R,44.23,48.4,4.17
3222,461,L,41.21,44.23,3.02
3223,461,S,34.23,41.21,6.97
3224,461,M,23.22,34.23,11.01
3225,461,C,22.7,23.22,0.52
3226,461,A,9.51,22.7,13.2
3227,461,K,5.95,9.51,3.56
3228,462,R,44.21,48.38,4.18
3229,462,L,41.17,44.21,3.04
3230,462,S,34.2,41.17,6.97
3231,462,M,23.16,34.2,11.05
3232,462,C,22.63,23.16,0.53
3233,462,A,9.41,22.63,13.22
3234,462,K,5.95,9.41,3.46
3235,463,R,44.18,48.37,4.18
3236,463,L,41.13,44.18,3.05
3237,463,S,34.17,41.13,6.96
3238,463,M,23.09,34.17,11.08
3239,463,C,22.55,23.09,0.54
3240,463,A,9.31,22.55,13.23
3241,463,K,5.96,9.31,3.35
3242,464,R,44.16,48.35,4.19
3243,464,L,41.09,44.16,3.07
3244,464,S,34.14,41.09,6.96
3245,464,M,23.02,34.14,11.11
3246,464,C,22.47,23.02,0.55
3247,464,A,9.22,22.47,13.25
3248,464,K,5.97,9.22,3.25
3249,465,R,44.14,48.33,4.19
3250,465,L,41.06,44.14,3.08
3251,465,S,34.1,41.06,6.95
3252,465,M,22.96,34.1,11.15
3253,465,C,22.39,22.96,0.56
3254,465,A,9.12,22.39,13.27
3255,465,K,5.98,9.12,3.14
3256,466,R,44.12,48.32,4.2
3257,466,L,41.02,44.12,3.1
3258,466,S,34.07,41.02,6.95
3259,466,M,22.89,34.07,11.18
3260,466,C,22.32,22.89,0.57
3261,466,A,9.02,22.32,13.29
3262,466,K,5.99,9.02,3.03
3263,467,R,44.1,48.3,4.21
3264,467,L,40.98,44.1,3.11
3265,467,S,34.04,40.98,6.94
3266,467,M,22.82,34.04,11.22
3267,467,C,22.24,22.82,0.58
3268,467,A,8.93,22.24,13.32
3269,467,K,5.93,8.93,3.0
3270,468,R,44.07,48.29,4.21
3271,468,L,40.95,44.07,3.13
3272,468,S,34.01,40.95,6.93
3273,468,M,22.76,34.01,11.25
3274,468,C,22.16,22.76,0.6
3275,468,A,8.83,22.16,13.34
3276,468,K,5.83,8.83,3.0
3277,469,R,44.05,48.27,4.22
3278,469,L,40.91,44.05,3.14
3279,469,S,33.98,40.91,6.93
3280,469,M,22.7,33.98,11.29
3281,469,C,22.09,22.7,0.61
3282,469,A,8.73,22.09,13.36
3283,469,K,5.73,8.73,3.0
3284,470,R,44.03,48.26,4.22
3285,470,L,40.88,44.03,3.16
3286,470,S,33.95,40.88,6.92
3287,470,M,22.63,33.95,11.32
3288,470,C,22.01,22.63,0.62
3289,470,A,8.63,22.01,13.38
3290,470,K,5.63,8.63,3.0
3291,471,R,44.01,48.24,4.23
3292,471,L,40.84,44.01,3.17
3293,471,S,33.92,40.84,6.92
3294,471,M,22.57,33.92,11.35
3295,471,C,21.94,22.57,0.64
3296,471,A,8.54,21.94,13.4
3297,471,K,5.54,8.54,3.0
3298,472,R,44.0,48.23,4.24
3299,472,L,40.81,44.0,3.19
3300,472,S,33.9,40.81,6.91
3301,472,M,22.51,33.9,11.39
3302,472,C,21.86,22.51,0.65
3303,472,A,8.44,21.86,13.42
3304,472,K,5.44,8.44,3.0
3305,473,R,43.98,48.22,4.24
3306,473,L,40.77,43.98,3.2
3307,473,S,33.87,40.77,6.9
3308,473,M,22.45,33.87,11.42
3309,473,C,21.79,22.45,0.66
3310,473,A,8.34,21.79,13.44
3311,473,K,5.34,8.34,3.0
3312,474,R,43.96,48.21,4.25
3313,474,L,40.74,43.96,3.22
3314,474,S,33.84,40.74,6.9
3315,474,M,22.39,33.84,11.45
3316,474,C,21.71,22.39,0.68
3317,474,A,8.24,21.71,13.47
3318,474,K,5.24,8.24,3.0
3319,475,R,43.94,48.2,4.26
3320,475,L,40.71,43.94,3.23
3321,475,S,33.82,40.71,6.89
3322,475,M,22.33,33.82,11.49
3323,475,C,21.64,22.33,0.69
3324,475,A,8.15,21.64,13.49
3325,475,K,5.15,8.15,3.0
3326,476,R,43.92,48.19,4.26
3327,476,L,40.67,43.92,3.25
3328,476,S,33.79,40.67,6.88
3329,476,M,22.27,33.79,11.52
3330,476,C,21.56,22.27,0.71
3331,476,A,8.05,21.56,13.51
3332,476,K,5.05,8.05,3.0
3333,477,R,43.91,48.18,4.27
3334,477,L,40.64,43.91,3.27
3335,477,S,33.76,40.64,6.88
3336,477,M,22.21,33.76,11.55
3337,477,C,21.49,22.21,0.72
3338,477,A,7.95,21.49,13.54
3339,477,K,4.95,7.95,3.0
3340,478,R,43.89,48.17,4.28
3341,478,L,40.61,43.89,3.28
3342,478,S,33.74,40.61,6.87
3343,478,M,22.15,33.74,11.59
3344,478,C,21.42,22.15,0.74
3345,478,A,7.86,21.42,13.56
3346,478,K,4.86,7.86,3.0
3347,479,R,43.87,48.16,4.28
3348,479,L,40.58,43.87,3.3
3349,479,S,33.72,40.58,6.86
3350,479,M,22.1,33.72,11.62
3351,479,C,21.34,22.1,0.76
3352,479,A,7.76,21.34,13.58
3353,479,K,4.76,7.76,3.0
3354,480,R,43.86,48.15,4.29
3355,480,L,40.55,43.86,3.31
3356,480,S,33.69,40.55,6.85
3357,480,M,22.04,33.69,11.65
3358,480,C,21.27,22.04,0.77
3359,480,A,7.67,21.27,13.61
3360,480,K,4.67,7.67,3.0
3361,481,R,43.84,48.14,4.3
3362,481,L,40.52,43.84,3.33
3363,481,S,33.67,40.52,6.85
3364,481,M,21.99,33.67,11.68
3365,481,C,21.2,21.99,0.79
3366,481,A,7.57,21.2,13.63
3367,481,K,4.57,7.57,3.0
3368,482,R,43.83,48.13,4.3
3369,482,L,40.48,43.83,3.34
3370,482,S,33.65,40.48,6.84
3371,482,M,21.93,33.65,11.71
3372,482,C,21.13,21.93,0.81
3373,482,A,7.48,21.13,13.65
3374,482,K,4.48,7.48,3.0
3375,483,R,43.81,48.12,4.31
3376,483,L,40.46,43.81,3.36
3377,483,S,33.63,40.46,6.83
3378,483,M,21.88,33.63,11.74
3379,483,C,21.06,21.88,0.82
3380,483,A,7.38,21.06,13.68
3381,483,K,4.38,7.38,3.0
3382,484,R,43.8,48.12,4.32
3383,484,L,40.43,43.8,3.37
3384,484,S,33.6,40.43,6.82
3385,484,M,21.83,33.6,11.78
3386,484,C,20.99,21.83,0.84
3387,484,A,7.29,20.99,13.7
3388,484,K,4.29,7.29,3.0
3389,485,R,43.79,48.11,4.33
3390,485,L,40.4,43.79,3.39
3391,485,S,33.58,40.4,6.81
3392,485,M,21.78,33.58,11.81
3393,485,C,20.92,21.78,0.86
3394,485,A,7.19,20.92,13.73
3395,485,K,4.19,7.19,3.0
3396,486,R,43.77,48.11,4.33
3397,486,L,40.37,43.77,3.4
3398,486,S,33.57,40.37,6.8
3399,486,M,21.73,33.57,11.84
3400,486,C,20.85,21.73,0.88
3401,486,A,7.1,20.85,13.75
3402,486,K,4.1,7.1,3.0
3403,487,R,43.76,48.1,4.34
3404,487,L,40.34,43.76,3.42
3405,487,S,33.55,40.34,6.79
3406,487,M,21.68,33.55,11.87
3407,487,C,20.78,21.68,0.89
3408,487,A,7.01,20.78,13.77
3409,487,K,4.01,7.01,3.0
3410,488,R,43.75,48.1,4.35
3411,488,L,40.31,43.75,3.43
3412,488,S,33.53,40.31,6.79
3413,488,M,21.63,33.53,11.9
3414,488,C,20.72,21.63,0.91
3415,488,A,6.92,20.72,13.8
3416,488,K,3.92,6.92,3.0
3417,489,R,43.74,48.09,4.36
3418,489,L,40.29,43.74,3.45
3419,489,S,33.51,40.29,6.78
3420,489,M,21.58,33.51,11.93
3421,489,C,20.65,21.58,0.93
3422,489,A,6.83,20.65,13.82
3423,489,K,3.83,6.83,3.0
3424,490,R,43.73,48.09,4.36
3425,490,L,40.26,43.73,3.47
3426,490,S,33.49,40.26,6.77
3427,490,M,21.54,33.49,11.96
3428,490,C,20.59,21.54,0.95
3429,490,A,6.74,20.59,13.85
3430,490,K,3.74,6.74,3.0
3431,491,R,43.72,48.09,4.37
3432,491,L,40.23,43.72,3.48
3433,491,S,33.48,40.23,6.76
3434,491,M,21.49,33.48,11.99
3435,491,C,20.52,21.49,0.97
3436,491,A,6.65,20.52,13.87
3437,491,K,3.65,6.65,3.0
3438,492,R,43.7,48.08,4.38
3439,492,L,40.21,43.7,3.5
3440,492,S,33.46,40.21,6.75
3441,492,M,21.45,33.46,12.01
3442,492,C,20.46,21.45,0.99
3443,492,A,6.56,20.46,13.9
3444,492,K,3.56,6.56,3.0
3445,493,R,43.7,48.08,4.39
3446,493,L,40.18,43.7,3.51
3447,493,S,33.45,40.18,6.74
3448,493,M,21.41,33.45,12.04
3449,493,C,20.4,21.41,1.01
3450,493,A,6.47,20.4,13.92
3451,493,K,3.47,6.47,3.0
3452,494,R,43.69,48.08,4.39
3453,494,L,40.16,43.69,3.53
3454,494,S,33.44,40.16,6.72
3455,494,M,21.37,33.44,12.07
3456,494,C,20.34,21.37,1.03
3457,494,A,6.39,20.34,13.95
3458,494,K,3.39,6.39,3.0
3459,495,R,43.68,48.08,4.4
3460,495,L,40.14,43.68,3.54
3461,495,S,33.42,40.14,6.71
3462,495,M,21.33,33.42,12.1
3463,495,C,20.28,21.33,1.05
3464,495,A,6.3,20.28,13.97
3465,495,K,3.3,6.3,3.0
3466,496,R,43.67,48.08,4.41
3467,496,L,40.11,43.67,3.56
3468,496,S,33.41,40.11,6.7
3469,496,M,21.29,33.41,12.13
3470,496,C,20.22,21.29,1.07
3471,496,A,6.22,20.22,14.0
3472,496,K,3.22,6.22,3.0
3473,497,R,43.66,48.08,4.42
3474,497,L,40.09,43.66,3.57
3475,497,S,33.4,40.09,6.69
3476,497,M,21.25,33.4,12.15
3477,497,C,20.16,21.25,1.09
3478,497,A,6.13,20.16,14.02
3479,497,K,3.13,6.13,3.0
3480,498,R,43.65,48.08,4.42
3481,498,L,40.07,43.65,3.58
3482,498,S,33.39,40.07,6.68
3483,498,M,21.21,33.39,12.18
3484,498,C,20.1,21.21,1.11
3485,498,A,6.05,20.1,14.05
3486,498,K,3.05,6.05,3.0
3487,499,R,43.65,48.08,4.43
3488,499,L,40.05,43.65,3.6
3489,499,S,33.38,40.05,6.67
3490,499,M,21.17,33.38,12.2
3491,499,C,20.04,21.17,1.13
3492,499,A,5.97,20.04,14.08
3493,499,K,2.97,5.97,3.0
3494,500,R,43.64,48.08,4.44
3495,500,L,40.03,43.64,3.61
3496,500,S,33.37,40.03,6.65
3497,500,M,21.14,33.37,12.23
3498,500,C,19.99,21.14,1.15
3499,500,A,5.89,19.99,14.1
3500,500,K,2.89,5.89,3.0
3501,501,R,43.63,48.08,4.45
3502,501,L,40.0,43.63,3.63
3503,501,S,33.36,40.0,6.64
3504,501,M,21.11,33.36,12.26
3505,501,C,19.94,21.11,1.17
3506,501,A,5.81,19.94,14.13
3507,501,K,2.81,5.81,3.0
3508,502,R,43.63,48.08,4.46
3509,502,L,39.98,43.63,3.64
3510,502,S,33.36,39.98,6.63
3511,502,M,21.07,33.36,12.28
3512,502,C,19.88,21.07,1.19
3513,502,A,5.73,19.88,14.15
3514,502,K,2.73,5.73,3.0
3515,503,R,43.62,48.09,4.46
3516,503,L,39.97,43.62,3.66
3517,503,S,33.35,39.97,6.62
3518,503,M,21.04,33.35,12.31
3519,503,C,19.83,21.04,1.21
3520,503,A,5.65,19.83,14.18
3521,503,K,2.65,5.65,3.0
3522,504,R,43.62,48.09,4.47
3523,504,L,39.95,43.62,3.67
3524,504,S,33.34,39.95,6.6
3525,504,M,21.01,33.34,12.33
3526,504,C,19.78,21.01,1.23
3527,504,A,5.58,19.78,14.2
3528,504,K,2.58,5.58,3.0
3529,505,R,43.61,48.09,4.48
3530,505,L,39.93,43.61,3.69
3531,505,S,33.34,39.93,6.59
3532,505,M,20.98,33.34,12.35
3533,505,C,19.73,20.98,1.26
3534,505,A,5.5,19.73,14.23
3535,505,K,2.5,5.5,3.0
3536,506,R,43.61,48.1,4.49
3537,506,L,39.91,43.61,3.7
3538,506,S,33.33,39.91,6.58
3539,506,M,20.96,33.33,12.38
3540,506,C,19.68,20.96,1.28
3541,506,A,5.43,19.68,14.25
3542,506,K,2.43,5.43,3.0
3543,507,R,43.61,48.1,4.5
3544,507,L,39.89,43.61,3.71
3545,507,S,33.33,39.89,6.56
3546,507,M,20.93,33.33,12.4
3547,507,C,19.63,20.93,1.3
3548,507,A,5.36,19.63,14.28
3549,507,K,2.36,5.36,3.0
3550,508,R,43.6,48.11,4.5
3551,508,L,39.88,43.6,3.73
3552,508,S,33.33,39.88,6.55
3553,508,M,20.91,33.33,12.42
3554,508,C,19.59,20.91,1.32
3555,508,A,5.29,19.59,14.3
3556,508,K,2.29,5.29,3.0
3557,509,R,43.6,48.11,4.51
3558,509,L,39.86,43.6,3.74
3559,509,S,33.33,39.86,6.53
3560,509,M,20.88,33.33,12.45
3561,509,C,19.54,20.88,1.34
3562,509,A,5.22,19.54,14.33
3563,509,K,2.22,5.22,3.0
3564,510,R,43.6,48.12,4.52
3565,510,L,39.84,43.6,3.75
3566,510,S,33.33,39.84,6.52
3567,510,M,20.86,33.33,12.47
3568,510,C,19.5,20.86,1.36
3569,510,A,5.15,19.5,14.35
3570,510,K,2.15,5.15,3.0
3571,511,R,43.6,48.12,4.53
3572,511,L,39.83,43.6,3.77
3573,511,S,33.33,39.83,6.5
3574,511,M,20.84,33.33,12.49
3575,511,C,19.46,20.84,1.38
3576,511,A,5.08,19.46,14.38
3577,511,K,2.08,5.08,3.0
3578,512,R,43.59,48.13,4.53
3579,512,L,39.81,43.59,3.78
3580,512,S,33.33,39.81,6.49
3581,512,M,20.82,33.33,12.51
3582,512,C,19.42,20.82,1.4
3583,512,A,5.02,19.42,14.4
3584,512,K,2.02,5.02,3.0
3585,513,R,43.59,48.14,4.54
3586,513,L,39.8,43.59,3.79
3587,513,S,33.33,39.8,6.47
3588,513,M,20.8,33.33,12.53
3589,513,C,19.38,20.8,1.42
3590,513,A,4.95,19.38,14.43
3591,513,K,1.95,4.95,3.0
3592,514,R,43.59,48.14,4.55
3593,514,L,39.79,43.59,3.81
3594,514,S,33.33,39.79,6.45
3595,514,M,20.78,33.33,12.55
3596,514,C,19.34,20.78,1.44
3597,514,A,4.89,19.34,14.45
3598,514,K,1.89,4.89,3.0
3599,515,R,43.59,48.15,4.56
3600,515,L,39.77,43.59,3.82
3601,515,S,33.34,39.77,6.44
3602,515,M,20.77,33.34,12.57
3603,515,C,19.3,20.77,1.46
3604,515,A,4.83,19.3,14.47
3605,515,K,1.83,4.83,3.0
3606,516,R,43.59,48.16,4.56
3607,516,L,39.76,43.59,3.83
3608,516,S,33.34,39.76,6.42
3609,516,M,20.75,33.34,12.59
3610,516,C,19.27,20.75,1.49
3611,516,A,4.77,19.27,14.5
3612,516,K,1.77,4.77,3.0
3613,517,R,43.59,48.17,4.57
3614,517,L,39.75,43.59,3.84
3615,517,S,33.35,39.75,6.4
3616,517,M,20.74,33.35,12.61
3617,517,C,19.23,20.74,1.51
3618,517,A,4.71,19.23,14.52
3619,517,K,1.71,4.71,3.0
3620,518,R,43.6,48.17,4.58
3621,518,L,39.74,43.6,3.86
3622,518,S,33.35,39.74,6.39
3623,518,M,20.73,33.35,12.63
3624,518,C,19.2,20.73,1.53
3625,518,A,4.66,19.2,14.54
3626,518,K,1.66,4.66,3.0
3627,519,R,43.6,48.18,4.59
3628,519,L,39.73,43.6,3.87
3629,519,S,33.36,39.73,6.37
3630,519,M,20.72,33.36,12.64
3631,519,C,19.17,20.72,1.55
3632,519,A,4.6,19.17,14.57
3633,519,K,1.6,4.6,3.0
3634,520,R,43.6,48.19,4.59
3635,520,L,39.72,43.6,3.88
3636,520,S,33.37,39.72,6.35
3637,520,M,20.71,33.37,12.66
3638,520,C,19.14,20.71,1.57
3639,520,A,4.55,19.14,14.59
3640,520,K,1.55,4.55,3.0
3641,521,R,43.6,48.2,4.6
3642,521,L,39.71,43.6,3.89
3643,521,S,33.38,39.71,6.33
3644,521,M,20.7,33.38,12.68
3645,521,C,19.11,20.7,1.59
3646,521,A,4.5,19.11,14.61
3647,521,K,1.5,4.5,3.0
3648,522,R,43.6,48.21,4.61
3649,522,L,39.7,43.6,3.91
3650,522,S,33.39,39.7,6.31
3651,522,M,20.69,33.39,12.69
3652,522,C,19.08,20.69,1.61
3653,522,A,4.45,19.08,14.64
3654,522,K,1.45,4.45,3.0
3655,523,R,43.61,48.22,4.62
3656,523,L,39.69,43.61,3.92
3657,523,S,33.4,39.69,6.29
3658,523,M,20.69,33.4,12.71
3659,523,C,19.06,20.69,1.63
3660,523,A,4.4,19.06,14.66
3661,523,K,1.4,4.4,3.0
3662,524,R,43.61,48.23,4.62
3663,524,L,39.68,43.61,3.93
3664,524,S,33.41,39.68,6.27
3665,524,M,20.68,33.41,12.72
3666,524,C,19.04,20.68,1.65
3667,524,A,4.35,19.04,14.68
3668,524,K,1.35,4.35,3.0
3669,525,R,43.61,48.24,4.63
3670,525,L,39.67,43.61,3.94
3671,525,S,33.42,39.67,6.26
3672,525,M,20.68,33.42,12.74
3673,525,C,19.01,20.68,1.67
3674,525,A,4.31,19.01,14.7
3675,525,K,1.31,4.31,3.0
3676,526,R,43.62,48.26,4.64
3677,526,L,39.67,43.62,3.95
3678,526,S,33.43,39.67,6.24
3679,526,M,20.68,33.43,12.75
3680,526,C,18.99,20.68,1.69
3681,526,A,4.26,18.99,14.73
3682,526,K,1.26,4.26,3.0
3683,527,R,43.62,48.27,4.64
3684,527,L,39.66,43.62,3.96
3685,527,S,33.44,39.66,6.22
3686,527,M,20.68,33.44,12.77
3687,527,C,18.97,20.68,1.71
3688,527,A,4.22,18.97,14.75
3689,527,K,1.22,4.22,3.0
3690,528,R,43.63,48.28,4.65
3691,528,L,39.65,43.63,3.97
3692,528,S,33.46,39.65,6.19
3693,528,M,20.68,33.46,12.78
3694,528,C,18.95,20.68,1.72
3695,528,A,4.18,18.95,14.77
3696,528,K,1.18,4.18,3.0
3697,529,R,43.63,48.29,4.66
3698,529,L,39.65,43.63,3.98
3699,529,S,33.47,39.65,6.17
3700,529,M,20.68,33.47,12.79
3701,529,C,18.94,20.68,1.74
3702,529,A,4.15,18.94,14.79
3703,529,K,1.15,4.15,3.0
3704,530,R,43.64,48.3,4.67
3705,530,L,39.64,43.64,3.99
3706,530,S,33.49,39.64,6.15
3707,530,M,20.68,33.49,12.81
3708,530,C,18.92,20.68,1.76
3709,530,A,4.11,18.92,14.81
3710,530,K,1.11,4.11,3.0
3711,531,R,43.64,48.31,4.67
3712,531,L,39.64,43.64,4.0
3713,531,S,33.51,39.64,6.13
3714,531,M,20.69,33.51,12.82
3715,531,C,18.91,20.69,1.78
3716,531,A,4.08,18.91,14.83
3717,531,K,1.08,4.08,3.0
3718,532,R,43.65,48.33,4.68
3719,532,L,39.63,43.65,4.01
3720,532,S,33.52,39.63,6.11
3721,532,M,20.7,33.52,12.83
3722,532,C,18.9,20.7,1.8
3723,532,A,4.04,18.9,14.85
3724,532,K,1.04,4.04,3.0
3725,533,R,43.66,48.34,4.68
3726,533,L,39.63,43.66,4.02
3727,533,S,33.54,39.63,6.09
3728,533,M,20.7,33.54,12.84
3729,533,C,18.89,20.7,1.82
3730,533,A,4.01,18.89,14.87
3731,533,K,1.01,4.01,3.0
3732,534,R,43.66,48.35,4.69
3733,534,L,39.63,43.66,4.03
3734,534,S,33.56,39.63,6.07
3735,534,M,20.71,33.56,12.85
3736,534,C,18.88,20.71,1.83
3737,534,A,3.98,18.88,14.89
3738,534,K,0.98,3.98,3.0
3739,535,R,43.67,48.37,4.7
3740,535,L,39.63,43.67,4.04
3741,535,S,33.58,39.63,6.04
3742,535,M,20.72,33.58,12.86
3743,535,C,18.87,20.72,1.85
3744,535,A,3.96,18.87,14.91
3745,535,K,0.96,3.96,3.0
3746,536,R,43.68,48.38,4.7
3747,536,L,39.62,43.68,4.05
3748,536,S,33.6,39.62,6.02
3749,536,M,20.73,33.6,12.87
3750,536,C,18.86,20.73,1.87
3751,536,A,3.93,18.86,14.93
3752,536,K,0.93,3.93,3.0
3753,537,R,43.68,48.39,4.71
3754,537,L,39.62,43.68,4.06
3755,537,S,33.62,39.62,6.0
3756,537,M,20.74,33.62,12.88
3757,537,C,18.86,20.74,1.89
3758,537,A,3.91,18.86,14.95
3759,537,K,0.91,3.91,3.0
3760,538,R,43.69,48.41,4.72
3761,538,L,39.62,43.69,4.07
3762,538,S,33.65,39.62,5.97
3763,538,M,20.76,33.65,12.89
3764,538,C,18.86,20.76,1.9
3765,538,A,3.89,18.86,14.97
3766,538,K,0.89,3.89,3.0
3767,539,R,43.7,48.42,4.72
3768,539,L,39.62,43.7,4.08
3769,539,S,33.67,39.62,5.95
3770,539,M,20.77,33.67,12.9
3771,539,C,18.85,20.77,1.92
3772,539,A,3.87,18.85,14.98
3773,539,K,0.87,3.87,3.0
3774,540,R,43.71,48.44,4.73
3775,540,L,39.62,43.71,4.09
3776,540,S,33.69,39.62,5.93
3777,540,M,20.79,33.69,12.9
3778,540,C,18.85,20.79,1.93
3779,540,A,3.85,18.85,15.0
3780,540,K,0.85,3.85,3.0
3781,541,R,43.72,48.45,4.73
3782,541,L,39.62,43.72,4.1
3783,541,S,33.72,39.62,5.9
3784,541,M,20.81,33.72,12.91
3785,541,C,18.86,20.81,1.95
3786,541,A,3.84,18.86,15.02
3787,541,K,0.84,3.84,3.0
3788,542,R,43.73,48.46,4.74
3789,542,L,39.62,43.73,4.11
3790,542,S,33.74,39.62,5.88
3791,542,M,20.82,33.74,12.92
3792,542,C,18.86,20.82,1.97
3793,542,A,3.82,18.86,15.04
3794,542,K,0.82,3.82,3.0
3795,543,R,43.74,48.48,4.74
3796,543,L,39.62,43.74,4.11
3797,543,S,33.77,39.62,5.85
3798,543,M,20.84,33.77,12.92
3799,543,C,18.86,20.84,1.98
3800,543,A,3.81,18.86,15.05
3801,543,K,0.81,3.81,3.0
3802,544,R,43.75,48.49,4.75
3803,544,L,39.62,43.75,4.12
3804,544,S,33.8,39.62,5.83
3805,544,M,20.86,33.8,12.93
3806,544,C,18.87,20.86,2.0
3807,544,A,3.8,18.87,15.07
3808,544,K,0.8,3.8,3.0
3809,545,R,43.75,48.51,4.75
3810,545,L,39.62,43.75,4.13
3811,545,S,33.82,39.62,5.8
3812,545,M,20.89,33.82,12.94
3813,545,C,18.88,20.89,2.01
3814,545,A,3.79,18.88,15.08
3815,545,K,0.79,3.79,3.0
3816,546,R,43.76,48.52,4.76
3817,546,L,39.63,43.76,4.14
3818,546,S,33.85,39.63,5.78
3819,546,M,20.91,33.85,12.94
3820,546,C,18.89,20.91,2.02
3821,546,A,3.79,18.89,15.1
3822,546,K,0.79,3.79,3.0
3823,547,R,43.77,48.54,4.76
3824,547,L,39.63,43.77,4.15
3825,547,S,33.88,39.63,5.75
3826,547,M,20.93,33.88,12.94
3827,547,C,18.9,20.93,2.04
3828,547,A,3.78,18.9,15.11
3829,547,K,0.78,3.78,3.0
3830,548,R,43.79,48.55,4.77
3831,548,L,39.63,43.79,4.15
3832,548,S,33.91,39.63,5.72
3833,548,M,20.96,33.91,12.95
3834,548,C,18.91,20.96,2.05
3835,548,A,3.78,18.91,15.13
3836,548,K,0.78,3.78,3.0
3837,549,R,43.8,48.57,4.77
3838,549,L,39.64,43.8,4.16
3839,549,S,33.94,39.64,5.7
3840,549,M,20.99,33.94,12.95
3841,549,C,18.92,20.99,2.06
3842,549,A,3.78,18.92,15.14
3843,549,K,0.78,3.78,3.0
3844,550,R,43.81,48.58,4.78
3845,550,L,39.64,43.81,4.17
3846,550,S,33.97,39.64,5.67
3847,550,M,21.01,33.97,12.96
3848,550,C,18.94,21.01,2.08
3849,550,A,3.78,18.94,15.16
3850,550,K,0.78,3.78,3.0
3851,551,R,43.82,48.6,4.78
3852,551,L,39.64,43.82,4.17
3853,551,S,34.0,39.64,5.64
3854,551,M,21.04,34.0,12.96
3855,551,C,18.95,21.04,2.09
3856,551,A,3.78,18.95,15.17
3857,551,K,0.78,3.78,3.0
3858,552,R,43.83,48.61,4.79
3859,552,L,39.65,43.83,4.18
3860,552,S,34.03,39.65,5.62
3861,552,M,21.07,34.03,12.96
3862,552,C,18.97,21.07,2.1
3863,552,A,3.79,18.97,15.18
3864,552,K,0.79,3.79,3.0
3865,553,R,43.84,48.63,4.79
3866,553,L,39.65,43.84,4.19
3867,553,S,34.06,39.65,5.59
3868,553,M,21.1,34.06,12.96
3869,553,C,18.99,21.1,2.11
3870,553,A,3.8,18.99,15.19
3871,553,K,0.8,3.8,3.0
3872,554,R,43.85,48.65,4.79
3873,554,L,39.66,43.85,4.19
3874,554,S,34.1,39.66,5.56
3875,554,M,21.13,34.1,12.96
3876,554,C,19.01,21.13,2.12
3877,554,A,3.81,19.01,15.2
3878,554,K,0.81,3.81,3.0
3879,555,R,43.86,48.66,4.8
3880,555,L,39.66,43.86,4.2
3881,555,S,34.13,39.66,5.53
3882,555,M,21.17,34.13,12.96
3883,555,C,19.03,21.17,2.13
3884,555,A,3.82,19.03,15.22
3885,555,K,0.82,3.82,3.0
3886,556,R,43.87,48.68,4.8
3887,556,L,39.67,43.87,4.2
3888,556,S,34.16,39.67,5.51
3889,556,M,21.2,34.16,12.96
3890,556,C,19.06,21.2,2.14
3891,556,A,3.83,19.06,15.23
3892,556,K,0.83,3.83,3.0
3893,557,R,43.89,48.69,4.8
3894,557,L,39.68,43.89,4.21
3895,557,S,34.2,39.68,5.48
3896,557,M,21.24,34.2,12.96
3897,557,C,19.08,21.24,2.15
3898,557,A,3.84,19.08,15.24
3899,557,K,0.84,3.84,3.0
3900,558,R,43.9,48.71,4.81
3901,558,L,39.68,43.9,4.22
3902,558,S,34.23,39.68,5.45
3903,558,M,21.27,34.23,12.96
3904,558,C,19.11,21.27,2.16
3905,558,A,3.86,19.11,15.25
3906,558,K,0.86,3.86,3.0
3907,559,R,43.91,48.72,4.81
3908,559,L,39.69,43.91,4.22
3909,559,S,34.27,39.69,5.42
3910,559,M,21.31,34.27,12.96
3911,559,C,19.14,21.31,2.17
3912,559,A,3.88,19.14,15.26
3913,559,K,0.88,3.88,3.0
3914,560,R,43.92,48.74,4.81
3915,560,L,39.7,43.92,4.23
3916,560,S,34.31,39.7,5.39
3917,560,M,21.35,34.31,12.96
3918,560,C,19.16,21.35,2.18
3919,560,A,3.9,19.16,15.26
3920,560,K,0.9,3.9,3.0
3921,561,R,43.94,48.75,4.82
3922,561,L,39.7,43.94,4.23
3923,561,S,34.34,39.7,5.36
3924,561,M,21.38,34.34,12.96
3925,561,C,19.19,21.38,2.19
3926,561,A,3.92,19.19,15.27
3927,561,K,0.92,3.92,3.0
3928,562,R,43.95,48.77,4.82
3929,562,L,39.71,43.95,4.24
3930,562,S,34.38,39.71,5.33
3931,562,M,21.42,34.38,12.96
3932,562,C,19.23,21.42,2.2
3933,562,A,3.95,19.23,15.28
3934,562,K,0.95,3.95,3.0
3935,563,R,43.96,48.78,4.82
3936,563,L,39.72,43.96,4.24
3937,563,S,34.42,39.72,5.3
3938,563,M,21.46,34.42,12.95
3939,563,C,19.26,21.46,2.21
3940,563,A,3.97,19.26,15.29
3941,563,K,0.97,3.97,3.0
3942,564,R,43.97,48.8,4.82
3943,564,L,39.73,43.97,4.24
3944,564,S,34.46,39.73,5.27
3945,564,M,21.51,34.46,12.95
3946,564,C,19.29,21.51,2.21
3947,564,A,4.0,19.29,15.29
3948,564,K,1.0,4.0,3.0
3949,565,R,43.99,48.81,4.83
3950,565,L,39.74,43.99,4.25
3951,565,S,34.5,39.74,5.24
3952,565,M,21.55,34.5,12.95
3953,565,C,19.33,21.55,2.22
3954,565,A,4.03,19.33,15.3
3955,565,K,1.03,4.03,3.0
3956,566,R,44.0,48.83,4.83
3957,566,L,39.75,44.0,4.25
3958,566,S,34.53,39.75,5.21
3959,566,M,21.59,34.53,12.94
3960,566,C,19.37,21.59,2.22
3961,566,A,4.06,19.37,15.31
3962,566,K,1.06,4.06,3.0
3963,567,R,44.01,48.84,4.83
3964,567,L,39.75,44.01,4.26
3965,567,S,34.57,39.75,5.18
3966,567,M,21.63,34.57,12.94
3967,567,C,19.4,21.63,2.23
3968,567,A,4.09,19.4,15.31
3969,567,K,1.09,4.09,3.0
3970,568,R,44.02,48.86,4.83
3971,568,L,39.76,44.02,4.26
3972,568,S,34.61,39.76,5.15
3973,568,M,21.68,34.61,12.94
3974,568,C,19.44,21.68,2.24
3975,568,A,4.13,19.44,15.32
3976,568,K,1.13,4.13,3.0
3977,569,R,44.04,48.87,4.83
3978,569,L,39.77,44.04,4.26
3979,569,S,34.65,39.77,5.12
3980,569,M,21.72,34.65,12.93
3981,569,C,19.48,21.72,2.24
3982,569,A,4.16,19.48,15.32
3983,569,K,1.16,4.16,3.0
3984,570,R,44.05,48.89,4.83
3985,570,L,39.78,44.05,4.27
3986,570,S,34.69,39.78,5.09
3987,570,M,21.77,34.69,12.92
3988,570,C,19.53,21.77,2.24
3989,570,A,4.2,19.53,15.32
3990,570,K,1.2,4.2,3.0
3991,571,R,44.06,48.9,4.84
3992,571,L,39.79,44.06,4.27
3993,571,S,34.74,39.79,5.06
3994,571,M,21.82,34.74,12.92
3995,571,C,19.57,21.82,2.25
3996,571,A,4.24,19.57,15.33
3997,571,K,1.24,4.24,3.0
3998,572,R,44.08,48.91,4.84
3999,572,L,39.8,44.08,4.27
4000,572,S,34.78,39.8,5.03
4001,572,M,21.86,34.78,12.91
4002,572,C,19.61,21.86,2.25
4003,572,A,4.28,19.61,15.33
4004,572,K,1.28,4.28,3.0
4005,573,R,44.09,48.93,4.84
4006,573,L,39.81,44.09,4.28
4007,573,S,34.82,39.81,4.99
4008,573,M,21.91,34.82,12.91
4009,573,C,19.66,21.91,2.25
4010,573,A,4.32,19.66,15.33
4011,573,K,1.32,4.32,3.0
4012,574,R,44.1,48.94,4.84
4013,574,L,39.82,44.1,4.28
4014,574,S,34.86,39.82,4.96
4015,574,M,21.96,34.86,12.9
4016,574,C,19.7,21.96,2.26
4017,574,A,4.37,19.7,15.33
4018,574,K,1.37,4.37,3.0
4019,575,R,44.12,48.95,4.84
4020,575,L,39.83,44.12,4.28
4021,575,S,34.9,39.83,4.93
4022,575,M,22.01,34.9,12.89
4023,575,C,19.75,22.01,2.26
4024,575,A,4.42,19.75,15.34
4025,575,K,1.42,4.42,3.0
4026,576,R,44.13,48.97,4.84
4027,576,L,39.84,44.13,4.29
4028,576,S,34.95,39.84,4.9
4029,576,M,22.06,34.95,12.89
4030,576,C,19.8,22.06,2.26
4031,576,A,4.46,19.8,15.34
4032,576,K,1.46,4.46,3.0
4033,577,R,44.14,48.98,4.84
4034,577,L,39.85,44.14,4.29
4035,577,S,34.99,39.85,4.87
4036,577,M,22.11,34.99,12.88
4037,577,C,19.85,22.11,2.26
4038,577,A,4.51,19.85,15.34
4039,577,K,1.51,4.51,3.0
4040,578,R,44.16,48.99,4.84
4041,578,L,39.87,44.16,4.29
4042,578,S,35.03,39.87,4.83
4043,578,M,22.16,35.03,12.87
4044,578,C,19.9,22.16,2.26
4045,578,A,4.56,19.9,15.33
4046,578,K,1.56,4.56,3.0
4047,579,R,44.17,49.01,4.84
4048,579,L,39.88,44.17,4.29
4049,579,S,35.07,39.88,4.8
4050,579,M,22.21,35.07,12.86
4051,579,C,19.95,22.21,2.26
4052,579,A,4.62,19.95,15.33
4053,579,K,1.62,4.62,3.0
4054,580,R,44.18,49.02,4.84
4055,580,L,39.89,44.18,4.29
4056,580,S,35.12,39.89,4.77
4057,580,M,22.26,35.12,12.85
4058,580,C,20.0,22.26,2.26
4059,580,A,4.67,20.0,15.33
4060,580,K,1.67,4.67,3.0
4061,581,R,44.19,49.03,4.84
4062,581,L,39.9,44.19,4.3
4063,581,S,35.16,39.9,4.74
4064,581,M,22.32,35.16,12.84
4065,581,C,20.05,22.32,2.26
4066,581,A,4.72,20.05,15.33
4067,581,K,1.72,4.72,3.0
4068,582,R,44.21,49.04,4.84
4069,582,L,39.91,44.21,4.3
4070,582,S,35.21,39.91,4.7
4071,582,M,22.37,35.21,12.84
4072,582,C,20.11,22.37,2.26
4073,582,A,4.78,20.11,15.33
4074,582,K,1.78,4.78,3.0
4075,583,R,44.22,49.06,4.84
4076,583,L,39.92,44.22,4.3
4077,583,S,35.25,39.92,4.67
4078,583,M,22.42,35.25,12.83
4079,583,C,20.16,22.42,2.26
4080,583,A,4.84,20.16,15.32
4081,583,K,1.84,4.84,3.0
4082,584,R,44.23,49.07,4.83
4083,584,L,39.93,44.23,4.3
4084,584,S,35.29,39.93,4.64
4085,584,M,22.48,35.29,12.82
4086,584,C,20.22,22.48,2.26
4087,584,A,4.9,20.22,15.32
4088,584,K,1.9,4.9,3.0
4089,585,R,44.25,49.08,4.83
4090,585,L,39.94,44.25,4.3
4091,585,S,35.34,39.94,4.61
4092,585,M,22.53,35.34,12.81
4093,585,C,20.28,22.53,2.25
4094,585,A,4.96,20.28,15.32
4095,585,K,1.96,4.96,3.0
4096,586,R,44.26,49.09,4.83
4097,586,L,39.95,44.26,4.3
4098,586,S,35.38,39.95,4.57
4099,586,M,22.59,35.38,12.8
4100,586,C,20.33,22.59,2.25
4101,586,A,5.02,20.33,15.31
4102,586,K,2.02,5.02,3.0
4103,587,R,44.27,49.1,4.83
4104,587,L,39.97,44.27,4.31
4105,587,S,35.43,39.97,4.54
4106,587,M,22.64,35.43,12.79
4107,587,C,20.39,22.64,2.25
4108,587,A,5.09,20.39,15.31
4109,587,K,2.09,5.09,3.0
4110,588,R,44.28,49.11,4.83
4111,588,L,39.98,44.28,4.31
4112,588,S,35.47,39.98,4.51
4113,588,M,22.7,35.47,12.78
4114,588,C,20.45,22.7,2.25
4115,588,A,5.15,20.45,15.3
4116,588,K,2.15,5.15,3.0
4117,589,R,44.3,49.12,4.83
4118,589,L,39.99,44.3,4.31
4119,589,S,35.52,39.99,4.47
4120,589,M,22.75,35.52,12.76
4121,589,C,20.51,22.75,2.24
4122,589,A,5.22,20.51,15.29
4123,589,K,2.22,5.22,3.0
4124,590,R,44.31,49.13,4.82
4125,590,L,40.0,44.31,4.31
4126,590,S,35.56,40.0,4.44
4127,590,M,22.81,35.56,12.75
4128,590,C,20.57,22.81,2.24
4129,590,A,5.29,20.57,15.29
4130,590,K,2.29,5.29,3.0
4131,591,R,44.32,49.14,4.82
4132,591,L,40.01,44.32,4.31
4133,591,S,35.6,40.01,4.41
4134,591,M,22.86,35.6,12.74
4135,591,C,20.63,22.86,2.23
4136,591,A,5.35,20.63,15.28
4137,591,K,2.35,5.35,3.0
4138,592,R,44.33,49.15,4.82
4139,592,L,40.02,44.33,4.31
4140,592,S,35.65,40.02,4.37
4141,592,M,22.92,35.65,12.73
4142,592,C,20.69,22.92,2.23
4143,592,A,5.42,20.69,15.27
4144,592,K,2.42,5.42,3.0
4145,593,R,44.34,49.16,4.82
4146,593,L,40.03,44.34,4.31
4147,593,S,35.69,40.03,4.34
4148,593,M,22.98,35.69,12.72
4149,593,C,20.76,22.98,2.22
4150,593,A,5.49,20.76,15.26
4151,593,K,2.49,5.49,3.0
4152,594,R,44.36,49.17,4.81
4153,594,L,40.04,44.36,4.31
4154,594,S,35.74,40.04,4.31
4155,594,M,23.03,35.74,12.71
4156,594,C,20.82,23.03,2.21
4157,594,A,5.57,20.82,15.25
4158,594,K,2.57,5.57,3.0
4159,595,R,44.37,49.18,4.81
4160,595,L,40.06,44.37,4.31
4161,595,S,35.78,40.06,4.27
4162,595,M,23.09,35.78,12.7
4163,595,C,20.88,23.09,2.21
4164,595,A,5.64,20.88,15.24
4165,595,K,2.64,5.64,3.0
4166,596,R,44.38,49.19,4.81
4167,596,L,40.07,44.38,4.31
4168,596,S,35.83,40.07,4.24
4169,596,M,23.15,35.83,12.68
4170,596,C,20.95,23.15,2.2
4171,596,A,5.71,20.95,15.23
4172,596,K,2.71,5.71,3.0
4173,597,R,44.39,49.19,4.8
4174,597,L,40.08,44.39,4.31
4175,597,S,35.87,40.08,4.21
4176,597,M,23.2,35.87,12.67
4177,597,C,21.01,23.2,2.19
4178,597,A,5.79,21.01,15.22
4179,597,K,2.79,5.79,3.0
4180,598,R,44.4,49.2,4.8
4181,598,L,40.09,44.4,4.31
4182,598,S,35.92,40.09,4.17
4183,598,M,23.26,35.92,12.66
4184,598,C,21.07,23.26,2.18
4185,598,A,5.87,21.07,15.21
4186,598,K,2.87,5.87,3.0
4187,599,R,44.41,49.21,4.8
4188,599,L,40.1,44.41,4.31
4189,599,S,35.96,40.1,4.14
4190,599,M,23.32,35.96,12.65
4191,599,C,21.14,23.32,2.18
4192,599,A,5.94,21.14,15.2
4193,599,K,2.94,5.94,3.0
4194,600,R,44.42,49.22,4.79
4195,600,L,40.11,44.42,4.31
4196,600,S,36.01,40.11,4.11
4197,600,M,23.37,36.01,12.63
4198,600,C,21.21,23.37,2.17
4199,600,A,6.02,21.21,15.18
4200,600,K,3.02,6.02,3.0
4201,601,R,44.43,49.22,4.79
4202,601,L,40.12,44.43,4.31
4203,601,S,36.05,40.12,4.07
4204,601,M,23.43,36.05,12.62
4205,601,C,21.27,23.43,2.16
4206,601,A,6.1,21.27,15.17
4207,601,K,3.1,6.1,3.0
4208,602,R,44.44,49.23,4.78
4209,602,L,40.13,44.44,4.31
4210,602,S,36.09,40.13,4.04
4211,602,M,23.49,36.09,12.61
4212,602,C,21.34,23.49,2.15
4213,602,A,6.18,21.34,15.16
4214,602,K,3.18,6.18,3.0
4215,603,R,44.45,49.23,4.78
4216,603,L,40.14,44.45,4.31
4217,603,S,36.14,40.14,4.0
4218,603,M,23.54,36.14,12.59
4219,603,C,21.4,23.54,2.14
4220,603,A,6.26,21.4,15.14
4221,603,K,3.26,6.26,3.0
4222,604,R,44.47,49.24,4.78
4223,604,L,40.15,44.47,4.31
4224,604,S,36.18,40.15,3.97
4225,604,M,23.6,36.18,12.58
4226,604,C,21.47,23.6,2.13
4227,604,A,6.34,21.47,15.13
4228,604,K,3.34,6.34,3.0
4229,605,R,44.47,49.25,4.77
4230,605,L,40.16,44.47,4.31
4231,605,S,36.22,40.16,3.94
4232,605,M,23.66,36.22,12.57
4233,605,C,21.54,23.66,2.12
4234,605,A,6.42,21.54,15.11
4235,605,K,3.42,6.42,3.0
4236,606,R,44.48,49.25,4.77
4237,606,L,40.17,44.48,4.31
4238,606,S,36.27,40.17,3.91
4239,606,M,23.71,36.27,12.55
4240,606,C,21.61,23.71,2.11
4241,606,A,6.51,21.61,15.1
4242,606,K,3.51,6.51,3.0
4243,607,R,44.49,49.25,4.76
4244,607,L,40.18,44.49,4.31
4245,607,S,36.31,40.18,3.87
4246,607,M,23.77,36.31,12.54
4247,607,C,21.67,23.77,2.1
4248,607,A,6.59,21.67,15.08
4249,607,K,3.59,6.59,3.0
4250,608,R,44.5,49.26,4.76
4251,608,L,40.19,44.5,4.31
4252,608,S,36.35,40.19,3.84
4253,608,M,23.83,36.35,12.53
4254,608,C,21.74,23.83,2.08
4255,608,A,6.67,21.74,15.07
4256,608,K,3.67,6.67,3.0
4257,609,R,44.51,49.26,4.75
4258,609,L,40.2,44.51,4.31
4259,609,S,36.39,40.2,3.81
4260,609,M,23.88,36.39,12.51
4261,609,C,21.81,23.88,2.07
4262,609,A,6.76,21.81,15.05
4263,609,K,3.76,6.76,3.0
4264,610,R,44.52,49.27,4.74
4265,610,L,40.21,44.52,4.31
4266,610,S,36.44,40.21,3.77
4267,610,M,23.94,36.44,12.5
4268,610,C,21.88,23.94,2.06
4269,610,A,6.84,21.88,15.03
4270,610,K,3.84,6.84,3.0
4271,611,R,44.53,49.27,4.74
4272,611,L,40.22,44.53,4.31
4273,611,S,36.48,40.22,3.74
4274,611,M,23.99,36.48,12.49
4275,611,C,21.94,23.99,2.05
4276,611,A,6.93,21.94,15.01
4277,611,K,3.93,6.93,3.0
4278,612,R,44.54,49.27,4.73
4279,612,L,40.23,44.54,4.31
4280,612,S,36.52,40.23,3.71
4281,612,M,24.05,36.52,12.47
4282,612,C,22.01,24.05,2.04
4283,612,A,7.02,22.01,15.0
4284,612,K,4.02,7.02,3.0
4285,613,R,44.55,49.27,4.73
4286,613,L,40.23,44.55,4.31
4287,613,S,36.56,40.23,3.67
4288,613,M,24.1,36.56,12.46
4289,613,C,22.08,24.1,2.02
4290,613,A,7.1,22.08,14.98
4291,613,K,4.1,7.1,3.0
4292,614,R,44.55,49.27,4.72
4293,614,L,40.24,44.55,4.31
4294,614,S,36.6,40.24,3.64
4295,614,M,24.16,36.6,12.44
4296,614,C,22.15,24.16,2.01
4297,614,A,7.19,22.15,14.96
4298,614,K,4.19,7.19,3.0
4299,615,R,44.56,49.28,4.71
4300,615,L,40.25,44.56,4.31
4301,615,S,36.64,40.25,3.61
4302,615,M,24.21,36.64,12.43
4303,615,C,22.22,24.21,2.0
4304,615,A,7.28,22.22,14.94
4305,615,K,4.28,7.28,3.0
4306,616,R,44.57,49.28,4.71
4307,616,L,40.26,44.57,4.31
4308,616,S,36.68,40.26,3.58
4309,616,M,24.26,36.68,12.42
4310,616,C,22.28,24.26,1.98
4311,616,A,7.36,22.28,14.92
4312,616,K,4.36,7.36,3.0
4313,617,R,44.58,49.28,4.7
4314,617,L,40.27,44.58,4.31
4315,617,S,36.72,40.27,3.54
4316,617,M,24.32,36.72,12.4
4317,617,C,22.35,24.32,1.97
4318,617,A,7.45,22.35,14.9
4319,617,K,4.45,7.45,3.0
4320,618,R,44.58,49.28,4.69
4321,618,L,40.27,44.58,4.31
4322,618,S,36.76,40.27,3.51
4323,618,M,24.37,36.76,12.39
4324,618,C,22.42,24.37,1.95
4325,618,A,7.54,22.42,14.88
4326,618,K,4.54,7.54,3.0
4327,619,R,44.59,49.28,4.69
4328,619,L,40.28,44.59,4.31
4329,619,S,36.8,40.28,3.48
4330,619,M,24.42,36.8,12.38
4331,619,C,22.48,24.42,1.94
4332,619,A,7.63,22.48,14.85
4333,619,K,4.63,7.63,3.0
4334,620,R,44.6,49.28,4.68
4335,620,L,40.29,44.6,4.31
4336,620,S,36.84,40.29,3.45
4337,620,M,24.48,36.84,12.36
4338,620,C,22.55,24.48,1.92
4339,620,A,7.72,22.55,14.83
4340,620,K,4.72,7.72,3.0
4341,621,R,44.6,49.28,4.67
4342,621,L,40.29,44.6,4.31
4343,621,S,36.87,40.29,3.42
4344,621,M,24.53,36.87,12.35
4345,621,C,22.62,24.53,1.91
4346,621,A,7.81,22.62,14.81
4347,621,K,4.81,7.81,3.0
4348,622,R,44.61,49.28,4.67
4349,622,L,40.3,44.61,4.31
4350,622,S,36.91,40.3,3.39
4351,622,M,24.58,36.91,12.33
4352,622,C,22.68,24.58,1.89
4353,622,A,7.9,22.68,14.79
4354,622,K,4.9,7.9,3.0
4355,623,R,44.61,49.27,4.66
4356,623,L,40.3,44.61,4.31
4357,623,S,36.95,40.3,3.35
4358,623,M,24.63,36.95,12.32
4359,623,C,22.75,24.63,1.88
4360,623,A,7.99,22.75,14.76
4361,623,K,4.99,7.99,3.0
4362,624,R,44.62,49.27,4.65
4363,624,L,40.31,44.62,4.31
4364,624,S,36.98,40.31,3.32
4365,624,M,24.68,36.98,12.31
4366,624,C,22.82,24.68,1.86
4367,624,A,8.07,22.82,14.74
4368,624,K,5.07,8.07,3.0
4369,625,R,44.62,49.27,4.64
4370,625,L,40.31,44.62,4.31
4371,625,S,37.02,40.31,3.29
4372,625,M,24.73,37.02,12.29
4373,625,C,22.88,24.73,1.85
4374,625,A,8.16,22.88,14.72
4375,625,K,5.16,8.16,3.0
4376,626,R,44.63,49.27,4.64
4377,626,L,40.32,44.63,4.31
4378,626,S,37.06,40.32,3.26
4379,626,M,24.78,37.06,12.28
4380,626,C,22.95,24.78,1.83
4381,626,A,8.25,22.95,14.69
4382,626,K,5.25,8.25,3.0
4383,627,R,44.63,49.26,4.63
4384,627,L,40.32,44.63,4.31
4385,627,S,37.09,40.32,3.23
4386,627,M,24.82,37.09,12.27
4387,627,C,23.01,24.82,1.81
4388,627,A,8.34,23.01,14.67
4389,627,K,5.34,8.34,3.0
4390,628,R,44.64,49.26,4.62
4391,628,L,40.33,44.64,4.31
4392,628,S,37.13,40.33,3.2
4393,628,M,24.87,37.13,12.25
4394,628,C,23.07,24.87,1.8
4395,628,A,8.43,23.07,14.64
4396,628,K,5.43,8.43,3.0
4397,629,R,44.64,49.26,4.61
4398,629,L,40.33,44.64,4.31
4399,629,S,37.16,40.33,3.17
4400,629,M,24.92,37.16,12.24
4401,629,C,23.14,24.92,1.78
4402,629,A,8.52,23.14,14.62
4403,629,K,5.52,8.52,3.0
4404,630,R,44.65,49.25,4.6
4405,630,L,40.33,44.65,4.31
4406,630,S,37.19,40.33,3.14
4407,630,M,24.96,37.19,12.23
4408,630,C,23.2,24.96,1.76
4409,630,A,8.61,23.2,14.59
4410,630,K,5.61,8.61,3.0
4411,631,R,44.65,49.25,4.6
4412,631,L,40.34,44.65,4.31
4413,631,S,37.22,40.34,3.11
4414,631,M,25.01,37.22,12.22
4415,631,C,23.26,25.01,1.75
4416,631,A,8.7,23.26,14.57
4417,631,K,5.7,8.7,3.0
4418,632,R,44.65,49.24,4.59
4419,632,L,40.34,44.65,4.31
4420,632,S,37.26,40.34,3.08
4421,632,M,25.05,37.26,12.2
4422,632,C,23.32,25.05,1.73
4423,632,A,8.78,23.32,14.54
4424,632,K,5.78,8.78,3.0
4425,633,R,44.66,49.24,4.58
4426,633,L,40.34,44.66,4.32
4427,633,S,37.29,40.34,3.05
4428,633,M,25.1,37.29,12.19
4429,633,C,23.38,25.1,1.71
4430,633,A,8.87,23.38,14.51
4431,633,K,5.87,8.87,3.0
4432,634,R,44.66,49.23,4.57
4433,634,L,40.34,44.66,4.32
4434,634,S,37.32,40.34,3.02
4435,634,M,25.14,37.32,12.18
4436,634,C,23.44,25.14,1.7
4437,634,A,8.96,23.44,14.49
4438,634,K,5.96,8.96,3.0
4439,635,R,44.66,49.22,4.56
4440,635,L,40.34,44.66,4.32
4441,635,S,37.35,40.34,2.99
4442,635,M,25.18,37.35,12.17
4443,635,C,23.5,25.18,1.68
4444,635,A,9.05,23.5,14.46
4445,635,K,6.05,9.05,3.0
4446,636,R,44.66,49.22,4.55
4447,636,L,40.34,44.66,4.32
4448,636,S,37.38,40.34,2.97
4449,636,M,25.23,37.38,12.15
4450,636,C,23.56,25.23,1.66
4451,636,A,9.13,23.56,14.43
4452,636,K,6.13,9.13,3.0
4453,637,R,44.66,49.21,4.55
4454,637,L,40.35,44.66,4.32
4455,637,S,37.41,40.35,2.94
4456,637,M,25.27,37.41,12.14
4457,637,C,23.62,25.27,1.65
4458,637,A,9.22,23.62,14.4
4459,637,K,6.22,9.22,3.0
4460,638,R,44.67,49.2,4.54
4461,638,L,40.35,44.67,4.32
4462,638,S,37.44,40.35,2.91
4463,638,M,25.31,37.44,12.13
4464,638,C,23.68,25.31,1.63
4465,638,A,9.3,23.68,14.37
4466,638,K,6.3,9.3,3.0
4467,639,R,44.67,49.19,4.53
4468,639,L,40.35,44.67,4.32
4469,639,S,37.46,40.35,2.88
4470,639,M,25.35,37.46,12.12
4471,639,C,23.73,25.35,1.61
4472,639,A,9.39,23.73,14.35
4473,639,K,6.39,9.39,3.0
4474,640,R,44.67,49.19,4.52
4475,640,L,40.34,44.67,4.32
4476,640,S,37.49,40.34,2.85
4477,640,M,25.38,37.49,12.11
4478,640,C,23.79,25.38,1.59
4479,640,A,9.47,23.79,14.32
4480,640,K,6.47,9.47,3.0
4481,641,R,44.67,49.18,4.51
4482,641,L,40.34,44.67,4.33
4483,641,S,37.52,40.34,2.83
4484,641,M,25.42,37.52,12.1
4485,641,C,23.85,25.42,1.58
4486,641,A,9.56,23.85,14.29
4487,641,K,6.56,9.56,3.0
4488,642,R,44.67,49.17,4.5
4489,642,L,40.34,44.67,4.33
4490,642,S,37.54,40.34,2.8
4491,642,M,25.46,37.54,12.08
4492,642,C,23.9,25.46,1.56
4493,642,A,9.64,23.9,14.26
4494,642,K,6.64,9.64,3.0
4495,643,R,44.67,49.16,4.49
4496,643,L,40.34,44.67,4.33
4497,643,S,37.57,40.34,2.77
4498,643,M,25.49,37.57,12.07
4499,643,C,23.95,25.49,1.54
4500,643,A,9.72,23.95,14.23
4501,643,K,6.72,9.72,3.0
4502,644,R,44.67,49.15,4.48
4503,644,L,40.34,44.67,4.33
4504,644,S,37.59,40.34,2.75
4505,644,M,25.53,37.59,12.06
4506,644,C,24.0,25.53,1.52
4507,644,A,9.81,24.0,14.2
4508,644,K,6.81,9.81,3.0
4509,645,R,44.67,49.14,4.47
4510,645,L,40.34,44.67,4.33
4511,645,S,37.62,40.34,2.72
4512,645,M,25.56,37.62,12.05
4513,645,C,24.06,25.56,1.51
4514,645,A,9.89,24.06,14.17
4515,645,K,6.89,9.89,3.0
4516,646,R,44.67,49.13,4.46
4517,646,L,40.33,44.67,4.34
4518,646,S,37.64,40.33,2.69
4519,646,M,25.6,37.64,12.04
4520,646,C,24.11,25.6,1.49
4521,646,A,9.97,24.11,14.14
4522,646,K,6.97,9.97,3.0
4523,647,R,44.67,49.12,4.45
4524,647,L,40.33,44.67,4.34
4525,647,S,37.66,40.33,2.67
4526,647,M,25.63,37.66,12.03
4527,647,C,24.16,25.63,1.47
4528,647,A,10.05,24.16,14.11
4529,647,K,7.05,10.05,3.0
4530,648,R,44.67,49.11,4.44
4531,648,L,40.33,44.67,4.34
4532,648,S,37.68,40.33,2.64
4533,648,M,25.66,37.68,12.02
4534,648,C,24.2,25.66,1.46
4535,648,A,10.13,24.2,14.08
4536,648,K,7.13,10.13,3.0
4537,649,R,44.66,49.1,4.43
4538,649,L,40.32,44.66,4.34
4539,649,S,37.7,40.32,2.62
4540,649,M,25.69,37.7,12.01
4541,649,C,24.25,25.69,1.44
4542,649,A,10.2,24.25,14.05
4543,649,K,7.2,10.2,3.0
4544,650,R,44.66,49.09,4.43
4545,650,L,40.32,44.66,4.35
4546,650,S,37.72,40.32,2.59
4547,650,M,25.72,37.72,12.0
4548,650,C,24.3,25.72,1.42
4549,650,A,10.28,24.3,14.01
4550,650,K,7.28,10.28,3.0
4551,651,R,44.66,49.08,4.42
4552,651,L,40.31,44.66,4.35
4553,651,S,37.74,40.31,2.57
4554,651,M,25.75,37.74,11.99
4555,651,C,24.34,25.75,1.41
4556,651,A,10.36,24.34,13.98
4557,651,K,7.36,10.36,3.0
4558,652,R,44.66,49.06,4.41
4559,652,L,40.31,44.66,4.35
4560,652,S,37.76,40.31,2.54
4561,652,M,25.77,37.76,11.99
4562,652,C,24.39,25.77,1.39
4563,652,A,10.43,24.39,13.95
4564,652,K,7.43,10.43,3.0
4565,653,R,44.66,49.05,4.4
4566,653,L,40.3,44.66,4.36
4567,653,S,37.78,40.3,2.52
4568,653,M,25.8,37.78,11.98
4569,653,C,24.43,25.8,1.37
4570,653,A,10.51,24.43,13.92
4571,653,K,7.51,10.51,3.0
4572,654,R,44.65,49.04,4.39
4573,654,L,40.29,44.65,4.36
4574,654,S,37.79,40.29,2.5
4575,654,M,25.83,37.79,11.97
4576,654,C,24.47,25.83,1.36
4577,654,A,10.58,24.47,13.89
4578,654,K,7.58,10.58,3.0
4579,655,R,44.65,49.03,4.38
4580,655,L,40.29,44.65,4.36
4581,655,S,37.81,40.29,2.47
4582,655,M,25.85,37.81,11.96
4583,655,C,24.51,25.85,1.34
4584,655,A,10.65,24.51,13.86
4585,655,K,7.65,10.65,3.0
4586,656,R,44.65,49.01,4.37
4587,656,L,40.28,44.65,4.37
4588,656,S,37.83,40.28,2.45
4589,656,M,25.87,37.83,11.95
4590,656,C,24.55,25.87,1.32
4591,656,A,10.72,24.55,13.82
4592,656,K,7.72,10.72,3.0
4593,657,R,44.64,49.0,4.36
4594,657,L,40.27,44.64,4.37
4595,657,S,37.84,40.27,2.43
4596,657,M,25.89,37.84,11.95
4597,657,C,24.59,25.89,1.31
4598,657,A,10.79,24.59,13.79
4599,657,K,7.79,10.79,3.0
4600,658,R,44.64,48.99,4.35
4601,658,L,40.26,44.64,4.38
4602,658,S,37.86,40.26,2.41
4603,658,M,25.92,37.86,11.94
4604,658,C,24.62,25.92,1.29
4605,658,A,10.86,24.62,13.76
4606,658,K,7.86,10.86,3.0
4607,659,R,44.64,48.97,4.34
4608,659,L,40.25,44.64,4.38
4609,659,S,37.87,40.25,2.39
4610,659,M,25.94,37.87,11.93
4611,659,C,24.66,25.94,1.28
4612,659,A,10.93,24.66,13.73
4613,659,K,7.93,10.93,3.0
4614,660,R,44.63,48.96,4.33
4615,660,L,40.24,44.63,4.39
4616,660,S,37.88,40.24,2.36
4617,660,M,25.96,37.88,11.93
4618,660,C,24.69,25.96,1.26
4619,660,A,11.0,24.69,13.7
4620,660,K,8.0,11.0,3.0
4621,661,R,44.63,48.95,4.32
4622,661,L,40.24,44.63,4.39
4623,661,S,37.89,40.24,2.34
4624,661,M,25.97,37.89,11.92
4625,661,C,24.73,25.97,1.25
4626,661,A,11.06,24.73,13.66
4627,661,K,8.06,11.06,3.0
4628,662,R,44.62,48.93,4.31
4629,662,L,40.23,44.62,4.4
4630,662,S,37.9,40.23,2.32
4631,662,M,25.99,37.9,11.91
4632,662,C,24.76,25.99,1.23
4633,662,A,11.13,24.76,13.63
4634,662,K,8.13,11.13,3.0
4635,663,R,44.62,48.92,4.3
4636,663,L,40.22,44.62,4.4
4637,663,S,37.91,40.22,2.3
4638,663,M,26.01,37.91,11.91
4639,663,C,24.79,26.01,1.22
4640,663,A,11.19,24.79,13.6
4641,663,K,8.19,11.19,3.0
4642,664,R,44.61,48.9,4.29
4643,664,L,40.2,44.61,4.41
4644,664,S,37.92,40.2,2.28
4645,664,M,26.02,37.92,11.9
4646,664,C,24.82,26.02,1.2
4647,664,A,11.25,24.82,13.57
4648,664,K,8.25,11.25,3.0
4649,665,R,44.61,48.89,4.28
4650,665,L,40.19,44.61,4.41
4651,665,S,37.93,40.19,2.26
4652,665,M,26.03,37.93,11.9
4653,665,C,24.84,26.03,1.19
4654,665,A,11.31,24.84,13.53
4655,665,K,8.31,11.31,3.0
4656,666,R,44.6,48.87,4.27
4657,666,L,40.18,44.6,4.42
4658,666,S,37.94,40.18,2.24
4659,666,M,26.05,37.94,11.89
4660,666,C,24.87,26.05,1.18
4661,666,A,11.37,24.87,13.5
4662,666,K,8.37,11.37,3.0
4663,667,R,44.6,48.86,4.26
4664,667,L,40.17,44.6,4.43
4665,667,S,37.95,40.17,2.22
4666,667,M,26.06,37.95,11.89
4667,667,C,24.89,26.06,1.16
4668,667,A,11.43,24.89,13.47
4669,667,K,8.43,11.43,3.0
4670,668,R,44.59,48.84,4.25
4671,668,L,40.16,44.59,4.43
4672,668,S,37.95,40.16,2.21
4673,668,M,26.07,37.95,11.88
4674,668,C,24.92,26.07,1.15
4675,668,A,11.48,24.92,13.43
4676,668,K,8.48,11.48,3.0
4677,669,R,44.58,48.83,4.24
4678,669,L,40.14,44.58,4.44
4679,669,S,37.96,40.14,2.19
4680,669,M,26.08,37.96,11.88
4681,669,C,24.94,26.08,1.14
4682,669,A,11.54,24.94,13.4
4683,669,K,8.54,11.54,3.0
4684,670,R,44.58,48.81,4.23
4685,670,L,40.13,44.58,4.45
4686,670,S,37.96,40.13,2.17
4687,670,M,26.09,37.96,11.88
4688,670,C,24.96,26.09,1.13
4689,670,A,11.59,24.96,13.37
4690,670,K,8.59,11.59,3.0
4691,671,R,44.57,48.79,4.22
4692,671,L,40.12,44.57,4.45
4693,671,S,37.97,40.12,2.15
4694,671,M,26.09,37.97,11.87
4695,671,C,24.98,26.09,1.11
4696,671,A,11.64,24.98,13.34
4697,671,K,8.64,11.64,3.0
4698,672,R,44.56,48.78,4.21
4699,672,L,40.1,44.56,4.46
4700,672,S,37.97,40.1,2.14
4701,672,M,26.1,37.97,11.87
4702,672,C,25.0,26.1,1.1
4703,672,A,11.69,25.0,13.3
4704,672,K,8.69,11.69,3.0
4705,673,R,44.56,48.76,4.2
4706,673,L,40.09,44.56,4.47
4707,673,S,37.97,40.09,2.12
4708,673,M,26.1,37.97,11.87
4709,673,C,25.01,26.1,1.09
4710,673,A,11.74,25.01,13.27
4711,673,K,8.74,11.74,3.0
4712,674,R,44.55,48.74,4.19
4713,674,L,40.07,44.55,4.48
4714,674,S,37.97,40.07,2.1
4715,674,M,26.11,37.97,11.86
4716,674,C,25.03,26.11,1.08
4717,674,A,11.79,25.03,13.24
4718,674,K,8.79,11.79,3.0
4719,675,R,44.54,48.73,4.18
4720,675,L,40.06,44.54,4.49
4721,675,S,37.97,40.06,2.09
4722,675,M,26.11,37.97,11.86
4723,675,C,25.04,26.11,1.07
4724,675,A,11.84,25.04,13.21
4725,675,K,8.84,11.84,3.0
4726,676,R,44.54,48.71,4.18
4727,676,L,40.04,44.54,4.49
4728,676,S,37.97,40.04,2.07
4729,676,M,26.11,37.97,11.86
4730,676,C,25.05,26.11,1.06
4731,676,A,11.88,25.05,13.17
4732,676,K,8.88,11.88,3.0
4733,677,R,44.53,48.69,4.17
4734,677,L,40.03,44.53,4.5
4735,677,S,37.97,40.03,2.06
4736,677,M,26.11,37.97,11.86
4737,677,C,25.06,26.11,1.05
4738,677,A,11.92,25.06,13.14
4739,677,K,8.92,11.92,3.0
4740,678,R,44.52,48.68,4.16
4741,678,L,40.01,44.52,4.51
4742,678,S,37.97,40.01,2.04
4743,678,M,26.11,37.97,11.86
4744,678,C,25.07,26.11,1.04
4745,678,A,11.96,25.07,13.11
4746,678,K,8.96,11.96,3.0
4747,679,R,44.51,48.66,4.15
4748,679,L,39.99,44.51,4.52
4749,679,S,37.97,39.99,2.03
4750,679,M,26.11,37.97,11.86
4751,679,C,25.08,26.11,1.03
4752,679,A,12.0,25.08,13.08
4753,679,K,9.0,12.0,3.0
4754,680,R,44.51,48.64,4.14
4755,680,L,39.98,44.51,4.53
4756,680,S,37.96,39.98,2.01
4757,680,M,26.11,37.96,11.86
4758,680,C,25.08,26.11,1.02
4759,680,A,12.04,25.08,13.04
4760,680,K,9.04,12.04,3.0
4761,681,R,44.5,48.63,4.13
4762,681,L,39.96,44.5,4.54
4763,681,S,37.96,39.96,2.0
4764,681,M,26.11,37.96,11.86
4765,681,C,25.09,26.11,1.02
4766,681,A,12.08,25.09,13.01
4767,681,K,9.08,12.08,3.0
4768,682,R,44.49,48.61,4.12
4769,682,L,39.94,44.49,4.55
4770,682,S,37.96,39.94,1.98
4771,682,M,26.1,37.96,11.86
4772,682,C,25.09,26.1,1.01
4773,682,A,12.11,25.09,12.98
4774,682,K,9.11,12.11,3.0
4775,683,R,44.48,48.59,4.11
4776,683,L,39.92,44.48,4.56
4777,683,S,37.95,39.92,1.97
4778,683,M,26.1,37.95,11.86
4779,683,C,25.09,26.1,1.0
4780,683,A,12.14,25.09,12.95
4781,683,K,9.14,12.14,3.0
4782,684,R,44.47,48.58,4.1
4783,684,L,39.9,44.47,4.57
4784,684,S,37.95,39.9,1.96
4785,684,M,26.09,37.95,11.86
4786,684,C,25.09,26.09,1.0
4787,684,A,12.18,25.09,12.92
4788,684,K,9.18,12.18,3.0
4789,685,R,44.46,48.56,4.09
4790,685,L,39.89,44.46,4.58
4791,685,S,37.94,39.89,1.95
4792,685,M,26.08,37.94,11.86
4793,685,C,25.09,26.08,0.99
4794,685,A,12.21,25.09,12.88
4795,685,K,9.21,12.21,3.0
4796,686,R,44.46,48.54,4.09
4797,686,L,39.87,44.46,4.59
4798,686,S,37.93,39.87,1.93
4799,686,M,26.07,37.93,11.86
4800,686,C,25.09,26.07,0.98
4801,686,A,12.23,25.09,12.85
4802,686,K,9.23,12.23,3.0
4803,687,R,44.45,48.53,4.08
4804,687,L,39.85,44.45,4.6
4805,687,S,37.92,39.85,1.92
4806,687,M,26.06,37.92,11.86
4807,687,C,25.08,26.06,0.98
4808,687,A,12.26,25.08,12.82
4809,687,K,9.26,12.26,3.0
4810,688,R,44.44,48.51,4.07
4811,688,L,39.83,44.44,4.61
4812,688,S,37.91,39.83,1.91
4813,688,M,26.05,37.91,11.86
4814,688,C,25.08,26.05,0.98
4815,688,A,12.29,25.08,12.79
4816,688,K,9.29,12.29,3.0
4817,689,R,44.43,48.49,4.06
4818,689,L,39.81,44.43,4.62
4819,689,S,37.9,39.81,1.9
4820,689,M,26.04,37.9,11.86
4821,689,C,25.07,26.04,0.97
4822,689,A,12.31,25.07,12.76
4823,689,K,9.31,12.31,3.0
4824,690,R,44.42,48.47,4.05
4825,690,L,39.79,44.42,4.64
4826,690,S,37.89,39.79,1.89
4827,690,M,26.03,37.89,11.87
4828,690,C,25.06,26.03,0.97
4829,690,A,12.33,25.06,12.73
4830,690,K,9.33,12.33,3.0
4831,691,R,44.41,48.46,4.05
4832,691,L,39.76,44.41,4.65
4833,691,S,37.88,39.76,1.88
4834,691,M,26.01,37.88,11.87
4835,691,C,25.05,26.01,0.97
4836,691,A,12.35,25.05,12.7
4837,691,K,9.35,12.35,3.0
4838,692,R,44.4,48.44,4.04
4839,692,L,39.74,44.4,4.66
4840,692,S,37.87,39.74,1.87
4841,692,M,26.0,37.87,11.87
4842,692,C,25.03,26.0,0.96
4843,692,A,12.37,25.03,12.67
4844,692,K,9.37,12.37,3.0
4845,693,R,44.39,48.42,4.03
4846,693,L,39.72,44.39,4.67
4847,693,S,37.86,39.72,1.86
4848,693,M,25.98,37.86,11.88
4849,693,C,25.02,25.98,0.96
4850,693,A,12.38,25.02,12.64
4851,693,K,9.38,12.38,3.0
4852,694,R,44.39,48.41,4.02
4853,694,L,39.7,44.39,4.69
4854,694,S,37.85,39.7,1.85
4855,694,M,25.97,37.85,11.88
4856,694,C,25.0,25.97,0.96
4857,694,A,12.4,25.0,12.61
4858,694,K,9.4,12.4,3.0
4859,695,R,44.38,48.39,4.01
4860,695,L,39.68,44.38,4.7
4861,695,S,37.83,39.68,1.85
4862,695,M,25.95,37.83,11.88
4863,695,C,24.99,25.95,0.96
4864,695,A,12.41,24.99,12.58
4865,695,K,9.41,12.41,3.0
4866,696,R,44.37,48.37,4.01
4867,696,L,39.66,44.37,4.71
4868,696,S,37.82,39.66,1.84
4869,696,M,25.93,37.82,11.89
4870,696,C,24.97,25.93,0.96
4871,696,A,12.42,24.97,12.55
4872,696,K,9.42,12.42,3.0
4873,697,R,44.36,48.36,4.0
4874,697,L,39.63,44.36,4.73
4875,697,S,37.8,39.63,1.83
4876,697,M,25.91,37.8,11.89
4877,697,C,24.95,25.91,0.96
4878,697,A,12.43,24.95,12.52
4879,697,K,9.43,12.43,3.0
4880,698,R,44.35,48.34,3.99
4881,698,L,39.61,44.35,4.74
4882,698,S,37.79,39.61,1.82
4883,698,M,25.89,37.79,11.9
4884,698,C,24.93,25.89,0.96
4885,698,A,12.44,24.93,12.49
4886,698,K,9.44,12.44,3.0
4887,699,R,44.34,48.33,3.99
4888,699,L,39.59,44.34,4.75
4889,699,S,37.77,39.59,1.81
4890,699,M,25.87,37.77,11.9
4891,699,C,24.9,25.87,0.97
4892,699,A,12.44,24.9,12.46
4893,699,K,9.44,12.44,3.0
4894,700,R,44.33,48.31,3.98
4895,700,L,39.56,44.33,4.77
4896,700,S,37.76,39.56,1.81
4897,700,M,25.85,37.76,11.91
4898,700,C,24.88,25.85,0.97
4899,700,A,12.45,24.88,12.43
4900,700,K,9.45,12.45,3.0
4901,701,R,44.32,48.29,3.97
4902,701,L,39.54,44.32,4.78
4903,701,S,37.74,39.54,1.8
4904,701,M,25.82,37.74,11.91
4905,701,C,24.85,25.82,0.97
4906,701,A,12.45,24.85,12.4
4907,701,K,9.45,12.45,3.0
4908,702,R,44.31,48.28,3.96
4909,702,L,39.52,44.31,4.8
4910,702,S,37.72,39.52,1.8
4911,702,M,25.8,37.72,11.92
4912,702,C,24.83,25.8,0.97
4913,702,A,12.45,24.83,12.37
4914,702,K,9.45,12.45,3.0
4915,703,R,44.31,48.26,3.96
4916,703,L,39.49,44.31,4.81
4917,703,S,37.7,39.49,1.79
4918,703,M,25.78,37.7,11.93
4919,703,C,24.8,25.78,0.98
4920,703,A,12.45,24.8,12.35
4921,703,K,9.45,12.45,3.0
4922,704,R,44.3,48.25,3.95
4923,704,L,39.47,44.3,4.83
4924,704,S,37.69,39.47,1.78
4925,704,M,25.75,37.69,11.93
4926,704,C,24.77,25.75,0.98
4927,704,A,12.45,24.77,12.32
4928,704,K,9.45,12.45,3.0
4929,705,R,44.29,48.23,3.95
4930,705,L,39.45,44.29,4.84
4931,705,S,37.67,39.45,1.78
4932,705,M,25.73,37.67,11.94
4933,705,C,24.74,25.73,0.99
4934,705,A,12.44,24.74,12.29
4935,705,K,9.44,12.44,3.0
4936,706,R,44.28,48.22,3.94
4937,706,L,39.42,44.28,4.86
4938,706,S,37.65,39.42,1.78
4939,706,M,25.7,37.65,11.95
4940,706,C,24.7,25.7,1.0
4941,706,A,12.44,24.7,12.26
4942,706,K,9.44,12.44,3.0
4943,707,R,44.27,48.2,3.93
4944,707,L,39.4,44.27,4.87
4945,707,S,37.63,39.4,1.77
4946,707,M,25.67,37.63,11.95
4947,707,C,24.67,25.67,1.0
4948,707,A,12.43,24.67,12.24
4949,707,K,9.43,12.43,3.0
4950,708,R,44.26,48.19,3.93
4951,708,L,39.37,44.26,4.89
4952,708,S,37.6,39.37,1.77
4953,708,M,25.64,37.6,11.96
4954,708,C,24.63,25.64,1.01
4955,708,A,12.42,24.63,12.21
4956,708,K,9.42,12.42,3.0
4957,709,R,44.25,48.18,3.92
4958,709,L,39.35,44.25,4.91
4959,709,S,37.58,39.35,1.76
4960,709,M,25.61,37.58,11.97
4961,709,C,24.59,25.61,1.02
4962,709,A,12.41,24.59,12.18
4963,709,K,9.41,12.41,3.0
4964,710,R,44.25,48.16,3.92
4965,710,L,39.32,44.25,4.92
4966,710,S,37.56,39.32,1.76
4967,710,M,25.58,37.56,11.98
4968,710,C,24.56,25.58,1.03
4969,710,A,12.4,24.56,12.16
4970,710,K,9.4,12.4,3.0
4971,711,R,44.24,48.15,3.91
4972,711,L,39.3,44.24,4.94
4973,711,S,37.54,39.3,1.76
4974,711,M,25.55,37.54,11.99
4975,711,C,24.51,25.55,1.04
4976,711,A,12.38,24.51,12.13
4977,711,K,9.38,12.38,3.0
4978,712,R,44.23,48.14,3.91
4979,712,L,39.27,44.23,4.96
4980,712,S,37.52,39.27,1.75
4981,712,M,25.52,37.52,11.99
4982,712,C,24.47,25.52,1.05
4983,712,A,12.37,24.47,12.11
4984,712,K,9.37,12.37,3.0
4985,713,R,44.22,48.12,3.9
4986,713,L,39.25,44.22,4.97
4987,713,S,37.49,39.25,1.75
4988,713,M,25.49,37.49,12.0
4989,713,C,24.43,25.49,1.06
4990,713,A,12.35,24.43,12.08
4991,713,K,9.35,12.35,3.0
4992,714,R,44.21,48.11,3.9
4993,714,L,39.22,44.21,4.99
4994,714,S,37.47,39.22,1.75
4995,714,M,25.46,37.47,12.01
4996,714,C,24.39,25.46,1.07
4997,714,A,12.33,24.39,12.06
4998,714,K,9.33,12.33,3.0
4999,715,R,44.21,48.1,3.89
5000,715,L,39.2,44.21,5.01
5001,715,S,37.45,39.2,1.75
5002,715,M,25.43,37.45,12.02
5003,715,C,24.34,25.43,1.08
5004,715,A,12.31,24.34,12.03
5005,715,K,9.31,12.31,3.0
5006,716,R,44.2,48.09,3.89
5007,716,L,39.17,44.2,5.03
5008,716,S,37.42,39.17,1.75
5009,716,M,25.39,37.42,12.03
5010,716,C,24.29,25.39,1.1
5011,716,A,12.29,24.29,12.01
5012,716,K,9.29,12.29,3.0
5013,717,R,44.19,48.07,3.88
5014,717,L,39.14,44.19,5.05
5015,717,S,37.4,39.14,1.75
5016,717,M,25.36,37.4,12.04
5017,717,C,24.25,25.36,1.11
5018,717,A,12.26,24.25,11.99
5019,717,K,9.26,12.26,3.0
5020,718,R,44.18,48.06,3.88
5021,718,L,39.12,44.18,5.07
5022,718,S,37.37,39.12,1.75
5023,718,M,25.32,37.37,12.05
5024,718,C,24.2,25.32,1.13
5025,718,A,12.24,24.2,11.96
5026,718,K,9.24,12.24,3.0
5027,719,R,44.18,48.05,3.87
5028,719,L,39.09,44.18,5.08
5029,719,S,37.35,39.09,1.74
5030,719,M,25.29,37.35,12.06
5031,719,C,24.15,25.29,1.14
5032,719,A,12.21,24.15,11.94
5033,719,K,9.21,12.21,3.0
5034,720,R,44.17,48.04,3.87
5035,720,L,39.07,44.17,5.1
5036,720,S,37.32,39.07,1.74
5037,720,M,25.25,37.32,12.07
5038,720,C,24.1,25.25,1.16
5039,720,A,12.18,24.1,11.92
5040,720,K,9.18,12.18,3.0
5041,721,R,44.16,48.03,3.87
5042,721,L,39.04,44.16,5.12
5043,721,S,37.3,39.04,1.74
5044,721,M,25.22,37.3,12.08
5045,721,C,24.04,25.22,1.17
5046,721,A,12.15,24.04,11.89
5047,721,K,9.15,12.15,3.0
5048,722,R,44.16,48.02,3.86
5049,722,L,39.01,44.16,5.14
5050,722,S,37.27,39.01,1.74
5051,722,M,25.18,37.27,12.09
5052,722,C,23.99,25.18,1.19
5053,722,A,12.12,23.99,11.87
5054,722,K,9.12,12.12,3.0
5055,723,R,44.15,48.01,3.86
5056,723,L,38.99,44.15,5.16
5057,723,S,37.24,38.99,1.75
5058,723,M,25.14,37.24,12.1
5059,723,C,23.93,25.14,1.21
5060,723,A,12.08,23.93,11.85
5061,723,K,9.08,12.08,3.0
5062,724,R,44.14,48.0,3.86
5063,724,L,38.96,44.14,5.18
5064,724,S,37.22,38.96,1.75
5065,724,M,25.11,37.22,12.11
5066,724,C,23.88,25.11,1.23
5067,724,A,12.05,23.88,11.83
5068,724,K,9.05,12.05,3.0
5069,725,R,44.14,47.99,3.85
5070,725,L,38.94,44.14,5.2
5071,725,S,37.19,38.94,1.75
5072,725,M,25.07,37.19,12.12
5073,725,C,23.82,25.07,1.25
5074,725,A,12.01,23.82,11.81
5075,725,K,9.01,12.01,3.0
5076,726,R,44.13,47.98,3.85
5077,726,L,38.91,44.13,5.22
5078,726,S,37.16,38.91,1.75
5079,726,M,25.03,37.16,12.13
5080,726,C,23.76,25.03,1.27
5081,726,A,11.97,23.76,11.79
5082,726,K,8.97,11.97,3.0
5083,727,R,44.13,47.98,3.85
5084,727,L,38.89,44.13,5.24
5085,727,S,37.13,38.89,1.75
5086,727,M,24.99,37.13,12.14
5087,727,C,23.7,24.99,1.29
5088,727,A,11.94,23.7,11.77
5089,727,K,8.94,11.94,3.0
5090,728,R,44.12,47.97,3.85
5091,728,L,38.86,44.12,5.26
5092,728,S,37.11,38.86,1.75
5093,728,M,24.95,37.11,12.15
5094,728,C,23.64,24.95,1.31
5095,728,A,11.9,23.64,11.75
5096,728,K,8.9,11.9,3.0
5097,729,R,44.12,47.96,3.84
5098,729,L,38.83,44.12,5.28
5099,729,S,37.08,38.83,1.75
5100,729,M,24.91,37.08,12.17
5101,729,C,23.58,24.91,1.33
5102,729,A,11.85,23.58,11.73
5103,729,K,8.85,11.85,3.0
5104,730,R,44.11,47.95,3.84
5105,730,L,38.81,44.11,5.3
5106,730,S,37.05,38.81,1.76
5107,730,M,24.87,37.05,12.18
5108,730,C,23.52,24.87,1.36
5109,730,A,11.81,23.52,11.71
5110,730,K,8.81,11.81,3.0
5111,731,R,44.11,47.95,3.84
5112,731,L,38.78,44.11,5.32
5113,731,S,37.02,38.78,1.76
5114,731,M,24.84,37.02,12.19
5115,731,C,23.45,24.84,1.38
5116,731,A,11.77,23.45,11.69
5117,731,K,8.77,11.77,3.0
5118,732,R,44.1,47.94,3.84
5119,732,L,38.76,44.1,5.35
5120,732,S,36.99,38.76,1.76
5121,732,M,24.8,36.99,12.2
5122,732,C,23.39,24.8,1.41
5123,732,A,11.72,23.39,11.67
5124,732,K,8.72,11.72,3.0
5125,733,R,44.1,47.94,3.84
5126,733,L,38.73,44.1,5.37
5127,733,S,36.97,38.73,1.77
5128,733,M,24.76,36.97,12.21
5129,733,C,23.32,24.76,1.43
5130,733,A,11.67,23.32,11.65
5131,733,K,8.67,11.67,3.0
5132,734,R,44.1,47.93,3.84
5133,734,L,38.71,44.1,5.39
5134,734,S,36.94,38.71,1.77
5135,734,M,24.72,36.94,12.22
5136,734,C,23.26,24.72,1.46
5137,734,A,11.62,23.26,11.63
5138,734,K,8.62,11.62,3.0
5139,735,R,44.09,47.93,3.84
5140,735,L,38.68,44.09,5.41
5141,735,S,36.91,38.68,1.77
5142,735,M,24.68,36.91,12.23
5143,735,C,23.19,24.68,1.48
5144,735,A,11.58,23.19,11.62
5145,735,K,8.58,11.58,3.0
5146,736,R,44.09,47.92,3.83
5147,736,L,38.66,44.09,5.43
5148,736,S,36.88,38.66,1.78
5149,736,M,24.63,36.88,12.25
5150,736,C,23.12,24.63,1.51
5151,736,A,11.52,23.12,11.6
5152,736,K,8.52,11.52,3.0
5153,737,R,44.09,47.92,3.83
5154,737,L,38.63,44.09,5.45
5155,737,S,36.85,38.63,1.78
5156,737,M,24.59,36.85,12.26
5157,737,C,23.05,24.59,1.54
5158,737,A,11.47,23.05,11.58
5159,737,K,8.47,11.47,3.0
5160,738,R,44.09,47.92,3.83
5161,738,L,38.61,44.09,5.48
5162,738,S,36.82,38.61,1.78
5163,738,M,24.55,36.82,12.27
5164,738,C,22.99,24.55,1.57
5165,738,A,11.42,22.99,11.57
5166,738,K,8.42,11.42,3.0
5167,739,R,44.08,47.92,3.83
5168,739,L,38.58,44.08,5.5
5169,739,S,36.79,38.58,1.79
5170,739,M,24.51,36.79,12.28
5171,739,C,22.92,24.51,1.6
5172,739,A,11.37,22.92,11.55
5173,739,K,8.37,11.37,3.0
5174,740,R,44.08,47.91,3.83
5175,740,L,38.56,44.08,5.52
5176,740,S,36.77,38.56,1.79
5177,740,M,24.47,36.77,12.29
5178,740,C,22.84,24.47,1.63
5179,740,A,11.31,22.84,11.53
5180,740,K,8.31,11.31,3.0
5181,741,R,44.08,47.91,3.83
5182,741,L,38.54,44.08,5.54
5183,741,S,36.74,38.54,1.8
5184,741,M,24.43,36.74,12.31
5185,741,C,22.77,24.43,1.66
5186,741,A,11.25,22.77,11.52
5187,741,K,8.25,11.25,3.0
5188,742,R,44.08,47.91,3.83
5189,742,L,38.51,44.08,5.57
5190,742,S,36.71,38.51,1.8
5191,742,M,24.39,36.71,12.32
5192,742,C,22.7,24.39,1.69
5193,742,A,11.2,22.7,11.5
5194,742,K,8.2,11.2,3.0
5195,743,R,44.08,47.91,3.83
5196,743,L,38.49,44.08,5.59
5197,743,S,36.68,38.49,1.81
5198,743,M,24.35,36.68,12.33
5199,743,C,22.63,24.35,1.72
5200,743,A,11.14,22.63,11.49
5201,743,K,8.14,11.14,3.0
5202,744,R,44.08,47.91,3.83
5203,744,L,38.46,44.08,5.61
5204,744,S,36.65,38.46,1.81
5205,744,M,24.31,36.65,12.34
5206,744,C,22.55,24.31,1.76
5207,744,A,11.08,22.55,11.47
5208,744,K,8.08,11.08,3.0
5209,745,R,44.08,47.91,3.83
5210,745,L,38.44,44.08,5.64
5211,745,S,36.62,38.44,1.82
5212,745,M,24.27,36.62,12.35
5213,745,C,22.48,24.27,1.79
5214,745,A,11.02,22.48,11.46
5215,745,K,8.02,11.02,3.0
5216,746,R,44.08,47.91,3.84
5217,746,L,38.42,44.08,5.66
5218,746,S,36.59,38.42,1.82
5219,746,M,24.23,36.59,12.36
5220,746,C,22.41,24.23,1.82
5221,746,A,10.96,22.41,11.45
5222,746,K,7.96,10.96,3.0
5223,747,R,44.08,47.92,3.84
5224,747,L,38.4,44.08,5.68
5225,747,S,36.57,38.4,1.83
5226,747,M,24.19,36.57,12.38
5227,747,C,22.33,24.19,1.86
5228,747,A,10.9,22.33,11.43
5229,747,K,7.9,10.9,3.0
5230,748,R,44.08,47.92,3.84
5231,748,L,38.37,44.08,5.71
5232,748,S,36.54,38.37,1.84
5233,748,M,24.15,36.54,12.39
5234,748,C,22.25,24.15,1.89
5235,748,A,10.83,22.25,11.42
5236,748,K,7.83,10.83,3.0
5237,749,R,44.08,47.92,3.84
5238,749,L,38.35,44.08,5.73
5239,749,S,36.51,38.35,1.84
5240,749,M,24.11,36.51,12.4
5241,749,C,22.18,24.11,1.93
5242,749,A,10.77,22.18,11.41
5243,749,K,7.77,10.77,3.0
5244,750,R,44.08,47.92,3.84
5245,750,L,38.33,44.08,5.75
5246,750,S,36.48,38.33,1.85
5247,750,M,24.07,36.48,12.41
5248,750,C,22.1,24.07,1.97
5249,750,A,10.71,22.1,11.4
5250,750,K,7.71,10.71,3.0
5251,751,R,44.09,47.93,3.84
5252,751,L,38.31,44.09,5.78
5253,751,S,36.45,38.31,1.85
5254,751,M,24.03,36.45,12.42
5255,751,C,22.03,24.03,2.0
5256,751,A,10.64,22.03,11.38
5257,751,K,7.64,10.64,3.0
5258,752,R,44.09,47.93,3.84
5259,752,L,38.29,44.09,5.8
5260,752,S,36.43,38.29,1.86
5261,752,M,23.99,36.43,12.44
5262,752,C,21.95,23.99,2.04
5263,752,A,10.58,21.95,11.37
5264,752,K,7.58,10.58,3.0
5265,753,R,44.09,47.94,3.85
5266,753,L,38.27,44.09,5.83
5267,753,S,36.4,38.27,1.87
5268,753,M,23.95,36.4,12.45
5269,753,C,21.87,23.95,2.08
5270,753,A,10.51,21.87,11.36
5271,753,K,7.51,10.51,3.0
5272,754,R,44.1,47.94,3.85
5273,754,L,38.25,44.1,5.85
5274,754,S,36.37,38.25,1.87
5275,754,M,23.91,36.37,12.46
5276,754,C,21.79,23.91,2.12
5277,754,A,10.44,21.79,11.35
5278,754,K,7.44,10.44,3.0
5279,755,R,44.1,47.95,3.85
5280,755,L,38.23,44.1,5.87
5281,755,S,36.34,38.23,1.88
5282,755,M,23.88,36.34,12.47
5283,755,C,21.71,23.88,2.16
5284,755,A,10.38,21.71,11.34
5285,755,K,7.38,10.38,3.0
5286,756,R,44.1,47.96,3.85
5287,756,L,38.21,44.1,5.9
5288,756,S,36.32,38.21,1.89
5289,756,M,23.84,36.32,12.48
5290,756,C,21.64,23.84,2.2
5291,756,A,10.31,21.64,11.33
5292,756,K,7.31,10.31,3.0
5293,757,R,44.11,47.97,3.86
5294,757,L,38.19,44.11,5.92
5295,757,S,36.29,38.19,1.89
5296,757,M,23.8,36.29,12.49
5297,757,C,21.56,23.8,2.24
5298,757,A,10.24,21.56,11.32
5299,757,K,7.24,10.24,3.0
5300,758,R,44.11,47.97,3.86
5301,758,L,38.17,44.11,5.95
5302,758,S,36.27,38.17,1.9
5303,758,M,23.76,36.27,12.5
5304,758,C,21.48,23.76,2.28
5305,758,A,10.17,21.48,11.31
5306,758,K,7.17,10.17,3.0
5307,759,R,44.12,47.98,3.86
5308,759,L,38.15,44.12,5.97
5309,759,S,36.24,38.15,1.91
5310,759,M,23.73,36.24,12.51
5311,759,C,21.4,23.73,2.33
5312,759,A,10.1,21.4,11.3
5313,759,K,7.1,10.1,3.0
5314,760,R,44.13,47.99,3.87
5315,760,L,38.13,44.13,5.99
5316,760,S,36.21,38.13,1.92
5317,760,M,23.69,36.21,12.52
5318,760,C,21.32,23.69,2.37
5319,760,A,10.03,21.32,11.29
5320,760,K,7.03,10.03,3.0
5321,761,R,44.13,48.0,3.87
5322,761,L,38.11,44.13,6.02
5323,761,S,36.19,38.11,1.92
5324,761,M,23.66,36.19,12.53
5325,761,C,21.24,23.66,2.41
5326,761,A,9.96,21.24,11.28
5327,761,K,6.96,9.96,3.0
5328,762,R,44.14,48.01,3.87
5329,762,L,38.1,44.14,6.04
5330,762,S,36.17,38.1,1.93
5331,762,M,23.62,36.17,12.54
5332,762,C,21.16,23.62,2.46
5333,762,A,9.89,21.16,11.27
5334,762,K,6.89,9.89,3.0
5335,763,R,44.15,48.03,3.88
5336,763,L,38.08,44.15,6.07
5337,763,S,36.14,38.08,1.94
5338,763,M,23.59,36.14,12.55
5339,763,C,21.08,23.59,2.5
5340,763,A,9.82,21.08,11.27
5341,763,K,6.82,9.82,3.0
5342,764,R,44.15,48.04,3.88
5343,764,L,38.06,44.15,6.09
5344,764,S,36.12,38.06,1.94
5345,764,M,23.55,36.12,12.56
5346,764,C,21.0,23.55,2.55
5347,764,A,9.75,21.0,11.26
5348,764,K,6.75,9.75,3.0
5349,765,R,44.16,48.05,3.89
5350,765,L,38.05,44.16,6.12
5351,765,S,36.09,38.05,1.95
5352,765,M,23.52,36.09,12.57
5353,765,C,20.92,23.52,2.59
5354,765,A,9.67,20.92,11.25
5355,765,K,6.67,9.67,3.0
5356,766,R,44.17,48.06,3.89
5357,766,L,38.03,44.17,6.14
5358,766,S,36.07,38.03,1.96
5359,766,M,23.49,36.07,12.58
5360,766,C,20.85,23.49,2.64
5361,766,A,9.6,20.85,11.24
5362,766,K,6.6,9.6,3.0
5363,767,R,44.18,48.08,3.9
5364,767,L,38.01,44.18,6.17
5365,767,S,36.05,38.01,1.97
5366,767,M,23.45,36.05,12.59
5367,767,C,20.77,23.45,2.69
5368,767,A,9.53,20.77,11.24
5369,767,K,6.53,9.53,3.0
5370,768,R,44.19,48.09,3.9
5371,768,L,38.0,44.19,6.19
5372,768,S,36.02,38.0,1.97
5373,768,M,23.42,36.02,12.6
5374,768,C,20.69,23.42,2.73
5375,768,A,9.46,20.69,11.23
5376,768,K,6.46,9.46,3.0
5377,769,R,44.2,48.11,3.91
5378,769,L,37.98,44.2,6.22
5379,769,S,36.0,37.98,1.98
5380,769,M,23.39,36.0,12.61
5381,769,C,20.61,23.39,2.78
5382,769,A,9.39,20.61,11.22
5383,769,K,6.39,9.39,3.0
5384,770,R,44.21,48.12,3.91
5385,770,L,37.97,44.21,6.24
5386,770,S,35.98,37.97,1.99
5387,770,M,23.36,35.98,12.62
5388,770,C,20.53,23.36,2.83
5389,770,A,9.31,20.53,11.22
5390,770,K,6.31,9.31,3.0
5391,771,R,44.22,48.14,3.92
5392,771,L,37.96,44.22,6.26
5393,771,S,35.96,37.96,2.0
5394,771,M,23.33,35.96,12.63
5395,771,C,20.45,23.33,2.88
5396,771,A,9.24,20.45,11.21
5397,771,K,6.24,9.24,3.0
5398,772,R,44.23,48.16,3.92
5399,772,L,37.94,44.23,6.29
5400,772,S,35.94,37.94,2.0
5401,772,M,23.3,35.94,12.64
5402,772,C,20.37,23.3,2.93
5403,772,A,9.17,20.37,11.2
5404,772,K,6.17,9.17,3.0
5405,773,R,44.25,48.17,3.93
5406,773,L,37.93,44.25,6.31
5407,773,S,35.92,37.93,2.01
5408,773,M,23.27,35.92,12.65
5409,773,C,20.3,23.27,2.98
5410,773,A,9.1,20.3,11.2
5411,773,K,6.1,9.1,3.0
5412,774,R,44.26,48.19,3.93
5413,774,L,37.92,44.26,6.34
5414,774,S,35.9,37.92,2.02
5415,774,M,23.25,35.9,12.65
5416,774,C,20.22,23.25,3.03
5417,774,A,9.03,20.22,11.19
5418,774,K,6.03,9.03,3.0
5419,775,R,44.27,48.21,3.94
5420,775,L,37.91,44.27,6.36
5421,775,S,35.88,37.91,2.03
5422,775,M,23.22,35.88,12.66
5423,775,C,20.14,23.22,3.08
5424,775,A,8.95,20.14,11.19
5425,775,K,5.95,8.95,3.0
5426,776,R,44.28,48.23,3.94
5427,776,L,37.9,44.28,6.39
5428,776,S,35.86,37.9,2.03
5429,776,M,23.2,35.86,12.67
5430,776,C,20.06,23.2,3.13
5431,776,A,8.88,20.06,11.18
5432,776,K,5.88,8.88,3.0
5433,777,R,44.3,48.25,3.95
5434,777,L,37.89,44.3,6.41
5435,777,S,35.85,37.89,2.04
5436,777,M,23.17,35.85,12.68
5437,777,C,19.99,23.17,3.18
5438,777,A,8.81,19.99,11.18
5439,777,K,5.81,8.81,3.0
5440,778,R,44.31,48.27,3.96
5441,778,L,37.88,44.31,6.44
5442,778,S,35.83,37.88,2.05
5443,778,M,23.15,35.83,12.68
5444,778,C,19.91,23.15,3.23
5445,778,A,8.74,19.91,11.17
5446,778,K,5.74,8.74,3.0
5447,779,R,44.33,48.29,3.96
5448,779,L,37.87,44.33,6.46
5449,779,S,35.81,37.87,2.06
5450,779,M,23.12,35.81,12.69
5451,779,C,19.84,23.12,3.29
5452,779,A,8.67,19.84,11.17
5453,779,K,5.67,8.67,3.0
5454,780,R,44.34,48.31,3.97
5455,780,L,37.86,44.34,6.48
5456,780,S,35.8,37.86,2.06
5457,780,M,23.1,35.8,12.69
5458,780,C,19.76,23.1,3.34
5459,780,A,8.6,19.76,11.17
5460,780,K,5.6,8.6,3.0
5461,781,R,44.36,48.34,3.98
5462,781,L,37.85,44.36,6.51
5463,781,S,35.78,37.85,2.07
5464,781,M,23.08,35.78,12.7
5465,781,C,19.69,23.08,3.39
5466,781,A,8.53,19.69,11.16
5467,781,K,5.53,8.53,3.0
5468,782,R,44.37,48.36,3.98
5469,782,L,37.84,44.37,6.53
5470,782,S,35.77,37.84,2.08
5471,782,M,23.06,35.77,12.71
5472,782,C,19.61,23.06,3.45
5473,782,A,8.46,19.61,11.16
5474,782,K,5.46,8.46,3.0
5475,783,R,44.39,48.38,3.99
5476,783,L,37.84,44.39,6.56
5477,783,S,35.75,37.84,2.08
5478,783,M,23.04,35.75,12.71
5479,783,C,19.54,23.04,3.5
5480,783,A,8.39,19.54,11.15
5481,783,K,5.39,8.39,3.0
5482,784,R,44.41,48.41,4.0
5483,784,L,37.83,44.41,6.58
5484,784,S,35.74,37.83,2.09
5485,784,M,23.02,35.74,12.72
5486,784,C,19.47,23.02,3.55
5487,784,A,8.32,19.47,11.15
5488,784,K,5.32,8.32,3.0
5489,785,R,44.43,48.43,4.0
5490,785,L,37.82,44.43,6.6
5491,785,S,35.72,37.82,2.1
5492,785,M,23.0,35.72,12.72
5493,785,C,19.4,23.0,3.61
5494,785,A,8.25,19.4,11.15
5495,785,K,5.25,8.25,3.0
5496,786,R,44.45,48.46,4.01
5497,786,L,37.82,44.45,6.63
5498,786,S,35.71,37.82,2.11
5499,786,M,22.99,35.71,12.72
5500,786,C,19.32,22.99,3.66
5501,786,A,8.18,19.32,11.14
5502,786,K,5.18,8.18,3.0
5503,787,R,44.46,48.48,4.02
5504,787,L,37.81,44.46,6.65
5505,787,S,35.7,37.81,2.11
5506,787,M,22.97,35.7,12.73
5507,787,C,19.25,22.97,3.72
5508,787,A,8.11,19.25,11.14
5509,787,K,5.11,8.11,3.0
5510,788,R,44.48,48.51,4.03
5511,788,L,37.81,44.48,6.67
5512,788,S,35.69,37.81,2.12
5513,788,M,22.96,35.69,12.73
5514,788,C,19.18,22.96,3.77
5515,788,A,8.05,19.18,11.14
5516,788,K,5.05,8.05,3.0
5517,789,R,44.5,48.54,4.03
5518,789,L,37.8,44.5,6.7
5519,789,S,35.68,37.8,2.13
5520,789,M,22.94,35.68,12.73
5521,789,C,19.12,22.94,3.83
5522,789,A,7.98,19.12,11.14
5523,789,K,4.98,7.98,3.0
5524,790,R,44.52,48.57,4.04
5525,790,L,37.8,44.52,6.72
5526,790,S,35.67,37.8,2.13
5527,790,M,22.93,35.67,12.74
5528,790,C,19.05,22.93,3.89
5529,790,A,7.91,19.05,11.13
5530,790,K,4.91,7.91,3.0
5531,791,R,44.54,48.59,4.05
5532,791,L,37.8,44.54,6.74
5533,791,S,35.66,37.8,2.14
5534,791,M,22.92,35.66,12.74
5535,791,C,18.98,22.92,3.94
5536,791,A,7.85,18.98,11.13
5537,791,K,4.85,7.85,3.0
5538,792,R,44.56,48.62,4.06
5539,792,L,37.8,44.56,6.77
5540,792,S,35.65,37.8,2.14
5541,792,M,22.91,35.65,12.74
5542,792,C,18.91,22.91,4.0
5543,792,A,7.78,18.91,11.13
5544,792,K,4.78,7.78,3.0
5545,793,R,44.59,48.65,4.07
5546,793,L,37.8,44.59,6.79
5547,793,S,35.65,37.8,2.15
5548,793,M,22.9,35.65,12.74
5549,793,C,18.85,22.9,4.06
5550,793,A,7.72,18.85,11.13
5551,793,K,4.72,7.72,3.0
5552,794,R,44.61,48.68,4.07
5553,794,L,37.8,44.61,6.81
5554,794,S,35.64,37.8,2.16
5555,794,M,22.89,35.64,12.74
5556,794,C,18.78,22.89,4.11
5557,794,A,7.66,18.78,11.12
5558,794,K,4.66,7.66,3.0
5559,795,R,44.63,48.71,4.08
5560,795,L,37.8,44.63,6.84
5561,795,S,35.63,37.8,2.16
5562,795,M,22.89,35.63,12.75
5563,795,C,18.72,22.89,4.17
5564,795,A,7.59,18.72,11.12
5565,795,K,4.59,7.59,3.0
5566,796,R,44.65,48.74,4.09
5567,796,L,37.8,44.65,6.86
5568,796,S,35.63,37.8,2.17
5569,796,M,22.88,35.63,12.75
5570,796,C,18.65,22.88,4.23
5571,796,A,7.53,18.65,11.12
5572,796,K,4.53,7.53,3.0
5573,797,R,44.68,48.78,4.1
5574,797,L,37.8,44.68,6.88
5575,797,S,35.62,37.8,2.17
5576,797,M,22.88,35.62,12.75
5577,797,C,18.59,22.88,4.28
5578,797,A,7.47,18.59,11.12
5579,797,K,4.47,7.47,3.0
5580,798,R,44.7,48.81,4.11
5581,798,L,37.8,44.7,6.9
5582,798,S,35.62,37.8,2.18
5583,798,M,22.87,35.62,12.75
5584,798,C,18.53,22.87,4.34
5585,798,A,7.41,18.53,11.12
5586,798,K,4.41,7.41,3.0
5587,799,R,44.73,48.84,4.12
5588,799,L,37.8,44.73,6.92
5589,799,S,35.62,37.8,2.19
5590,799,M,22.87,35.62,12.75
5591,799,C,18.47,22.87,4.4
5592,799,A,7.36,18.47,11.11
5593,799,K,4.36,7.36,3.0
5594,800,R,44.75,48.87,4.12
5595,800,L,37.8,44.75,6.95
5596,800,S,35.61,37.8,2.19
5597,800,M,22.87,35.61,12.74
5598,800,C,18.41,22.87,4.46
5599,800,A,7.3,18.41,11.11
5600,800,K,4.3,7.3,3.0
5601,801,R,44.78,48.91,4.13
5602,801,L,37.81,44.78,6.97
5603,801,S,35.61,37.81,2.2
5604,801,M,22.87,35.61,12.74
5605,801,C,18.35,22.87,4.52
5606,801,A,7.24,18.35,11.11
5607,801,K,4.24,7.24,3.0
5608,802,R,44.8,48.94,4.14
5609,802,L,37.81,44.8,6.99
5610,802,S,35.61,37.81,2.2
5611,802,M,22.87,35.61,12.74
5612,802,C,18.3,22.87,4.57
5613,802,A,7.19,18.3,11.11
5614,802,K,4.19,7.19,3.0
5615,803,R,44.83,48.98,4.15
5616,803,L,37.82,44.83,7.01
5617,803,S,35.61,37.82,2.21
5618,803,M,22.87,35.61,12.74
5619,803,C,18.24,22.87,4.63
5620,803,A,7.13,18.24,11.11
5621,803,K,4.13,7.13,3.0
5622,804,R,44.85,49.01,4.16
5623,804,L,37.82,44.85,7.03
5624,804,S,35.61,37.82,2.21
5625,804,M,22.88,35.61,12.74
5626,804,C,18.18,22.88,4.69
5627,804,A,7.08,18.18,11.11
5628,804,K,4.08,7.08,3.0
5629,805,R,44.88,49.05,4.17
5630,805,L,37.83,44.88,7.05
5631,805,S,35.61,37.83,2.22
5632,805,M,22.88,35.61,12.73
5633,805,C,18.13,22.88,4.75
5634,805,A,7.03,18.13,11.1
5635,805,K,4.03,7.03,3.0
5636,806,R,44.91,49.09,4.18
5637,806,L,37.83,44.91,7.07
5638,806,S,35.61,37.83,2.22
5639,806,M,22.89,35.61,12.73
5640,806,C,18.08,22.89,4.81
5641,806,A,6.98,18.08,11.1
5642,806,K,3.98,6.98,3.0
5643,807,R,44.94,49.12,4.19
5644,807,L,37.84,44.94,7.1
5645,807,S,35.62,37.84,2.22
5646,807,M,22.89,35.62,12.72
5647,807,C,18.03,22.89,4.87
5648,807,A,6.93,18.03,11.1
5649,807,K,3.93,6.93,3.0
5650,808,R,44.97,49.16,4.19
5651,808,L,37.85,44.97,7.12
5652,808,S,35.62,37.85,2.23
5653,808,M,22.9,35.62,12.72
5654,808,C,17.98,22.9,4.93
5655,808,A,6.88,17.98,11.1
5656,808,K,3.88,6.88,3.0
5657,809,R,44.99,49.2,4.2
5658,809,L,37.86,44.99,7.14
5659,809,S,35.63,37.86,2.23
5660,809,M,22.91,35.63,12.71
5661,809,C,17.93,22.91,4.98
5662,809,A,6.83,17.93,11.1
5663,809,K,3.83,6.83,3.0
5664,810,R,45.02,49.24,4.21
5665,810,L,37.87,45.02,7.16
5666,810,S,35.63,37.87,2.24
5667,810,M,22.92,35.63,12.71
5668,810,C,17.88,22.92,5.04
5669,810,A,6.78,17.88,11.09
5670,810,K,3.78,6.78,3.0
5671,811,R,45.05,49.28,4.22
5672,811,L,37.88,45.05,7.18
5673,811,S,35.64,37.88,2.24
5674,811,M,22.93,35.64,12.7
5675,811,C,17.83,22.93,5.1
5676,811,A,6.74,17.83,11.09
5677,811,K,3.74,6.74,3.0
5678,812,R,45.08,49.31,4.23
5679,812,L,37.89,45.08,7.2
5680,812,S,35.64,37.89,2.24
5681,812,M,22.95,35.64,12.7
5682,812,C,17.79,22.95,5.16
5683,812,A,6.7,17.79,11.09
5684,812,K,3.7,6.7,3.0
5685,813,R,45.11,49.35,4.24
5686,813,L,37.9,45.11,7.22
5687,813,S,35.65,37.9,2.25
5688,813,M,22.96,35.65,12.69
5689,813,C,17.74,22.96,5.22
5690,813,A,6.65,17.74,11.09
5691,813,K,3.65,6.65,3.0
5692,814,R,45.14,49.39,4.25
5693,814,L,37.91,45.14,7.23
5694,814,S,35.66,37.91,2.25
5695,814,M,22.98,35.66,12.68
5696,814,C,17.7,22.98,5.28
5697,814,A,6.61,17.7,11.09
5698,814,K,3.61,6.61,3.0
5699,815,R,45.18,49.43,4.26
5700,815,L,37.92,45.18,7.25
5701,815,S,35.67,37.92,2.25
5702,815,M,22.99,35.67,12.68
5703,815,C,17.66,22.99,5.34
5704,815,A,6.57,17.66,11.08
5705,815,K,3.57,6.57,3.0
5706,816,R,45.21,49.48,4.27
5707,816,L,37.94,45.21,7.27
5708,816,S,35.68,37.94,2.25
5709,816,M,23.01,35.68,12.67
5710,816,C,17.62,23.01,5.4
5711,816,A,6.54,17.62,11.08
5712,816,K,3.54,6.54,3.0
5713,817,R,45.24,49.52,4.28
5714,817,L,37.95,45.24,7.29
5715,817,S,35.69,37.95,2.26
5716,817,M,23.03,35.69,12.66
5717,817,C,17.58,23.03,5.45
5718,817,A,6.5,17.58,11.08
5719,817,K,3.5,6.5,3.0
5720,818,R,45.27,49.56,4.29
5721,818,L,37.96,45.27,7.31
5722,818,S,35.7,37.96,2.26
5723,818,M,23.05,35.7,12.65
5724,818,C,17.54,23.05,5.51
5725,818,A,6.46,17.54,11.08
5726,818,K,3.46,6.46,3.0
5727,819,R,45.3,49.6,4.3
5728,819,L,37.98,45.3,7.33
5729,819,S,35.72,37.98,2.26
5730,819,M,23.08,35.72,12.64
5731,819,C,17.5,23.08,5.57
5732,819,A,6.43,17.5,11.07
5733,819,K,3.43,6.43,3.0
5734,820,R,45.34,49.64,4.31
5735,820,L,37.99,45.34,7.34
5736,820,S,35.73,37.99,2.26
5737,820,M,23.1,35.73,12.63
5738,820,C,17.47,23.1,5.63
5739,820,A,6.4,17.47,11.07
5740,820,K,3.4,6.4,3.0
5741,821,R,45.37,49.69,4.32
5742,821,L,38.01,45.37,7.36
5743,821,S,35.74,38.01,2.27
5744,821,M,23.12,35.74,12.62
5745,821,C,17.44,23.12,5.69
5746,821,A,6.37,17.44,11.07
5747,821,K,3.37,6.37,3.0
5748,822,R,45.4,49.73,4.32
5749,822,L,38.02,45.4,7.38
5750,822,S,35.76,38.02,2.27
5751,822,M,23.15,35.76,12.61
5752,822,C,17.4,23.15,5.75
5753,822,A,6.34,17.4,11.06
5754,822,K,3.34,6.34,3.0
5755,823,R,45.44,49.77,4.33
5756,823,L,38.04,45.44,7.4
5757,823,S,35.77,38.04,2.27
5758,823,M,23.18,35.77,12.6
5759,823,C,17.37,23.18,5.8
5760,823,A,6.31,17.37,11.06
5761,823,K,3.31,6.31,3.0
5762,824,R,45.47,49.82,4.34
5763,824,L,38.06,45.47,7.41
5764,824,S,35.79,38.06,2.27
5765,824,M,23.2,35.79,12.59
5766,824,C,17.34,23.2,5.86
5767,824,A,6.29,17.34,11.06
5768,824,K,3.29,6.29,3.0
5769,825,R,45.51,49.86,4.35
5770,825,L,38.08,45.51,7.43
5771,825,S,35.81,38.08,2.27
5772,825,M,23.23,35.81,12.57
5773,825,C,17.31,23.23,5.92
5774,825,A,6.26,17.31,11.05
5775,825,K,3.26,6.26,3.0
5776,826,R,45.54,49.9,4.36
5777,826,L,38.1,45.54,7.45
5778,826,S,35.82,38.1,2.27
5779,826,M,23.26,35.82,12.56
5780,826,C,17.29,23.26,5.98
5781,826,A,6.24,17.29,11.05
5782,826,K,3.24,6.24,3.0
5783,827,R,45.58,49.95,4.37
5784,827,L,38.12,45.58,7.46
5785,827,S,35.84,38.12,2.27
5786,827,M,23.3,35.84,12.55
5787,827,C,17.26,23.3,6.03
5788,827,A,6.22,17.26,11.04
5789,827,K,3.22,6.22,3.0
5790,828,R,45.61,49.99,4.38
5791,828,L,38.14,45.61,7.48
5792,828,S,35.86,38.14,2.27
5793,828,M,23.33,35.86,12.53
5794,828,C,17.24,23.33,6.09
5795,828,A,6.2,17.24,11.04
5796,828,K,3.2,6.2,3.0
5797,829,R,45.65,50.04,4.39
5798,829,L,38.16,45.65,7.49
5799,829,S,35.88,38.16,2.27
5800,829,M,23.36,35.88,12.52
5801,829,C,17.22,23.36,6.15
5802,829,A,6.18,17.22,11.04
5803,829,K,3.18,6.18,3.0
5804,830,R,45.69,50.09,4.4
5805,830,L,38.18,45.69,7.51
5806,830,S,35.9,38.18,2.27
5807,830,M,23.4,35.9,12.5
5808,830,C,17.2,23.4,6.2
5809,830,A,6.16,17.2,11.03
5810,830,K,3.16,6.16,3.0
5811,831,R,45.72,50.13,4.41
5812,831,L,38.2,45.72,7.52
5813,831,S,35.93,38.2,2.27
5814,831,M,23.44,35.93,12.49
5815,831,C,17.18,23.44,6.26
5816,831,A,6.15,17.18,11.03
5817,831,K,3.15,6.15,3.0
5818,832,R,45.76,50.18,4.42
5819,832,L,38.22,45.76,7.54
5820,832,S,35.95,38.22,2.27
5821,832,M,23.48,35.95,12.47
5822,832,C,17.16,23.48,6.32
5823,832,A,6.14,17.16,11.02
5824,832,K,3.14,6.14,3.0
5825,833,R,45.8,50.22,4.43
5826,833,L,38.24,45.8,7.55
5827,833,S,35.97,38.24,2.27
5828,833,M,23.51,35.97,12.46
5829,833,C,17.14,23.51,6.37
5830,833,A,6.13,17.14,11.02
5831,833,K,3.13,6.13,3.0
5832,834,R,45.84,50.27,4.44
5833,834,L,38.27,45.84,7.57
5834,834,S,36.0,38.27,2.27
5835,834,M,23.55,36.0,12.44
5836,834,C,17.13,23.55,6.43
5837,834,A,6.12,17.13,11.01
5838,834,K,3.12,6.12,3.0
5839,835,R,45.87,50.32,4.44
5840,835,L,38.29,45.87,7.58
5841,835,S,36.02,38.29,2.27
5842,835,M,23.6,36.02,12.42
5843,835,C,17.11,23.6,6.48
5844,835,A,6.11,17.11,11.0
5845,835,K,3.11,6.11,3.0
5846,836,R,45.91,50.36,4.45
5847,836,L,38.32,45.91,7.6
5848,836,S,36.05,38.32,2.27
5849,836,M,23.64,36.05,12.41
5850,836,C,17.1,23.64,6.54
5851,836,A,6.1,17.1,11.0
5852,836,K,3.1,6.1,3.0
5853,837,R,45.95,50.41,4.46
5854,837,L,38.34,45.95,7.61
5855,837,S,36.07,38.34,2.27
5856,837,M,23.68,36.07,12.39
5857,837,C,17.09,23.68,6.59
5858,837,A,6.1,17.09,10.99
5859,837,K,3.1,6.1,3.0
5860,838,R,45.99,50.46,4.47
5861,838,L,38.37,45.99,7.62
5862,838,S,36.1,38.37,2.27
5863,838,M,23.73,36.1,12.37
5864,838,C,17.08,23.73,6.65
5865,838,A,6.09,17.08,10.99
5866,838,K,3.09,6.09,3.0
5867,839,R,46.03,50.51,4.48
5868,839,L,38.39,46.03,7.64
5869,839,S,36.13,38.39,2.26
5870,839,M,23.77,36.13,12.35
5871,839,C,17.07,23.77,6.7
5872,839,A,6.09,17.07,10.98
5873,839,K,3.09,6.09,3.0
5874,840,R,46.07,50.55,4.49
5875,840,L,38.42,46.07,7.65
5876,840,S,36.15,38.42,2.26
5877,840,M,23.82,36.15,12.33
5878,840,C,17.07,23.82,6.76
5879,840,A,6.09,17.07,10.97
5880,840,K,3.09,6.09,3.0
5881,841,R,46.1,50.6,4.5
5882,841,L,38.44,46.1,7.66
5883,841,S,36.18,38.44,2.26
5884,841,M,23.87,36.18,12.31
5885,841,C,17.06,23.87,6.81
5886,841,A,6.1,17.06,10.96
5887,841,K,3.1,6.1,3.0
5888,842,R,46.14,50.65,4.51
5889,842,L,38.47,46.14,7.67
5890,842,S,36.21,38.47,2.26
5891,842,M,23.92,36.21,12.29
5892,842,C,17.06,23.92,6.86
5893,842,A,6.1,17.06,10.96
5894,842,K,3.1,6.1,3.0
5895,843,R,46.18,50.7,4.51
5896,843,L,38.5,46.18,7.68
5897,843,S,36.24,38.5,2.26
5898,843,M,23.97,36.24,12.27
5899,843,C,17.06,23.97,6.92
5900,843,A,6.11,17.06,10.95
5901,843,K,3.11,6.11,3.0
5902,844,R,46.22,50.75,4.52
5903,844,L,38.53,46.22,7.7
5904,844,S,36.27,38.53,2.25
5905,844,M,24.02,36.27,12.25
5906,844,C,17.06,24.02,6.97
5907,844,A,6.11,17.06,10.94
5908,844,K,3.11,6.11,3.0
5909,845,R,46.26,50.79,4.53
5910,845,L,38.56,46.26,7.71
5911,845,S,36.31,38.56,2.25
5912,845,M,24.08,36.31,12.23
5913,845,C,17.06,24.08,7.02
5914,845,A,6.12,17.06,10.93
5915,845,K,3.12,6.12,3.0
5916,846,R,46.3,50.84,4.54
5917,846,L,38.59,46.3,7.72
5918,846,S,36.34,38.59,2.25
5919,846,M,24.13,36.34,12.21
5920,846,C,17.06,24.13,7.07
5921,846,A,6.14,17.06,10.92
5922,846,K,3.14,6.14,3.0
5923,847,R,46.34,50.89,4.55
5924,847,L,38.61,46.34,7.73
5925,847,S,36.37,38.61,2.24
5926,847,M,24.18,36.37,12.19
5927,847,C,17.06,24.18,7.12
5928,847,A,6.15,17.06,10.91
5929,847,K,3.15,6.15,3.0
5930,848,R,46.38,50.94,4.56
5931,848,L,38.64,46.38,7.74
5932,848,S,36.4,38.64,2.24
5933,848,M,24.24,36.4,12.16
5934,848,C,17.07,24.24,7.17
5935,848,A,6.16,17.07,10.9
5936,848,K,3.16,6.16,3.0
5937,849,R,46.42,50.99,4.56
5938,849,L,38.68,46.42,7.75
5939,849,S,36.44,38.68,2.24
5940,849,M,24.3,36.44,12.14
5941,849,C,17.07,24.3,7.22
5942,849,A,6.18,17.07,10.89
5943,849,K,3.18,6.18,3.0
5944,850,R,46.46,51.04,4.57
5945,850,L,38.71,46.46,7.76
5946,850,S,36.47,38.71,2.23
5947,850,M,24.36,36.47,12.12
5948,850,C,17.08,24.36,7.27
5949,850,A,6.2,17.08,10.88
5950,850,K,3.2,6.2,3.0
5951,851,R,46.5,51.09,4.58
5952,851,L,38.74,46.5,7.77
5953,851,S,36.51,38.74,2.23
5954,851,M,24.41,36.51,12.09
5955,851,C,17.09,24.41,7.32
5956,851,A,6.22,17.09,10.87
5957,851,K,3.22,6.22,3.0
5958,852,R,46.55,51.13,4.59
5959,852,L,38.77,46.55,7.78
5960,852,S,36.54,38.77,2.23
5961,852,M,24.47,36.54,12.07
5962,852,C,17.1,24.47,7.37
5963,852,A,6.24,17.1,10.86
5964,852,K,3.24,6.24,3.0
5965,853,R,46.59,51.18,4.6
5966,853,L,38.8,46.59,7.79
5967,853,S,36.58,38.8,2.22
5968,853,M,24.54,36.58,12.04
5969,853,C,17.11,24.54,7.42
5970,853,A,6.26,17.11,10.85
5971,853,K,3.26,6.26,3.0
5972,854,R,46.63,51.23,4.6
5973,854,L,38.83,46.63,7.79
5974,854,S,36.62,38.83,2.22
5975,854,M,24.6,36.62,12.02
5976,854,C,17.13,24.6,7.47
5977,854,A,6.29,17.13,10.84
5978,854,K,3.29,6.29,3.0
5979,855,R,46.67,51.28,4.61
5980,855,L,38.87,46.67,7.8
5981,855,S,36.65,38.87,2.21
5982,855,M,24.66,36.65,11.99
5983,855,C,17.14,24.66,7.52
5984,855,A,6.32,17.14,10.83
5985,855,K,3.32,6.32,3.0
5986,856,R,46.71,51.33,4.62
5987,856,L,38.9,46.71,7.81
5988,856,S,36.69,38.9,2.21
5989,856,M,24.72,36.69,11.97
5990,856,C,17.16,24.72,7.56
5991,856,A,6.34,17.16,10.81
5992,856,K,3.34,6.34,3.0
5993,857,R,46.75,51.38,4.63
5994,857,L,38.93,46.75,7.82
5995,857,S,36.73,38.93,2.2
5996,857,M,24.79,36.73,11.94
5997,857,C,17.18,24.79,7.61
5998,857,A,6.37,17.18,10.8
5999,857,K,3.37,6.37,3.0
6000,858,R,46.79,51.43,4.63
6001,858,L,38.97,46.79,7.83
6002,858,S,36.77,38.97,2.2
6003,858,M,24.85,36.77,11.92
6004,858,C,17.19,24.85,7.66
6005,858,A,6.41,17.19,10.79
6006,858,K,3.41,6.41,3.0
6007,859,R,46.83,51.47,4.64
6008,859,L,39.0,46.83,7.83
6009,859,S,36.81,39.0,2.19
6010,859,M,24.92,36.81,11.89
6011,859,C,17.22,24.92,7.7
6012,859,A,6.44,17.22,10.78
6013,859,K,3.44,6.44,3.0
6014,860,R,46.87,51.52,4.65
6015,860,L,39.03,46.87,7.84
6016,860,S,36.85,39.03,2.19
6017,860,M,24.99,36.85,11.86
6018,860,C,17.24,24.99,7.75
6019,860,A,6.48,17.24,10.76
6020,860,K,3.48,6.48,3.0
6021,861,R,46.92,51.57,4.66
6022,861,L,39.07,46.92,7.85
6023,861,S,36.89,39.07,2.18
6024,861,M,25.05,36.89,11.83
6025,861,C,17.26,25.05,7.79
6026,861,A,6.51,17.26,10.75
6027,861,K,3.51,6.51,3.0
6028,862,R,46.96,51.62,4.66
6029,862,L,39.1,46.96,7.85
6030,862,S,36.93,39.1,2.18
6031,862,M,25.12,36.93,11.81
6032,862,C,17.28,25.12,7.84
6033,862,A,6.55,17.28,10.73
6034,862,K,3.55,6.55,3.0
6035,863,R,47.0,51.67,4.67
6036,863,L,39.14,47.0,7.86
6037,863,S,36.97,39.14,2.17
6038,863,M,25.19,36.97,11.78
6039,863,C,17.31,25.19,7.88
6040,863,A,6.59,17.31,10.72
6041,863,K,3.59,6.59,3.0
6042,864,R,47.04,51.72,4.68
6043,864,L,39.18,47.04,7.86
6044,864,S,37.01,39.18,2.16
6045,864,M,25.26,37.01,11.75
6046,864,C,17.34,25.26,7.93
6047,864,A,6.63,17.34,10.7
6048,864,K,3.63,6.63,3.0
6049,865,R,47.08,51.76,4.68
6050,865,L,39.21,47.08,7.87
6051,865,S,37.05,39.21,2.16
6052,865,M,25.33,37.05,11.72
6053,865,C,17.36,25.33,7.97
6054,865,A,6.68,17.36,10.69
6055,865,K,3.68,6.68,3.0
6056,866,R,47.12,51.81,4.69
6057,866,L,39.25,47.12,7.88
6058,866,S,37.1,39.25,2.15
6059,866,M,25.4,37.1,11.69
6060,866,C,17.39,25.4,8.01
6061,866,A,6.72,17.39,10.67
6062,866,K,3.72,6.72,3.0
6063,867,R,47.16,51.86,4.69
6064,867,L,39.28,47.16,7.88
6065,867,S,37.14,39.28,2.14
6066,867,M,25.48,37.14,11.66
6067,867,C,17.42,25.48,8.05
6068,867,A,6.77,17.42,10.65
6069,867,K,3.77,6.77,3.0
6070,868,R,47.21,51.91,4.7
6071,868,L,39.32,47.21,7.89
6072,868,S,37.18,39.32,2.14
6073,868,M,25.55,37.18,11.63
6074,868,C,17.45,25.55,8.1
6075,868,A,6.82,17.45,10.64
6076,868,K,3.82,6.82,3.0
6077,869,R,47.25,51.95,4.71
6078,869,L,39.36,47.25,7.89
6079,869,S,37.23,39.36,2.13
6080,869,M,25.62,37.23,11.6
6081,869,C,17.49,25.62,8.14
6082,869,A,6.87,17.49,10.62
6083,869,K,3.87,6.87,3.0
6084,870,R,47.29,52.0,4.71
6085,870,L,39.39,47.29,7.89
6086,870,S,37.27,39.39,2.12
6087,870,M,25.7,37.27,11.57
6088,870,C,17.52,25.7,8.18
6089,870,A,6.92,17.52,10.6
6090,870,K,3.92,6.92,3.0
6091,871,R,47.33,52.05,4.72
6092,871,L,39.43,47.33,7.9
6093,871,S,37.31,39.43,2.12
6094,871,M,25.77,37.31,11.54
6095,871,C,17.55,25.77,8.22
6096,871,A,6.97,17.55,10.58
6097,871,K,3.97,6.97,3.0
6098,872,R,47.37,52.09,4.72
6099,872,L,39.47,47.37,7.9
6100,872,S,37.36,39.47,2.11
6101,872,M,25.85,37.36,11.51
6102,872,C,17.59,25.85,8.26
6103,872,A,7.03,17.59,10.56
6104,872,K,4.03,7.03,3.0
6105,873,R,47.41,52.14,4.73
6106,873,L,39.51,47.41,7.9
6107,873,S,37.4,39.51,2.1
6108,873,M,25.92,37.4,11.48
6109,873,C,17.63,25.92,8.29
6110,873,A,7.08,17.63,10.55
6111,873,K,4.08,7.08,3.0
6112,874,R,47.45,52.19,4.74
6113,874,L,39.54,47.45,7.91
6114,874,S,37.45,39.54,2.1
6115,874,M,26.0,37.45,11.45
6116,874,C,17.66,26.0,8.33
6117,874,A,7.14,17.66,10.53
6118,874,K,4.14,7.14,3.0
6119,875,R,47.49,52.23,4.74
6120,875,L,39.58,47.49,7.91
6121,875,S,37.49,39.58,2.09
6122,875,M,26.07,37.49,11.42
6123,875,C,17.7,26.07,8.37
6124,875,A,7.2,17.7,10.51
6125,875,K,4.2,7.2,3.0
6126,876,R,47.53,52.28,4.75
6127,876,L,39.62,47.53,7.91
6128,876,S,37.54,39.62,2.08
6129,876,M,26.15,37.54,11.39
6130,876,C,17.74,26.15,8.41
6131,876,A,7.26,17.74,10.49
6132,876,K,4.26,7.26,3.0
6133,877,R,47.57,52.33,4.75
6134,877,L,39.66,47.57,7.92
6135,877,S,37.58,39.66,2.08
6136,877,M,26.23,37.58,11.35
6137,877,C,17.78,26.23,8.44
6138,877,A,7.32,17.78,10.47
6139,877,K,4.32,7.32,3.0
6140,878,R,47.61,52.37,4.76
6141,878,L,39.7,47.61,7.92
6142,878,S,37.63,39.7,2.07
6143,878,M,26.31,37.63,11.32
6144,878,C,17.83,26.31,8.48
6145,878,A,7.38,17.83,10.44
6146,878,K,4.38,7.38,3.0
6147,879,R,47.65,52.42,4.76
6148,879,L,39.74,47.65,7.92
6149,879,S,37.68,39.74,2.06
6150,879,M,26.38,37.68,11.29
6151,879,C,17.87,26.38,8.52
6152,879,A,7.45,17.87,10.42
6153,879,K,4.45,7.45,3.0
6154,880,R,47.69,52.46,4.77
6155,880,L,39.77,47.69,7.92
6156,880,S,37.72,39.77,2.05
6157,880,M,26.46,37.72,11.26
6158,880,C,17.91,26.46,8.55
6159,880,A,7.51,17.91,10.4
6160,880,K,4.51,7.51,3.0
6161,881,R,47.73,52.5,4.77
6162,881,L,39.81,47.73,7.92
6163,881,S,37.77,39.81,2.04
6164,881,M,26.54,37.77,11.23
6165,881,C,17.96,26.54,8.59
6166,881,A,7.58,17.96,10.38
6167,881,K,4.58,7.58,3.0
6168,882,R,47.77,52.55,4.77
6169,882,L,39.85,47.77,7.92
6170,882,S,37.81,39.85,2.04
6171,882,M,26.62,37.81,11.19
6172,882,C,18.0,26.62,8.62
6173,882,A,7.65,18.0,10.36
6174,882,K,4.65,7.65,3.0
6175,883,R,47.81,52.59,4.78
6176,883,L,39.89,47.81,7.92
6177,883,S,37.86,39.89,2.03
6178,883,M,26.7,37.86,11.16
6179,883,C,18.05,26.7,8.65
6180,883,A,7.72,18.05,10.33
6181,883,K,4.72,7.72,3.0
6182,884,R,47.85,52.64,4.78
6183,884,L,39.93,47.85,7.92
6184,884,S,37.91,39.93,2.02
6185,884,M,26.78,37.91,11.13
6186,884,C,18.1,26.78,8.69
6187,884,A,7.79,18.1,10.31
6188,884,K,4.79,7.79,3.0
6189,885,R,47.89,52.68,4.79
6190,885,L,39.97,47.89,7.93
6191,885,S,37.95,39.97,2.01
6192,885,M,26.86,37.95,11.09
6193,885,C,18.14,26.86,8.72
6194,885,A,7.86,18.14,10.28
6195,885,K,4.86,7.86,3.0
6196,886,R,47.93,52.72,4.79
6197,886,L,40.01,47.93,7.93
6198,886,S,38.0,40.01,2.01
6199,886,M,26.94,38.0,11.06
6200,886,C,18.19,26.94,8.75
6201,886,A,7.93,18.19,10.26
6202,886,K,4.93,7.93,3.0
6203,887,R,47.97,52.76,4.79
6204,887,L,40.04,47.97,7.93
6205,887,S,38.05,40.04,2.0
6206,887,M,27.02,38.05,11.03
6207,887,C,18.24,27.02,8.78
6208,887,A,8.01,18.24,10.24
6209,887,K,5.01,8.01,3.0
6210,888,R,48.01,52.81,4.8
6211,888,L,40.08,48.01,7.92
6212,888,S,38.09,40.08,1.99
6213,888,M,27.1,38.09,10.99
6214,888,C,18.29,27.1,8.81
6215,888,A,8.08,18.29,10.21
6216,888,K,5.08,8.08,3.0
6217,889,R,48.05,52.85,4.8
6218,889,L,40.12,48.05,7.92
6219,889,S,38.14,40.12,1.98
6220,889,M,27.18,38.14,10.96
6221,889,C,18.34,27.18,8.84
6222,889,A,8.16,18.34,10.19
6223,889,K,5.16,8.16,3.0
6224,890,R,48.09,52.89,4.81
6225,890,L,40.16,48.09,7.92
6226,890,S,38.19,40.16,1.97
6227,890,M,27.26,38.19,10.92
6228,890,C,18.39,27.26,8.87
6229,890,A,8.23,18.39,10.16
6230,890,K,5.23,8.23,3.0
6231,891,R,48.12,52.93,4.81
6232,891,L,40.2,48.12,7.92
6233,891,S,38.23,40.2,1.97
6234,891,M,27.34,38.23,10.89
6235,891,C,18.45,27.34,8.9
6236,891,A,8.31,18.45,10.13
6237,891,K,5.31,8.31,3.0
6238,892,R,48.16,52.97,4.81
6239,892,L,40.24,48.16,7.92
6240,892,S,38.28,40.24,1.96
6241,892,M,27.43,38.28,10.86
6242,892,C,18.5,27.43,8.93
6243,892,A,8.39,18.5,10.11
6244,892,K,5.39,8.39,3.0
6245,893,R,48.2,53.01,4.81
6246,893,L,40.28,48.2,7.92
6247,893,S,38.33,40.28,1.95
6248,893,M,27.51,38.33,10.82
6249,893,C,18.55,27.51,8.96
6250,893,A,8.47,18.55,10.08
6251,893,K,5.47,8.47,3.0
6252,894,R,48.24,53.05,4.82
6253,894,L,40.32,48.24,7.92
6254,894,S,38.37,40.32,1.94
6255,894,M,27.59,38.37,10.79
6256,894,C,18.6,27.59,8.98
6257,894,A,8.55,18.6,10.05
6258,894,K,5.55,8.55,3.0
6259,895,R,48.27,53.09,4.82
6260,895,L,40.35,48.27,7.92
6261,895,S,38.42,40.35,1.93
6262,895,M,27.67,38.42,10.75
6263,895,C,18.66,27.67,9.01
6264,895,A,8.64,18.66,10.02
6265,895,K,5.64,8.64,3.0
6266,896,R,48.31,53.13,4.82
6267,896,L,40.39,48.31,7.92
6268,896,S,38.47,40.39,1.93
6269,896,M,27.75,38.47,10.72
6270,896,C,18.71,27.75,9.04
6271,896,A,8.72,18.71,10.0
6272,896,K,5.72,8.72,3.0
6273,897,R,48.34,53.17,4.83
6274,897,L,40.43,48.34,7.91
6275,897,S,38.51,40.43,1.92
6276,897,M,27.83,38.51,10.68
6277,897,C,18.77,27.83,9.06
6278,897,A,8.8,18.77,9.97
6279,897,K,5.8,8.8,3.0
6280,898,R,48.38,53.21,4.83
6281,898,L,40.47,48.38,7.91
6282,898,S,38.56,40.47,1.91
6283,898,M,27.91,38.56,10.65
6284,898,C,18.82,27.91,9.09
6285,898,A,8.89,18.82,9.94
6286,898,K,5.89,8.89,3.0
6287,899,R,48.42,53.25,4.83
6288,899,L,40.51,48.42,7.91
6289,899,S,38.61,40.51,1.9
6290,899,M,27.99,38.61,10.62
6291,899,C,18.88,27.99,9.11
6292,899,A,8.97,18.88,9.91
6293,899,K,5.97,8.97,3.0
6294,900,R,48.45,53.28,4.83
6295,900,L,40.55,48.45,7.91
6296,900,S,38.65,40.55,1.89
6297,900,M,28.07,38.65,10.58
6298,900,C,18.94,28.07,9.14
6299,900,A,9.06,18.94,9.88
6300,900,K,6.06,9.06,3.0
6301,901,R,48.49,53.32,4.83
6302,901,L,40.58,48.49,7.9
6303,901,S,38.7,40.58,1.89
6304,901,M,28.15,38.7,10.55
6305,901,C,18.99,28.15,9.16
6306,901,A,9.14,18.99,9.85
6307,901,K,6.14,9.14,3.0
6308,902,R,48.52,53.36,4.84
6309,902,L,40.62,48.52,7.9
6310,902,S,38.74,40.62,1.88
6311,902,M,28.23,38.74,10.51
6312,902,C,19.05,28.23,9.18
6313,902,A,9.23,19.05,9.82
6314,902,K,6.23,9.23,3.0
6315,903,R,48.56,53.39,4.84
6316,903,L,40.66,48.56,7.9
6317,903,S,38.79,40.66,1.87
6318,903,M,28.31,38.79,10.48
6319,903,C,19.11,28.31,9.2
6320,903,A,9.32,19.11,9.79
6321,903,K,6.32,9.32,3.0
6322,904,R,48.59,53.43,4.84
6323,904,L,40.7,48.59,7.89
6324,904,S,38.83,40.7,1.86
6325,904,M,28.39,38.83,10.44
6326,904,C,19.16,28.39,9.23
6327,904,A,9.41,19.16,9.76
6328,904,K,6.41,9.41,3.0
6329,905,R,48.62,53.46,4.84
6330,905,L,40.73,48.62,7.89
6331,905,S,38.88,40.73,1.85
6332,905,M,28.47,38.88,10.41
6333,905,C,19.22,28.47,9.25
6334,905,A,9.5,19.22,9.72
6335,905,K,6.5,9.5,3.0
6336,906,R,48.66,53.5,4.84
6337,906,L,40.77,48.66,7.89
6338,906,S,38.92,40.77,1.85
6339,906,M,28.55,38.92,10.37
6340,906,C,19.28,28.55,9.27
6341,906,A,9.59,19.28,9.69
6342,906,K,6.59,9.59,3.0
6343,907,R,48.69,53.53,4.84
6344,907,L,40.81,48.69,7.88
6345,907,S,38.97,40.81,1.84
6346,907,M,28.63,38.97,10.34
6347,907,C,19.34,28.63,9.29
6348,907,A,9.68,19.34,9.66
6349,907,K,6.68,9.68,3.0
6350,908,R,48.72,53.57,4.84
6351,908,L,40.84,48.72,7.88
6352,908,S,39.01,40.84,1.83
6353,908,M,28.71,39.01,10.31
6354,908,C,19.39,28.71,9.31
6355,908,A,9.77,19.39,9.63
6356,908,K,6.77,9.77,3.0
6357,909,R,48.76,53.6,4.84
6358,909,L,40.88,48.76,7.88
6359,909,S,39.06,40.88,1.82
6360,909,M,28.78,39.06,10.27
6361,909,C,19.45,28.78,9.33
6362,909,A,9.86,19.45,9.59
6363,909,K,6.86,9.86,3.0
6364,910,R,48.79,53.63,4.84
6365,910,L,40.92,48.79,7.87
6366,910,S,39.1,40.92,1.82
6367,910,M,28.86,39.1,10.24
6368,910,C,19.51,28.86,9.35
6369,910,A,9.95,19.51,9.56
6370,910,K,6.95,9.95,3.0
6371,911,R,48.82,53.66,4.85
6372,911,L,40.95,48.82,7.87
6373,911,S,39.14,40.95,1.81
6374,911,M,28.94,39.14,10.2
6375,911,C,19.57,28.94,9.37
6376,911,A,10.04,19.57,9.53
6377,911,K,7.04,10.04,3.0
6378,912,R,48.85,53.7,4.85
6379,912,L,40.99,48.85,7.86
6380,912,S,39.18,40.99,1.8
6381,912,M,29.01,39.18,10.17
6382,912,C,19.63,29.01,9.39
6383,912,A,10.13,19.63,9.49
6384,912,K,7.13,10.13,3.0
6385,913,R,48.88,53.73,4.85
6386,913,L,41.02,48.88,7.86
6387,913,S,39.23,41.02,1.8
6388,913,M,29.09,39.23,10.14
6389,913,C,19.69,29.09,9.4
6390,913,A,10.23,19.69,9.46
6391,913,K,7.23,10.23,3.0
6392,914,R,48.91,53.76,4.85
6393,914,L,41.06,48.91,7.85
6394,914,S,39.27,41.06,1.79
6395,914,M,29.16,39.27,10.1
6396,914,C,19.74,29.16,9.42
6397,914,A,10.32,19.74,9.43
6398,914,K,7.32,10.32,3.0
6399,915,R,48.94,53.79,4.85
6400,915,L,41.09,48.94,7.85
6401,915,S,39.31,41.09,1.78
6402,915,M,29.24,39.31,10.07
6403,915,C,19.8,29.24,9.44
6404,915,A,10.41,19.8,9.39
6405,915,K,7.41,10.41,3.0
6406,916,R,48.97,53.82,4.85
6407,916,L,41.13,48.97,7.84
6408,916,S,39.35,41.13,1.78
6409,916,M,29.31,39.35,10.04
6410,916,C,19.86,29.31,9.45
6411,916,A,10.5,19.86,9.36
6412,916,K,7.5,10.5,3.0
6413,917,R,49.0,53.85,4.85
6414,917,L,41.16,49.0,7.84
6415,917,S,39.39,41.16,1.77
6416,917,M,29.39,39.39,10.0
6417,917,C,19.92,29.39,9.47
6418,917,A,10.6,19.92,9.32
6419,917,K,7.6,10.6,3.0
6420,918,R,49.03,53.88,4.85
6421,918,L,41.2,49.03,7.83
6422,918,S,39.43,41.2,1.76
6423,918,M,29.46,39.43,9.97
6424,918,C,19.97,29.46,9.49
6425,918,A,10.69,19.97,9.28
6426,918,K,7.69,10.69,3.0
6427,919,R,49.06,53.9,4.85
6428,919,L,41.23,49.06,7.83
6429,919,S,39.47,41.23,1.76
6430,919,M,29.53,39.47,9.94
6431,919,C,20.03,29.53,9.5
6432,919,A,10.78,20.03,9.25
6433,919,K,7.78,10.78,3.0
6434,920,R,49.09,53.93,4.85
6435,920,L,41.26,49.09,7.82
6436,920,S,39.51,41.26,1.75
6437,920,M,29.61,39.51,9.91
6438,920,C,20.09,29.61,9.52
6439,920,A,10.88,20.09,9.21
6440,920,K,7.88,10.88,3.0
6441,921,R,49.11,53.96,4.85
6442,921,L,41.3,49.11,7.82
6443,921,S,39.55,41.3,1.75
6444,921,M,29.68,39.55,9.87
6445,921,C,20.14,29.68,9.53
6446,921,A,10.97,20.14,9.18
6447,921,K,7.97,10.97,3.0
6448,922,R,49.14,53.99,4.85
6449,922,L,41.33,49.14,7.81
6450,922,S,39.59,41.33,1.74
6451,922,M,29.75,39.59,9.84
6452,922,C,20.2,29.75,9.55
6453,922,A,11.06,20.2,9.14
6454,922,K,8.06,11.06,3.0
6455,923,R,49.17,54.01,4.85
6456,923,L,41.36,49.17,7.81
6457,923,S,39.63,41.36,1.73
6458,923,M,29.82,39.63,9.81
6459,923,C,20.26,29.82,9.56
6460,923,A,11.15,20.26,9.1
6461,923,K,8.15,11.15,3.0
6462,924,R,49.19,54.04,4.84
6463,924,L,41.39,49.19,7.8
6464,924,S,39.66,41.39,1.73
6465,924,M,29.89,39.66,9.78
6466,924,C,20.31,29.89,9.57
6467,924,A,11.25,20.31,9.07
6468,924,K,8.25,11.25,3.0
6469,925,R,49.22,54.06,4.84
6470,925,L,41.42,49.22,7.8
6471,925,S,39.7,41.42,1.72
6472,925,M,29.95,39.7,9.75
6473,925,C,20.37,29.95,9.59
6474,925,A,11.34,20.37,9.03
6475,925,K,8.34,11.34,3.0
6476,926,R,49.25,54.09,4.84
6477,926,L,41.45,49.25,7.79
6478,926,S,39.74,41.45,1.72
6479,926,M,30.02,39.74,9.72
6480,926,C,20.42,30.02,9.6
6481,926,A,11.43,20.42,8.99
6482,926,K,8.43,11.43,3.0
6483,927,R,49.27,54.11,4.84
6484,927,L,41.49,49.27,7.79
6485,927,S,39.77,41.49,1.71
6486,927,M,30.09,39.77,9.68
6487,927,C,20.48,30.09,9.61
6488,927,A,11.52,20.48,8.95
6489,927,K,8.52,11.52,3.0
6490,928,R,49.29,54.14,4.84
6491,928,L,41.52,49.29,7.78
6492,928,S,39.81,41.52,1.71
6493,928,M,30.15,39.81,9.65
6494,928,C,20.53,30.15,9.62
6495,928,A,11.61,20.53,8.92
6496,928,K,8.61,11.61,3.0
6497,929,R,49.32,54.16,4.84
6498,929,L,41.55,49.32,7.77
6499,929,S,39.84,41.55,1.7
6500,929,M,30.22,39.84,9.62
6501,929,C,20.58,30.22,9.63
6502,929,A,11.71,20.58,8.88
6503,929,K,8.71,11.71,3.0
6504,930,R,49.34,54.18,4.84
6505,930,L,41.58,49.34,7.77
6506,930,S,39.88,41.58,1.7
6507,930,M,30.28,39.88,9.59
6508,930,C,20.64,30.28,9.65
6509,930,A,11.8,20.64,8.84
6510,930,K,8.8,11.8,3.0
6511,931,R,49.37,54.2,4.84
6512,931,L,41.6,49.37,7.76
6513,931,S,39.91,41.6,1.7
6514,931,M,30.35,39.91,9.56
6515,931,C,20.69,30.35,9.66
6516,931,A,11.89,20.69,8.8
6517,931,K,8.89,11.89,3.0
6518,932,R,49.39,54.22,4.84
6519,932,L,41.63,49.39,7.76
6520,932,S,39.94,41.63,1.69
6521,932,M,30.41,39.94,9.53
6522,932,C,20.74,30.41,9.67
6523,932,A,11.98,20.74,8.76
6524,932,K,8.98,11.98,3.0
6525,933,R,49.41,54.25,4.83
6526,933,L,41.66,49.41,7.75
6527,933,S,39.97,41.66,1.69
6528,933,M,30.47,39.97,9.5
6529,933,C,20.79,30.47,9.68
6530,933,A,12.07,20.79,8.72
6531,933,K,9.07,12.07,3.0
6532,934,R,49.43,54.27,4.83
6533,934,L,41.69,49.43,7.74
6534,934,S,40.0,41.69,1.68
6535,934,M,30.53,40.0,9.47
6536,934,C,20.84,30.53,9.69
6537,934,A,12.16,20.84,8.69
6538,934,K,9.16,12.16,3.0
6539,935,R,49.45,54.29,4.83
6540,935,L,41.72,49.45,7.74
6541,935,S,40.04,41.72,1.68
6542,935,M,30.59,40.04,9.45
6543,935,C,20.89,30.59,9.7
6544,935,A,12.24,20.89,8.65
6545,935,K,9.24,12.24,3.0
6546,936,R,49.48,54.31,4.83
6547,936,L,41.74,49.48,7.73
6548,936,S,40.07,41.74,1.68
6549,936,M,30.65,40.07,9.42
6550,936,C,20.94,30.65,9.71
6551,936,A,12.33,20.94,8.61
6552,936,K,9.33,12.33,3.0
6553,937,R,49.5,54.32,4.83
6554,937,L,41.77,49.5,7.73
6555,937,S,40.1,41.77,1.67
6556,937,M,30.71,40.1,9.39
6557,937,C,20.99,30.71,9.72
6558,937,A,12.42,20.99,8.57
6559,937,K,9.42,12.42,3.0
6560,938,R,49.52,54.34,4.83
6561,938,L,41.8,49.52,7.72
6562,938,S,40.12,41.8,1.67
6563,938,M,30.76,40.12,9.36
6564,938,C,21.03,30.76,9.73
6565,938,A,12.51,21.03,8.53
6566,938,K,9.51,12.51,3.0
6567,939,R,49.54,54.36,4.82
6568,939,L,41.82,49.54,7.71
6569,939,S,40.15,41.82,1.67
6570,939,M,30.82,40.15,9.33
6571,939,C,21.08,30.82,9.74
6572,939,A,12.59,21.08,8.49
6573,939,K,9.59,12.59,3.0
6574,940,R,49.56,54.38,4.82
6575,940,L,41.85,49.56,7.71
6576,940,S,40.18,41.85,1.67
6577,940,M,30.87,40.18,9.31
6578,940,C,21.13,30.87,9.75
6579,940,A,12.68,21.13,8.45
6580,940,K,9.68,12.68,3.0
6581,941,R,49.57,54.39,4.82
6582,941,L,41.87,49.57,7.7
6583,941,S,40.21,41.87,1.67
6584,941,M,30.93,40.21,9.28
6585,941,C,21.17,30.93,9.75
6586,941,A,12.76,21.17,8.41
6587,941,K,9.76,12.76,3.0
6588,942,R,49.59,54.41,4.82
6589,942,L,41.9,49.59,7.7
6590,942,S,40.23,41.9,1.66
6591,942,M,30.98,40.23,9.25
6592,942,C,21.22,30.98,9.76
6593,942,A,12.85,21.22,8.37
6594,942,K,9.85,12.85,3.0
6595,943,R,49.61,54.43,4.82
6596,943,L,41.92,49.61,7.69
6597,943,S,40.26,41.92,1.66
6598,943,M,31.03,40.26,9.23
6599,943,C,21.26,31.03,9.77
6600,943,A,12.93,21.26,8.33
6601,943,K,9.93,12.93,3.0
6602,944,R,49.63,54.44,4.81
6603,944,L,41.94,49.63,7.69
6604,944,S,40.28,41.94,1.66
6605,944,M,31.08,40.28,9.2
6606,944,C,21.3,31.08,9.78
6607,944,A,13.01,21.3,8.29
6608,944,K,10.01,13.01,3.0
6609,945,R,49.65,54.46,4.81
6610,945,L,41.97,49.65,7.68
6611,945,S,40.31,41.97,1.66
6612,945,M,31.13,40.31,9.18
6613,945,C,21.34,31.13,9.79
6614,945,A,13.09,21.34,8.25
6615,945,K,10.09,13.09,3.0
6616,946,R,49.66,54.47,4.81
6617,946,L,41.99,49.66,7.67
6618,946,S,40.33,41.99,1.66
6619,946,M,31.18,40.33,9.15
6620,946,C,21.38,31.18,9.79
6621,946,A,13.17,21.38,8.21
6622,946,K,10.17,13.17,3.0
6623,947,R,49.68,54.49,4.81
6624,947,L,42.01,49.68,7.67
6625,947,S,40.35,42.01,1.66
6626,947,M,31.22,40.35,9.13
6627,947,C,21.42,31.22,9.8
6628,947,A,13.25,21.42,8.17
6629,947,K,10.25,13.25,3.0
6630,948,R,49.69,54.5,4.81
6631,948,L,42.03,49.69,7.66
6632,948,S,40.37,42.03,1.66
6633,948,M,31.27,40.37,9.1
6634,948,C,21.46,31.27,9.81
6635,948,A,13.33,21.46,8.13
6636,948,K,10.33,13.33,3.0
6637,949,R,49.71,54.51,4.8
6638,949,L,42.05,49.71,7.66
6639,949,S,40.39,42.05,1.66
6640,949,M,31.31,40.39,9.08
6641,949,C,21.5,31.31,9.82
6642,949,A,13.4,21.5,8.09
6643,949,K,10.4,13.4,3.0
6644,950,R,49.72,54.52,4.8
6645,950,L,42.07,49.72,7.65
6646,950,S,40.41,42.07,1.66
6647,950,M,31.36,40.41,9.06
6648,950,C,21.53,31.36,9.82
6649,950,A,13.48,21.53,8.05
6650,950,K,10.48,13.48,3.0
6651,951,R,49.74,54.54,4.8
6652,951,L,42.09,49.74,7.65
6653,951,S,40.43,42.09,1.66
6654,951,M,31.4,40.43,9.03
6655,951,C,21.57,31.4,9.83
6656,951,A,13.56,21.57,8.01
6657,951,K,10.56,13.56,3.0
6658,952,R,49.75,54.55,4.8
6659,952,L,42.11,49.75,7.64
6660,952,S,40.45,42.11,1.66
6661,952,M,31.44,40.45,9.01
6662,952,C,21.6,31.44,9.84
6663,952,A,13.63,21.6,7.97
6664,952,K,10.63,13.63,3.0
6665,953,R,49.77,54.56,4.79
6666,953,L,42.13,49.77,7.63
6667,953,S,40.47,42.13,1.66
6668,953,M,31.48,40.47,8.99
6669,953,C,21.63,31.48,9.85
6670,953,A,13.7,21.63,7.93
6671,953,K,10.7,13.7,3.0
6672,954,R,49.78,54.57,4.79
6673,954,L,42.15,49.78,7.63
6674,954,S,40.49,42.15,1.66
6675,954,M,31.52,40.49,8.97
6676,954,C,21.66,31.52,9.85
6677,954,A,13.77,21.66,7.89
6678,954,K,10.77,13.77,3.0
6679,955,R,49.79,54.58,4.79
6680,955,L,42.17,49.79,7.62
6681,955,S,40.5,42.17,1.66
6682,955,M,31.55,40.5,8.95
6683,955,C,21.69,31.55,9.86
6684,955,A,13.84,21.69,7.85
6685,955,K,10.84,13.84,3.0
6686,956,R,49.8,54.59,4.79
6687,956,L,42.18,49.8,7.62
6688,956,S,40.52,42.18,1.67
6689,956,M,31.59,40.52,8.93
6690,956,C,21.72,31.59,9.87
6691,956,A,13.91,21.72,7.81
6692,956,K,10.91,13.91,3.0
6693,957,R,49.81,54.6,4.78
6694,957,L,42.2,49.81,7.61
6695,957,S,40.53,42.2,1.67
6696,957,M,31.63,40.53,8.91
6697,957,C,21.75,31.63,9.87
6698,957,A,13.98,21.75,7.77
6699,957,K,10.98,13.98,3.0
6700,958,R,49.83,54.61,4.78
6701,958,L,42.22,49.83,7.61
6702,958,S,40.55,42.22,1.67
6703,958,M,31.66,40.55,8.89
6704,958,C,21.78,31.66,9.88
6705,958,A,14.05,21.78,7.73
6706,958,K,11.05,14.05,3.0
6707,959,R,49.84,54.62,4.78
6708,959,L,42.23,49.84,7.6
6709,959,S,40.56,42.23,1.67
6710,959,M,31.69,40.56,8.87
6711,959,C,21.8,31.69,9.89
6712,959,A,14.11,21.8,7.69
6713,959,K,11.11,14.11,3.0
6714,960,R,49.85,54.62,4.78
6715,960,L,42.25,49.85,7.6
6716,960,S,40.57,42.25,1.68
6717,960,M,31.72,40.57,8.85
6718,960,C,21.83,31.72,9.89
6719,960,A,14.17,21.83,7.65
6720,960,K,11.17,14.17,3.0
6721,961,R,49.86,54.63,4.78
6722,961,L,42.26,49.86,7.59
6723,961,S,40.58,42.26,1.68
6724,961,M,31.75,40.58,8.83
6725,961,C,21.85,31.75,9.9
6726,961,A,14.24,21.85,7.61
6727,961,K,11.24,14.24,3.0
6728,962,R,49.87,54.64,4.77
6729,962,L,42.28,49.87,7.59
6730,962,S,40.59,42.28,1.68
6731,962,M,31.78,40.59,8.81
6732,962,C,21.87,31.78,9.91
6733,962,A,14.3,21.87,7.58
6734,962,K,11.3,14.3,3.0
6735,963,R,49.88,54.65,4.77
6736,963,L,42.29,49.88,7.58
6737,963,S,40.6,42.29,1.69
6738,963,M,31.81,40.6,8.8
6739,963,C,21.89,31.81,9.91
6740,963,A,14.36,21.89,7.54
6741,963,K,11.36,14.36,3.0
6742,964,R,49.88,54.65,4.77
6743,964,L,42.31,49.88,7.58
6744,964,S,40.61,42.31,1.69
6745,964,M,31.83,40.61,8.78
6746,964,C,21.91,31.83,9.92
6747,964,A,14.41,21.91,7.5
6748,964,K,11.41,14.41,3.0
6749,965,R,49.89,54.66,4.77
6750,965,L,42.32,49.89,7.58
6751,965,S,40.62,42.32,1.7
6752,965,M,31.86,40.62,8.76
6753,965,C,21.93,31.86,9.93
6754,965,A,14.47,21.93,7.46
6755,965,K,11.47,14.47,3.0
6756,966,R,49.9,54.67,4.76
6757,966,L,42.33,49.9,7.57
6758,966,S,40.63,42.33,1.7
6759,966,M,31.88,40.63,8.75
6760,966,C,21.95,31.88,9.94
6761,966,A,14.53,21.95,7.42
6762,966,K,11.53,14.53,3.0
6763,967,R,49.91,54.67,4.76
6764,967,L,42.34,49.91,7.57
6765,967,S,40.64,42.34,1.71
6766,967,M,31.9,40.64,8.73
6767,967,C,21.96,31.9,9.94
6768,967,A,14.58,21.96,7.38
6769,967,K,11.58,14.58,3.0
6770,968,R,49.92,54.68,4.76
6771,968,L,42.35,49.92,7.56
6772,968,S,40.64,42.35,1.71
6773,968,M,31.92,40.64,8.72
6774,968,C,21.97,31.92,9.95
6775,968,A,14.63,21.97,7.34
6776,968,K,11.63,14.63,3.0
6777,969,R,49.92,54.68,4.76
6778,969,L,42.36,49.92,7.56
6779,969,S,40.65,42.36,1.72
6780,969,M,31.94,40.65,8.7
6781,969,C,21.99,31.94,9.96
6782,969,A,14.68,21.99,7.31
6783,969,K,11.68,14.68,3.0
6784,970,R,49.93,54.68,4.76
6785,970,L,42.37,49.93,7.55
6786,970,S,40.65,42.37,1.72
6787,970,M,31.96,40.65,8.69
6788,970,C,22.0,31.96,9.97
6789,970,A,14.73,22.0,7.27
6790,970,K,11.73,14.73,3.0
6791,971,R,49.94,54.69,4.75
6792,971,L,42.38,49.94,7.55
6793,971,S,40.65,42.38,1.73
6794,971,M,31.98,40.65,8.67
6795,971,C,22.01,31.98,9.97
6796,971,A,14.78,22.01,7.23
6797,971,K,11.78,14.78,3.0
6798,972,R,49.94,54.69,4.75
6799,972,L,42.39,49.94,7.55
6800,972,S,40.66,42.39,1.74
6801,972,M,32.0,40.66,8.66
6802,972,C,22.02,32.0,9.98
6803,972,A,14.82,22.02,7.19
6804,972,K,11.82,14.82,3.0
6805,973,R,49.95,54.7,4.75
6806,973,L,42.4,49.95,7.54
6807,973,S,40.66,42.4,1.74
6808,973,M,32.01,40.66,8.65
6809,973,C,22.02,32.01,9.99
6810,973,A,14.87,22.02,7.16
6811,973,K,11.87,14.87,3.0
6812,974,R,49.95,54.7,4.75
6813,974,L,42.41,49.95,7.54
6814,974,S,40.66,42.41,1.75
6815,974,M,32.02,40.66,8.64
6816,974,C,22.03,32.02,10.0
6817,974,A,14.91,22.03,7.12
6818,974,K,11.91,14.91,3.0
6819,975,R,49.96,54.7,4.75
6820,975,L,42.42,49.96,7.54
6821,975,S,40.66,42.42,1.76
6822,975,M,32.04,40.66,8.62
6823,975,C,22.03,32.04,10.0
6824,975,A,14.95,22.03,7.08
6825,975,K,11.95,14.95,3.0
6826,976,R,49.96,54.7,4.74
6827,976,L,42.43,49.96,7.53
6828,976,S,40.66,42.43,1.77
6829,976,M,32.05,40.66,8.61
6830,976,C,22.03,32.05,10.01
6831,976,A,14.99,22.03,7.05
6832,976,K,11.99,14.99,3.0
6833,977,R,49.96,54.71,4.74
6834,977,L,42.43,49.96,7.53
6835,977,S,40.66,42.43,1.77
6836,977,M,32.06,40.66,8.6
6837,977,C,22.03,32.06,10.02
6838,977,A,15.02,22.03,7.01
6839,977,K,12.02,15.02,3.0
6840,978,R,49.97,54.71,4.74
6841,978,L,42.44,49.97,7.53
6842,978,S,40.66,42.44,1.78
6843,978,M,32.06,40.66,8.59
6844,978,C,22.03,32.06,10.03
6845,978,A,15.06,22.03,6.97
6846,978,K,12.06,15.06,3.0
6847,979,R,49.97,54.71,4.74
6848,979,L,42.45,49.97,7.53
6849,979,S,40.65,42.45,1.79
6850,979,M,32.07,40.65,8.58
6851,979,C,22.03,32.07,10.04
6852,979,A,15.09,22.03,6.94
6853,979,K,12.09,15.09,3.0
6854,980,R,49.97,54.71,4.74
6855,980,L,42.45,49.97,7.52
6856,980,S,40.65,42.45,1.8
6857,980,M,32.08,40.65,8.57
6858,980,C,22.03,32.08,10.05
6859,980,A,15.13,22.03,6.9
6860,980,K,12.13,15.13,3.0
6861,981,R,49.98,54.71,4.74
6862,981,L,42.46,49.98,7.52
6863,981,S,40.65,42.46,1.81
6864,981,M,32.08,40.65,8.57
6865,981,C,22.02,32.08,10.06
6866,981,A,15.16,22.02,6.87
6867,981,K,12.16,15.16,3.0
6868,982,R,49.98,54.71,4.73
6869,982,L,42.46,49.98,7.52
6870,982,S,40.64,42.46,1.82
6871,982,M,32.08,40.64,8.56
6872,982,C,22.02,32.08,10.07
6873,982,A,15.18,22.02,6.83
6874,982,K,12.18,15.18,3.0
6875,983,R,49.98,54.71,4.73
6876,983,L,42.47,49.98,7.52
6877,983,S,40.64,42.47,1.83
6878,983,M,32.09,40.64,8.55
6879,983,C,22.01,32.09,10.08
6880,983,A,15.21,22.01,6.8
6881,983,K,12.21,15.21,3.0
6882,984,R,49.98,54.71,4.73
6883,984,L,42.47,49.98,7.51
6884,984,S,40.63,42.47,1.84
6885,984,M,32.09,40.63,8.54
6886,984,C,22.0,32.09,10.09
6887,984,A,15.24,22.0,6.76
6888,984,K,12.24,15.24,3.0
6889,985,R,49.98,54.71,4.73
6890,985,L,42.47,49.98,7.51
6891,985,S,40.62,42.47,1.85
6892,985,M,32.09,40.62,8.54
6893,985,C,21.99,32.09,10.1
6894,985,A,15.26,21.99,6.73
6895,985,K,12.26,15.26,3.0
6896,986,R,49.99,54.71,4.73
6897,986,L,42.48,49.99,7.51
6898,986,S,40.61,42.48,1.86
6899,986,M,32.08,40.61,8.53
6900,986,C,21.98,32.08,10.11
6901,986,A,15.28,21.98,6.7
6902,986,K,12.28,15.28,3.0
6903,987,R,49.99,54.71,4.73
6904,987,L,42.48,49.99,7.51
6905,987,S,40.61,42.48,1.87
6906,987,M,32.08,40.61,8.52
6907,987,C,21.96,32.08,10.12
6908,987,A,15.3,21.96,6.66
6909,987,K,12.3,15.3,3.0
6910,988,R,49.99,54.71,4.73
6911,988,L,42.48,49.99,7.51
6912,988,S,40.6,42.48,1.88
6913,988,M,32.08,40.6,8.52
6914,988,C,21.95,32.08,10.13
6915,988,A,15.32,21.95,6.63
6916,988,K,12.32,15.32,3.0
6917,989,R,49.99,54.71,4.73
6918,989,L,42.48,49.99,7.51
6919,989,S,40.59,42.48,1.9
6920,989,M,32.07,40.59,8.52
6921,989,C,21.93,32.07,10.14
6922,989,A,15.33,21.93,6.6
6923,989,K,12.33,15.33,3.0
6924,990,R,49.99,54.71,4.73
6925,990,L,42.48,49.99,7.5
6926,990,S,40.58,42.48,1.91
6927,990,M,32.06,40.58,8.51
6928,990,C,21.91,32.06,10.15
6929,990,A,15.35,21.91,6.57
6930,990,K,12.35,15.35,3.0
6931,991,R,49.99,54.71,4.73
6932,991,L,42.48,49.99,7.5
6933,991,S,40.56,42.48,1.92
6934,991,M,32.06,40.56,8.51
6935,991,C,21.89,32.06,10.17
6936,991,A,15.36,21.89,6.53
6937,991,K,12.36,15.36,3.0
6938,992,R,49.99,54.71,4.72
6939,992,L,42.48,49.99,7.5
6940,992,S,40.55,42.48,1.93
6941,992,M,32.05,40.55,8.5
6942,992,C,21.87,32.05,10.18
6943,992,A,15.37,21.87,6.5
6944,992,K,12.37,15.37,3.0
6945,993,R,49.99,54.71,4.72
6946,993,L,42.48,49.99,7.5
6947,993,S,40.54,42.48,1.94
6948,993,M,32.04,40.54,8.5
6949,993,C,21.85,32.04,10.19
6950,993,A,15.38,21.85,6.47
6951,993,K,12.38,15.38,3.0
6952,994,R,49.99,54.71,4.72
6953,994,L,42.48,49.99,7.5
6954,994,S,40.53,42.48,1.96
6955,994,M,32.03,40.53,8.5
6956,994,C,21.82,32.03,10.2
6957,994,A,15.38,21.82,6.44
6958,994,K,12.38,15.38,3.0
6959,995,R,49.98,54.71,4.72
6960,995,L,42.48,49.98,7.5
6961,995,S,40.51,42.48,1.97
6962,995,M,32.01,40.51,8.5
6963,995,C,21.8,32.01,10.22
6964,995,A,15.39,21.8,6.41
6965,995,K,12.39,15.39,3.0
6966,996,R,49.98,54.71,4.72
6967,996,L,42.48,49.98,7.5
6968,996,S,40.5,42.48,1.98
6969,996,M,32.0,40.5,8.5
6970,996,C,21.77,32.0,10.23
6971,996,A,15.39,21.77,6.38
6972,996,K,12.39,15.39,3.0
6973,997,R,49.98,54.71,4.72
6974,997,L,42.48,49.98,7.5
6975,997,S,40.48,42.48,2.0
6976,997,M,31.99,40.48,8.5
6977,997,C,21.74,31.99,10.24
6978,997,A,15.39,21.74,6.35
6979,997,K,12.39,15.39,3.0
6980,998,R,49.98,54.7,4.72
6981,998,L,42.48,49.98,7.5
6982,998,S,40.47,42.48,2.01
6983,998,M,31.97,40.47,8.49
6984,998,C,21.71,31.97,10.26
6985,998,A,15.39,21.71,6.32
6986,998,K,12.39,15.39,3.0
6987,999,R,49.98,54.7,4.72
6988,999,L,42.48,49.98,7.5
6989,999,S,40.45,42.48,2.03
6990,999,M,31.95,40.45,8.5
6991,999,C,21.68,31.95,10.27
6992,999,A,15.39,21.68,6.29
6993,999,K,12.39,15.39,3.0
6994,1000,R,49.98,54.7,4.72
6995,1000,L,42.47,49.98,7.5
6996,1000,S,40.43,42.47,2.04
6997,1000,M,31.94,40.43,8.5
6998,1000,C,21.65,31.94,10.29
6999,1000,A,15.38,21.65,6.27
7000,1000,K,12.38,15.38,3.0
7001,1001,R,49.97,54.7,4.72
7002,1001,L,42.47,49.97,7.5
7003,1001,S,40.41,42.47,2.06
7004,1001,M,31.92,40.41,8.5
7005,1001,C,21.61,31.92,10.3
7006,1001,A,15.38,21.61,6.24
7007,1001,K,12.38,15.38,3.0
7008,1002,R,49.97,54.7,4.73
7009,1002,L,42.47,49.97,7.5
7010,1002,S,40.4,42.47,2.07
7011,1002,M,31.9,40.4,8.5
7012,1002,C,21.58,31.9,10.32
7013,1002,A,15.37,21.58,6.21
7014,1002,K,12.37,15.37,3.0
7015,1003,R,49.97,54.69,4.73
7016,1003,L,42.46,49.97,7.5
7017,1003,S,40.38,42.46,2.09
7018,1003,M,31.88,40.38,8.5
7019,1003,C,21.54,31.88,10.34
7020,1003,A,15.36,21.54,6.18
7021,1003,K,12.36,15.36,3.0
7022,1004,R,49.97,54.69,4.73
7023,1004,L,42.46,49.97,7.51
7024,1004,S,40.36,42.46,2.1
7025,1004,M,31.86,40.36,8.5
7026,1004,C,21.5,31.86,10.35
7027,1004,A,15.35,21.5,6.16
7028,1004,K,12.35,15.35,3.0
7029,1005,R,49.96,54.69,4.73
7030,1005,L,42.46,49.96,7.51
7031,1005,S,40.34,42.46,2.12
7032,1005,M,31.83,40.34,8.51
7033,1005,C,21.46,31.83,10.37
7034,1005,A,15.33,21.46,6.13
7035,1005,K,12.33,15.33,3.0
7036,1006,R,49.96,54.69,4.73
7037,1006,L,42.45,49.96,7.51
7038,1006,S,40.32,42.45,2.13
7039,1006,M,31.81,40.32,8.51
7040,1006,C,21.42,31.81,10.39
7041,1006,A,15.32,21.42,6.11
7042,1006,K,12.32,15.32,3.0
7043,1007,R,49.96,54.69,4.73
7044,1007,L,42.45,49.96,7.51
7045,1007,S,40.3,42.45,2.15
7046,1007,M,31.78,40.3,8.51
7047,1007,C,21.38,31.78,10.4
7048,1007,A,15.3,21.38,6.08
7049,1007,K,12.3,15.3,3.0
7050,1008,R,49.95,54.69,4.73
7051,1008,L,42.44,49.95,7.51
7052,1008,S,40.28,42.44,2.17
7053,1008,M,31.76,40.28,8.52
7054,1008,C,21.34,31.76,10.42
7055,1008,A,15.28,21.34,6.06
7056,1008,K,12.28,15.28,3.0
7057,1009,R,49.95,54.68,4.73
7058,1009,L,42.44,49.95,7.51
7059,1009,S,40.25,42.44,2.18
7060,1009,M,31.73,40.25,8.52
7061,1009,C,21.29,31.73,10.44
7062,1009,A,15.26,21.29,6.03
7063,1009,K,12.26,15.26,3.0
7064,1010,R,49.95,54.68,4.73
7065,1010,L,42.43,49.95,7.52
7066,1010,S,40.23,42.43,2.2
7067,1010,M,31.71,40.23,8.53
7068,1010,C,21.25,31.71,10.46
7069,1010,A,15.24,21.25,6.01
7070,1010,K,12.24,15.24,3.0
7071,1011,R,49.94,54.68,4.74
7072,1011,L,42.43,49.94,7.52
7073,1011,S,40.21,42.43,2.22
7074,1011,M,31.68,40.21,8.53
7075,1011,C,21.2,31.68,10.48
7076,1011,A,15.21,21.2,5.99
7077,1011,K,12.21,15.21,3.0
7078,1012,R,49.94,54.68,4.74
7079,1012,L,42.42,49.94,7.52
7080,1012,S,40.19,42.42,2.24
7081,1012,M,31.65,40.19,8.54
7082,1012,C,21.15,31.65,10.5
7083,1012,A,15.18,21.15,5.96
7084,1012,K,12.18,15.18,3.0
7085,1013,R,49.94,54.68,4.74
7086,1013,L,42.42,49.94,7.52
7087,1013,S,40.16,42.42,2.25
7088,1013,M,31.62,40.16,8.54
7089,1013,C,21.1,31.62,10.52
7090,1013,A,15.16,21.1,5.94
7091,1013,K,12.16,15.16,3.0
7092,1014,R,49.93,54.68,4.74
7093,1014,L,42.41,49.93,7.52
7094,1014,S,40.14,42.41,2.27
7095,1014,M,31.59,40.14,8.55
7096,1014,C,21.05,31.59,10.54
7097,1014,A,15.13,21.05,5.92
7098,1014,K,12.13,15.13,3.0
7099,1015,R,49.93,54.67,4.74
7100,1015,L,42.4,49.93,7.53
7101,1015,S,40.11,42.4,2.29
7102,1015,M,31.56,40.11,8.56
7103,1015,C,20.99,31.56,10.56
7104,1015,A,15.1,20.99,5.9
7105,1015,K,12.1,15.1,3.0
7106,1016,R,49.93,54.67,4.75
7107,1016,L,42.4,49.93,7.53
7108,1016,S,40.09,42.4,2.31
7109,1016,M,31.52,40.09,8.56
7110,1016,C,20.94,31.52,10.58
7111,1016,A,15.06,20.94,5.88
7112,1016,K,12.06,15.06,3.0
7113,1017,R,49.92,54.67,4.75
7114,1017,L,42.39,49.92,7.53
7115,1017,S,40.06,42.39,2.33
7116,1017,M,31.49,40.06,8.57
7117,1017,C,20.89,31.49,10.61
7118,1017,A,15.03,20.89,5.86
7119,1017,K,12.03,15.03,3.0
7120,1018,R,49.92,54.67,4.75
7121,1018,L,42.38,49.92,7.54
7122,1018,S,40.04,42.38,2.34
7123,1018,M,31.46,40.04,8.58
7124,1018,C,20.83,31.46,10.63
7125,1018,A,14.99,20.83,5.84
7126,1018,K,11.99,14.99,3.0
7127,1019,R,49.91,54.67,4.75
7128,1019,L,42.38,49.91,7.54
7129,1019,S,40.01,42.38,2.36
7130,1019,M,31.42,40.01,8.59
7131,1019,C,20.77,31.42,10.65
7132,1019,A,14.95,20.77,5.82
7133,1019,K,11.95,14.95,3.0
7134,1020,R,49.91,54.67,4.76
7135,1020,L,42.37,49.91,7.54
7136,1020,S,39.99,42.37,2.38
7137,1020,M,31.39,39.99,8.6
7138,1020,C,20.71,31.39,10.67
7139,1020,A,14.91,20.71,5.8
7140,1020,K,11.91,14.91,3.0
7141,1021,R,49.91,54.67,4.76
7142,1021,L,42.36,49.91,7.55
7143,1021,S,39.96,42.36,2.4
7144,1021,M,31.35,39.96,8.6
7145,1021,C,20.66,31.35,10.7
7146,1021,A,14.87,20.66,5.78
7147,1021,K,11.87,14.87,3.0
7148,1022,R,49.9,54.67,4.76
7149,1022,L,42.35,49.9,7.55
7150,1022,S,39.93,42.35,2.42
7151,1022,M,31.32,39.93,8.61
7152,1022,C,20.6,31.32,10.72
7153,1022,A,14.83,20.6,5.77
7154,1022,K,11.83,14.83,3.0
7155,1023,R,49.9,54.67,4.77
7156,1023,L,42.35,49.9,7.55
7157,1023,S,39.91,42.35,2.44
7158,1023,M,31.28,39.91,8.62
7159,1023,C,20.53,31.28,10.75
7160,1023,A,14.78,20.53,5.75
7161,1023,K,11.78,14.78,3.0
7162,1024,R,49.9,54.67,4.77
7163,1024,L,42.34,49.9,7.56
7164,1024,S,39.88,42.34,2.46
7165,1024,M,31.24,39.88,8.63
7166,1024,C,20.47,31.24,10.77
7167,1024,A,14.74,20.47,5.73
7168,1024,K,11.74,14.74,3.0
7169,1025,R,49.89,54.67,4.78
7170,1025,L,42.33,49.89,7.56
7171,1025,S,39.85,42.33,2.48
7172,1025,M,31.21,39.85,8.64
7173,1025,C,20.41,31.21,10.8
7174,1025,A,14.69,20.41,5.72
7175,1025,K,11.69,14.69,3.0
7176,1026,R,49.89,54.67,4.78
7177,1026,L,42.32,49.89,7.57
7178,1026,S,39.82,42.32,2.5
7179,1026,M,31.17,39.82,8.65
7180,1026,C,20.34,31.17,10.82
7181,1026,A,14.64,20.34,5.7
7182,1026,K,11.64,14.64,3.0
7183,1027,R,49.88,54.67,4.78
7184,1027,L,42.31,49.88,7.57
7185,1027,S,39.79,42.31,2.52
7186,1027,M,31.13,39.79,8.67
7187,1027,C,20.28,31.13,10.85
7188,1027,A,14.59,20.28,5.69
7189,1027,K,11.59,14.59,3.0
7190,1028,R,49.88,54.67,4.79
7191,1028,L,42.31,49.88,7.57
7192,1028,S,39.77,42.31,2.54
7193,1028,M,31.09,39.77,8.68
7194,1028,C,20.21,31.09,10.88
7195,1028,A,14.54,20.21,5.67
7196,1028,K,11.54,14.54,3.0
7197,1029,R,49.88,54.67,4.79
7198,1029,L,42.3,49.88,7.58
7199,1029,S,39.74,42.3,2.56
7200,1029,M,31.05,39.74,8.69
7201,1029,C,20.14,31.05,10.91
7202,1029,A,14.48,20.14,5.66
7203,1029,K,11.48,14.48,3.0
7204,1030,R,49.87,54.67,4.8
7205,1030,L,42.29,49.87,7.58
7206,1030,S,39.71,42.29,2.58
7207,1030,M,31.01,39.71,8.7
7208,1030,C,20.08,31.01,10.93
7209,1030,A,14.43,20.08,5.65
7210,1030,K,11.43,14.43,3.0
7211,1031,R,49.87,54.67,4.8
7212,1031,L,42.28,49.87,7.59
7213,1031,S,39.68,42.28,2.6
7214,1031,M,30.97,39.68,8.71
7215,1031,C,20.01,30.97,10.96
7216,1031,A,14.37,20.01,5.63
7217,1031,K,11.37,14.37,3.0
7218,1032,R,49.87,54.67,4.81
7219,1032,L,42.27,49.87,7.59
7220,1032,S,39.65,42.27,2.62
7221,1032,M,30.93,39.65,8.72
7222,1032,C,19.94,30.93,10.99
7223,1032,A,14.31,19.94,5.62
7224,1032,K,11.31,14.31,3.0
7225,1033,R,49.86,54.67,4.81
7226,1033,L,42.26,49.86,7.6
7227,1033,S,39.62,42.26,2.64
7228,1033,M,30.89,39.62,8.74
7229,1033,C,19.87,30.89,11.02
7230,1033,A,14.26,19.87,5.61
7231,1033,K,11.26,14.26,3.0
7232,1034,R,49.86,54.68,4.82
7233,1034,L,42.26,49.86,7.6
7234,1034,S,39.59,42.26,2.66
7235,1034,M,30.84,39.59,8.75
7236,1034,C,19.8,30.84,11.05
7237,1034,A,14.19,19.8,5.6
7238,1034,K,11.19,14.19,3.0
7239,1035,R,49.86,54.68,4.82
7240,1035,L,42.25,49.86,7.61
7241,1035,S,39.56,42.25,2.68
7242,1035,M,30.8,39.56,8.76
7243,1035,C,19.72,30.8,11.08
7244,1035,A,14.13,19.72,5.59
7245,1035,K,11.13,14.13,3.0
7246,1036,R,49.85,54.68,4.83
7247,1036,L,42.24,49.85,7.61
7248,1036,S,39.54,42.24,2.7
7249,1036,M,30.76,39.54,8.78
7250,1036,C,19.65,30.76,11.11
7251,1036,A,14.07,19.65,5.58
7252,1036,K,11.07,14.07,3.0
7253,1037,R,49.85,54.68,4.83
7254,1037,L,42.23,49.85,7.62
7255,1037,S,39.51,42.23,2.72
7256,1037,M,30.72,39.51,8.79
7257,1037,C,19.58,30.72,11.14
7258,1037,A,14.01,19.58,5.57
7259,1037,K,11.01,14.01,3.0
7260,1038,R,49.85,54.69,4.84
7261,1038,L,42.22,49.85,7.62
7262,1038,S,39.48,42.22,2.75
7263,1038,M,30.67,39.48,8.8
7264,1038,C,19.5,30.67,11.17
7265,1038,A,13.94,19.5,5.56
7266,1038,K,10.94,13.94,3.0
7267,1039,R,49.84,54.69,4.84
7268,1039,L,42.22,49.84,7.63
7269,1039,S,39.45,42.22,2.77
7270,1039,M,30.63,39.45,8.82
7271,1039,C,19.43,30.63,11.2
7272,1039,A,13.87,19.43,5.55
7273,1039,K,10.87,13.87,3.0
7274,1040,R,49.84,54.69,4.85
7275,1040,L,42.21,49.84,7.63
7276,1040,S,39.42,42.21,2.79
7277,1040,M,30.59,39.42,8.83
7278,1040,C,19.35,30.59,11.24
7279,1040,A,13.81,19.35,5.55
7280,1040,K,10.81,13.81,3.0
7281,1041,R,49.84,54.7,4.86
7282,1041,L,42.2,49.84,7.64
7283,1041,S,39.39,42.2,2.81
7284,1041,M,30.55,39.39,8.84
7285,1041,C,19.28,30.55,11.27
7286,1041,A,13.74,19.28,5.54
7287,1041,K,10.74,13.74,3.0
7288,1042,R,49.84,54.7,4.86
7289,1042,L,42.19,49.84,7.65
7290,1042,S,39.36,42.19,2.83
7291,1042,M,30.5,39.36,8.86
7292,1042,C,19.2,30.5,11.3
7293,1042,A,13.67,19.2,5.53
7294,1042,K,10.67,13.67,3.0
7295,1043,R,49.84,54.7,4.87
7296,1043,L,42.18,49.84,7.65
7297,1043,S,39.33,42.18,2.85
7298,1043,M,30.46,39.33,8.87
7299,1043,C,19.12,30.46,11.34
7300,1043,A,13.6,19.12,5.53
7301,1043,K,10.6,13.6,3.0
7302,1044,R,49.83,54.71,4.88
7303,1044,L,42.18,49.83,7.66
7304,1044,S,39.3,42.18,2.87
7305,1044,M,30.41,39.3,8.89
7306,1044,C,19.04,30.41,11.37
7307,1044,A,13.52,19.04,5.52
7308,1044,K,10.52,13.52,3.0
7309,1045,R,49.83,54.71,4.88
7310,1045,L,42.17,49.83,7.66
7311,1045,S,39.27,42.17,2.89
7312,1045,M,30.37,39.27,8.9
7313,1045,C,18.97,30.37,11.4
7314,1045,A,13.45,18.97,5.52
7315,1045,K,10.45,13.45,3.0
7316,1046,R,49.83,54.72,4.89
7317,1046,L,42.16,49.83,7.67
7318,1046,S,39.25,42.16,2.92
7319,1046,M,30.33,39.25,8.92
7320,1046,C,18.89,30.33,11.44
7321,1046,A,13.38,18.89,5.51
7322,1046,K,10.38,13.38,3.0
7323,1047,R,49.83,54.73,4.9
7324,1047,L,42.15,49.83,7.68
7325,1047,S,39.22,42.15,2.94
7326,1047,M,30.28,39.22,8.93
7327,1047,C,18.81,30.28,11.47
7328,1047,A,13.3,18.81,5.51
7329,1047,K,10.3,13.3,3.0
7330,1048,R,49.83,54.73,4.9
7331,1048,L,42.15,49.83,7.68
7332,1048,S,39.19,42.15,2.96
7333,1048,M,30.24,39.19,8.95
7334,1048,C,18.73,30.24,11.51
7335,1048,A,13.23,18.73,5.5
7336,1048,K,10.23,13.23,3.0
7337,1049,R,49.83,54.74,4.91
7338,1049,L,42.14,49.83,7.69
7339,1049,S,39.16,42.14,2.98
7340,1049,M,30.2,39.16,8.96
7341,1049,C,18.65,30.2,11.55
7342,1049,A,13.15,18.65,5.5
7343,1049,K,10.15,13.15,3.0
7344,1050,R,49.83,54.74,4.92
7345,1050,L,42.13,49.83,7.69
7346,1050,S,39.13,42.13,3.0
7347,1050,M,30.15,39.13,8.98
7348,1050,C,18.57,30.15,11.58
7349,1050,A,13.07,18.57,5.5
7350,1050,K,10.07,13.07,3.0
7351,1051,R,49.83,54.75,4.93
7352,1051,L,42.13,49.83,7.7
7353,1051,S,39.1,42.13,3.02
7354,1051,M,30.11,39.1,8.99
7355,1051,C,18.49,30.11,11.62
7356,1051,A,13.0,18.49,5.5
7357,1051,K,10.0,13.0,3.0
7358,1052,R,49.83,54.76,4.93
7359,1052,L,42.12,49.83,7.71
7360,1052,S,39.08,42.12,3.04
7361,1052,M,30.07,39.08,9.01
7362,1052,C,18.41,30.07,11.66
7363,1052,A,12.92,18.41,5.49
7364,1052,K,9.92,12.92,3.0
7365,1053,R,49.82,54.77,4.94
7366,1053,L,42.11,49.82,7.71
7367,1053,S,39.05,42.11,3.06
7368,1053,M,30.02,39.05,9.03
7369,1053,C,18.33,30.02,11.69
7370,1053,A,12.84,18.33,5.49
7371,1053,K,9.84,12.84,3.0
7372,1054,R,49.83,54.77,4.95
7373,1054,L,42.11,49.83,7.72
7374,1054,S,39.02,42.11,3.09
7375,1054,M,29.98,39.02,9.04
7376,1054,C,18.25,29.98,11.73
7377,1054,A,12.76,18.25,5.49
7378,1054,K,9.76,12.76,3.0
7379,1055,R,49.83,54.78,4.96
7380,1055,L,42.1,49.83,7.72
7381,1055,S,38.99,42.1,3.11
7382,1055,M,29.94,38.99,9.06
7383,1055,C,18.17,29.94,11.77
7384,1055,A,12.68,18.17,5.49
7385,1055,K,9.68,12.68,3.0
7386,1056,R,49.83,54.79,4.97
7387,1056,L,42.1,49.83,7.73
7388,1056,S,38.97,42.1,3.13
7389,1056,M,29.89,38.97,9.07
7390,1056,C,18.09,29.89,11.81
7391,1056,A,12.59,18.09,5.49
7392,1056,K,9.59,12.59,3.0
7393,1057,R,49.83,54.8,4.97
7394,1057,L,42.09,49.83,7.74
7395,1057,S,38.94,42.09,3.15
7396,1057,M,29.85,38.94,9.09
7397,1057,C,18.01,29.85,11.85
7398,1057,A,12.51,18.01,5.49
7399,1057,K,9.51,12.51,3.0
7400,1058,R,49.83,54.81,4.98
7401,1058,L,42.08,49.83,7.74
7402,1058,S,38.92,42.08,3.17
7403,1058,M,29.81,38.92,9.1
7404,1058,C,17.92,29.81,11.89
7405,1058,A,12.43,17.92,5.49
7406,1058,K,9.43,12.43,3.0
7407,1059,R,49.83,54.82,4.99
7408,1059,L,42.08,49.83,7.75
7409,1059,S,38.89,42.08,3.19
7410,1059,M,29.77,38.89,9.12
7411,1059,C,17.84,29.77,11.93
7412,1059,A,12.35,17.84,5.5
7413,1059,K,9.35,12.35,3.0
7414,1060,R,49.83,54.83,5.0
7415,1060,L,42.08,49.83,7.76
7416,1060,S,38.86,42.08,3.21
7417,1060,M,29.73,38.86,9.14
7418,1060,C,17.76,29.73,11.97
7419,1060,A,12.26,17.76,5.5
7420,1060,K,9.26,12.26,3.0
7421,1061,R,49.83,54.84,5.01
7422,1061,L,42.07,49.83,7.76
7423,1061,S,38.84,42.07,3.23
7424,1061,M,29.69,38.84,9.15
7425,1061,C,17.68,29.69,12.01
7426,1061,A,12.18,17.68,5.5
7427,1061,K,9.18,12.18,3.0
7428,1062,R,49.83,54.85,5.02
7429,1062,L,42.07,49.83,7.77
7430,1062,S,38.81,42.07,3.25
7431,1062,M,29.65,38.81,9.17
7432,1062,C,17.6,29.65,12.05
7433,1062,A,12.1,17.6,5.5
7434,1062,K,9.1,12.1,3.0
7435,1063,R,49.84,54.87,5.03
7436,1063,L,42.06,49.84,7.77
7437,1063,S,38.79,42.06,3.27
7438,1063,M,29.61,38.79,9.18
7439,1063,C,17.52,29.61,12.09
7440,1063,A,12.01,17.52,5.51
7441,1063,K,9.01,12.01,3.0
7442,1064,R,49.84,54.88,5.04
7443,1064,L,42.06,49.84,7.78
7444,1064,S,38.77,42.06,3.29
7445,1064,M,29.57,38.77,9.2
7446,1064,C,17.44,29.57,12.13
7447,1064,A,11.93,17.44,5.51
7448,1064,K,8.93,11.93,3.0
7449,1065,R,49.84,54.89,5.05
7450,1065,L,42.06,49.84,7.79
7451,1065,S,38.74,42.06,3.31
7452,1065,M,29.53,38.74,9.22
7453,1065,C,17.36,29.53,12.17
7454,1065,A,11.84,17.36,5.52
7455,1065,K,8.84,11.84,3.0
7456,1066,R,49.85,54.9,5.06
7457,1066,L,42.05,49.85,7.79
7458,1066,S,38.72,42.05,3.33
7459,1066,M,29.49,38.72,9.23
7460,1066,C,17.28,29.49,12.21
7461,1066,A,11.76,17.28,5.52
7462,1066,K,8.76,11.76,3.0
7463,1067,R,49.85,54.92,5.07
7464,1067,L,42.05,49.85,7.8
7465,1067,S,38.7,42.05,3.35
7466,1067,M,29.45,38.7,9.25
7467,1067,C,17.2,29.45,12.25
7468,1067,A,11.67,17.2,5.53
7469,1067,K,8.67,11.67,3.0
7470,1068,R,49.85,54.93,5.08
7471,1068,L,42.05,49.85,7.81
7472,1068,S,38.67,42.05,3.37
7473,1068,M,29.41,38.67,9.26
7474,1068,C,17.12,29.41,12.29
7475,1068,A,11.58,17.12,5.53
7476,1068,K,8.58,11.58,3.0
7477,1069,R,49.86,54.94,5.09
7478,1069,L,42.05,49.86,7.81
7479,1069,S,38.65,42.05,3.39
7480,1069,M,29.38,38.65,9.28
7481,1069,C,17.04,29.38,12.34
7482,1069,A,11.5,17.04,5.54
7483,1069,K,8.5,11.5,3.0
7484,1070,R,49.86,54.96,5.1
7485,1070,L,42.04,49.86,7.82
7486,1070,S,38.63,42.04,3.41
7487,1070,M,29.34,38.63,9.29
7488,1070,C,16.96,29.34,12.38
7489,1070,A,11.41,16.96,5.55
7490,1070,K,8.41,11.41,3.0
7491,1071,R,49.87,54.97,5.11
7492,1071,L,42.04,49.87,7.82
7493,1071,S,38.61,42.04,3.43
7494,1071,M,29.3,38.61,9.31
7495,1071,C,16.88,29.3,12.42
7496,1071,A,11.33,16.88,5.55
7497,1071,K,8.33,11.33,3.0
7498,1072,R,49.87,54.99,5.12
7499,1072,L,42.04,49.87,7.83
7500,1072,S,38.59,42.04,3.45
7501,1072,M,29.27,38.59,9.32
7502,1072,C,16.8,29.27,12.47
7503,1072,A,11.24,16.8,5.56
7504,1072,K,8.24,11.24,3.0
7505,1073,R,49.88,55.0,5.13
7506,1073,L,42.04,49.88,7.84
7507,1073,S,38.57,42.04,3.47
7508,1073,M,29.23,38.57,9.34
7509,1073,C,16.72,29.23,12.51
7510,1073,A,11.15,16.72,5.57
7511,1073,K,8.15,11.15,3.0
7512,1074,R,49.88,55.02,5.14
7513,1074,L,42.04,49.88,7.84
7514,1074,S,38.55,42.04,3.49
7515,1074,M,29.2,38.55,9.35
7516,1074,C,16.65,29.2,12.55
7517,1074,A,11.07,16.65,5.58
7518,1074,K,8.07,11.07,3.0
7519,1075,R,49.89,55.04,5.15
7520,1075,L,42.04,49.89,7.85
7521,1075,S,38.53,42.04,3.51
7522,1075,M,29.17,38.53,9.37
7523,1075,C,16.57,29.17,12.6
7524,1075,A,10.98,16.57,5.59
7525,1075,K,7.98,10.98,3.0
7526,1076,R,49.9,55.05,5.16
7527,1076,L,42.04,49.9,7.85
7528,1076,S,38.52,42.04,3.53
7529,1076,M,29.13,38.52,9.38
7530,1076,C,16.49,29.13,12.64
7531,1076,A,10.9,16.49,5.59
7532,1076,K,7.9,10.9,3.0
7533,1077,R,49.9,55.07,5.17
7534,1077,L,42.04,49.9,7.86
7535,1077,S,38.5,42.04,3.55
7536,1077,M,29.1,38.5,9.4
7537,1077,C,16.42,29.1,12.68
7538,1077,A,10.81,16.42,5.6
7539,1077,K,7.81,10.81,3.0
7540,1078,R,49.91,55.09,5.18
7541,1078,L,42.05,49.91,7.86
7542,1078,S,38.48,42.05,3.56
7543,1078,M,29.07,38.48,9.41
7544,1078,C,16.34,29.07,12.73
7545,1078,A,10.73,16.34,5.61
7546,1078,K,7.73,10.73,3.0
7547,1079,R,49.92,55.11,5.19
7548,1079,L,42.05,49.92,7.87
7549,1079,S,38.46,42.05,3.58
7550,1079,M,29.04,38.46,9.43
7551,1079,C,16.27,29.04,12.77
7552,1079,A,10.64,16.27,5.62
7553,1079,K,7.64,10.64,3.0
7554,1080,R,49.92,55.12,5.2
7555,1080,L,42.05,49.92,7.87
7556,1080,S,38.45,42.05,3.6
7557,1080,M,29.01,38.45,9.44
7558,1080,C,16.19,29.01,12.82
7559,1080,A,10.56,16.19,5.63
7560,1080,K,7.56,10.56,3.0
7561,1081,R,49.93,55.14,5.21
7562,1081,L,42.05,49.93,7.88
7563,1081,S,38.43,42.05,3.62
7564,1081,M,28.98,38.43,9.45
7565,1081,C,16.12,28.98,12.86
7566,1081,A,10.47,16.12,5.64
7567,1081,K,7.47,10.47,3.0
7568,1082,R,49.94,55.16,5.22
7569,1082,L,42.06,49.94,7.88
7570,1082,S,38.42,42.06,3.64
7571,1082,M,28.95,38.42,9.47
7572,1082,C,16.05,28.95,12.91
7573,1082,A,10.39,16.05,5.66
7574,1082,K,7.39,10.39,3.0
7575,1083,R,49.95,55.18,5.23
7576,1083,L,42.06,49.95,7.89
7577,1083,S,38.41,42.06,3.65
7578,1083,M,28.93,38.41,9.48
7579,1083,C,15.97,28.93,12.95
7580,1083,A,10.31,15.97,5.67
7581,1083,K,7.31,10.31,3.0
7582,1084,R,49.96,55.2,5.24
7583,1084,L,42.06,49.96,7.89
7584,1084,S,38.39,42.06,3.67
7585,1084,M,28.9,38.39,9.49
7586,1084,C,15.9,28.9,13.0
7587,1084,A,10.22,15.9,5.68
7588,1084,K,7.22,10.22,3.0
7589,1085,R,49.97,55.22,5.26
7590,1085,L,42.07,49.97,7.9
7591,1085,S,38.38,42.07,3.69
7592,1085,M,28.87,38.38,9.51
7593,1085,C,15.83,28.87,13.04
7594,1085,A,10.14,15.83,5.69
7595,1085,K,7.14,10.14,3.0
7596,1086,R,49.98,55.24,5.27
7597,1086,L,42.07,49.98,7.9
7598,1086,S,38.37,42.07,3.7
7599,1086,M,28.85,38.37,9.52
7600,1086,C,15.76,28.85,13.09
7601,1086,A,10.06,15.76,5.7
7602,1086,K,7.06,10.06,3.0
7603,1087,R,49.99,55.26,5.28
7604,1087,L,42.08,49.99,7.91
7605,1087,S,38.36,42.08,3.72
7606,1087,M,28.83,38.36,9.53
7607,1087,C,15.69,28.83,13.13
7608,1087,A,9.98,15.69,5.72
7609,1087,K,6.98,9.98,3.0
7610,1088,R,50.0,55.29,5.29
7611,1088,L,42.08,50.0,7.91
7612,1088,S,38.35,42.08,3.74
7613,1088,M,28.8,38.35,9.54
7614,1088,C,15.63,28.8,13.18
7615,1088,A,9.9,15.63,5.73
7616,1088,K,6.9,9.9,3.0
7617,1089,R,50.01,55.31,5.3
7618,1089,L,42.09,50.01,7.92
7619,1089,S,38.34,42.09,3.75
7620,1089,M,28.78,38.34,9.56
7621,1089,C,15.56,28.78,13.22
7622,1089,A,9.82,15.56,5.74
7623,1089,K,6.82,9.82,3.0
7624,1090,R,50.02,55.33,5.31
7625,1090,L,42.1,50.02,7.92
7626,1090,S,38.33,42.1,3.77
7627,1090,M,28.76,38.33,9.57
7628,1090,C,15.49,28.76,13.27
7629,1090,A,9.74,15.49,5.75
7630,1090,K,6.74,9.74,3.0
7631,1091,R,50.03,55.35,5.32
7632,1091,L,42.1,50.03,7.92
7633,1091,S,38.32,42.1,3.78
7634,1091,M,28.74,38.32,9.58
7635,1091,C,15.43,28.74,13.31
7636,1091,A,9.66,15.43,5.77
7637,1091,K,6.66,9.66,3.0
7638,1092,R,50.04,55.37,5.33
7639,1092,L,42.11,50.04,7.93
7640,1092,S,38.31,42.11,3.8
7641,1092,M,28.72,38.31,9.59
7642,1092,C,15.36,28.72,13.36
7643,1092,A,9.58,15.36,5.78
7644,1092,K,6.58,9.58,3.0
7645,1093,R,50.05,55.4,5.35
7646,1093,L,42.12,50.05,7.93
7647,1093,S,38.31,42.12,3.81
7648,1093,M,28.71,38.31,9.6
7649,1093,C,15.3,28.71,13.4
7650,1093,A,9.51,15.3,5.8
7651,1093,K,6.51,9.51,3.0
7652,1094,R,50.06,55.42,5.36
7653,1094,L,42.13,50.06,7.94
7654,1094,S,38.3,42.13,3.83
7655,1094,M,28.69,38.3,9.61
7656,1094,C,15.24,28.69,13.45
7657,1094,A,9.43,15.24,5.81
7658,1094,K,6.43,9.43,3.0
7659,1095,R,50.08,55.45,5.37
7660,1095,L,42.14,50.08,7.94
7661,1095,S,38.3,42.14,3.84
7662,1095,M,28.67,38.3,9.62
7663,1095,C,15.18,28.67,13.49
7664,1095,A,9.35,15.18,5.82
7665,1095,K,6.35,9.35,3.0
7666,1096,R,50.09,55.47,5.38
7667,1096,L,42.15,50.09,7.94
7668,1096,S,38.29,42.15,3.86
7669,1096,M,28.66,38.29,9.63
7670,1096,C,15.12,28.66,13.54
7671,1096,A,9.28,15.12,5.84
7672,1096,K,6.28,9.28,3.0
7673,1097,R,50.1,55.5,5.39
7674,1097,L,42.16,50.1,7.95
7675,1097,S,38.29,42.16,3.87
7676,1097,M,28.65,38.29,9.64
7677,1097,C,15.06,28.65,13.58
7678,1097,A,9.21,15.06,5.85
7679,1097,K,6.21,9.21,3.0
7680,1098,R,50.12,55.52,5.4
7681,1098,L,42.17,50.12,7.95
7682,1098,S,38.28,42.17,3.88
7683,1098,M,28.63,38.28,9.65
7684,1098,C,15.0,28.63,13.63
7685,1098,A,9.13,15.0,5.87
7686,1098,K,6.13,9.13,3.0
7687,1099,R,50.13,55.55,5.42
7688,1099,L,42.18,50.13,7.95
7689,1099,S,38.28,42.18,3.9
7690,1099,M,28.62,38.28,9.66
7691,1099,C,14.95,28.62,13.68
7692,1099,A,9.06,14.95,5.88
7693,1099,K,6.06,9.06,3.0
7694,1100,R,50.14,55.57,5.43
7695,1100,L,42.19,50.14,7.95
7696,1100,S,38.28,42.19,3.91
7697,1100,M,28.61,38.28,9.67
7698,1100,C,14.89,28.61,13.72
7699,1100,A,8.99,14.89,5.9
7700,1100,K,5.99,8.99,3.0
7701,1101,R,50.16,55.6,5.44
7702,1101,L,42.2,50.16,7.96
7703,1101,S,38.28,42.2,3.92
7704,1101,M,28.6,38.28,9.68
7705,1101,C,14.84,28.6,13.76
7706,1101,A,8.92,14.84,5.91
7707,1101,K,5.92,8.92,3.0
7708,1102,R,50.17,55.62,5.45
7709,1102,L,42.21,50.17,7.96
7710,1102,S,38.28,42.21,3.93
7711,1102,M,28.59,38.28,9.69
7712,1102,C,14.79,28.59,13.81
7713,1102,A,8.86,14.79,5.93
7714,1102,K,5.86,8.86,3.0
7715,1103,R,50.19,55.65,5.46
7716,1103,L,42.23,50.19,7.96
7717,1103,S,38.28,42.23,3.94
7718,1103,M,28.59,38.28,9.69
7719,1103,C,14.73,28.59,13.85
7720,1103,A,8.79,14.73,5.95
7721,1103,K,5.79,8.79,3.0
7722,1104,R,50.2,55.68,5.47
7723,1104,L,42.24,50.2,7.96
7724,1104,S,38.28,42.24,3.96
7725,1104,M,28.58,38.28,9.7
7726,1104,C,14.68,28.58,13.9
7727,1104,A,8.72,14.68,5.96
7728,1104,K,5.72,8.72,3.0
7729,1105,R,50.22,55.7,5.49
7730,1105,L,42.25,50.22,7.96
7731,1105,S,38.29,42.25,3.97
7732,1105,M,28.58,38.29,9.71
7733,1105,C,14.63,28.58,13.94
7734,1105,A,8.66,14.63,5.98
7735,1105,K,5.66,8.66,3.0
7736,1106,R,50.23,55.73,5.5
7737,1106,L,42.27,50.23,7.97
7738,1106,S,38.29,42.27,3.98
7739,1106,M,28.57,38.29,9.72
7740,1106,C,14.59,28.57,13.99
7741,1106,A,8.59,14.59,5.99
7742,1106,K,5.59,8.59,3.0
7743,1107,R,50.25,55.76,5.51
7744,1107,L,42.28,50.25,7.97
7745,1107,S,38.3,42.28,3.99
7746,1107,M,28.57,38.3,9.72
7747,1107,C,14.54,28.57,14.03
7748,1107,A,8.53,14.54,6.01
7749,1107,K,5.53,8.53,3.0
7750,1108,R,50.27,55.79,5.52
7751,1108,L,42.3,50.27,7.97
7752,1108,S,38.3,42.3,4.0
7753,1108,M,28.57,38.3,9.73
7754,1108,C,14.5,28.57,14.08
7755,1108,A,8.47,14.5,6.03
7756,1108,K,5.47,8.47,3.0
7757,1109,R,50.28,55.82,5.53
7758,1109,L,42.32,50.28,7.97
7759,1109,S,38.31,42.32,4.01
7760,1109,M,28.57,38.31,9.73
7761,1109,C,14.45,28.57,14.12
7762,1109,A,8.41,14.45,6.04
7763,1109,K,5.41,8.41,3.0
7764,1110,R,50.3,55.85,5.54
7765,1110,L,42.33,50.3,7.97
7766,1110,S,38.31,42.33,4.02
7767,1110,M,28.57,38.31,9.74
7768,1110,C,14.41,28.57,14.16
7769,1110,A,8.35,14.41,6.06
7770,1110,K,5.35,8.35,3.0
7771,1111,R,50.32,55.87,5.56
7772,1111,L,42.35,50.32,7.97
7773,1111,S,38.32,42.35,4.03
7774,1111,M,28.58,38.32,9.75
7775,1111,C,14.37,28.58,14.21
7776,1111,A,8.29,14.37,6.07
7777,1111,K,5.29,8.29,3.0
7778,1112,R,50.34,55.9,5.57
7779,1112,L,42.37,50.34,7.97
7780,1112,S,38.33,42.37,4.04
7781,1112,M,28.58,38.33,9.75
7782,1112,C,14.33,28.58,14.25
7783,1112,A,8.24,14.33,6.09
7784,1112,K,5.24,8.24,3.0
7785,1113,R,50.35,55.93,5.58
7786,1113,L,42.38,50.35,7.97
7787,1113,S,38.34,42.38,4.05
7788,1113,M,28.58,38.34,9.75
7789,1113,C,14.29,28.58,14.29
7790,1113,A,8.19,14.29,6.11
7791,1113,K,5.19,8.19,3.0
7792,1114,R,50.37,55.96,5.59
7793,1114,L,42.4,50.37,7.97
7794,1114,S,38.35,42.4,4.05
7795,1114,M,28.59,38.35,9.76
7796,1114,C,14.26,28.59,14.33
7797,1114,A,8.13,14.26,6.12
7798,1114,K,5.13,8.13,3.0
7799,1115,R,50.39,55.99,5.6
7800,1115,L,42.42,50.39,7.97
7801,1115,S,38.36,42.42,4.06
7802,1115,M,28.6,38.36,9.76
7803,1115,C,14.22,28.6,14.38
7804,1115,A,8.08,14.22,6.14
7805,1115,K,5.08,8.08,3.0
7806,1116,R,50.41,56.02,5.61
7807,1116,L,42.44,50.41,7.97
7808,1116,S,38.37,42.44,4.07
7809,1116,M,28.61,38.37,9.77
7810,1116,C,14.19,28.61,14.42
7811,1116,A,8.03,14.19,6.16
7812,1116,K,5.03,8.03,3.0
7813,1117,R,50.43,56.05,5.62
7814,1117,L,42.46,50.43,7.97
7815,1117,S,38.38,42.46,4.08
7816,1117,M,28.62,38.38,9.77
7817,1117,C,14.16,28.62,14.46
7818,1117,A,7.98,14.16,6.17
7819,1117,K,4.98,7.98,3.0
7820,1118,R,50.45,56.08,5.63
7821,1118,L,42.48,50.45,7.97
7822,1118,S,38.4,42.48,4.08
7823,1118,M,28.63,38.4,9.77
7824,1118,C,14.13,28.63,14.5
7825,1118,A,7.94,14.13,6.19
7826,1118,K,4.94,7.94,3.0
7827,1119,R,50.47,56.11,5.65
7828,1119,L,42.5,50.47,7.97
7829,1119,S,38.41,42.5,4.09
7830,1119,M,28.64,38.41,9.77
7831,1119,C,14.1,28.64,14.54
7832,1119,A,7.89,14.1,6.21
7833,1119,K,4.89,7.89,3.0
7834,1120,R,50.49,56.15,5.66
7835,1120,L,42.52,50.49,7.96
7836,1120,S,38.43,42.52,4.1
7837,1120,M,28.65,38.43,9.77
7838,1120,C,14.07,28.65,14.58
7839,1120,A,7.85,14.07,6.22
7840,1120,K,4.85,7.85,3.0
7841,1121,R,50.51,56.18,5.67
7842,1121,L,42.55,50.51,7.96
7843,1121,S,38.44,42.55,4.1
7844,1121,M,28.67,38.44,9.78
7845,1121,C,14.04,28.67,14.62
7846,1121,A,7.8,14.04,6.24
7847,1121,K,4.8,7.8,3.0
7848,1122,R,50.53,56.21,5.68
7849,1122,L,42.57,50.53,7.96
7850,1122,S,38.46,42.57,4.11
7851,1122,M,28.68,38.46,9.78
7852,1122,C,14.02,28.68,14.66
7853,1122,A,7.76,14.02,6.26
7854,1122,K,4.76,7.76,3.0
7855,1123,R,50.55,56.24,5.69
7856,1123,L,42.59,50.55,7.96
7857,1123,S,38.48,42.59,4.11
7858,1123,M,28.7,38.48,9.78
7859,1123,C,14.0,28.7,14.7
7860,1123,A,7.73,14.0,6.27
7861,1123,K,4.73,7.73,3.0
7862,1124,R,50.57,56.27,5.7
7863,1124,L,42.61,50.57,7.96
7864,1124,S,38.5,42.61,4.12
7865,1124,M,28.72,38.5,9.78
7866,1124,C,13.98,28.72,14.74
7867,1124,A,7.69,13.98,6.29
7868,1124,K,4.69,7.69,3.0
7869,1125,R,50.59,56.3,5.71
7870,1125,L,42.64,50.59,7.95
7871,1125,S,38.52,42.64,4.12
7872,1125,M,28.74,38.52,9.78
7873,1125,C,13.96,28.74,14.78
7874,1125,A,7.65,13.96,6.31
7875,1125,K,4.65,7.65,3.0
7876,1126,R,50.61,56.33,5.72
7877,1126,L,42.66,50.61,7.95
7878,1126,S,38.54,42.66,4.13
7879,1126,M,28.76,38.54,9.78
7880,1126,C,13.94,28.76,14.82
7881,1126,A,7.62,13.94,6.32
7882,1126,K,4.62,7.62,3.0
7883,1127,R,50.63,56.37,5.73
7884,1127,L,42.69,50.63,7.95
7885,1127,S,38.56,42.69,4.13
7886,1127,M,28.78,38.56,9.77
7887,1127,C,13.92,28.78,14.86
7888,1127,A,7.59,13.92,6.34
7889,1127,K,4.59,7.59,3.0
7890,1128,R,50.65,56.4,5.74
7891,1128,L,42.71,50.65,7.94
7892,1128,S,38.58,42.71,4.13
7893,1128,M,28.81,38.58,9.77
7894,1128,C,13.91,28.81,14.9
7895,1128,A,7.56,13.91,6.35
7896,1128,K,4.56,7.56,3.0
7897,1129,R,50.68,56.43,5.75
7898,1129,L,42.74,50.68,7.94
7899,1129,S,38.6,42.74,4.14
7900,1129,M,28.83,38.6,9.77
7901,1129,C,13.9,28.83,14.93
7902,1129,A,7.53,13.9,6.37
7903,1129,K,4.53,7.53,3.0
7904,1130,R,50.7,56.46,5.76
7905,1130,L,42.76,50.7,7.94
7906,1130,S,38.62,42.76,4.14
7907,1130,M,28.86,38.62,9.77
7908,1130,C,13.89,28.86,14.97
7909,1130,A,7.5,13.89,6.38
7910,1130,K,4.5,7.5,3.0
7911,1131,R,50.72,56.49,5.77
7912,1131,L,42.79,50.72,7.93
7913,1131,S,38.65,42.79,4.14
7914,1131,M,28.88,38.65,9.76
7915,1131,C,13.88,28.88,15.01
7916,1131,A,7.48,13.88,6.4
7917,1131,K,4.48,7.48,3.0
7918,1132,R,50.74,56.53,5.78
7919,1132,L,42.82,50.74,7.93
7920,1132,S,38.67,42.82,4.14
7921,1132,M,28.91,38.67,9.76
7922,1132,C,13.87,28.91,15.04
7923,1132,A,7.45,13.87,6.42
7924,1132,K,4.45,7.45,3.0
7925,1133,R,50.77,56.56,5.79
7926,1133,L,42.84,50.77,7.92
7927,1133,S,38.7,42.84,4.14
7928,1133,M,28.94,38.7,9.76
7929,1133,C,13.86,28.94,15.08
7930,1133,A,7.43,13.86,6.43
7931,1133,K,4.43,7.43,3.0
7932,1134,R,50.79,56.59,5.8
7933,1134,L,42.87,50.79,7.92
7934,1134,S,38.73,42.87,4.15
7935,1134,M,28.97,38.73,9.75
7936,1134,C,13.86,28.97,15.11
7937,1134,A,7.41,13.86,6.45
7938,1134,K,4.41,7.41,3.0
7939,1135,R,50.81,56.62,5.81
7940,1135,L,42.9,50.81,7.91
7941,1135,S,38.75,42.9,4.15
7942,1135,M,29.0,38.75,9.75
7943,1135,C,13.85,29.0,15.15
7944,1135,A,7.39,13.85,6.46
7945,1135,K,4.39,7.39,3.0
7946,1136,R,50.83,56.66,5.82
7947,1136,L,42.93,50.83,7.91
7948,1136,S,38.78,42.93,4.15
7949,1136,M,29.04,38.78,9.74
7950,1136,C,13.85,29.04,15.18
7951,1136,A,7.38,13.85,6.48
7952,1136,K,4.38,7.38,3.0
7953,1137,R,50.86,56.69,5.83
7954,1137,L,42.96,50.86,7.9
7955,1137,S,38.81,42.96,4.15
7956,1137,M,29.07,38.81,9.74
7957,1137,C,13.85,29.07,15.22
7958,1137,A,7.36,13.85,6.49
7959,1137,K,4.36,7.36,3.0
7960,1138,R,50.88,56.72,5.84
7961,1138,L,42.99,50.88,7.89
7962,1138,S,38.84,42.99,4.15
7963,1138,M,29.11,38.84,9.73
7964,1138,C,13.86,29.11,15.25
7965,1138,A,7.35,13.86,6.51
7966,1138,K,4.35,7.35,3.0
7967,1139,R,50.9,56.75,5.85
7968,1139,L,43.02,50.9,7.89
7969,1139,S,38.87,43.02,4.15
7970,1139,M,29.14,38.87,9.73
7971,1139,C,13.86,29.14,15.28
7972,1139,A,7.34,13.86,6.52
7973,1139,K,4.34,7.34,3.0
7974,1140,R,50.93,56.79,5.86
7975,1140,L,43.05,50.93,7.88
7976,1140,S,38.9,43.05,4.15
7977,1140,M,29.18,38.9,9.72
7978,1140,C,13.86,29.18,15.31
7979,1140,A,7.33,13.86,6.53
7980,1140,K,4.33,7.33,3.0
7981,1141,R,50.95,56.82,5.87
7982,1141,L,43.08,50.95,7.88
7983,1141,S,38.93,43.08,4.14
7984,1141,M,29.22,38.93,9.71
7985,1141,C,13.87,29.22,15.35
7986,1141,A,7.32,13.87,6.55
7987,1141,K,4.32,7.32,3.0
7988,1142,R,50.98,56.85,5.88
7989,1142,L,43.11,50.98,7.87
7990,1142,S,38.96,43.11,4.14
7991,1142,M,29.26,38.96,9.71
7992,1142,C,13.88,29.26,15.38
7993,1142,A,7.32,13.88,6.56
7994,1142,K,4.32,7.32,3.0
7995,1143,R,51.0,56.89,5.89
7996,1143,L,43.14,51.0,7.86
7997,1143,S,39.0,43.14,4.14
7998,1143,M,29.3,39.0,9.7
7999,1143,C,13.89,29.3,15.41
8000,1143,A,7.32,13.89,6.57
8001,1143,K,4.32,7.32,3.0
8002,1144,R,51.02,56.92,5.89
8003,1144,L,43.17,51.02,7.85
8004,1144,S,39.03,43.17,4.14
8005,1144,M,29.34,39.03,9.69
8006,1144,C,13.9,29.34,15.44
8007,1144,A,7.31,13.9,6.59
8008,1144,K,4.31,7.31,3.0
8009,1145,R,51.05,56.95,5.9
8010,1145,L,43.2,51.05,7.85
8011,1145,S,39.07,43.2,4.14
8012,1145,M,29.38,39.07,9.68
8013,1145,C,13.92,29.38,15.47
8014,1145,A,7.31,13.92,6.6
8015,1145,K,4.31,7.31,3.0
8016,1146,R,51.07,56.98,5.91
8017,1146,L,43.23,51.07,7.84
8018,1146,S,39.1,43.23,4.13
8019,1146,M,29.43,39.1,9.67
8020,1146,C,13.93,29.43,15.5
8021,1146,A,7.32,13.93,6.61
8022,1146,K,4.32,7.32,3.0
8023,1147,R,51.1,57.01,5.92
8024,1147,L,43.27,51.1,7.83
8025,1147,S,39.14,43.27,4.13
8026,1147,M,29.47,39.14,9.66
8027,1147,C,13.95,29.47,15.53
8028,1147,A,7.32,13.95,6.63
8029,1147,K,4.32,7.32,3.0
8030,1148,R,51.12,57.05,5.93
8031,1148,L,43.3,51.12,7.82
8032,1148,S,39.17,43.3,4.13
8033,1148,M,29.52,39.17,9.65
8034,1148,C,13.97,29.52,15.55
8035,1148,A,7.33,13.97,6.64
8036,1148,K,4.33,7.33,3.0
8037,1149,R,51.14,57.08,5.93
8038,1149,L,43.33,51.14,7.81
8039,1149,S,39.21,43.33,4.12
8040,1149,M,29.57,39.21,9.64
8041,1149,C,13.99,29.57,15.58
8042,1149,A,7.34,13.99,6.65
8043,1149,K,4.34,7.34,3.0
8044,1150,R,51.17,57.11,5.94
8045,1150,L,43.37,51.17,7.8
8046,1150,S,39.25,43.37,4.12
8047,1150,M,29.61,39.25,9.63
8048,1150,C,14.01,29.61,15.61
8049,1150,A,7.35,14.01,6.66
8050,1150,K,4.35,7.35,3.0
8051,1151,R,51.19,57.14,5.95
8052,1151,L,43.4,51.19,7.79
8053,1151,S,39.29,43.4,4.11
8054,1151,M,29.66,39.29,9.62
8055,1151,C,14.03,29.66,15.63
8056,1151,A,7.36,14.03,6.67
8057,1151,K,4.36,7.36,3.0
8058,1152,R,51.22,57.17,5.96
8059,1152,L,43.43,51.22,7.78
8060,1152,S,39.33,43.43,4.11
8061,1152,M,29.71,39.33,9.61
8062,1152,C,14.06,29.71,15.66
8063,1152,A,7.37,14.06,6.68
8064,1152,K,4.37,7.37,3.0
8065,1153,R,51.24,57.21,5.96
8066,1153,L,43.47,51.24,7.77
8067,1153,S,39.36,43.47,4.1
8068,1153,M,29.77,39.36,9.6
8069,1153,C,14.08,29.77,15.68
8070,1153,A,7.39,14.08,6.69
8071,1153,K,4.39,7.39,3.0
8072,1154,R,51.27,57.24,5.97
8073,1154,L,43.5,51.27,7.76
8074,1154,S,39.41,43.5,4.1
8075,1154,M,29.82,39.41,9.59
8076,1154,C,14.11,29.82,15.71
8077,1154,A,7.4,14.11,6.71
8078,1154,K,4.4,7.4,3.0
8079,1155,R,51.29,57.27,5.98
8080,1155,L,43.54,51.29,7.75
8081,1155,S,39.45,43.54,4.09
8082,1155,M,29.87,39.45,9.58
8083,1155,C,14.14,29.87,15.73
8084,1155,A,7.42,14.14,6.72
8085,1155,K,4.42,7.42,3.0
8086,1156,R,51.32,57.3,5.98
8087,1156,L,43.57,51.32,7.74
8088,1156,S,39.49,43.57,4.09
8089,1156,M,29.92,39.49,9.56
8090,1156,C,14.17,29.92,15.75
8091,1156,A,7.45,14.17,6.73
8092,1156,K,4.45,7.45,3.0
8093,1157,R,51.34,57.33,5.99
8094,1157,L,43.61,51.34,7.73
8095,1157,S,39.53,43.61,4.08
8096,1157,M,29.98,39.53,9.55
8097,1157,C,14.2,29.98,15.78
8098,1157,A,7.47,14.2,6.73
8099,1157,K,4.47,7.47,3.0
8100,1158,R,51.37,57.36,6.0
8101,1158,L,43.64,51.37,7.72
8102,1158,S,39.57,43.64,4.07
8103,1158,M,30.04,39.57,9.54
8104,1158,C,14.24,30.04,15.8
8105,1158,A,7.49,14.24,6.74
8106,1158,K,4.49,7.49,3.0
8107,1159,R,51.39,57.39,6.0
8108,1159,L,43.68,51.39,7.71
8109,1159,S,39.61,43.68,4.06
8110,1159,M,30.09,39.61,9.52
8111,1159,C,14.27,30.09,15.82
8112,1159,A,7.52,14.27,6.75
8113,1159,K,4.52,7.52,3.0
8114,1160,R,51.41,57.42,6.01
8115,1160,L,43.72,51.41,7.7
8116,1160,S,39.66,43.72,4.06
8117,1160,M,30.15,39.66,9.51
8118,1160,C,14.31,30.15,15.84
8119,1160,A,7.55,14.31,6.76
8120,1160,K,4.55,7.55,3.0
8121,1161,R,51.44,57.45,6.01
8122,1161,L,43.75,51.44,7.69
8123,1161,S,39.7,43.75,4.05
8124,1161,M,30.21,39.7,9.49
8125,1161,C,14.35,30.21,15.86
8126,1161,A,7.58,14.35,6.77
8127,1161,K,4.58,7.58,3.0
8128,1162,R,51.46,57.48,6.02
8129,1162,L,43.79,51.46,7.68
8130,1162,S,39.75,43.79,4.04
8131,1162,M,30.27,39.75,9.48
8132,1162,C,14.39,30.27,15.88
8133,1162,A,7.61,14.39,6.78
8134,1162,K,4.61,7.61,3.0
8135,1163,R,51.49,57.51,6.02
8136,1163,L,43.83,51.49,7.66
8137,1163,S,39.79,43.83,4.03
8138,1163,M,30.33,39.79,9.46
8139,1163,C,14.43,30.33,15.9
8140,1163,A,7.65,14.43,6.79
8141,1163,K,4.65,7.65,3.0
8142,1164,R,51.51,57.54,6.03
8143,1164,L,43.86,51.51,7.65
8144,1164,S,39.84,43.86,4.02
8145,1164,M,30.39,39.84,9.45
8146,1164,C,14.47,30.39,15.91
8147,1164,A,7.68,14.47,6.79
8148,1164,K,4.68,7.68,3.0
8149,1165,R,51.54,57.57,6.03
8150,1165,L,43.9,51.54,7.64
8151,1165,S,39.88,43.9,4.02
8152,1165,M,30.45,39.88,9.43
8153,1165,C,14.52,30.45,15.93
8154,1165,A,7.72,14.52,6.8
8155,1165,K,4.72,7.72,3.0
8156,1166,R,51.56,57.6,6.04
8157,1166,L,43.94,51.56,7.62
8158,1166,S,39.93,43.94,4.01
8159,1166,M,30.51,39.93,9.42
8160,1166,C,14.56,30.51,15.95
8161,1166,A,7.76,14.56,6.81
8162,1166,K,4.76,7.76,3.0
8163,1167,R,51.58,57.63,6.04
8164,1167,L,43.97,51.58,7.61
8165,1167,S,39.98,43.97,4.0
8166,1167,M,30.58,39.98,9.4
8167,1167,C,14.61,30.58,15.96
8168,1167,A,7.8,14.61,6.81
8169,1167,K,4.8,7.8,3.0
8170,1168,R,51.61,57.66,6.05
8171,1168,L,44.01,51.61,7.6
8172,1168,S,40.02,44.01,3.99
8173,1168,M,30.64,40.02,9.38
8174,1168,C,14.66,30.64,15.98
8175,1168,A,7.84,14.66,6.82
8176,1168,K,4.84,7.84,3.0
8177,1169,R,51.63,57.68,6.05
8178,1169,L,44.05,51.63,7.58
8179,1169,S,40.07,44.05,3.98
8180,1169,M,30.7,40.07,9.37
8181,1169,C,14.71,30.7,15.99
8182,1169,A,7.89,14.71,6.82
8183,1169,K,4.89,7.89,3.0
8184,1170,R,51.66,57.71,6.06
8185,1170,L,44.09,51.66,7.57
8186,1170,S,40.12,44.09,3.97
8187,1170,M,30.77,40.12,9.35
8188,1170,C,14.76,30.77,16.01
8189,1170,A,7.93,14.76,6.83
8190,1170,K,4.93,7.93,3.0
8191,1171,R,51.68,57.74,6.06
8192,1171,L,44.12,51.68,7.56
8193,1171,S,40.17,44.12,3.96
8194,1171,M,30.84,40.17,9.33
8195,1171,C,14.81,30.84,16.02
8196,1171,A,7.98,14.81,6.83
8197,1171,K,4.98,7.98,3.0
8198,1172,R,51.7,57.77,6.06
8199,1172,L,44.16,51.7,7.54
8200,1172,S,40.22,44.16,3.95
8201,1172,M,30.9,40.22,9.31
8202,1172,C,14.87,30.9,16.03
8203,1172,A,8.03,14.87,6.84
8204,1172,K,5.03,8.03,3.0
8205,1173,R,51.73,57.79,6.07
8206,1173,L,44.2,51.73,7.53
8207,1173,S,40.26,44.2,3.94
8208,1173,M,30.97,40.26,9.3
8209,1173,C,14.92,30.97,16.05
8210,1173,A,8.08,14.92,6.84
8211,1173,K,5.08,8.08,3.0
8212,1174,R,51.75,57.82,6.07
8213,1174,L,44.24,51.75,7.51
8214,1174,S,40.31,44.24,3.92
8215,1174,M,31.04,40.31,9.28
8216,1174,C,14.98,31.04,16.06
8217,1174,A,8.13,14.98,6.85
8218,1174,K,5.13,8.13,3.0
8219,1175,R,51.77,57.85,6.07
8220,1175,L,44.28,51.77,7.5
8221,1175,S,40.36,44.28,3.91
8222,1175,M,31.1,40.36,9.26
8223,1175,C,15.04,31.1,16.07
8224,1175,A,8.19,15.04,6.85
8225,1175,K,5.19,8.19,3.0
8226,1176,R,51.8,57.87,6.07
8227,1176,L,44.31,51.8,7.48
8228,1176,S,40.41,44.31,3.9
8229,1176,M,31.17,40.41,9.24
8230,1176,C,15.1,31.17,16.08
8231,1176,A,8.25,15.1,6.85
8232,1176,K,5.25,8.25,3.0
8233,1177,R,51.82,57.9,6.08
8234,1177,L,44.35,51.82,7.47
8235,1177,S,40.46,44.35,3.89
8236,1177,M,31.24,40.46,9.22
8237,1177,C,15.16,31.24,16.09
8238,1177,A,8.3,15.16,6.85
8239,1177,K,5.3,8.3,3.0
8240,1178,R,51.84,57.92,6.08
8241,1178,L,44.39,51.84,7.45
8242,1178,S,40.51,44.39,3.88
8243,1178,M,31.31,40.51,9.2
8244,1178,C,15.22,31.31,16.09
8245,1178,A,8.36,15.22,6.86
8246,1178,K,5.36,8.36,3.0
8247,1179,R,51.87,57.95,6.08
8248,1179,L,44.43,51.87,7.44
8249,1179,S,40.56,44.43,3.86
8250,1179,M,31.38,40.56,9.18
8251,1179,C,15.28,31.38,16.1
8252,1179,A,8.42,15.28,6.86
8253,1179,K,5.42,8.42,3.0
8254,1180,R,51.89,57.97,6.08
8255,1180,L,44.47,51.89,7.42
8256,1180,S,40.61,44.47,3.85
8257,1180,M,31.45,40.61,9.16
8258,1180,C,15.34,31.45,16.11
8259,1180,A,8.49,15.34,6.86
8260,1180,K,5.49,8.49,3.0
8261,1181,R,51.91,57.99,6.08
8262,1181,L,44.5,51.91,7.41
8263,1181,S,40.67,44.5,3.84
8264,1181,M,31.52,40.67,9.14
8265,1181,C,15.41,31.52,16.11
8266,1181,A,8.55,15.41,6.86
8267,1181,K,5.55,8.55,3.0
8268,1182,R,51.93,58.02,6.09
8269,1182,L,44.54,51.93,7.39
8270,1182,S,40.72,44.54,3.83
8271,1182,M,31.6,40.72,9.12
8272,1182,C,15.47,31.6,16.12
8273,1182,A,8.61,15.47,6.86
8274,1182,K,5.61,8.61,3.0
8275,1183,R,51.95,58.04,6.09
8276,1183,L,44.58,51.95,7.37
8277,1183,S,40.77,44.58,3.81
8278,1183,M,31.67,40.77,9.1
8279,1183,C,15.54,31.67,16.13
8280,1183,A,8.68,15.54,6.86
8281,1183,K,5.68,8.68,3.0
8282,1184,R,51.97,58.06,6.09
8283,1184,L,44.62,51.97,7.36
8284,1184,S,40.82,44.62,3.8
8285,1184,M,31.74,40.82,9.08
8286,1184,C,15.61,31.74,16.13
8287,1184,A,8.75,15.61,6.86
8288,1184,K,5.75,8.75,3.0
8289,1185,R,52.0,58.09,6.09
8290,1185,L,44.66,52.0,7.34
8291,1185,S,40.87,44.66,3.79
8292,1185,M,31.81,40.87,9.06
8293,1185,C,15.68,31.81,16.13
8294,1185,A,8.82,15.68,6.86
8295,1185,K,5.82,8.82,3.0
8296,1186,R,52.02,58.11,6.09
8297,1186,L,44.69,52.02,7.32
8298,1186,S,40.92,44.69,3.77
8299,1186,M,31.88,40.92,9.04
8300,1186,C,15.75,31.88,16.14
8301,1186,A,8.89,15.75,6.86
8302,1186,K,5.89,8.89,3.0
8303,1187,R,52.04,58.13,6.09
8304,1187,L,44.73,52.04,7.31
8305,1187,S,40.97,44.73,3.76
8306,1187,M,31.96,40.97,9.02
8307,1187,C,15.82,31.96,16.14
8308,1187,A,8.96,15.82,6.86
8309,1187,K,5.96,8.96,3.0
8310,1188,R,52.06,58.15,6.09
8311,1188,L,44.77,52.06,7.29
8312,1188,S,41.03,44.77,3.74
8313,1188,M,32.03,41.03,9.0
8314,1188,C,15.89,32.03,16.14
8315,1188,A,9.03,15.89,6.86
8316,1188,K,6.03,9.03,3.0
8317,1189,R,52.08,58.17,6.09
8318,1189,L,44.81,52.08,7.27
8319,1189,S,41.08,44.81,3.73
8320,1189,M,32.1,41.08,8.97
8321,1189,C,15.96,32.1,16.14
8322,1189,A,9.11,15.96,6.85
8323,1189,K,6.11,9.11,3.0
8324,1190,R,52.1,58.19,6.09
8325,1190,L,44.85,52.1,7.25
8326,1190,S,41.13,44.85,3.72
8327,1190,M,32.18,41.13,8.95
8328,1190,C,16.04,32.18,16.14
8329,1190,A,9.18,16.04,6.85
8330,1190,K,6.18,9.18,3.0
8331,1191,R,52.12,58.21,6.09
8332,1191,L,44.88,52.12,7.24
8333,1191,S,41.18,44.88,3.7
8334,1191,M,32.25,41.18,8.93
8335,1191,C,16.11,32.25,16.14
8336,1191,A,9.26,16.11,6.85
8337,1191,K,6.26,9.26,3.0
8338,1192,R,52.14,58.23,6.09
8339,1192,L,44.92,52.14,7.22
8340,1192,S,41.23,44.92,3.69
8341,1192,M,32.33,41.23,8.91
8342,1192,C,16.18,32.33,16.14
8343,1192,A,9.34,16.18,6.85
8344,1192,K,6.34,9.34,3.0
8345,1193,R,52.16,58.25,6.09
8346,1193,L,44.96,52.16,7.2
8347,1193,S,41.29,44.96,3.67
8348,1193,M,32.4,41.29,8.89
8349,1193,C,16.26,32.4,16.14
8350,1193,A,9.42,16.26,6.84
8351,1193,K,6.42,9.42,3.0
8352,1194,R,52.18,58.26,6.09
8353,1194,L,45.0,52.18,7.18
8354,1194,S,41.34,45.0,3.66
8355,1194,M,32.47,41.34,8.86
8356,1194,C,16.34,32.47,16.14
8357,1194,A,9.5,16.34,6.84
8358,1194,K,6.5,9.5,3.0
8359,1195,R,52.2,58.28,6.09
8360,1195,L,45.03,52.2,7.16
8361,1195,S,41.39,45.03,3.64
8362,1195,M,32.55,41.39,8.84
8363,1195,C,16.41,32.55,16.13
8364,1195,A,9.58,16.41,6.83
8365,1195,K,6.58,9.58,3.0
8366,1196,R,52.21,58.3,6.08
8367,1196,L,45.07,52.21,7.15
8368,1196,S,41.44,45.07,3.63
8369,1196,M,32.62,41.44,8.82
8370,1196,C,16.49,32.62,16.13
8371,1196,A,9.66,16.49,6.83
8372,1196,K,6.66,9.66,3.0
8373,1197,R,52.23,58.31,6.08
8374,1197,L,45.11,52.23,7.13
8375,1197,S,41.49,45.11,3.61
8376,1197,M,32.7,41.49,8.8
8377,1197,C,16.57,32.7,16.13
8378,1197,A,9.75,16.57,6.82
8379,1197,K,6.75,9.75,3.0
8380,1198,R,52.25,58.33,6.08
8381,1198,L,45.14,52.25,7.11
8382,1198,S,41.55,45.14,3.6
8383,1198,M,32.77,41.55,8.77
8384,1198,C,16.65,32.77,16.12
8385,1198,A,9.83,16.65,6.82
8386,1198,K,6.83,9.83,3.0
8387,1199,R,52.27,58.35,6.08
8388,1199,L,45.18,52.27,7.09
8389,1199,S,41.6,45.18,3.58
8390,1199,M,32.85,41.6,8.75
8391,1199,C,16.73,32.85,16.12
8392,1199,A,9.92,16.73,6.81
8393,1199,K,6.92,9.92,3.0
8394,1200,R,52.29,58.36,6.08
8395,1200,L,45.21,52.29,7.07
8396,1200,S,41.65,45.21,3.57
8397,1200,M,32.92,41.65,8.73
8398,1200,C,16.81,32.92,16.11
8399,1200,A,10.0,16.81,6.8
8400,1200,K,7.0,10.0,3.0
8401,1201,R,52.3,58.38,6.07
8402,1201,L,45.25,52.3,7.05
8403,1201,S,41.7,45.25,3.55
8404,1201,M,32.99,41.7,8.71
8405,1201,C,16.89,32.99,16.1
8406,1201,A,10.09,16.89,6.8
8407,1201,K,7.09,10.09,3.0
8408,1202,R,52.32,58.39,6.07
8409,1202,L,45.29,52.32,7.03
8410,1202,S,41.75,45.29,3.54
8411,1202,M,33.07,41.75,8.68
8412,1202,C,16.97,33.07,16.1
8413,1202,A,10.18,16.97,6.79
8414,1202,K,7.18,10.18,3.0
8415,1203,R,52.34,58.4,6.07
8416,1203,L,45.32,52.34,7.01
8417,1203,S,41.8,45.32,3.52
8418,1203,M,33.14,41.8,8.66
8419,1203,C,17.05,33.14,16.09
8420,1203,A,10.27,17.05,6.78
8421,1203,K,7.27,10.27,3.0
8422,1204,R,52.35,58.42,6.06
8423,1204,L,45.36,52.35,6.99
8424,1204,S,41.85,45.36,3.5
8425,1204,M,33.22,41.85,8.64
8426,1204,C,17.14,33.22,16.08
8427,1204,A,10.36,17.14,6.78
8428,1204,K,7.36,10.36,3.0
8429,1205,R,52.37,58.43,6.06
8430,1205,L,45.39,52.37,6.98
8431,1205,S,41.9,45.39,3.49
8432,1205,M,33.29,41.9,8.61
8433,1205,C,17.22,33.29,16.07
8434,1205,A,10.45,17.22,6.77
8435,1205,K,7.45,10.45,3.0
8436,1206,R,52.38,58.44,6.06
8437,1206,L,45.43,52.38,6.96
8438,1206,S,41.95,45.43,3.47
8439,1206,M,33.36,41.95,8.59
8440,1206,C,17.3,33.36,16.06
8441,1206,A,10.54,17.3,6.76
8442,1206,K,7.54,10.54,3.0
8443,1207,R,52.4,58.45,6.05
8444,1207,L,45.46,52.4,6.94
8445,1207,S,42.0,45.46,3.46
8446,1207,M,33.44,42.0,8.57
8447,1207,C,17.38,33.44,16.05
8448,1207,A,10.63,17.38,6.75
8449,1207,K,7.63,10.63,3.0
8450,1208,R,52.41,58.46,6.05
8451,1208,L,45.49,52.41,6.92
8452,1208,S,42.05,45.49,3.44
8453,1208,M,33.51,42.05,8.55
8454,1208,C,17.47,33.51,16.04
8455,1208,A,10.73,17.47,6.74
8456,1208,K,7.73,10.73,3.0
8457,1209,R,52.43,58.47,6.04
8458,1209,L,45.53,52.43,6.9
8459,1209,S,42.1,45.53,3.42
8460,1209,M,33.58,42.1,8.52
8461,1209,C,17.55,33.58,16.03
8462,1209,A,10.82,17.55,6.73
8463,1209,K,7.82,10.82,3.0
8464,1210,R,52.44,58.48,6.04
8465,1210,L,45.56,52.44,6.88
8466,1210,S,42.15,45.56,3.41
8467,1210,M,33.65,42.15,8.5
8468,1210,C,17.64,33.65,16.02
8469,1210,A,10.91,17.64,6.72
8470,1210,K,7.91,10.91,3.0
8471,1211,R,52.45,58.49,6.04
8472,1211,L,45.6,52.45,6.86
8473,1211,S,42.2,45.6,3.39
8474,1211,M,33.73,42.2,8.48
8475,1211,C,17.72,33.73,16.01
8476,1211,A,11.01,17.72,6.71
8477,1211,K,8.01,11.01,3.0
8478,1212,R,52.47,58.5,6.03
8479,1212,L,45.63,52.47,6.84
8480,1212,S,42.25,45.63,3.38
8481,1212,M,33.8,42.25,8.45
8482,1212,C,17.8,33.8,15.99
8483,1212,A,11.1,17.8,6.7
8484,1212,K,8.1,11.1,3.0
8485,1213,R,52.48,58.51,6.03
8486,1213,L,45.66,52.48,6.82
8487,1213,S,42.3,45.66,3.36
8488,1213,M,33.87,42.3,8.43
8489,1213,C,17.89,33.87,15.98
8490,1213,A,11.2,17.89,6.69
8491,1213,K,8.2,11.2,3.0
8492,1214,R,52.49,58.51,6.02
8493,1214,L,45.69,52.49,6.8
8494,1214,S,42.35,45.69,3.34
8495,1214,M,33.94,42.35,8.41
8496,1214,C,17.97,33.94,15.97
8497,1214,A,11.3,17.97,6.68
8498,1214,K,8.3,11.3,3.0
8499,1215,R,52.5,58.52,6.01
8500,1215,L,45.72,52.5,6.78
8501,1215,S,42.4,45.72,3.33
8502,1215,M,34.01,42.4,8.38
8503,1215,C,18.06,34.01,15.95
8504,1215,A,11.39,18.06,6.67
8505,1215,K,8.39,11.39,3.0
8506,1216,R,52.52,58.53,6.01
8507,1216,L,45.76,52.52,6.76
8508,1216,S,42.44,45.76,3.31
8509,1216,M,34.08,42.44,8.36
8510,1216,C,18.14,34.08,15.94
8511,1216,A,11.49,18.14,6.66
8512,1216,K,8.49,11.49,3.0
8513,1217,R,52.53,58.53,6.0
8514,1217,L,45.79,52.53,6.74
8515,1217,S,42.49,45.79,3.3
8516,1217,M,34.15,42.49,8.34
8517,1217,C,18.23,34.15,15.92
8518,1217,A,11.59,18.23,6.64
8519,1217,K,8.59,11.59,3.0
8520,1218,R,52.54,58.54,6.0
8521,1218,L,45.82,52.54,6.72
8522,1218,S,42.54,45.82,3.28
8523,1218,M,34.22,42.54,8.32
8524,1218,C,18.31,34.22,15.91
8525,1218,A,11.68,18.31,6.63
8526,1218,K,8.68,11.68,3.0
8527,1219,R,52.55,58.54,5.99
8528,1219,L,45.85,52.55,6.7
8529,1219,S,42.58,45.85,3.26
8530,1219,M,34.29,42.58,8.29
8531,1219,C,18.4,34.29,15.89
8532,1219,A,11.78,18.4,6.62
8533,1219,K,8.78,11.78,3.0
8534,1220,R,52.56,58.55,5.99
8535,1220,L,45.88,52.56,6.68
8536,1220,S,42.63,45.88,3.25
8537,1220,M,34.36,42.63,8.27
8538,1220,C,18.48,34.36,15.87
8539,1220,A,11.88,18.48,6.61
8540,1220,K,8.88,11.88,3.0
8541,1221,R,52.57,58.55,5.98
8542,1221,L,45.91,52.57,6.66
8543,1221,S,42.67,45.91,3.23
8544,1221,M,34.43,42.67,8.25
8545,1221,C,18.57,34.43,15.86
8546,1221,A,11.98,18.57,6.59
8547,1221,K,8.98,11.98,3.0
8548,1222,R,52.58,58.55,5.97
8549,1222,L,45.94,52.58,6.64
8550,1222,S,42.72,45.94,3.22
8551,1222,M,34.49,42.72,8.23
8552,1222,C,18.65,34.49,15.84
8553,1222,A,12.08,18.65,6.58
8554,1222,K,9.08,12.08,3.0
8555,1223,R,52.59,58.55,5.97
8556,1223,L,45.97,52.59,6.62
8557,1223,S,42.76,45.97,3.2
8558,1223,M,34.56,42.76,8.21
8559,1223,C,18.74,34.56,15.82
8560,1223,A,12.17,18.74,6.56
8561,1223,K,9.17,12.17,3.0
8562,1224,R,52.6,58.56,5.96
8563,1224,L,45.99,52.6,6.6
8564,1224,S,42.81,45.99,3.19
8565,1224,M,34.63,42.81,8.18
8566,1224,C,18.82,34.63,15.8
8567,1224,A,12.27,18.82,6.55
8568,1224,K,9.27,12.27,3.0
8569,1225,R,52.6,58.56,5.95
8570,1225,L,46.02,52.6,6.58
8571,1225,S,42.85,46.02,3.17
8572,1225,M,34.69,42.85,8.16
8573,1225,C,18.91,34.69,15.78
8574,1225,A,12.37,18.91,6.54
8575,1225,K,9.37,12.37,3.0
8576,1226,R,52.61,58.56,5.94
8577,1226,L,46.05,52.61,6.56
8578,1226,S,42.89,46.05,3.15
8579,1226,M,34.76,42.89,8.14
8580,1226,C,18.99,34.76,15.76
8581,1226,A,12.47,18.99,6.52
8582,1226,K,9.47,12.47,3.0
8583,1227,R,52.62,58.56,5.94
8584,1227,L,46.08,52.62,6.54
8585,1227,S,42.94,46.08,3.14
8586,1227,M,34.82,42.94,8.12
8587,1227,C,19.07,34.82,15.74
8588,1227,A,12.57,19.07,6.51
8589,1227,K,9.57,12.57,3.0
8590,1228,R,52.63,58.56,5.93
8591,1228,L,46.1,52.63,6.52
8592,1228,S,42.98,46.1,3.12
8593,1228,M,34.88,42.98,8.1
8594,1228,C,19.16,34.88,15.72
8595,1228,A,12.67,19.16,6.49
8596,1228,K,9.67,12.67,3.0
8597,1229,R,52.63,58.55,5.92
8598,1229,L,46.13,52.63,6.5
8599,1229,S,43.02,46.13,3.11
8600,1229,M,34.95,43.02,8.08
8601,1229,C,19.24,34.95,15.7
8602,1229,A,12.76,19.24,6.48
8603,1229,K,9.76,12.76,3.0
8604,1230,R,52.64,58.55,5.91
8605,1230,L,46.15,52.64,6.49
8606,1230,S,43.06,46.15,3.09
8607,1230,M,35.01,43.06,8.05
8608,1230,C,19.32,35.01,15.68
8609,1230,A,12.86,19.32,6.46
8610,1230,K,9.86,12.86,3.0
8611,1231,R,52.65,58.55,5.91
8612,1231,L,46.18,52.65,6.47
8613,1231,S,43.1,46.18,3.08
8614,1231,M,35.07,43.1,8.03
8615,1231,C,19.41,35.07,15.66
8616,1231,A,12.96,19.41,6.45
8617,1231,K,9.96,12.96,3.0
8618,1232,R,52.65,58.55,5.9
8619,1232,L,46.2,52.65,6.45
8620,1232,S,43.14,46.2,3.06
8621,1232,M,35.13,43.14,8.01
8622,1232,C,19.49,35.13,15.64
8623,1232,A,13.06,19.49,6.43
8624,1232,K,10.06,13.06,3.0
8625,1233,R,52.66,58.54,5.89
8626,1233,L,46.23,52.66,6.43
8627,1233,S,43.18,46.23,3.05
8628,1233,M,35.19,43.18,7.99
8629,1233,C,19.57,35.19,15.62
8630,1233,A,13.16,19.57,6.41
8631,1233,K,10.16,13.16,3.0
8632,1234,R,52.66,58.54,5.88
8633,1234,L,46.25,52.66,6.41
8634,1234,S,43.22,46.25,3.03
8635,1234,M,35.25,43.22,7.97
8636,1234,C,19.65,35.25,15.6
8637,1234,A,13.25,19.65,6.4
8638,1234,K,10.25,13.25,3.0
8639,1235,R,52.67,58.54,5.87
8640,1235,L,46.28,52.67,6.39
8641,1235,S,43.26,46.28,3.02
8642,1235,M,35.31,43.26,7.95
8643,1235,C,19.73,35.31,15.58
8644,1235,A,13.35,19.73,6.38
8645,1235,K,10.35,13.35,3.0
8646,1236,R,52.67,58.53,5.86
8647,1236,L,46.3,52.67,6.37
8648,1236,S,43.3,46.3,3.0
8649,1236,M,35.36,43.3,7.93
8650,1236,C,19.81,35.36,15.55
8651,1236,A,13.45,19.81,6.36
8652,1236,K,10.45,13.45,3.0
8653,1237,R,52.67,58.53,5.85
8654,1237,L,46.32,52.67,6.35
8655,1237,S,43.33,46.32,2.99
8656,1237,M,35.42,43.33,7.91
8657,1237,C,19.89,35.42,15.53
8658,1237,A,13.54,19.89,6.35
8659,1237,K,10.54,13.54,3.0
8660,1238,R,52.68,58.52,5.84
8661,1238,L,46.34,52.68,6.33
8662,1238,S,43.37,46.34,2.98
8663,1238,M,35.48,43.37,7.89
8664,1238,C,19.97,35.48,15.51
8665,1238,A,13.64,19.97,6.33
8666,1238,K,10.64,13.64,3.0
8667,1239,R,52.68,58.51,5.84
8668,1239,L,46.36,52.68,6.31
8669,1239,S,43.4,46.36,2.96
8670,1239,M,35.53,43.4,7.87
8671,1239,C,20.05,35.53,15.48
8672,1239,A,13.73,20.05,6.31
8673,1239,K,10.73,13.73,3.0
8674,1240,R,52.68,58.51,5.83
8675,1240,L,46.39,52.68,6.29
8676,1240,S,43.44,46.39,2.95
8677,1240,M,35.58,43.44,7.85
8678,1240,C,20.12,35.58,15.46
8679,1240,A,13.83,20.12,6.3
8680,1240,K,10.83,13.83,3.0
8681,1241,R,52.68,58.5,5.82
8682,1241,L,46.41,52.68,6.28
8683,1241,S,43.47,46.41,2.93
8684,1241,M,35.64,43.47,7.84
8685,1241,C,20.2,35.64,15.44
8686,1241,A,13.92,20.2,6.28
8687,1241,K,10.92,13.92,3.0
8688,1242,R,52.68,58.49,5.81
8689,1242,L,46.43,52.68,6.26
8690,1242,S,43.51,46.43,2.92
8691,1242,M,35.69,43.51,7.82
8692,1242,C,20.28,35.69,15.41
8693,1242,A,14.02,20.28,6.26
8694,1242,K,11.02,14.02,3.0
8695,1243,R,52.68,58.48,5.8
8696,1243,L,46.45,52.68,6.24
8697,1243,S,43.54,46.45,2.91
8698,1243,M,35.74,43.54,7.8
8699,1243,C,20.35,35.74,15.39
8700,1243,A,14.11,20.35,6.24
8701,1243,K,11.11,14.11,3.0
8702,1244,R,52.68,58.47,5.79
8703,1244,L,46.46,52.68,6.22
8704,1244,S,43.57,46.46,2.89
8705,1244,M,35.79,43.57,7.78
8706,1244,C,20.43,35.79,15.36
8707,1244,A,14.2,20.43,6.23
8708,1244,K,11.2,14.2,3.0
8709,1245,R,52.68,58.46,5.78
8710,1245,L,46.48,52.68,6.2
8711,1245,S,43.6,46.48,2.88
8712,1245,M,35.84,43.6,7.76
8713,1245,C,20.5,35.84,15.34
8714,1245,A,14.29,20.5,6.21
8715,1245,K,11.29,14.29,3.0
8716,1246,R,52.68,58.45,5.77
8717,1246,L,46.5,52.68,6.18
8718,1246,S,43.63,46.5,2.87
8719,1246,M,35.89,43.63,7.75
8720,1246,C,20.57,35.89,15.31
8721,1246,A,14.38,20.57,6.19
8722,1246,K,11.38,14.38,3.0
8723,1247,R,52.68,58.44,5.76
8724,1247,L,46.52,52.68,6.17
8725,1247,S,43.66,46.52,2.85
8726,1247,M,35.94,43.66,7.73
8727,1247,C,20.65,35.94,15.29
8728,1247,A,14.47,20.65,6.17
8729,1247,K,11.47,14.47,3.0
8730,1248,R,52.68,58.43,5.75
8731,1248,L,46.53,52.68,6.15
8732,1248,S,43.69,46.53,2.84
8733,1248,M,35.98,43.69,7.71
8734,1248,C,20.72,35.98,15.26
8735,1248,A,14.56,20.72,6.15
8736,1248,K,11.56,14.56,3.0
8737,1249,R,52.68,58.42,5.74
8738,1249,L,46.55,52.68,6.13
8739,1249,S,43.72,46.55,2.83
8740,1249,M,36.03,43.72,7.69
8741,1249,C,20.79,36.03,15.24
8742,1249,A,14.65,20.79,6.14
8743,1249,K,11.65,14.65,3.0
8744,1250,R,52.68,58.41,5.73
8745,1250,L,46.57,52.68,6.11
8746,1250,S,43.75,46.57,2.82
8747,1250,M,36.07,43.75,7.68
8748,1250,C,20.86,36.07,15.21
8749,1250,A,14.74,20.86,6.12
8750,1250,K,11.74,14.74,3.0
8751,1251,R,52.68,58.39,5.72
8752,1251,L,46.58,52.68,6.1
8753,1251,S,43.78,46.58,2.8
8754,1251,M,36.11,43.78,7.66
8755,1251,C,20.93,36.11,15.19
8756,1251,A,14.83,20.93,6.1
8757,1251,K,11.83,14.83,3.0
8758,1252,R,52.68,58.38,5.71
8759,1252,L,46.6,52.68,6.08
8760,1252,S,43.8,46.6,2.79
8761,1252,M,36.16,43.8,7.65
8762,1252,C,20.99,36.16,15.16
8763,1252,A,14.91,20.99,6.08
8764,1252,K,11.91,14.91,3.0
8765,1253,R,52.67,58.37,5.7
8766,1253,L,46.61,52.67,6.06
8767,1253,S,43.83,46.61,2.78
8768,1253,M,36.2,43.83,7.63
8769,1253,C,21.06,36.2,15.14
8770,1253,A,15.0,21.06,6.06
8771,1253,K,12.0,15.0,3.0
8772,1254,R,52.67,58.35,5.68
8773,1254,L,46.62,52.67,6.05
8774,1254,S,43.85,46.62,2.77
8775,1254,M,36.24,43.85,7.61
8776,1254,C,21.13,36.24,15.11
8777,1254,A,15.08,21.13,6.04
8778,1254,K,12.08,15.08,3.0
8779,1255,R,52.67,58.34,5.67
8780,1255,L,46.64,52.67,6.03
8781,1255,S,43.88,46.64,2.76
8782,1255,M,36.28,43.88,7.6
8783,1255,C,21.19,36.28,15.09
8784,1255,A,15.16,21.19,6.03
8785,1255,K,12.16,15.16,3.0
8786,1256,R,52.66,58.33,5.66
8787,1256,L,46.65,52.66,6.01
8788,1256,S,43.9,46.65,2.75
8789,1256,M,36.32,43.9,7.58
8790,1256,C,21.25,36.32,15.06
8791,1256,A,15.25,21.25,6.01
8792,1256,K,12.25,15.25,3.0
8793,1257,R,52.66,58.31,5.65
8794,1257,L,46.66,52.66,6.0
8795,1257,S,43.92,46.66,2.74
8796,1257,M,36.35,43.92,7.57
8797,1257,C,21.32,36.35,15.04
8798,1257,A,15.33,21.32,5.99
8799,1257,K,12.33,15.33,3.0
8800,1258,R,52.65,58.29,5.64
8801,1258,L,46.67,52.65,5.98
8802,1258,S,43.95,46.67,2.73
8803,1258,M,36.39,43.95,7.56
8804,1258,C,21.38,36.39,15.01
8805,1258,A,15.41,21.38,5.97
8806,1258,K,12.41,15.41,3.0
8807,1259,R,52.65,58.28,5.63
8808,1259,L,46.68,52.65,5.96
8809,1259,S,43.97,46.68,2.72
8810,1259,M,36.42,43.97,7.54
8811,1259,C,21.44,36.42,14.98
8812,1259,A,15.49,21.44,5.95
8813,1259,K,12.49,15.49,3.0
8814,1260,R,52.64,58.26,5.62
8815,1260,L,46.69,52.64,5.95
8816,1260,S,43.99,46.69,2.71
8817,1260,M,36.46,43.99,7.53
8818,1260,C,21.5,36.46,14.96
8819,1260,A,15.56,21.5,5.93
8820,1260,K,12.56,15.56,3.0
8821,1261,R,52.64,58.25,5.61
8822,1261,L,46.7,52.64,5.93
8823,1261,S,44.01,46.7,2.7
8824,1261,M,36.49,44.01,7.52
8825,1261,C,21.56,36.49,14.93
8826,1261,A,15.64,21.56,5.92
8827,1261,K,12.64,15.64,3.0
8828,1262,R,52.63,58.23,5.6
8829,1262,L,46.71,52.63,5.92
8830,1262,S,44.03,46.71,2.69
8831,1262,M,36.52,44.03,7.5
8832,1262,C,21.62,36.52,14.91
8833,1262,A,15.72,21.62,5.9
8834,1262,K,12.72,15.72,3.0
8835,1263,R,52.62,58.21,5.59
8836,1263,L,46.72,52.62,5.9
8837,1263,S,44.04,46.72,2.68
8838,1263,M,36.55,44.04,7.49
8839,1263,C,21.67,36.55,14.88
8840,1263,A,15.79,21.67,5.88
8841,1263,K,12.79,15.79,3.0
8842,1264,R,52.62,58.19,5.57
8843,1264,L,46.73,52.62,5.89
8844,1264,S,44.06,46.73,2.67
8845,1264,M,36.58,44.06,7.48
8846,1264,C,21.73,36.58,14.86
8847,1264,A,15.86,21.73,5.86
8848,1264,K,12.86,15.86,3.0
8849,1265,R,52.61,58.17,5.56
8850,1265,L,46.74,52.61,5.87
8851,1265,S,44.08,46.74,2.66
8852,1265,M,36.61,44.08,7.47
8853,1265,C,21.78,36.61,14.83
8854,1265,A,15.94,21.78,5.84
8855,1265,K,12.94,15.94,3.0
8856,1266,R,52.6,58.16,5.55
8857,1266,L,46.74,52.6,5.86
8858,1266,S,44.09,46.74,2.65
8859,1266,M,36.64,44.09,7.46
8860,1266,C,21.83,36.64,14.81
8861,1266,A,16.01,21.83,5.83
8862,1266,K,13.01,16.01,3.0
8863,1267,R,52.6,58.14,5.54
8864,1267,L,46.75,52.6,5.84
8865,1267,S,44.11,46.75,2.64
8866,1267,M,36.67,44.11,7.44
8867,1267,C,21.88,36.67,14.78
8868,1267,A,16.08,21.88,5.81
8869,1267,K,13.08,16.08,3.0
8870,1268,R,52.59,58.12,5.53
8871,1268,L,46.76,52.59,5.83
8872,1268,S,44.12,46.76,2.63
8873,1268,M,36.69,44.12,7.43
8874,1268,C,21.93,36.69,14.76
8875,1268,A,16.14,21.93,5.79
8876,1268,K,13.14,16.14,3.0
8877,1269,R,52.58,58.1,5.52
8878,1269,L,46.76,52.58,5.82
8879,1269,S,44.14,46.76,2.63
8880,1269,M,36.71,44.14,7.42
8881,1269,C,21.98,36.71,14.73
8882,1269,A,16.21,21.98,5.77
8883,1269,K,13.21,16.21,3.0
8884,1270,R,52.57,58.08,5.51
8885,1270,L,46.77,52.57,5.8
8886,1270,S,44.15,46.77,2.62
8887,1270,M,36.74,44.15,7.41
8888,1270,C,22.03,36.74,14.71
8889,1270,A,16.28,22.03,5.75
8890,1270,K,13.28,16.28,3.0
8891,1271,R,52.56,58.06,5.49
8892,1271,L,46.77,52.56,5.79
8893,1271,S,44.16,46.77,2.61
8894,1271,M,36.76,44.16,7.4
8895,1271,C,22.08,36.76,14.68
8896,1271,A,16.34,22.08,5.74
8897,1271,K,13.34,16.34,3.0
8898,1272,R,52.55,58.04,5.48
8899,1272,L,46.78,52.55,5.78
8900,1272,S,44.17,46.78,2.6
8901,1272,M,36.78,44.17,7.39
8902,1272,C,22.12,36.78,14.66
8903,1272,A,16.4,22.12,5.72
8904,1272,K,13.4,16.4,3.0
8905,1273,R,52.54,58.02,5.47
8906,1273,L,46.78,52.54,5.76
8907,1273,S,44.18,46.78,2.6
8908,1273,M,36.8,44.18,7.38
8909,1273,C,22.17,36.8,14.63
8910,1273,A,16.47,22.17,5.7
8911,1273,K,13.47,16.47,3.0
8912,1274,R,52.53,58.0,5.46
8913,1274,L,46.78,52.53,5.75
8914,1274,S,44.19,46.78,2.59
8915,1274,M,36.82,44.19,7.38
8916,1274,C,22.21,36.82,14.61
8917,1274,A,16.53,22.21,5.68
8918,1274,K,13.53,16.53,3.0
8919,1275,R,52.52,57.97,5.45
8920,1275,L,46.79,52.52,5.74
8921,1275,S,44.2,46.79,2.58
8922,1275,M,36.84,44.2,7.37
8923,1275,C,22.25,36.84,14.59
8924,1275,A,16.58,22.25,5.67
8925,1275,K,13.58,16.58,3.0
8926,1276,R,52.51,57.95,5.44
8927,1276,L,46.79,52.51,5.73
8928,1276,S,44.21,46.79,2.58
8929,1276,M,36.85,44.21,7.36
8930,1276,C,22.29,36.85,14.56
8931,1276,A,16.64,22.29,5.65
8932,1276,K,13.64,16.64,3.0
8933,1277,R,52.5,57.93,5.43
8934,1277,L,46.79,52.5,5.71
8935,1277,S,44.22,46.79,2.57
8936,1277,M,36.87,44.22,7.35
8937,1277,C,22.33,36.87,14.54
8938,1277,A,16.7,22.33,5.63
8939,1277,K,13.7,16.7,3.0
8940,1278,R,52.49,57.91,5.41
8941,1278,L,46.79,52.49,5.7
8942,1278,S,44.23,46.79,2.57
8943,1278,M,36.88,44.23,7.34
8944,1278,C,22.37,36.88,14.52
8945,1278,A,16.75,22.37,5.62
8946,1278,K,13.75,16.75,3.0
8947,1279,R,52.48,57.89,5.4
8948,1279,L,46.79,52.48,5.69
8949,1279,S,44.23,46.79,2.56
8950,1279,M,36.9,44.23,7.34
8951,1279,C,22.4,36.9,14.49
8952,1279,A,16.8,22.4,5.6
8953,1279,K,13.8,16.8,3.0
8954,1280,R,52.47,57.86,5.39
8955,1280,L,46.79,52.47,5.68
8956,1280,S,44.24,46.79,2.55
8957,1280,M,36.91,44.24,7.33
8958,1280,C,22.44,36.91,14.47
8959,1280,A,16.85,22.44,5.59
8960,1280,K,13.85,16.85,3.0
8961,1281,R,52.46,57.84,5.38
8962,1281,L,46.79,52.46,5.67
8963,1281,S,44.24,46.79,2.55
8964,1281,M,36.92,44.24,7.32
8965,1281,C,22.47,36.92,14.45
8966,1281,A,16.9,22.47,5.57
8967,1281,K,13.9,16.9,3.0
8968,1282,R,52.45,57.82,5.37
8969,1282,L,46.79,52.45,5.66
8970,1282,S,44.25,46.79,2.54
8971,1282,M,36.93,44.25,7.32
8972,1282,C,22.5,36.93,14.43
8973,1282,A,16.95,22.5,5.55
8974,1282,K,13.95,16.95,3.0
8975,1283,R,52.44,57.79,5.36
8976,1283,L,46.79,52.44,5.65
8977,1283,S,44.25,46.79,2.54
8978,1283,M,36.94,44.25,7.31
8979,1283,C,22.54,36.94,14.4
8980,1283,A,17.0,22.54,5.54
8981,1283,K,14.0,17.0,3.0
8982,1284,R,52.43,57.77,5.35
8983,1284,L,46.79,52.43,5.64
8984,1284,S,44.25,46.79,2.54
8985,1284,M,36.95,44.25,7.31
8986,1284,C,22.56,36.95,14.38
8987,1284,A,17.04,22.56,5.52
8988,1284,K,14.04,17.04,3.0
8989,1285,R,52.41,57.75,5.33
8990,1285,L,46.79,52.41,5.63
8991,1285,S,44.25,46.79,2.53
8992,1285,M,36.95,44.25,7.3
8993,1285,C,22.59,36.95,14.36
8994,1285,A,17.09,22.59,5.51
8995,1285,K,14.09,17.09,3.0
8996,1286,R,52.4,57.72,5.32
8997,1286,L,46.78,52.4,5.62
8998,1286,S,44.26,46.78,2.53
8999,1286,M,36.96,44.26,7.3
9000,1286,C,22.62,36.96,14.34
9001,1286,A,17.13,22.62,5.49
9002,1286,K,14.13,17.13,3.0
9003,1287,R,52.39,57.7,5.31
9004,1287,L,46.78,52.39,5.61
9005,1287,S,44.26,46.78,2.53
9006,1287,M,36.96,44.26,7.29
9007,1287,C,22.65,36.96,14.32
9008,1287,A,17.17,22.65,5.48
9009,1287,K,14.17,17.17,3.0
9010,1288,R,52.38,57.68,5.3
9011,1288,L,46.78,52.38,5.6
9012,1288,S,44.26,46.78,2.52
9013,1288,M,36.97,44.26,7.29
9014,1288,C,22.67,36.97,14.3
9015,1288,A,17.21,22.67,5.46
9016,1288,K,14.21,17.21,3.0
9017,1289,R,52.36,57.65,5.29
9018,1289,L,46.77,52.36,5.59
9019,1289,S,44.25,46.77,2.52
9020,1289,M,36.97,44.25,7.28
9021,1289,C,22.69,36.97,14.28
9022,1289,A,17.24,22.69,5.45
9023,1289,K,14.24,17.24,3.0
9024,1290,R,52.35,57.63,5.28
9025,1290,L,46.77,52.35,5.58
9026,1290,S,44.25,46.77,2.52
9027,1290,M,36.97,44.25,7.28
9028,1290,C,22.71,36.97,14.26
9029,1290,A,17.28,22.71,5.44
9030,1290,K,14.28,17.28,3.0
9031,1291,R,52.34,57.6,5.27
9032,1291,L,46.77,52.34,5.57
9033,1291,S,44.25,46.77,2.51
9034,1291,M,36.97,44.25,7.28
9035,1291,C,22.73,36.97,14.24
9036,1291,A,17.31,22.73,5.42
9037,1291,K,14.31,17.31,3.0
9038,1292,R,52.32,57.58,5.26
9039,1292,L,46.76,52.32,5.56
9040,1292,S,44.25,46.76,2.51
9041,1292,M,36.97,44.25,7.27
9042,1292,C,22.75,36.97,14.22
9043,1292,A,17.34,22.75,5.41
9044,1292,K,14.34,17.34,3.0
9045,1293,R,52.31,57.56,5.24
9046,1293,L,46.75,52.31,5.56
9047,1293,S,44.24,46.75,2.51
9048,1293,M,36.97,44.24,7.27
9049,1293,C,22.77,36.97,14.2
9050,1293,A,17.37,22.77,5.4
9051,1293,K,14.37,17.37,3.0
9052,1294,R,52.3,57.53,5.23
9053,1294,L,46.75,52.3,5.55
9054,1294,S,44.24,46.75,2.51
9055,1294,M,36.97,44.24,7.27
9056,1294,C,22.79,36.97,14.19
9057,1294,A,17.4,22.79,5.38
9058,1294,K,14.4,17.4,3.0
9059,1295,R,52.28,57.51,5.22
9060,1295,L,46.74,52.28,5.54
9061,1295,S,44.24,46.74,2.51
9062,1295,M,36.97,44.24,7.27
9063,1295,C,22.8,36.97,14.17
9064,1295,A,17.43,22.8,5.37
9065,1295,K,14.43,17.43,3.0
9066,1296,R,52.27,57.48,5.21
9067,1296,L,46.74,52.27,5.53
9068,1296,S,44.23,46.74,2.51
9069,1296,M,36.97,44.23,7.27
9070,1296,C,22.81,36.97,14.15
9071,1296,A,17.46,22.81,5.36
9072,1296,K,14.46,17.46,3.0
9073,1297,R,52.26,57.46,5.2
9074,1297,L,46.73,52.26,5.53
9075,1297,S,44.22,46.73,2.51
9076,1297,M,36.96,44.22,7.26
9077,1297,C,22.83,36.96,14.13
9078,1297,A,17.48,22.83,5.35
9079,1297,K,14.48,17.48,3.0
9080,1298,R,52.24,57.43,5.19
9081,1298,L,46.72,52.24,5.52
9082,1298,S,44.22,46.72,2.5
9083,1298,M,36.96,44.22,7.26
9084,1298,C,22.84,36.96,14.12
9085,1298,A,17.5,22.84,5.34
9086,1298,K,14.5,17.5,3.0
9087,1299,R,52.23,57.41,5.18
9088,1299,L,46.71,52.23,5.51
9089,1299,S,44.21,46.71,2.5
9090,1299,M,36.95,44.21,7.26
9091,1299,C,22.85,36.95,14.1
9092,1299,A,17.52,22.85,5.32
9093,1299,K,14.52,17.52,3.0
9094,1300,R,52.22,57.38,5.17
9095,1300,L,46.71,52.22,5.51
9096,1300,S,44.2,46.71,2.5
9097,1300,M,36.94,44.2,7.26
9098,1300,C,22.86,36.94,14.09
9099,1300,A,17.54,22.86,5.31
9100,1300,K,14.54,17.54,3.0
9101,1301,R,52.2,57.36,5.16
9102,1301,L,46.7,52.2,5.5
9103,1301,S,44.19,46.7,2.5
9104,1301,M,36.93,44.19,7.26
9105,1301,C,22.86,36.93,14.07
9106,1301,A,17.56,22.86,5.3
9107,1301,K,14.56,17.56,3.0
9108,1302,R,52.19,57.34,5.15
9109,1302,L,46.69,52.19,5.5
9110,1302,S,44.19,46.69,2.5
9111,1302,M,36.92,44.19,7.26
9112,1302,C,22.87,36.92,14.06
9113,1302,A,17.58,22.87,5.29
9114,1302,K,14.58,17.58,3.0
9115,1303,R,52.17,57.31,5.14
9116,1303,L,46.68,52.17,5.49
9117,1303,S,44.18,46.68,2.51
9118,1303,M,36.92,44.18,7.26
9119,1303,C,22.87,36.92,14.04
9120,1303,A,17.59,22.87,5.28
9121,1303,K,14.59,17.59,3.0
9122,1304,R,52.16,57.29,5.13
9123,1304,L,46.67,52.16,5.49
9124,1304,S,44.17,46.67,2.51
9125,1304,M,36.9,44.17,7.26
9126,1304,C,22.88,36.9,14.03
9127,1304,A,17.6,22.88,5.27
9128,1304,K,14.6,17.6,3.0
9129,1305,R,52.14,57.26,5.12
9130,1305,L,46.66,52.14,5.48
9131,1305,S,44.16,46.66,2.51
9132,1305,M,36.89,44.16,7.26
9133,1305,C,22.88,36.89,14.02
9134,1305,A,17.61,22.88,5.26
9135,1305,K,14.61,17.61,3.0
9136,1306,R,52.13,57.24,5.11
9137,1306,L,46.65,52.13,5.48
9138,1306,S,44.15,46.65,2.51
9139,1306,M,36.88,44.15,7.26
9140,1306,C,22.88,36.88,14.0
9141,1306,A,17.62,22.88,5.26
9142,1306,K,14.62,17.62,3.0
9143,1307,R,52.12,57.21,5.1
9144,1307,L,46.64,52.12,5.47
9145,1307,S,44.13,46.64,2.51
9146,1307,M,36.87,44.13,7.27
9147,1307,C,22.88,36.87,13.99
9148,1307,A,17.63,22.88,5.25
9149,1307,K,14.63,17.63,3.0
9150,1308,R,52.1,57.19,5.09
9151,1308,L,46.63,52.1,5.47
9152,1308,S,44.12,46.63,2.51
9153,1308,M,36.86,44.12,7.27
9154,1308,C,22.88,36.86,13.98
9155,1308,A,17.64,22.88,5.24
9156,1308,K,14.64,17.64,3.0
9157,1309,R,52.09,57.17,5.08
9158,1309,L,46.62,52.09,5.47
9159,1309,S,44.11,46.62,2.51
9160,1309,M,36.84,44.11,7.27
9161,1309,C,22.87,36.84,13.97
9162,1309,A,17.64,22.87,5.23
9163,1309,K,14.64,17.64,3.0
9164,1310,R,52.07,57.14,5.07
9165,1310,L,46.61,52.07,5.46
9166,1310,S,44.1,46.61,2.52
9167,1310,M,36.83,44.1,7.27
9168,1310,C,22.87,36.83,13.96
9169,1310,A,17.65,22.87,5.22
9170,1310,K,14.65,17.65,3.0
9171,1311,R,52.06,57.12,5.06
9172,1311,L,46.6,52.06,5.46
9173,1311,S,44.08,46.6,2.52
9174,1311,M,36.81,44.08,7.27
9175,1311,C,22.86,36.81,13.95
9176,1311,A,17.65,22.86,5.22
9177,1311,K,14.65,17.65,3.0
9178,1312,R,52.05,57.1,5.05
9179,1312,L,46.59,52.05,5.46
9180,1312,S,44.07,46.59,2.52
9181,1312,M,36.79,44.07,7.28
9182,1312,C,22.86,36.79,13.94
9183,1312,A,17.65,22.86,5.21
9184,1312,K,14.65,17.65,3.0
9185,1313,R,52.03,57.07,5.04
9186,1313,L,46.58,52.03,5.45
9187,1313,S,44.06,46.58,2.52
9188,1313,M,36.78,44.06,7.28
9189,1313,C,22.85,36.78,13.93
9190,1313,A,17.65,22.85,5.2
9191,1313,K,14.65,17.65,3.0
9192,1314,R,52.02,57.05,5.03
9193,1314,L,46.57,52.02,5.45
9194,1314,S,44.04,46.57,2.53
9195,1314,M,36.76,44.04,7.28
9196,1314,C,22.84,36.76,13.92
9197,1314,A,17.64,22.84,5.2
9198,1314,K,14.64,17.64,3.0
9199,1315,R,52.0,57.03,5.02
9200,1315,L,46.56,52.0,5.45
9201,1315,S,44.03,46.56,2.53
9202,1315,M,36.74,44.03,7.28
9203,1315,C,22.83,36.74,13.91
9204,1315,A,17.64,22.83,5.19
9205,1315,K,14.64,17.64,3.0
9206,1316,R,51.99,57.0,5.01
9207,1316,L,46.54,51.99,5.45
9208,1316,S,44.01,46.54,2.53
9209,1316,M,36.72,44.01,7.29
9210,1316,C,22.82,36.72,13.9
9211,1316,A,17.63,22.82,5.19
9212,1316,K,14.63,17.63,3.0
9213,1317,R,51.98,56.98,5.0
9214,1317,L,46.53,51.98,5.44
9215,1317,S,44.0,46.53,2.54
9216,1317,M,36.71,44.0,7.29
9217,1317,C,22.81,36.71,13.9
9218,1317,A,17.63,22.81,5.18
9219,1317,K,14.63,17.63,3.0
9220,1318,R,51.96,56.96,4.99
9221,1318,L,46.52,51.96,5.44
9222,1318,S,43.98,46.52,2.54
9223,1318,M,36.69,43.98,7.29
9224,1318,C,22.79,36.69,13.89
9225,1318,A,17.62,22.79,5.18
9226,1318,K,14.62,17.62,3.0
9227,1319,R,51.95,56.94,4.99
9228,1319,L,46.51,51.95,5.44
9229,1319,S,43.96,46.51,2.54
9230,1319,M,36.67,43.96,7.3
9231,1319,C,22.78,36.67,13.89
9232,1319,A,17.61,22.78,5.17
9233,1319,K,14.61,17.61,3.0
9234,1320,R,51.94,56.91,4.98
9235,1320,L,46.5,51.94,5.44
9236,1320,S,43.95,46.5,2.55
9237,1320,M,36.65,43.95,7.3
9238,1320,C,22.77,36.65,13.88
9239,1320,A,17.6,22.77,5.17
9240,1320,K,14.6,17.6,3.0
9241,1321,R,51.92,56.89,4.97
9242,1321,L,46.48,51.92,5.44
9243,1321,S,43.93,46.48,2.55
9244,1321,M,36.62,43.93,7.31
9245,1321,C,22.75,36.62,13.88
9246,1321,A,17.58,22.75,5.17
9247,1321,K,14.58,17.58,3.0
9248,1322,R,51.91,56.87,4.96
9249,1322,L,46.47,51.91,5.44
9250,1322,S,43.91,46.47,2.56
9251,1322,M,36.6,43.91,7.31
9252,1322,C,22.73,36.6,13.87
9253,1322,A,17.57,22.73,5.16
9254,1322,K,14.57,17.57,3.0
9255,1323,R,51.9,56.85,4.95
9256,1323,L,46.46,51.9,5.44
9257,1323,S,43.9,46.46,2.56
9258,1323,M,36.58,43.9,7.32
9259,1323,C,22.71,36.58,13.87
9260,1323,A,17.55,22.71,5.16
9261,1323,K,14.55,17.55,3.0
9262,1324,R,51.88,56.83,4.94
9263,1324,L,46.45,51.88,5.44
9264,1324,S,43.88,46.45,2.57
9265,1324,M,36.56,43.88,7.32
9266,1324,C,22.69,36.56,13.86
9267,1324,A,17.53,22.69,5.16
9268,1324,K,14.53,17.53,3.0
9269,1325,R,51.87,56.81,4.94
9270,1325,L,46.43,51.87,5.44
9271,1325,S,43.86,46.43,2.57
9272,1325,M,36.54,43.86,7.32
9273,1325,C,22.67,36.54,13.86
9274,1325,A,17.52,22.67,5.16
9275,1325,K,14.52,17.52,3.0
9276,1326,R,51.86,56.79,4.93
9277,1326,L,46.42,51.86,5.44
9278,1326,S,43.84,46.42,2.58
9279,1326,M,36.51,43.84,7.33
9280,1326,C,22.65,36.51,13.86
9281,1326,A,17.5,22.65,5.16
9282,1326,K,14.5,17.5,3.0
9283,1327,R,51.85,56.77,4.92
9284,1327,L,46.41,51.85,5.44
9285,1327,S,43.83,46.41,2.58
9286,1327,M,36.49,43.83,7.33
9287,1327,C,22.63,36.49,13.86
9288,1327,A,17.48,22.63,5.16
9289,1327,K,14.48,17.48,3.0
9290,1328,R,51.84,56.75,4.91
9291,1328,L,46.39,51.84,5.44
9292,1328,S,43.81,46.39,2.59
9293,1328,M,36.47,43.81,7.34
9294,1328,C,22.61,36.47,13.86
9295,1328,A,17.45,22.61,5.16
9296,1328,K,14.45,17.45,3.0
9297,1329,R,51.82,56.73,4.9
9298,1329,L,46.38,51.82,5.44
9299,1329,S,43.79,46.38,2.59
9300,1329,M,36.44,43.79,7.34
9301,1329,C,22.59,36.44,13.86
9302,1329,A,17.43,22.59,5.16
9303,1329,K,14.43,17.43,3.0
9304,1330,R,51.81,56.71,4.9
9305,1330,L,46.37,51.81,5.44
9306,1330,S,43.77,46.37,2.6
9307,1330,M,36.42,43.77,7.35
9308,1330,C,22.56,36.42,13.86
9309,1330,A,17.41,22.56,5.16
9310,1330,K,14.41,17.41,3.0
9311,1331,R,51.8,56.69,4.89
9312,1331,L,46.35,51.8,5.45
9313,1331,S,43.75,46.35,2.6
9314,1331,M,36.4,43.75,7.36
9315,1331,C,22.54,36.4,13.86
9316,1331,A,17.38,22.54,5.16
9317,1331,K,14.38,17.38,3.0
9318,1332,R,51.79,56.67,4.88
9319,1332,L,46.34,51.79,5.45
9320,1332,S,43.73,46.34,2.61
9321,1332,M,36.37,43.73,7.36
9322,1332,C,22.51,36.37,13.86
9323,1332,A,17.35,22.51,5.16
9324,1332,K,14.35,17.35,3.0
9325,1333,R,51.78,56.65,4.88
9326,1333,L,46.33,51.78,5.45
9327,1333,S,43.71,46.33,2.61
9328,1333,M,36.35,43.71,7.37
9329,1333,C,22.48,36.35,13.86
9330,1333,A,17.32,22.48,5.16
9331,1333,K,14.32,17.32,3.0
9332,1334,R,51.77,56.64,4.87
9333,1334,L,46.32,51.77,5.45
9334,1334,S,43.69,46.32,2.62
9335,1334,M,36.32,43.69,7.37
9336,1334,C,22.46,36.32,13.86
9337,1334,A,17.29,22.46,5.16
9338,1334,K,14.29,17.29,3.0
9339,1335,R,51.76,56.62,4.86
9340,1335,L,46.3,51.76,5.45
9341,1335,S,43.67,46.3,2.63
9342,1335,M,36.3,43.67,7.38
9343,1335,C,22.43,36.3,13.87
9344,1335,A,17.26,22.43,5.17
9345,1335,K,14.26,17.26,3.0
9346,1336,R,51.75,56.6,4.86
9347,1336,L,46.29,51.75,5.46
9348,1336,S,43.66,46.29,2.63
9349,1336,M,36.27,43.66,7.38
9350,1336,C,22.4,36.27,13.87
9351,1336,A,17.23,22.4,5.17
9352,1336,K,14.23,17.23,3.0
9353,1337,R,51.74,56.58,4.85
9354,1337,L,46.28,51.74,5.46
9355,1337,S,43.64,46.28,2.64
9356,1337,M,36.25,43.64,7.39
9357,1337,C,22.37,36.25,13.88
9358,1337,A,17.2,22.37,5.17
9359,1337,K,14.2,17.2,3.0
9360,1338,R,51.73,56.57,4.84
9361,1338,L,46.26,51.73,5.46
9362,1338,S,43.62,46.26,2.65
9363,1338,M,36.22,43.62,7.39
9364,1338,C,22.34,36.22,13.88
9365,1338,A,17.17,22.34,5.18
9366,1338,K,14.17,17.17,3.0
9367,1339,R,51.72,56.55,4.84
9368,1339,L,46.25,51.72,5.47
9369,1339,S,43.6,46.25,2.65
9370,1339,M,36.2,43.6,7.4
9371,1339,C,22.31,36.2,13.89
9372,1339,A,17.13,22.31,5.18
9373,1339,K,14.13,17.13,3.0
9374,1340,R,51.71,56.54,4.83
9375,1340,L,46.24,51.71,5.47
9376,1340,S,43.58,46.24,2.66
9377,1340,M,36.17,43.58,7.41
9378,1340,C,22.28,36.17,13.89
9379,1340,A,17.1,22.28,5.18
9380,1340,K,14.1,17.1,3.0
9381,1341,R,51.7,56.52,4.82
9382,1341,L,46.23,51.7,5.47
9383,1341,S,43.56,46.23,2.67
9384,1341,M,36.15,43.56,7.41
9385,1341,C,22.25,36.15,13.9
9386,1341,A,17.06,22.25,5.19
9387,1341,K,14.06,17.06,3.0
9388,1342,R,51.69,56.51,4.82
9389,1342,L,46.21,51.69,5.48
9390,1342,S,43.54,46.21,2.67
9391,1342,M,36.12,43.54,7.42
9392,1342,C,22.22,36.12,13.91
9393,1342,A,17.02,22.22,5.19
9394,1342,K,14.02,17.02,3.0
9395,1343,R,51.68,56.49,4.81
9396,1343,L,46.2,51.68,5.48
9397,1343,S,43.52,46.2,2.68
9398,1343,M,36.1,43.52,7.42
9399,1343,C,22.18,36.1,13.91
9400,1343,A,16.98,22.18,5.2
9401,1343,K,13.98,16.98,3.0
9402,1344,R,51.67,56.48,4.81
9403,1344,L,46.19,51.67,5.48
9404,1344,S,43.5,46.19,2.69
9405,1344,M,36.07,43.5,7.43
9406,1344,C,22.15,36.07,13.92
9407,1344,A,16.95,22.15,5.21
9408,1344,K,13.95,16.95,3.0
9409,1345,R,51.66,56.47,4.8
9410,1345,L,46.18,51.66,5.49
9411,1345,S,43.48,46.18,2.69
9412,1345,M,36.05,43.48,7.43
9413,1345,C,22.12,36.05,13.93
9414,1345,A,16.91,22.12,5.21
9415,1345,K,13.91,16.91,3.0
9416,1346,R,51.66,56.45,4.8
9417,1346,L,46.17,51.66,5.49
9418,1346,S,43.46,46.17,2.7
9419,1346,M,36.02,43.46,7.44
9420,1346,C,22.08,36.02,13.94
9421,1346,A,16.87,22.08,5.22
9422,1346,K,13.87,16.87,3.0
9423,1347,R,51.65,56.44,4.79
9424,1347,L,46.15,51.65,5.5
9425,1347,S,43.45,46.15,2.71
9426,1347,M,36.0,43.45,7.45
9427,1347,C,22.05,36.0,13.95
9428,1347,A,16.82,22.05,5.23
9429,1347,K,13.82,16.82,3.0
9430,1348,R,51.64,56.43,4.78
9431,1348,L,46.14,51.64,5.5
9432,1348,S,43.43,46.14,2.72
9433,1348,M,35.98,43.43,7.45
9434,1348,C,22.02,35.98,13.96
9435,1348,A,16.78,22.02,5.23
9436,1348,K,13.78,16.78,3.0
9437,1349,R,51.64,56.42,4.78
9438,1349,L,46.13,51.64,5.51
9439,1349,S,43.41,46.13,2.72
9440,1349,M,35.95,43.41,7.46
9441,1349,C,21.98,35.95,13.97
9442,1349,A,16.74,21.98,5.24
9443,1349,K,13.74,16.74,3.0
9444,1350,R,51.63,56.41,4.77
9445,1350,L,46.12,51.63,5.51
9446,1350,S,43.39,46.12,2.73
9447,1350,M,35.93,43.39,7.46
9448,1350,C,21.95,35.93,13.98
9449,1350,A,16.7,21.95,5.25
9450,1350,K,13.7,16.7,3.0
9451,1351,R,51.62,56.39,4.77
9452,1351,L,46.11,51.62,5.52
9453,1351,S,43.37,46.11,2.74
9454,1351,M,35.91,43.37,7.47
9455,1351,C,21.91,35.91,13.99
9456,1351,A,16.65,21.91,5.26
9457,1351,K,13.65,16.65,3.0
9458,1352,R,51.62,56.38,4.77
9459,1352,L,46.1,51.62,5.52
9460,1352,S,43.35,46.1,2.74
9461,1352,M,35.88,43.35,7.47
9462,1352,C,21.88,35.88,14.01
9463,1352,A,16.61,21.88,5.27
9464,1352,K,13.61,16.61,3.0
9465,1353,R,51.61,56.38,4.76
9466,1353,L,46.09,51.61,5.53
9467,1353,S,43.34,46.09,2.75
9468,1353,M,35.86,43.34,7.48
9469,1353,C,21.84,35.86,14.02
9470,1353,A,16.56,21.84,5.28
9471,1353,K,13.56,16.56,3.0
9472,1354,R,51.61,56.37,4.76
9473,1354,L,46.08,51.61,5.53
9474,1354,S,43.32,46.08,2.76
9475,1354,M,35.84,43.32,7.48
9476,1354,C,21.8,35.84,14.03
9477,1354,A,16.52,21.8,5.29
9478,1354,K,13.52,16.52,3.0
9479,1355,R,51.61,56.36,4.75
9480,1355,L,46.07,51.61,5.54
9481,1355,S,43.3,46.07,2.77
9482,1355,M,35.82,43.3,7.49
9483,1355,C,21.77,35.82,14.05
9484,1355,A,16.47,21.77,5.3
9485,1355,K,13.47,16.47,3.0
9486,1356,R,51.6,56.35,4.75
9487,1356,L,46.06,51.6,5.54
9488,1356,S,43.29,46.06,2.77
9489,1356,M,35.79,43.29,7.49
9490,1356,C,21.73,35.79,14.06
9491,1356,A,16.43,21.73,5.31
9492,1356,K,13.43,16.43,3.0
9493,1357,R,51.6,56.34,4.74
9494,1357,L,46.05,51.6,5.55
9495,1357,S,43.27,46.05,2.78
9496,1357,M,35.77,43.27,7.49
9497,1357,C,21.7,35.77,14.08
9498,1357,A,16.38,21.7,5.32
9499,1357,K,13.38,16.38,3.0
9500,1358,R,51.59,56.33,4.74
9501,1358,L,46.04,51.59,5.55
9502,1358,S,43.25,46.04,2.79
9503,1358,M,35.75,43.25,7.5
9504,1358,C,21.66,35.75,14.09
9505,1358,A,16.33,21.66,5.33
9506,1358,K,13.33,16.33,3.0
9507,1359,R,51.59,56.33,4.74
9508,1359,L,46.03,51.59,5.56
9509,1359,S,43.24,46.03,2.8
9510,1359,M,35.73,43.24,7.5
9511,1359,C,21.63,35.73,14.11
9512,1359,A,16.28,21.63,5.34
9513,1359,K,13.28,16.28,3.0
9514,1360,R,51.59,56.32,4.73
9515,1360,L,46.02,51.59,5.57
9516,1360,S,43.22,46.02,2.8
9517,1360,M,35.71,43.22,7.51
9518,1360,C,21.59,35.71,14.12
9519,1360,A,16.24,21.59,5.35
9520,1360,K,13.24,16.24,3.0
9521,1361,R,51.59,56.32,4.73
9522,1361,L,46.01,51.59,5.57
9523,1361,S,43.21,46.01,2.81
9524,1361,M,35.69,43.21,7.51
9525,1361,C,21.55,35.69,14.14
9526,1361,A,16.19,21.55,5.37
9527,1361,K,13.19,16.19,3.0
9528,1362,R,51.59,56.31,4.73
9529,1362,L,46.01,51.59,5.58
9530,1362,S,43.19,46.01,2.82
9531,1362,M,35.68,43.19,7.51
9532,1362,C,21.52,35.68,14.16
9533,1362,A,16.14,21.52,5.38
9534,1362,K,13.14,16.14,3.0
9535,1363,R,51.58,56.31,4.72
9536,1363,L,46.0,51.58,5.59
9537,1363,S,43.18,46.0,2.82
9538,1363,M,35.66,43.18,7.52
9539,1363,C,21.48,35.66,14.18
9540,1363,A,16.09,21.48,5.39
9541,1363,K,13.09,16.09,3.0
9542,1364,R,51.58,56.3,4.72
9543,1364,L,45.99,51.58,5.59
9544,1364,S,43.16,45.99,2.83
9545,1364,M,35.64,43.16,7.52
9546,1364,C,21.45,35.64,14.19
9547,1364,A,16.04,21.45,5.4
9548,1364,K,13.04,16.04,3.0
9549,1365,R,51.58,56.3,4.72
9550,1365,L,45.99,51.58,5.6
9551,1365,S,43.15,45.99,2.84
9552,1365,M,35.62,43.15,7.52
9553,1365,C,21.41,35.62,14.21
9554,1365,A,15.99,21.41,5.42
9555,1365,K,12.99,15.99,3.0
9556,1366,R,51.58,56.3,4.71
9557,1366,L,45.98,51.58,5.6
9558,1366,S,43.13,45.98,2.84
9559,1366,M,35.61,43.13,7.53
9560,1366,C,21.38,35.61,14.23
9561,1366,A,15.95,21.38,5.43
9562,1366,K,12.95,15.95,3.0
9563,1367,R,51.58,56.29,4.71
9564,1367,L,45.97,51.58,5.61
9565,1367,S,43.12,45.97,2.85
9566,1367,M,35.59,43.12,7.53
9567,1367,C,21.34,35.59,14.25
9568,1367,A,15.9,21.34,5.45
9569,1367,K,12.9,15.9,3.0
9570,1368,R,51.59,56.29,4.71
9571,1368,L,45.97,51.59,5.62
9572,1368,S,43.11,45.97,2.86
9573,1368,M,35.58,43.11,7.53
9574,1368,C,21.31,35.58,14.27
9575,1368,A,15.85,21.31,5.46
9576,1368,K,12.85,15.85,3.0
9577,1369,R,51.59,56.29,4.7
9578,1369,L,45.96,51.59,5.62
9579,1369,S,43.1,45.96,2.86
9580,1369,M,35.56,43.1,7.53
9581,1369,C,21.27,35.56,14.29
9582,1369,A,15.8,21.27,5.47
9583,1369,K,12.8,15.8,3.0
9584,1370,R,51.59,56.29,4.7
9585,1370,L,45.96,51.59,5.63
9586,1370,S,43.09,45.96,2.87
9587,1370,M,35.55,43.09,7.53
9588,1370,C,21.24,35.55,14.31
9589,1370,A,15.75,21.24,5.49
9590,1370,K,12.75,15.75,3.0
9591,1371,R,51.59,56.29,4.7
9592,1371,L,45.95,51.59,5.64
9593,1371,S,43.07,45.95,2.88
9594,1371,M,35.54,43.07,7.54
9595,1371,C,21.21,35.54,14.33
9596,1371,A,15.7,21.21,5.5
9597,1371,K,12.7,15.7,3.0
9598,1372,R,51.59,56.29,4.7
9599,1372,L,45.95,51.59,5.65
9600,1372,S,43.06,45.95,2.88
9601,1372,M,35.53,43.06,7.54
9602,1372,C,21.17,35.53,14.35
9603,1372,A,15.65,21.17,5.52
9604,1372,K,12.65,15.65,3.0
9605,1373,R,51.6,56.29,4.69
9606,1373,L,45.95,51.6,5.65
9607,1373,S,43.05,45.95,2.89
9608,1373,M,35.52,43.05,7.54
9609,1373,C,21.14,35.52,14.38
9610,1373,A,15.6,21.14,5.54
9611,1373,K,12.6,15.6,3.0
9612,1374,R,51.6,56.29,4.69
9613,1374,L,45.94,51.6,5.66
9614,1374,S,43.05,45.94,2.9
9615,1374,M,35.51,43.05,7.54
9616,1374,C,21.11,35.51,14.4
9617,1374,A,15.56,21.11,5.55
9618,1374,K,12.56,15.56,3.0
9619,1375,R,51.61,56.3,4.69
9620,1375,L,45.94,51.61,5.67
9621,1375,S,43.04,45.94,2.9
9622,1375,M,35.5,43.04,7.54
9623,1375,C,21.08,35.5,14.42
9624,1375,A,15.51,21.08,5.57
9625,1375,K,12.51,15.51,3.0
9626,1376,R,51.61,56.3,4.69
9627,1376,L,45.94,51.61,5.67
9628,1376,S,43.03,45.94,2.91
9629,1376,M,35.49,43.03,7.54
9630,1376,C,21.05,35.49,14.44
9631,1376,A,15.46,21.05,5.58
9632,1376,K,12.46,15.46,3.0
9633,1377,R,51.61,56.3,4.69
9634,1377,L,45.94,51.61,5.68
9635,1377,S,43.02,45.94,2.92
9636,1377,M,35.48,43.02,7.54
9637,1377,C,21.01,35.48,14.47
9638,1377,A,15.41,21.01,5.6
9639,1377,K,12.41,15.41,3.0
9640,1378,R,51.62,56.3,4.68
9641,1378,L,45.93,51.62,5.69
9642,1378,S,43.01,45.93,2.92
9643,1378,M,35.48,43.01,7.54
9644,1378,C,20.98,35.48,14.49
9645,1378,A,15.37,20.98,5.62
9646,1378,K,12.37,15.37,3.0
9647,1379,R,51.63,56.31,4.68
9648,1379,L,45.93,51.63,5.69
9649,1379,S,43.01,45.93,2.93
9650,1379,M,35.47,43.01,7.54
9651,1379,C,20.95,35.47,14.51
9652,1379,A,15.32,20.95,5.63
9653,1379,K,12.32,15.32,3.0
9654,1380,R,51.63,56.31,4.68
9655,1380,L,45.93,51.63,5.7
9656,1380,S,43.0,45.93,2.93
9657,1380,M,35.47,43.0,7.53
9658,1380,C,20.93,35.47,14.54
9659,1380,A,15.28,20.93,5.65
9660,1380,K,12.28,15.28,3.0
9661,1381,R,51.64,56.32,4.68
9662,1381,L,45.93,51.64,5.71
9663,1381,S,42.99,45.93,2.94
9664,1381,M,35.46,42.99,7.53
9665,1381,C,20.9,35.46,14.56
9666,1381,A,15.23,20.9,5.67
9667,1381,K,12.23,15.23,3.0
9668,1382,R,51.65,56.32,4.68
9669,1382,L,45.93,51.65,5.71
9670,1382,S,42.99,45.93,2.94
9671,1382,M,35.46,42.99,7.53
9672,1382,C,20.87,35.46,14.59
9673,1382,A,15.19,20.87,5.69
9674,1382,K,12.19,15.19,3.0
9675,1383,R,51.66,56.33,4.68
9676,1383,L,45.93,51.66,5.72
9677,1383,S,42.99,45.93,2.95
9678,1383,M,35.46,42.99,7.53
9679,1383,C,20.84,35.46,14.61
9680,1383,A,15.14,20.84,5.7
9681,1383,K,12.14,15.14,3.0
9682,1384,R,51.66,56.34,4.67
9683,1384,L,45.93,51.66,5.73
9684,1384,S,42.98,45.93,2.95
9685,1384,M,35.46,42.98,7.53
9686,1384,C,20.82,35.46,14.64
9687,1384,A,15.1,20.82,5.72
9688,1384,K,12.1,15.1,3.0
9689,1385,R,51.67,56.34,4.67
9690,1385,L,45.94,51.67,5.74
9691,1385,S,42.98,45.94,2.96
9692,1385,M,35.46,42.98,7.52
9693,1385,C,20.79,35.46,14.66
9694,1385,A,15.05,20.79,5.74
9695,1385,K,12.05,15.05,3.0
9696,1386,R,51.68,56.35,4.67
9697,1386,L,45.94,51.68,5.74
9698,1386,S,42.98,45.94,2.96
9699,1386,M,35.46,42.98,7.52
9700,1386,C,20.77,35.46,14.69
9701,1386,A,15.01,20.77,5.76
9702,1386,K,12.01,15.01,3.0
9703,1387,R,51.69,56.36,4.67
9704,1387,L,45.94,51.69,5.75
9705,1387,S,42.98,45.94,2.97
9706,1387,M,35.46,42.98,7.51
9707,1387,C,20.74,35.46,14.72
9708,1387,A,14.97,20.74,5.78
9709,1387,K,11.97,14.97,3.0
9710,1388,R,51.7,56.37,4.67
9711,1388,L,45.95,51.7,5.76
9712,1388,S,42.97,45.95,2.97
9713,1388,M,35.46,42.97,7.51
9714,1388,C,20.72,35.46,14.74
9715,1388,A,14.93,20.72,5.79
9716,1388,K,11.93,14.93,3.0
9717,1389,R,51.71,56.38,4.67
9718,1389,L,45.95,51.71,5.76
9719,1389,S,42.97,45.95,2.98
9720,1389,M,35.47,42.97,7.51
9721,1389,C,20.7,35.47,14.77
9722,1389,A,14.89,20.7,5.81
9723,1389,K,11.89,14.89,3.0
9724,1390,R,51.72,56.39,4.67
9725,1390,L,45.95,51.72,5.77
9726,1390,S,42.97,45.95,2.98
9727,1390,M,35.47,42.97,7.5
9728,1390,C,20.68,35.47,14.79
9729,1390,A,14.85,20.68,5.83
9730,1390,K,11.85,14.85,3.0
9731,1391,R,51.73,56.4,4.67
9732,1391,L,45.96,51.73,5.78
9733,1391,S,42.98,45.96,2.98
9734,1391,M,35.48,42.98,7.49
9735,1391,C,20.66,35.48,14.82
9736,1391,A,14.81,20.66,5.85
9737,1391,K,11.81,14.81,3.0
9738,1392,R,51.75,56.41,4.66
9739,1392,L,45.96,51.75,5.78
9740,1392,S,42.98,45.96,2.99
9741,1392,M,35.49,42.98,7.49
9742,1392,C,20.64,35.49,14.85
9743,1392,A,14.77,20.64,5.87
9744,1392,K,11.77,14.77,3.0
9745,1393,R,51.76,56.42,4.66
9746,1393,L,45.97,51.76,5.79
9747,1393,S,42.98,45.97,2.99
9748,1393,M,35.5,42.98,7.48
9749,1393,C,20.62,35.5,14.88
9750,1393,A,14.73,20.62,5.89
9751,1393,K,11.73,14.73,3.0
9752,1394,R,51.77,56.43,4.66
9753,1394,L,45.98,51.77,5.8
9754,1394,S,42.98,45.98,2.99
9755,1394,M,35.51,42.98,7.48
9756,1394,C,20.61,35.51,14.9
9757,1394,A,14.7,20.61,5.91
9758,1394,K,11.7,14.7,3.0
9759,1395,R,51.79,56.45,4.66
9760,1395,L,45.98,51.79,5.8
9761,1395,S,42.99,45.98,3.0
9762,1395,M,35.52,42.99,7.47
9763,1395,C,20.59,35.52,14.93
9764,1395,A,14.66,20.59,5.93
9765,1395,K,11.66,14.66,3.0
9766,1396,R,51.8,56.46,4.66
9767,1396,L,45.99,51.8,5.81
9768,1396,S,42.99,45.99,3.0
9769,1396,M,35.53,42.99,7.46
9770,1396,C,20.57,35.53,14.96
9771,1396,A,14.63,20.57,5.94
9772,1396,K,11.63,14.63,3.0
9773,1397,R,51.81,56.47,4.66
9774,1397,L,46.0,51.81,5.81
9775,1397,S,43.0,46.0,3.0
9776,1397,M,35.55,43.0,7.45
9777,1397,C,20.56,35.55,14.99
9778,1397,A,14.6,20.56,5.96
9779,1397,K,11.6,14.6,3.0
9780,1398,R,51.83,56.49,4.66
9781,1398,L,46.01,51.83,5.82
9782,1398,S,43.0,46.01,3.0
9783,1398,M,35.56,43.0,7.44
9784,1398,C,20.55,35.56,15.01
9785,1398,A,14.56,20.55,5.98
9786,1398,K,11.56,14.56,3.0
9787,1399,R,51.84,56.5,4.66
9788,1399,L,46.02,51.84,5.83
9789,1399,S,43.01,46.02,3.01
9790,1399,M,35.58,43.01,7.43
9791,1399,C,20.54,35.58,15.04
9792,1399,A,14.53,20.54,6.0
9793,1399,K,11.53,14.53,3.0
9794,1400,R,51.86,56.52,4.66
9795,1400,L,46.03,51.86,5.83
9796,1400,S,43.02,46.03,3.01
9797,1400,M,35.59,43.02,7.42
9798,1400,C,20.53,35.59,15.07
9799,1400,A,14.5,20.53,6.02
9800,1400,K,11.5,14.5,3.0
9801,1401,R,51.88,56.53,4.66
9802,1401,L,46.04,51.88,5.84
9803,1401,S,43.03,46.04,3.01
9804,1401,M,35.61,43.03,7.41
9805,1401,C,20.52,35.61,15.1
9806,1401,A,14.48,20.52,6.04
9807,1401,K,11.48,14.48,3.0
9808,1402,R,51.89,56.55,4.66
9809,1402,L,46.05,51.89,5.84
9810,1402,S,43.04,46.05,3.01
9811,1402,M,35.63,43.04,7.4
9812,1402,C,20.51,35.63,15.13
9813,1402,A,14.45,20.51,6.06
9814,1402,K,11.45,14.45,3.0
9815,1403,R,51.91,56.57,4.66
9816,1403,L,46.06,51.91,5.85
9817,1403,S,43.05,46.06,3.01
9818,1403,M,35.65,43.05,7.39
9819,1403,C,20.5,35.65,15.15
9820,1403,A,14.42,20.5,6.08
9821,1403,K,11.42,14.42,3.0
9822,1404,R,51.93,56.58,4.65
9823,1404,L,46.07,51.93,5.86
9824,1404,S,43.06,46.07,3.01
9825,1404,M,35.68,43.06,7.38
9826,1404,C,20.5,35.68,15.18
9827,1404,A,14.4,20.5,6.1
9828,1404,K,11.4,14.4,3.0
9829,1405,R,51.95,56.6,4.65
9830,1405,L,46.08,51.95,5.86
9831,1405,S,43.07,46.08,3.02
9832,1405,M,35.7,43.07,7.37
9833,1405,C,20.49,35.7,15.21
9834,1405,A,14.37,20.49,6.12
9835,1405,K,11.37,14.37,3.0
9836,1406,R,51.96,56.62,4.65
9837,1406,L,46.1,51.96,5.87
9838,1406,S,43.08,46.1,3.02
9839,1406,M,35.73,43.08,7.36
9840,1406,C,20.49,35.73,15.24
9841,1406,A,14.35,20.49,6.14
9842,1406,K,11.35,14.35,3.0
9843,1407,R,51.98,56.64,4.65
9844,1407,L,46.11,51.98,5.87
9845,1407,S,43.1,46.11,3.02
9846,1407,M,35.75,43.1,7.34
9847,1407,C,20.49,35.75,15.27
9848,1407,A,14.33,20.49,6.16
9849,1407,K,11.33,14.33,3.0
9850,1408,R,52.0,56.65,4.65
9851,1408,L,46.13,52.0,5.88
9852,1408,S,43.11,46.13,3.02
9853,1408,M,35.78,43.11,7.33
9854,1408,C,20.48,35.78,15.29
9855,1408,A,14.31,20.48,6.18
9856,1408,K,11.31,14.31,3.0
9857,1409,R,52.02,56.67,4.65
9858,1409,L,46.14,52.02,5.88
9859,1409,S,43.12,46.14,3.02
9860,1409,M,35.81,43.12,7.32
9861,1409,C,20.49,35.81,15.32
9862,1409,A,14.29,20.49,6.19
9863,1409,K,11.29,14.29,3.0
9864,1410,R,52.04,56.69,4.65
9865,1410,L,46.16,52.04,5.89
9866,1410,S,43.14,46.16,3.02
9867,1410,M,35.84,43.14,7.3
9868,1410,C,20.49,35.84,15.35
9869,1410,A,14.27,20.49,6.21
9870,1410,K,11.27,14.27,3.0
9871,1411,R,52.06,56.71,4.65
9872,1411,L,46.17,52.06,5.89
9873,1411,S,43.16,46.17,3.02
9874,1411,M,35.87,43.16,7.29
9875,1411,C,20.49,35.87,15.38
9876,1411,A,14.26,20.49,6.23
9877,1411,K,11.26,14.26,3.0
9878,1412,R,52.08,56.73,4.65
9879,1412,L,46.19,52.08,5.9
9880,1412,S,43.17,46.19,3.02
9881,1412,M,35.9,43.17,7.27
9882,1412,C,20.5,35.9,15.41
9883,1412,A,14.24,20.5,6.25
9884,1412,K,11.24,14.24,3.0
9885,1413,R,52.11,56.75,4.65
9886,1413,L,46.21,52.11,5.9
9887,1413,S,43.19,46.21,3.01
9888,1413,M,35.94,43.19,7.25
9889,1413,C,20.5,35.94,15.44
9890,1413,A,14.23,20.5,6.27
9891,1413,K,11.23,14.23,3.0
9892,1414,R,52.13,56.77,4.65
9893,1414,L,46.22,52.13,5.9
9894,1414,S,43.21,46.22,3.01
9895,1414,M,35.97,43.21,7.24
9896,1414,C,20.51,35.97,15.46
9897,1414,A,14.22,20.51,6.29
9898,1414,K,11.22,14.22,3.0
9899,1415,R,52.15,56.8,4.65
9900,1415,L,46.24,52.15,5.91
9901,1415,S,43.23,46.24,3.01
9902,1415,M,36.01,43.23,7.22
9903,1415,C,20.52,36.01,15.49
9904,1415,A,14.21,20.52,6.31
9905,1415,K,11.21,14.21,3.0
9906,1416,R,52.17,56.82,4.65
9907,1416,L,46.26,52.17,5.91
9908,1416,S,43.25,46.26,3.01
9909,1416,M,36.05,43.25,7.2
9910,1416,C,20.53,36.05,15.52
9911,1416,A,14.2,20.53,6.33
9912,1416,K,11.2,14.2,3.0
9913,1417,R,52.19,56.84,4.65
9914,1417,L,46.28,52.19,5.92
9915,1417,S,43.27,46.28,3.01
9916,1417,M,36.09,43.27,7.19
9917,1417,C,20.54,36.09,15.55
9918,1417,A,14.2,20.54,6.34
9919,1417,K,11.2,14.2,3.0
9920,1418,R,52.22,56.86,4.64
9921,1418,L,46.3,52.22,5.92
9922,1418,S,43.29,46.3,3.01
9923,1418,M,36.13,43.29,7.17
9924,1418,C,20.55,36.13,15.57
9925,1418,A,14.19,20.55,6.36
9926,1418,K,11.19,14.19,3.0
9927,1419,R,52.24,56.89,4.64
9928,1419,L,46.32,52.24,5.92
9929,1419,S,43.32,46.32,3.0
9930,1419,M,36.17,43.32,7.15
9931,1419,C,20.57,36.17,15.6
9932,1419,A,14.19,20.57,6.38
9933,1419,K,11.19,14.19,3.0
9934,1420,R,52.27,56.91,4.64
9935,1420,L,46.34,52.27,5.93
9936,1420,S,43.34,46.34,3.0
9937,1420,M,36.21,43.34,7.13
9938,1420,C,20.58,36.21,15.63
9939,1420,A,14.19,20.58,6.4
9940,1420,K,11.19,14.19,3.0
9941,1421,R,52.29,56.93,4.64
9942,1421,L,46.36,52.29,5.93
9943,1421,S,43.36,46.36,3.0
9944,1421,M,36.26,43.36,7.11
9945,1421,C,20.6,36.26,15.66
9946,1421,A,14.18,20.6,6.42
9947,1421,K,11.18,14.18,3.0
9948,1422,R,52.32,56.96,4.64
9949,1422,L,46.38,52.32,5.93
9950,1422,S,43.39,46.38,2.99
9951,1422,M,36.3,43.39,7.09
9952,1422,C,20.62,36.3,15.68
9953,1422,A,14.19,20.62,6.43
9954,1422,K,11.19,14.19,3.0
9955,1423,R,52.34,56.98,4.64
9956,1423,L,46.41,52.34,5.94
9957,1423,S,43.41,46.41,2.99
9958,1423,M,36.35,43.41,7.07
9959,1423,C,20.64,36.35,15.71
9960,1423,A,14.19,20.64,6.45
9961,1423,K,11.19,14.19,3.0
9962,1424,R,52.37,57.01,4.64
9963,1424,L,46.43,52.37,5.94
9964,1424,S,43.44,46.43,2.99
9965,1424,M,36.4,43.44,7.04
9966,1424,C,20.66,36.4,15.74
9967,1424,A,14.19,20.66,6.47
9968,1424,K,11.19,14.19,3.0
9969,1425,R,52.39,57.03,4.64
9970,1425,L,46.45,52.39,5.94
9971,1425,S,43.47,46.45,2.98
9972,1425,M,36.45,43.47,7.02
9973,1425,C,20.69,36.45,15.76
9974,1425,A,14.2,20.69,6.48
9975,1425,K,11.2,14.2,3.0
9976,1426,R,52.42,57.05,4.64
9977,1426,L,46.48,52.42,5.94
9978,1426,S,43.5,46.48,2.98
9979,1426,M,36.5,43.5,7.0
9980,1426,C,20.71,36.5,15.79
9981,1426,A,14.21,20.71,6.5
9982,1426,K,11.21,14.21,3.0
9983,1427,R,52.45,57.08,4.64
9984,1427,L,46.5,52.45,5.94
9985,1427,S,43.53,46.5,2.97
9986,1427,M,36.55,43.53,6.97
9987,1427,C,20.74,36.55,15.81
9988,1427,A,14.22,20.74,6.52
9989,1427,K,11.22,14.22,3.0
9990,1428,R,52.47,57.11,4.63
9991,1428,L,46.53,52.47,5.95
9992,1428,S,43.56,46.53,2.97
9993,1428,M,36.6,43.56,6.95
9994,1428,C,20.77,36.6,15.84
9995,1428,A,14.23,20.77,6.53
9996,1428,K,11.23,14.23,3.0
9997,1429,R,52.5,57.13,4.63
9998,1429,L,46.55,52.5,5.95
9999,1429,S,43.59,46.55,2.97
10000,1429,M,36.66,43.59,6.93
10001,1429,C,20.79,36.66,15.87
10002,1429,A,14.24,20.79,6.55
10003,1429,K,11.24,14.24,3.0
10004,1430,R,52.53,57.16,4.63
10005,1430,L,46.58,52.53,5.95
10006,1430,S,43.62,46.58,2.96
10007,1430,M,36.72,43.62,6.9
10008,1430,C,20.83,36.72,15.89
10009,1430,A,14.26,20.83,6.57
10010,1430,K,11.26,14.26,3.0
10011,1431,R,52.55,57.18,4.63
10012,1431,L,46.6,52.55,5.95
10013,1431,S,43.65,46.6,2.95
10014,1431,M,36.77,43.65,6.88
10015,1431,C,20.86,36.77,15.92
10016,1431,A,14.28,20.86,6.58
10017,1431,K,11.28,14.28,3.0
10018,1432,R,52.58,57.21,4.63
10019,1432,L,46.63,52.58,5.95
10020,1432,S,43.68,46.63,2.95
10021,1432,M,36.83,43.68,6.85
10022,1432,C,20.89,36.83,15.94
10023,1432,A,14.3,20.89,6.6
10024,1432,K,11.3,14.3,3.0
10025,1433,R,52.61,57.24,4.63
10026,1433,L,46.66,52.61,5.95
10027,1433,S,43.72,46.66,2.94
10028,1433,M,36.89,43.72,6.82
10029,1433,C,20.93,36.89,15.96
10030,1433,A,14.32,20.93,6.61
10031,1433,K,11.32,14.32,3.0
10032,1434,R,52.64,57.26,4.62
10033,1434,L,46.69,52.64,5.95
10034,1434,S,43.75,46.69,2.94
10035,1434,M,36.95,43.75,6.8
10036,1434,C,20.97,36.95,15.99
10037,1434,A,14.34,20.97,6.63
10038,1434,K,11.34,14.34,3.0
10039,1435,R,52.67,57.29,4.62
10040,1435,L,46.72,52.67,5.95
10041,1435,S,43.78,46.72,2.93
10042,1435,M,37.02,43.78,6.77
10043,1435,C,21.0,37.02,16.01
10044,1435,A,14.36,21.0,6.64
10045,1435,K,11.36,14.36,3.0
10046,1436,R,52.7,57.32,4.62
10047,1436,L,46.74,52.7,5.95
10048,1436,S,43.82,46.74,2.92
10049,1436,M,37.08,43.82,6.74
10050,1436,C,21.04,37.08,16.04
10051,1436,A,14.39,21.04,6.66
10052,1436,K,11.39,14.39,3.0
10053,1437,R,52.73,57.35,4.62
10054,1437,L,46.77,52.73,5.95
10055,1437,S,43.86,46.77,2.92
10056,1437,M,37.15,43.86,6.71
10057,1437,C,21.09,37.15,16.06
10058,1437,A,14.42,21.09,6.67
10059,1437,K,11.42,14.42,3.0
10060,1438,R,52.76,57.37,4.62
10061,1438,L,46.8,52.76,5.95
10062,1438,S,43.89,46.8,2.91
10063,1438,M,37.21,43.89,6.68
10064,1438,C,21.13,37.21,16.08
10065,1438,A,14.45,21.13,6.68
10066,1438,K,11.45,14.45,3.0
10067,1439,R,52.79,57.4,4.61
10068,1439,L,46.83,52.79,5.95
10069,1439,S,43.93,46.83,2.9
10070,1439,M,37.28,43.93,6.65
10071,1439,C,21.17,37.28,16.1
10072,1439,A,14.48,21.17,6.7
10073,1439,K,11.48,14.48,3.0
10074,1440,R,52.82,57.43,4.61
10075,1440,L,46.86,52.82,5.95
10076,1440,S,43.97,46.86,2.89
10077,1440,M,37.35,43.97,6.62
10078,1440,C,21.22,37.35,16.13
10079,1440,A,14.51,21.22,6.71
10080,1440,K,11.51,14.51,3.0
10081,1441,R,52.85,57.46,4.61
10082,1441,L,46.9,52.85,5.95
10083,1441,S,44.01,46.9,2.89
10084,1441,M,37.42,44.01,6.59
10085,1441,C,21.27,37.42,16.15
10086,1441,A,14.55,21.27,6.72
10087,1441,K,11.55,14.55,3.0
10088,1442,R,52.88,57.49,4.61
10089,1442,L,46.93,52.88,5.95
10090,1442,S,44.05,46.93,2.88
10091,1442,M,37.49,44.05,6.56
10092,1442,C,21.32,37.49,16.17
10093,1442,A,14.58,21.32,6.73
10094,1442,K,11.58,14.58,3.0
10095,1443,R,52.91,57.52,4.6
10096,1443,L,46.96,52.91,5.95
10097,1443,S,44.09,46.96,2.87
10098,1443,M,37.56,44.09,6.53
10099,1443,C,21.37,37.56,16.19
10100,1443,A,14.62,21.37,6.75
10101,1443,K,11.62,14.62,3.0
10102,1444,R,52.94,57.54,4.6
10103,1444,L,46.99,52.94,5.95
10104,1444,S,44.13,46.99,2.86
10105,1444,M,37.63,44.13,6.5
10106,1444,C,21.42,37.63,16.21
10107,1444,A,14.66,21.42,6.76
10108,1444,K,11.66,14.66,3.0
10109,1445,R,52.97,57.57,4.6
10110,1445,L,47.03,52.97,5.95
10111,1445,S,44.17,47.03,2.85
10112,1445,M,37.71,44.17,6.46
10113,1445,C,21.48,37.71,16.23
10114,1445,A,14.71,21.48,6.77
10115,1445,K,11.71,14.71,3.0
10116,1446,R,53.0,57.6,4.6
10117,1446,L,47.06,53.0,5.95
10118,1446,S,44.21,47.06,2.84
10119,1446,M,37.78,44.21,6.43
10120,1446,C,21.53,37.78,16.25
10121,1446,A,14.75,21.53,6.78
10122,1446,K,11.75,14.75,3.0
10123,1447,R,53.04,57.63,4.59
10124,1447,L,47.09,53.04,5.94
10125,1447,S,44.26,47.09,2.83
10126,1447,M,37.86,44.26,6.4
10127,1447,C,21.59,37.86,16.27
10128,1447,A,14.8,21.59,6.79
10129,1447,K,11.8,14.8,3.0
10130,1448,R,53.07,57.66,4.59
10131,1448,L,47.13,53.07,5.94
10132,1448,S,44.3,47.13,2.83
10133,1448,M,37.94,44.3,6.36
10134,1448,C,21.65,37.94,16.29
10135,1448,A,14.85,21.65,6.8
10136,1448,K,11.85,14.85,3.0
10137,1449,R,53.1,57.69,4.59
10138,1449,L,47.16,53.1,5.94
10139,1449,S,44.35,47.16,2.82
10140,1449,M,38.02,44.35,6.33
10141,1449,C,21.71,38.02,16.31
10142,1449,A,14.9,21.71,6.81
10143,1449,K,11.9,14.9,3.0
10144,1450,R,53.13,57.72,4.58
10145,1450,L,47.2,53.13,5.94
10146,1450,S,44.39,47.2,2.81
10147,1450,M,38.1,44.39,6.29
10148,1450,C,21.77,38.1,16.33
10149,1450,A,14.95,21.77,6.82
10150,1450,K,11.95,14.95,3.0
10151,1451,R,53.17,57.74,4.58
10152,1451,L,47.23,53.17,5.93
10153,1451,S,44.44,47.23,2.8
10154,1451,M,38.18,44.44,6.26
10155,1451,C,21.83,38.18,16.35
10156,1451,A,15.0,21.83,6.83
10157,1451,K,12.0,15.0,3.0
10158,1452,R,53.2,57.77,4.58
10159,1452,L,47.27,53.2,5.93
10160,1452,S,44.48,47.27,2.79
10161,1452,M,38.26,44.48,6.22
10162,1452,C,21.9,38.26,16.36
10163,1452,A,15.06,21.9,6.84
10164,1452,K,12.06,15.06,3.0
10165,1453,R,53.23,57.8,4.57
10166,1453,L,47.3,53.23,5.93
10167,1453,S,44.53,47.3,2.77
10168,1453,M,38.34,44.53,6.19
10169,1453,C,21.96,38.34,16.38
10170,1453,A,15.12,21.96,6.84
10171,1453,K,12.12,15.12,3.0
10172,1454,R,53.26,57.83,4.57
10173,1454,L,47.34,53.26,5.93
10174,1454,S,44.57,47.34,2.76
10175,1454,M,38.43,44.57,6.15
10176,1454,C,22.03,38.43,16.4
10177,1454,A,15.18,22.03,6.85
10178,1454,K,12.18,15.18,3.0
10179,1455,R,53.3,57.86,4.56
10180,1455,L,47.37,53.3,5.92
10181,1455,S,44.62,47.37,2.75
10182,1455,M,38.51,44.62,6.11
10183,1455,C,22.1,38.51,16.41
10184,1455,A,15.24,22.1,6.86
10185,1455,K,12.24,15.24,3.0
10186,1456,R,53.33,57.89,4.56
10187,1456,L,47.41,53.33,5.92
10188,1456,S,44.67,47.41,2.74
10189,1456,M,38.6,44.67,6.07
10190,1456,C,22.17,38.6,16.43
10191,1456,A,15.3,22.17,6.87
10192,1456,K,12.3,15.3,3.0
10193,1457,R,53.36,57.92,4.56
10194,1457,L,47.45,53.36,5.91
10195,1457,S,44.72,47.45,2.73
10196,1457,M,38.68,44.72,6.04
10197,1457,C,22.24,38.68,16.44
10198,1457,A,15.37,22.24,6.87
10199,1457,K,12.37,15.37,3.0
10200,1458,R,53.4,57.95,4.55
10201,1458,L,47.49,53.4,5.91
10202,1458,S,44.77,47.49,2.72
10203,1458,M,38.77,44.77,6.0
10204,1458,C,22.31,38.77,16.46
10205,1458,A,15.43,22.31,6.88
10206,1458,K,12.43,15.43,3.0
10207,1459,R,53.43,57.98,4.55
10208,1459,L,47.52,53.43,5.9
10209,1459,S,44.82,47.52,2.71
10210,1459,M,38.86,44.82,5.96
10211,1459,C,22.39,38.86,16.47
10212,1459,A,15.5,22.39,6.89
10213,1459,K,12.5,15.5,3.0
10214,1460,R,53.46,58.0,4.54
10215,1460,L,47.56,53.46,5.9
10216,1460,S,44.87,47.56,2.7
10217,1460,M,38.95,44.87,5.92
10218,1460,C,22.46,38.95,16.49
10219,1460,A,15.57,22.46,6.89
10220,1460,K,12.57,15.57,3.0
10221,1461,R,53.5,58.03,4.54
10222,1461,L,47.6,53.5,5.9
10223,1461,S,44.92,47.6,2.68
10224,1461,M,39.04,44.92,5.88
10225,1461,C,22.54,39.04,16.5
10226,1461,A,15.64,22.54,6.9
10227,1461,K,12.64,15.64,3.0
10228,1462,R,53.53,58.06,4.53
10229,1462,L,47.64,53.53,5.89
10230,1462,S,44.97,47.64,2.67
10231,1462,M,39.13,44.97,5.84
10232,1462,C,22.62,39.13,16.51
10233,1462,A,15.72,22.62,6.9
10234,1462,K,12.72,15.72,3.0
10235,1463,R,53.56,58.09,4.53
10236,1463,L,47.68,53.56,5.89
10237,1463,S,45.02,47.68,2.66
10238,1463,M,39.22,45.02,5.8
10239,1463,C,22.7,39.22,16.52
10240,1463,A,15.79,22.7,6.9
10241,1463,K,12.79,15.79,3.0
10242,1464,R,53.6,58.12,4.52
10243,1464,L,47.72,53.6,5.88
10244,1464,S,45.07,47.72,2.65
10245,1464,M,39.31,45.07,5.76
10246,1464,C,22.78,39.31,16.54
10247,1464,A,15.87,22.78,6.91
10248,1464,K,12.87,15.87,3.0
10249,1465,R,53.63,58.15,4.52
10250,1465,L,47.76,53.63,5.87
10251,1465,S,45.12,47.76,2.63
10252,1465,M,39.41,45.12,5.72
10253,1465,C,22.86,39.41,16.55
10254,1465,A,15.95,22.86,6.91
10255,1465,K,12.95,15.95,3.0
10256,1466,R,53.66,58.17,4.51
10257,1466,L,47.8,53.66,5.87
10258,1466,S,45.17,47.8,2.62
10259,1466,M,39.5,45.17,5.67
10260,1466,C,22.94,39.5,16.56
10261,1466,A,16.03,22.94,6.91
10262,1466,K,13.03,16.03,3.0
10263,1467,R,53.7,58.2,4.51
10264,1467,L,47.83,53.7,5.86
10265,1467,S,45.23,47.83,2.61
10266,1467,M,39.6,45.23,5.63
10267,1467,C,23.03,39.6,16.57
10268,1467,A,16.11,23.03,6.92
10269,1467,K,13.11,16.11,3.0
10270,1468,R,53.73,58.23,4.5
10271,1468,L,47.87,53.73,5.86
10272,1468,S,45.28,47.87,2.59
10273,1468,M,39.69,45.28,5.59
10274,1468,C,23.11,39.69,16.58
10275,1468,A,16.2,23.11,6.92
10276,1468,K,13.2,16.2,3.0
10277,1469,R,53.76,58.26,4.49
10278,1469,L,47.91,53.76,5.85
10279,1469,S,45.33,47.91,2.58
10280,1469,M,39.79,45.33,5.55
10281,1469,C,23.2,39.79,16.59
10282,1469,A,16.28,23.2,6.92
10283,1469,K,13.28,16.28,3.0
10284,1470,R,53.8,58.29,4.49
10285,1470,L,47.95,53.8,5.84
10286,1470,S,45.39,47.95,2.57
10287,1470,M,39.88,45.39,5.5
10288,1470,C,23.29,39.88,16.6
10289,1470,A,16.37,23.29,6.92
10290,1470,K,13.37,16.37,3.0
10291,1471,R,53.83,58.31,4.48
10292,1471,L,47.99,53.83,5.84
10293,1471,S,45.44,47.99,2.55
10294,1471,M,39.98,45.44,5.46
10295,1471,C,23.38,39.98,16.6
10296,1471,A,16.46,23.38,6.92
10297,1471,K,13.46,16.46,3.0
10298,1472,R,53.86,58.34,4.48
10299,1472,L,48.04,53.86,5.83
10300,1472,S,45.5,48.04,2.54
10301,1472,M,40.08,45.5,5.42
10302,1472,C,23.47,40.08,16.61
10303,1472,A,16.55,23.47,6.92
10304,1472,K,13.55,16.55,3.0
10305,1473,R,53.9,58.37,4.47
10306,1473,L,48.08,53.9,5.82
10307,1473,S,45.55,48.08,2.53
10308,1473,M,40.18,45.55,5.37
10309,1473,C,23.56,40.18,16.62
10310,1473,A,16.64,23.56,6.92
10311,1473,K,13.64,16.64,3.0
10312,1474,R,53.93,58.39,4.46
10313,1474,L,48.12,53.93,5.81
10314,1474,S,45.6,48.12,2.51
10315,1474,M,40.28,45.6,5.33
10316,1474,C,23.65,40.28,16.63
10317,1474,A,16.73,23.65,6.92
10318,1474,K,13.73,16.73,3.0
10319,1475,R,53.96,58.42,4.45
10320,1475,L,48.16,53.96,5.81
10321,1475,S,45.66,48.16,2.5
10322,1475,M,40.38,45.66,5.28
10323,1475,C,23.75,40.38,16.63
10324,1475,A,16.83,23.75,6.92
10325,1475,K,13.83,16.83,3.0
10326,1476,R,54.0,58.45,4.45
10327,1476,L,48.2,54.0,5.8
10328,1476,S,45.71,48.2,2.48
10329,1476,M,40.48,45.71,5.24
10330,1476,C,23.84,40.48,16.64
10331,1476,A,16.93,23.84,6.91
10332,1476,K,13.93,16.93,3.0
10333,1477,R,54.03,58.47,4.44
10334,1477,L,48.24,54.03,5.79
10335,1477,S,45.77,48.24,2.47
10336,1477,M,40.58,45.77,5.19
10337,1477,C,23.94,40.58,16.64
10338,1477,A,17.02,23.94,6.91
10339,1477,K,14.02,17.02,3.0
10340,1478,R,54.06,58.5,4.43
10341,1478,L,48.28,54.06,5.78
10342,1478,S,45.83,48.28,2.46
10343,1478,M,40.68,45.83,5.15
10344,1478,C,24.03,40.68,16.65
10345,1478,A,17.12,24.03,6.91
10346,1478,K,14.12,17.12,3.0
10347,1479,R,54.1,58.52,4.43
10348,1479,L,48.32,54.1,5.78
10349,1479,S,45.88,48.32,2.44
10350,1479,M,40.78,45.88,5.1
10351,1479,C,24.13,40.78,16.65
10352,1479,A,17.23,24.13,6.9
10353,1479,K,14.23,17.23,3.0
10354,1480,R,54.13,58.55,4.42
10355,1480,L,48.36,54.13,5.77
10356,1480,S,45.94,48.36,2.43
10357,1480,M,40.88,45.94,5.05
10358,1480,C,24.23,40.88,16.65
10359,1480,A,17.33,24.23,6.9
10360,1480,K,14.33,17.33,3.0
10361,1481,R,54.16,58.57,4.41
10362,1481,L,48.4,54.16,5.76
10363,1481,S,45.99,48.4,2.41
10364,1481,M,40.99,45.99,5.01
10365,1481,C,24.33,40.99,16.66
10366,1481,A,17.43,24.33,6.9
10367,1481,K,14.43,17.43,3.0
10368,1482,R,54.2,58.6,4.4
10369,1482,L,48.45,54.2,5.75
10370,1482,S,46.05,48.45,2.4
10371,1482,M,41.09,46.05,4.96
10372,1482,C,24.43,41.09,16.66
10373,1482,A,17.54,24.43,6.89
10374,1482,K,14.54,17.54,3.0
10375,1483,R,54.23,58.62,4.39
10376,1483,L,48.49,54.23,5.74
10377,1483,S,46.11,48.49,2.38
10378,1483,M,41.19,46.11,4.91
10379,1483,C,24.53,41.19,16.66
10380,1483,A,17.64,24.53,6.89
10381,1483,K,14.64,17.64,3.0
10382,1484,R,54.26,58.65,4.39
10383,1484,L,48.53,54.26,5.73
10384,1484,S,46.16,48.53,2.37
10385,1484,M,41.29,46.16,4.87
10386,1484,C,24.63,41.29,16.66
10387,1484,A,17.75,24.63,6.88
10388,1484,K,14.75,17.75,3.0
10389,1485,R,54.29,58.67,4.38
10390,1485,L,48.57,54.29,5.72
10391,1485,S,46.22,48.57,2.35
10392,1485,M,41.4,46.22,4.82
10393,1485,C,24.73,41.4,16.66
10394,1485,A,17.86,24.73,6.87
10395,1485,K,14.86,17.86,3.0
10396,1486,R,54.33,58.69,4.37
10397,1486,L,48.61,54.33,5.71
10398,1486,S,46.27,48.61,2.34
10399,1486,M,41.5,46.27,4.77
10400,1486,C,24.84,41.5,16.66
10401,1486,A,17.97,24.84,6.87
10402,1486,K,14.97,17.97,3.0
10403,1487,R,54.36,58.72,4.36
10404,1487,L,48.65,54.36,5.7
10405,1487,S,46.33,48.65,2.32
10406,1487,M,41.61,46.33,4.72
10407,1487,C,24.94,41.61,16.66
10408,1487,A,18.08,24.94,6.86
10409,1487,K,15.08,18.08,3.0
10410,1488,R,54.39,58.74,4.35
10411,1488,L,48.69,54.39,5.69
10412,1488,S,46.39,48.69,2.31
10413,1488,M,41.71,46.39,4.68
10414,1488,C,25.05,41.71,16.66
10415,1488,A,18.2,25.05,6.85
10416,1488,K,15.2,18.2,3.0
10417,1489,R,54.42,58.76,4.34
10418,1489,L,48.74,54.42,5.68
10419,1489,S,46.44,48.74,2.29
10420,1489,M,41.82,46.44,4.63
10421,1489,C,25.15,41.82,16.66
10422,1489,A,18.31,25.15,6.84
10423,1489,K,15.31,18.31,3.0
10424,1490,R,54.45,58.79,4.33
10425,1490,L,48.78,54.45,5.68
10426,1490,S,46.5,48.78,2.28
10427,1490,M,41.92,46.5,4.58
10428,1490,C,25.26,41.92,16.66
10429,1490,A,18.42,25.26,6.84
10430,1490,K,15.42,18.42,3.0
10431,1491,R,54.48,58.81,4.32
10432,1491,L,48.82,54.48,5.67
10433,1491,S,46.56,48.82,2.26
10434,1491,M,42.02,46.56,4.53
10435,1491,C,25.37,42.02,16.66
10436,1491,A,18.54,25.37,6.83
10437,1491,K,15.54,18.54,3.0
10438,1492,R,54.51,58.83,4.31
10439,1492,L,48.86,54.51,5.66
10440,1492,S,46.61,48.86,2.25
10441,1492,M,42.13,46.61,4.48
10442,1492,C,25.47,42.13,16.66
10443,1492,A,18.66,25.47,6.82
10444,1492,K,15.66,18.66,3.0
10445,1493,R,54.54,58.85,4.31
10446,1493,L,48.9,54.54,5.64
10447,1493,S,46.67,48.9,2.23
10448,1493,M,42.23,46.67,4.43
10449,1493,C,25.58,42.23,16.65
10450,1493,A,18.78,25.58,6.81
10451,1493,K,15.78,18.78,3.0
10452,1494,R,54.58,58.87,4.3
10453,1494,L,48.94,54.58,5.63
10454,1494,S,46.72,48.94,2.22
10455,1494,M,42.34,46.72,4.39
10456,1494,C,25.69,42.34,16.65
10457,1494,A,18.89,25.69,6.8
10458,1494,K,15.89,18.89,3.0
10459,1495,R,54.61,58.89,4.29
10460,1495,L,48.98,54.61,5.62
10461,1495,S,46.78,48.98,2.2
10462,1495,M,42.44,46.78,4.34
10463,1495,C,25.8,42.44,16.64
10464,1495,A,19.01,25.8,6.79
10465,1495,K,16.01,19.01,3.0
10466,1496,R,54.64,58.91,4.28
10467,1496,L,49.02,54.64,5.61
10468,1496,S,46.84,49.02,2.19
10469,1496,M,42.55,46.84,4.29
10470,1496,C,25.91,42.55,16.64
10471,1496,A,19.14,25.91,6.77
10472,1496,K,16.14,19.14,3.0
10473,1497,R,54.67,58.93,4.26
10474,1497,L,49.06,54.67,5.6
10475,1497,S,46.89,49.06,2.17
10476,1497,M,42.65,46.89,4.24
10477,1497,C,26.02,42.65,16.63
10478,1497,A,19.26,26.02,6.76
10479,1497,K,16.26,19.26,3.0
10480,1498,R,54.7,58.95,4.25
10481,1498,L,49.1,54.7,5.59
10482,1498,S,46.95,49.1,2.15
10483,1498,M,42.76,46.95,4.19
10484,1498,C,26.13,42.76,16.63
10485,1498,A,19.38,26.13,6.75
10486,1498,K,16.38,19.38,3.0
10487,1499,R,54.72,58.97,4.24
10488,1499,L,49.14,54.72,5.58
10489,1499,S,47.0,49.14,2.14
10490,1499,M,42.86,47.0,4.14
10491,1499,C,26.24,42.86,16.62
10492,1499,A,19.5,26.24,6.74
10493,1499,K,16.5,19.5,3.0
10494,1500,R,54.75,58.99,4.23
10495,1500,L,49.18,54.75,5.57
10496,1500,S,47.06,49.18,2.12
10497,1500,M,42.97,47.06,4.09
10498,1500,C,26.35,42.97,16.62
10499,1500,A,19.63,26.35,6.72
10500,1500,K,16.63,19.63,3.0
10501,1501,R,54.78,59.0,4.22
10502,1501,L,49.22,54.78,5.56
10503,1501,S,47.11,49.22,2.11
10504,1501,M,43.07,47.11,4.04
10505,1501,C,26.46,43.07,16.61
10506,1501,A,19.75,26.46,6.71
10507,1501,K,16.75,19.75,3.0
10508,1502,R,54.81,59.02,4.21
10509,1502,L,49.26,54.81,5.55
10510,1502,S,47.17,49.26,2.09
10511,1502,M,43.18,47.17,3.99
10512,1502,C,26.58,43.18,16.6
10513,1502,A,19.88,26.58,6.7
10514,1502,K,16.88,19.88,3.0
10515,1503,R,54.84,59.04,4.2
10516,1503,L,49.3,54.84,5.54
10517,1503,S,47.22,49.3,2.08
10518,1503,M,43.28,47.22,3.94
10519,1503,C,26.69,43.28,16.59
10520,1503,A,20.01,26.69,6.68
10521,1503,K,17.01,20.01,3.0
10522,1504,R,54.87,59.06,4.19
10523,1504,L,49.34,54.87,5.53
10524,1504,S,47.28,49.34,2.06
10525,1504,M,43.38,47.28,3.89
10526,1504,C,26.8,43.38,16.58
10527,1504,A,20.13,26.8,6.67
10528,1504,K,17.13,20.13,3.0
10529,1505,R,54.9,59.07,4.18
10530,1505,L,49.38,54.9,5.51
10531,1505,S,47.33,49.38,2.05
10532,1505,M,43.49,47.33,3.84
10533,1505,C,26.91,43.49,16.58
10534,1505,A,20.26,26.91,6.65
10535,1505,K,17.26,20.26,3.0
10536,1506,R,54.92,59.09,4.17
10537,1506,L,49.42,54.92,5.5
10538,1506,S,47.39,49.42,2.03
10539,1506,M,43.59,47.39,3.79
10540,1506,C,27.03,43.59,16.57
10541,1506,A,20.39,27.03,6.64
10542,1506,K,17.39,20.39,3.0
10543,1507,R,54.95,59.1,4.15
10544,1507,L,49.46,54.95,5.49
10545,1507,S,47.44,49.46,2.02
10546,1507,M,43.69,47.44,3.74
10547,1507,C,27.14,43.69,16.56
10548,1507,A,20.52,27.14,6.62
10549,1507,K,17.52,20.52,3.0
10550,1508,R,54.98,59.12,4.14
10551,1508,L,49.5,54.98,5.48
10552,1508,S,47.49,49.5,2.01
10553,1508,M,43.8,47.49,3.69
10554,1508,C,27.25,43.8,16.55
10555,1508,A,20.65,27.25,6.6
10556,1508,K,17.65,20.65,3.0
10557,1509,R,55.0,59.13,4.13
10558,1509,L,49.54,55.0,5.47
10559,1509,S,47.54,49.54,1.99
10560,1509,M,43.9,47.54,3.64
10561,1509,C,27.36,43.9,16.54
10562,1509,A,20.78,27.36,6.59
10563,1509,K,17.78,20.78,3.0
10564,1510,R,55.03,59.15,4.12
10565,1510,L,49.57,55.03,5.46
10566,1510,S,47.6,49.57,1.98
10567,1510,M,44.0,47.6,3.6
10568,1510,C,27.48,44.0,16.52
10569,1510,A,20.91,27.48,6.57
10570,1510,K,17.91,20.91,3.0
10571,1511,R,55.06,59.16,4.11
10572,1511,L,49.61,55.06,5.44
10573,1511,S,47.65,49.61,1.96
10574,1511,M,44.1,47.65,3.55
10575,1511,C,27.59,44.1,16.51
10576,1511,A,21.04,27.59,6.55
10577,1511,K,18.04,21.04,3.0
10578,1512,R,55.08,59.17,4.09
10579,1512,L,49.65,55.08,5.43
10580,1512,S,47.7,49.65,1.95
10581,1512,M,44.2,47.7,3.5
10582,1512,C,27.7,44.2,16.5
10583,1512,A,21.17,27.7,6.53
10584,1512,K,18.17,21.17,3.0
10585,1513,R,55.11,59.19,4.08
10586,1513,L,49.69,55.11,5.42
10587,1513,S,47.75,49.69,1.93
10588,1513,M,44.3,47.75,3.45
10589,1513,C,27.82,44.3,16.49
10590,1513,A,21.3,27.82,6.51
10591,1513,K,18.3,21.3,3.0
10592,1514,R,55.13,59.2,4.07
10593,1514,L,49.72,55.13,5.41
10594,1514,S,47.8,49.72,1.92
10595,1514,M,44.4,47.8,3.4
10596,1514,C,27.93,44.4,16.48
10597,1514,A,21.43,27.93,6.5
10598,1514,K,18.43,21.43,3.0
10599,1515,R,55.16,59.21,4.06
10600,1515,L,49.76,55.16,5.4
10601,1515,S,47.85,49.76,1.91
10602,1515,M,44.5,47.85,3.35
10603,1515,C,28.04,44.5,16.46
10604,1515,A,21.57,28.04,6.48
10605,1515,K,18.57,21.57,3.0
10606,1516,R,55.18,59.22,4.04
10607,1516,L,49.79,55.18,5.38
10608,1516,S,47.9,49.79,1.89
10609,1516,M,44.6,47.9,3.3
10610,1516,C,28.15,44.6,16.45
10611,1516,A,21.7,28.15,6.46
10612,1516,K,18.7,21.7,3.0
10613,1517,R,55.2,59.23,4.03
10614,1517,L,49.83,55.2,5.37
10615,1517,S,47.95,49.83,1.88
10616,1517,M,44.7,47.95,3.25
10617,1517,C,28.27,44.7,16.44
10618,1517,A,21.83,28.27,6.44
10619,1517,K,18.83,21.83,3.0
10620,1518,R,55.23,59.24,4.02
10621,1518,L,49.87,55.23,5.36
10622,1518,S,48.0,49.87,1.86
10623,1518,M,44.8,48.0,3.2
10624,1518,C,28.38,44.8,16.42
10625,1518,A,21.96,28.38,6.42
10626,1518,K,18.96,21.96,3.0
10627,1519,R,55.25,59.25,4.0
10628,1519,L,49.9,55.25,5.35
10629,1519,S,48.05,49.9,1.85
10630,1519,M,44.9,48.05,3.15
10631,1519,C,28.49,44.9,16.41
10632,1519,A,22.09,28.49,6.4
10633,1519,K,19.09,22.09,3.0
10634,1520,R,55.27,59.26,3.99
10635,1520,L,49.94,55.27,5.34
10636,1520,S,48.1,49.94,1.84
10637,1520,M,44.99,48.1,3.1
10638,1520,C,28.6,44.99,16.39
10639,1520,A,22.23,28.6,6.37
10640,1520,K,19.23,22.23,3.0
10641,1521,R,55.3,59.27,3.98
10642,1521,L,49.97,55.3,5.32
10643,1521,S,48.15,49.97,1.83
10644,1521,M,45.09,48.15,3.06
10645,1521,C,28.71,45.09,16.38
10646,1521,A,22.36,28.71,6.35
10647,1521,K,19.36,22.36,3.0
10648,1522,R,55.32,59.28,3.96
10649,1522,L,50.0,55.32,5.31
10650,1522,S,48.19,50.0,1.81
10651,1522,M,45.19,48.19,3.01
10652,1522,C,28.82,45.19,16.36
10653,1522,A,22.49,28.82,6.33
10654,1522,K,19.49,22.49,3.0
10655,1523,R,55.34,59.29,3.95
10656,1523,L,50.04,55.34,5.3
10657,1523,S,48.24,50.04,1.8
10658,1523,M,45.28,48.24,2.96
10659,1523,C,28.93,45.28,16.34
10660,1523,A,22.62,28.93,6.31
10661,1523,K,19.62,22.62,3.0
10662,1524,R,55.36,59.3,3.94
10663,1524,L,50.07,55.36,5.29
10664,1524,S,48.28,50.07,1.79
10665,1524,M,45.37,48.28,2.91
10666,1524,C,29.05,45.37,16.33
10667,1524,A,22.76,29.05,6.29
10668,1524,K,19.76,22.76,3.0
10669,1525,R,55.38,59.3,3.92
10670,1525,L,50.1,55.38,5.28
10671,1525,S,48.33,50.1,1.77
10672,1525,M,45.47,48.33,2.86
10673,1525,C,29.15,45.47,16.31
10674,1525,A,22.89,29.15,6.27
10675,1525,K,19.89,22.89,3.0
10676,1526,R,55.4,59.31,3.91
10677,1526,L,50.14,55.4,5.26
10678,1526,S,48.37,50.14,1.76
10679,1526,M,45.56,48.37,2.82
10680,1526,C,29.26,45.56,16.3
10681,1526,A,23.02,29.26,6.24
10682,1526,K,20.02,23.02,3.0
10683,1527,R,55.42,59.32,3.9
10684,1527,L,50.17,55.42,5.25
10685,1527,S,48.42,50.17,1.75
10686,1527,M,45.65,48.42,2.77
10687,1527,C,29.37,45.65,16.28
10688,1527,A,23.15,29.37,6.22
10689,1527,K,20.15,23.15,3.0
10690,1528,R,55.44,59.32,3.88
10691,1528,L,50.2,55.44,5.24
10692,1528,S,48.46,50.2,1.74
10693,1528,M,45.74,48.46,2.72
10694,1528,C,29.48,45.74,16.26
10695,1528,A,23.28,29.48,6.2
10696,1528,K,20.28,23.28,3.0
10697,1529,R,55.46,59.33,3.87
10698,1529,L,50.23,55.46,5.23
10699,1529,S,48.51,50.23,1.73
10700,1529,M,45.83,48.51,2.67
10701,1529,C,29.59,45.83,16.24
10702,1529,A,23.42,29.59,6.17
10703,1529,K,20.42,23.42,3.0
10704,1530,R,55.48,59.33,3.85
10705,1530,L,50.26,55.48,5.22
10706,1530,S,48.55,50.26,1.72
10707,1530,M,45.92,48.55,2.63
10708,1530,C,29.69,45.92,16.23
10709,1530,A,23.55,29.69,6.15
10710,1530,K,20.55,23.55,3.0
10711,1531,R,55.5,59.34,3.84
10712,1531,L,50.29,55.5,5.2
10713,1531,S,48.59,50.29,1.7
10714,1531,M,46.01,48.59,2.58
10715,1531,C,29.8,46.01,16.21
10716,1531,A,23.68,29.8,6.12
10717,1531,K,20.68,23.68,3.0
10718,1532,R,55.52,59.34,3.82
10719,1532,L,50.32,55.52,5.19
10720,1532,S,48.63,50.32,1.69
10721,1532,M,46.1,48.63,2.53
10722,1532,C,29.91,46.1,16.19
10723,1532,A,23.81,29.91,6.1
10724,1532,K,20.81,23.81,3.0
10725,1533,R,55.53,59.34,3.81
10726,1533,L,50.35,55.53,5.18
10727,1533,S,48.67,50.35,1.68
10728,1533,M,46.18,48.67,2.49
10729,1533,C,30.01,46.18,16.17
10730,1533,A,23.94,30.01,6.08
10731,1533,K,20.94,23.94,3.0
10732,1534,R,55.55,59.35,3.8
10733,1534,L,50.38,55.55,5.17
10734,1534,S,48.71,50.38,1.67
10735,1534,M,46.27,48.71,2.44
10736,1534,C,30.12,46.27,16.15
10737,1534,A,24.07,30.12,6.05
10738,1534,K,21.07,24.07,3.0
10739,1535,R,55.57,59.35,3.78
10740,1535,L,50.41,55.57,5.16
10741,1535,S,48.75,50.41,1.66
10742,1535,M,46.35,48.75,2.4
10743,1535,C,30.22,46.35,16.13
10744,1535,A,24.19,30.22,6.03
10745,1535,K,21.19,24.19,3.0
10746,1536,R,55.59,59.35,3.77
10747,1536,L,50.44,55.59,5.15
10748,1536,S,48.79,50.44,1.65
10749,1536,M,46.44,48.79,2.35
10750,1536,C,30.32,46.44,16.11
10751,1536,A,24.32,30.32,6.0
10752,1536,K,21.32,24.32,3.0
10753,1537,R,55.6,59.35,3.75
10754,1537,L,50.47,55.6,5.13
10755,1537,S,48.82,50.47,1.64
10756,1537,M,46.52,48.82,2.31
10757,1537,C,30.42,46.52,16.09
10758,1537,A,24.45,30.42,5.97
10759,1537,K,21.45,24.45,3.0
10760,1538,R,55.62,59.35,3.74
10761,1538,L,50.49,55.62,5.12
10762,1538,S,48.86,50.49,1.63
10763,1538,M,46.6,48.86,2.26
10764,1538,C,30.52,46.6,16.08
10765,1538,A,24.58,30.52,5.95
10766,1538,K,21.58,24.58,3.0
10767,1539,R,55.63,59.36,3.72
10768,1539,L,50.52,55.63,5.11
10769,1539,S,48.9,50.52,1.62
10770,1539,M,46.68,48.9,2.22
10771,1539,C,30.62,46.68,16.06
10772,1539,A,24.7,30.62,5.92
10773,1539,K,21.7,24.7,3.0
10774,1540,R,55.65,59.36,3.71
10775,1540,L,50.55,55.65,5.1
10776,1540,S,48.93,50.55,1.61
10777,1540,M,46.76,48.93,2.17
10778,1540,C,30.72,46.76,16.04
10779,1540,A,24.83,30.72,5.9
10780,1540,K,21.83,24.83,3.0
10781,1541,R,55.66,59.36,3.69
10782,1541,L,50.57,55.66,5.09
10783,1541,S,48.97,50.57,1.61
10784,1541,M,46.84,48.97,2.13
10785,1541,C,30.82,46.84,16.02
10786,1541,A,24.95,30.82,5.87
10787,1541,K,21.95,24.95,3.0
10788,1542,R,55.68,59.35,3.68
10789,1542,L,50.6,55.68,5.08
10790,1542,S,49.0,50.6,1.6
10791,1542,M,46.92,49.0,2.09
10792,1542,C,30.92,46.92,16.0
10793,1542,A,25.07,30.92,5.85
10794,1542,K,22.07,25.07,3.0
10795,1543,R,55.69,59.35,3.66
10796,1543,L,50.62,55.69,5.07
10797,1543,S,49.03,50.62,1.59
10798,1543,M,46.99,49.03,2.04
10799,1543,C,31.02,46.99,15.98
10800,1543,A,25.2,31.02,5.82
10801,1543,K,22.2,25.2,3.0
10802,1544,R,55.7,59.35,3.65
10803,1544,L,50.65,55.7,5.06
10804,1544,S,49.07,50.65,1.58
10805,1544,M,47.07,49.07,2.0
10806,1544,C,31.11,47.07,15.96
10807,1544,A,25.32,31.11,5.79
10808,1544,K,22.32,25.32,3.0
10809,1545,R,55.72,59.35,3.63
10810,1545,L,50.67,55.72,5.05
10811,1545,S,49.1,50.67,1.57
10812,1545,M,47.14,49.1,1.96
10813,1545,C,31.21,47.14,15.94
10814,1545,A,25.44,31.21,5.77
10815,1545,K,22.44,25.44,3.0
10816,1546,R,55.73,59.35,3.62
10817,1546,L,50.69,55.73,5.03
10818,1546,S,49.13,50.69,1.57
10819,1546,M,47.21,49.13,1.92
10820,1546,C,31.3,47.21,15.92
10821,1546,A,25.56,31.3,5.74
10822,1546,K,22.56,25.56,3.0
10823,1547,R,55.74,59.34,3.6
10824,1547,L,50.72,55.74,5.02
10825,1547,S,49.16,50.72,1.56
10826,1547,M,47.29,49.16,1.87
10827,1547,C,31.39,47.29,15.89
10828,1547,A,25.68,31.39,5.71
10829,1547,K,22.68,25.68,3.0
10830,1548,R,55.75,59.34,3.59
10831,1548,L,50.74,55.75,5.01
10832,1548,S,49.19,50.74,1.55
10833,1548,M,47.36,49.19,1.83
10834,1548,C,31.48,47.36,15.87
10835,1548,A,25.8,31.48,5.68
10836,1548,K,22.8,25.8,3.0
10837,1549,R,55.77,59.34,3.57
10838,1549,L,50.76,55.77,5.0
10839,1549,S,49.22,50.76,1.54
10840,1549,M,47.43,49.22,1.79
10841,1549,C,31.57,47.43,15.85
10842,1549,A,25.91,31.57,5.66
10843,1549,K,22.91,25.91,3.0
10844,1550,R,55.78,59.33,3.56
10845,1550,L,50.78,55.78,4.99
10846,1550,S,49.24,50.78,1.54
10847,1550,M,47.49,49.24,1.75
10848,1550,C,31.66,47.49,15.83
10849,1550,A,26.03,31.66,5.63
10850,1550,K,23.03,26.03,3.0
10851,1551,R,55.79,59.33,3.54
10852,1551,L,50.8,55.79,4.98
10853,1551,S,49.27,50.8,1.53
10854,1551,M,47.56,49.27,1.71
10855,1551,C,31.75,47.56,15.81
10856,1551,A,26.15,31.75,5.6
10857,1551,K,23.15,26.15,3.0
10858,1552,R,55.8,59.32,3.53
10859,1552,L,50.82,55.8,4.97
10860,1552,S,49.3,50.82,1.53
10861,1552,M,47.63,49.3,1.67
10862,1552,C,31.84,47.63,15.79
10863,1552,A,26.26,31.84,5.58
10864,1552,K,23.26,26.26,3.0
10865,1553,R,55.81,59.32,3.51
10866,1553,L,50.84,55.81,4.96
10867,1553,S,49.32,50.84,1.52
10868,1553,M,47.69,49.32,1.63
10869,1553,C,31.92,47.69,15.77
10870,1553,A,26.37,31.92,5.55
10871,1553,K,23.37,26.37,3.0
10872,1554,R,55.82,59.31,3.5
10873,1554,L,50.86,55.82,4.95
10874,1554,S,49.35,50.86,1.52
10875,1554,M,47.75,49.35,1.59
10876,1554,C,32.0,47.75,15.75
10877,1554,A,26.48,32.0,5.52
10878,1554,K,23.48,26.48,3.0
10879,1555,R,55.83,59.31,3.48
10880,1555,L,50.88,55.83,4.94
10881,1555,S,49.37,50.88,1.51
10882,1555,M,47.82,49.37,1.55
10883,1555,C,32.09,47.82,15.73
10884,1555,A,26.59,32.09,5.49
10885,1555,K,23.59,26.59,3.0
10886,1556,R,55.83,59.3,3.47
10887,1556,L,50.9,55.83,4.93
10888,1556,S,49.39,50.9,1.51
10889,1556,M,47.88,49.39,1.52
10890,1556,C,32.17,47.88,15.71
10891,1556,A,26.7,32.17,5.47
10892,1556,K,23.7,26.7,3.0
10893,1557,R,55.84,59.29,3.45
10894,1557,L,50.92,55.84,4.92
10895,1557,S,49.42,50.92,1.5
10896,1557,M,47.94,49.42,1.48
10897,1557,C,32.25,47.94,15.69
10898,1557,A,26.81,32.25,5.44
10899,1557,K,23.81,26.81,3.0
10900,1558,R,55.85,59.29,3.43
10901,1558,L,50.94,55.85,4.92
10902,1558,S,49.44,50.94,1.5
10903,1558,M,48.0,49.44,1.44
10904,1558,C,32.33,48.0,15.67
10905,1558,A,26.92,32.33,5.41
10906,1558,K,23.92,26.92,3.0
10907,1559,R,55.86,59.28,3.42
10908,1559,L,50.95,55.86,4.91
10909,1559,S,49.46,50.95,1.5
10910,1559,M,48.05,49.46,1.4
10911,1559,C,32.41,48.05,15.65
10912,1559,A,27.02,32.41,5.38
10913,1559,K,24.02,27.02,3.0
10914,1560,R,55.87,59.27,3.4
10915,1560,L,50.97,55.87,4.9
10916,1560,S,49.48,50.97,1.49
10917,1560,M,48.11,49.48,1.37
10918,1560,C,32.48,48.11,15.63
10919,1560,A,27.13,32.48,5.36
10920,1560,K,24.13,27.13,3.0
10921,1561,R,55.87,59.26,3.39
10922,1561,L,50.98,55.87,4.89
10923,1561,S,49.49,50.98,1.49
10924,1561,M,48.16,49.49,1.33
10925,1561,C,32.56,48.16,15.61
10926,1561,A,27.23,32.56,5.33
10927,1561,K,24.23,27.23,3.0
10928,1562,R,55.88,59.25,3.37
10929,1562,L,51.0,55.88,4.88
10930,1562,S,49.51,51.0,1.49
10931,1562,M,48.22,49.51,1.3
10932,1562,C,32.63,48.22,15.59
10933,1562,A,27.33,32.63,5.3
10934,1562,K,24.33,27.33,3.0
10935,1563,R,55.88,59.24,3.36
10936,1563,L,51.01,55.88,4.87
10937,1563,S,49.53,51.01,1.48
10938,1563,M,48.27,49.53,1.26
10939,1563,C,32.7,48.27,15.57
10940,1563,A,27.43,32.7,5.27
10941,1563,K,24.43,27.43,3.0
10942,1564,R,55.89,59.23,3.34
10943,1564,L,51.03,55.89,4.86
10944,1564,S,49.55,51.03,1.48
10945,1564,M,48.32,49.55,1.23
10946,1564,C,32.77,48.32,15.55
10947,1564,A,27.53,32.77,5.25
10948,1564,K,24.53,27.53,3.0
10949,1565,R,55.9,59.22,3.33
10950,1565,L,51.04,55.9,4.86
10951,1565,S,49.56,51.04,1.48
10952,1565,M,48.37,49.56,1.19
10953,1565,C,32.84,48.37,15.53
10954,1565,A,27.62,32.84,5.22
10955,1565,K,24.62,27.62,3.0
10956,1566,R,55.9,59.21,3.31
10957,1566,L,51.05,55.9,4.85
10958,1566,S,49.57,51.05,1.48
10959,1566,M,48.42,49.57,1.16
10960,1566,C,32.91,48.42,15.51
10961,1566,A,27.72,32.91,5.19
10962,1566,K,24.72,27.72,3.0
10963,1567,R,55.91,59.2,3.3
10964,1567,L,51.07,55.91,4.84
10965,1567,S,49.59,51.07,1.48
10966,1567,M,48.46,49.59,1.12
10967,1567,C,32.98,48.46,15.49
10968,1567,A,27.81,32.98,5.16
10969,1567,K,24.81,27.81,3.0
10970,1568,R,55.91,59.19,3.28
10971,1568,L,51.08,55.91,4.83
10972,1568,S,49.6,51.08,1.48
10973,1568,M,48.51,49.6,1.09
10974,1568,C,33.04,48.51,15.47
10975,1568,A,27.9,33.04,5.14
10976,1568,K,24.9,27.9,3.0
10977,1569,R,55.91,59.18,3.27
10978,1569,L,51.09,55.91,4.82
10979,1569,S,49.61,51.09,1.48
10980,1569,M,48.55,49.61,1.06
10981,1569,C,33.1,48.55,15.45
10982,1569,A,27.99,33.1,5.11
10983,1569,K,24.99,27.99,3.0
10984,1570,R,55.92,59.17,3.25
10985,1570,L,51.1,55.92,4.82
10986,1570,S,49.62,51.1,1.48
10987,1570,M,48.6,49.62,1.03
10988,1570,C,33.17,48.6,15.43
10989,1570,A,28.08,33.17,5.08
10990,1570,K,25.08,28.08,3.0
10991,1571,R,55.92,59.16,3.24
10992,1571,L,51.11,55.92,4.81
10993,1571,S,49.63,51.11,1.48
10994,1571,M,48.64,49.63,0.99
10995,1571,C,33.23,48.64,15.41
10996,1571,A,28.17,33.23,5.06
10997,1571,K,25.17,28.17,3.0
10998,1572,R,55.92,59.15,3.22
10999,1572,L,51.12,55.92,4.8
11000,1572,S,49.64,51.12,1.48
11001,1572,M,48.68,49.64,0.96
11002,1572,C,33.28,48.68,15.39
11003,1572,A,28.25,33.28,5.03
11004,1572,K,25.25,28.25,3.0
11005,1573,R,55.93,59.14,3.21
11006,1573,L,51.13,55.93,4.8
11007,1573,S,49.65,51.13,1.48
11008,1573,M,48.72,49.65,0.93
11009,1573,C,33.34,48.72,15.38
11010,1573,A,28.34,33.34,5.0
11011,1573,K,25.34,28.34,3.0
11012,1574,R,55.93,59.12,3.19
11013,1574,L,51.14,55.93,4.79
11014,1574,S,49.66,51.14,1.48
11015,1574,M,48.76,49.66,0.9
11016,1574,C,33.4,48.76,15.36
11017,1574,A,28.42,33.4,4.98
11018,1574,K,25.42,28.42,3.0
11019,1575,R,55.93,59.11,3.18
11020,1575,L,51.15,55.93,4.78
11021,1575,S,49.66,51.15,1.48
11022,1575,M,48.79,49.66,0.87
11023,1575,C,33.45,48.79,15.34
11024,1575,A,28.5,33.45,4.95
11025,1575,K,25.5,28.5,3.0
11026,1576,R,55.93,59.1,3.17
11027,1576,L,51.16,55.93,4.78
11028,1576,S,49.67,51.16,1.48
11029,1576,M,48.83,49.67,0.84
11030,1576,C,33.5,48.83,15.32
11031,1576,A,28.58,33.5,4.93
11032,1576,K,25.58,28.58,3.0
11033,1577,R,55.94,59.09,3.15
11034,1577,L,51.16,55.94,4.77
11035,1577,S,49.68,51.16,1.49
11036,1577,M,48.86,49.68,0.82
11037,1577,C,33.55,48.86,15.31
11038,1577,A,28.65,33.55,4.9
11039,1577,K,25.65,28.65,3.0
11040,1578,R,55.94,59.07,3.14
11041,1578,L,51.17,55.94,4.77
11042,1578,S,49.68,51.17,1.49
11043,1578,M,48.89,49.68,0.79
11044,1578,C,33.6,48.89,15.29
11045,1578,A,28.73,33.6,4.88
11046,1578,K,25.73,28.73,3.0
11047,1579,R,55.94,59.06,3.12
11048,1579,L,51.18,55.94,4.76
11049,1579,S,49.68,51.18,1.49
11050,1579,M,48.92,49.68,0.76
11051,1579,C,33.65,48.92,15.27
11052,1579,A,28.8,33.65,4.85
11053,1579,K,25.8,28.8,3.0
11054,1580,R,55.94,59.05,3.11
11055,1580,L,51.18,55.94,4.76
11056,1580,S,49.69,51.18,1.5
11057,1580,M,48.95,49.69,0.73
11058,1580,C,33.7,48.95,15.26
11059,1580,A,28.87,33.7,4.83
11060,1580,K,25.87,28.87,3.0
11061,1581,R,55.94,59.03,3.09
11062,1581,L,51.19,55.94,4.75
11063,1581,S,49.69,51.19,1.5
11064,1581,M,48.98,49.69,0.71
11065,1581,C,33.74,48.98,15.24
11066,1581,A,28.94,33.74,4.8
11067,1581,K,25.94,28.94,3.0
11068,1582,R,55.94,59.02,3.08
11069,1582,L,51.19,55.94,4.75
11070,1582,S,49.69,51.19,1.5
11071,1582,M,49.01,49.69,0.68
11072,1582,C,33.79,49.01,15.22
11073,1582,A,29.01,33.79,4.78
11074,1582,K,26.01,29.01,3.0
11075,1583,R,55.94,59.01,3.07
11076,1583,L,51.2,55.94,4.74
11077,1583,S,49.69,51.2,1.51
11078,1583,M,49.04,49.69,0.65
11079,1583,C,33.83,49.04,15.21
11080,1583,A,29.08,33.83,4.75
11081,1583,K,26.08,29.08,3.0
11082,1584,R,55.94,58.99,3.05
11083,1584,L,51.2,55.94,4.74
11084,1584,S,49.69,51.2,1.51
11085,1584,M,49.06,49.69,0.63
11086,1584,C,33.87,49.06,15.19
11087,1584,A,29.14,33.87,4.73
11088,1584,K,26.14,29.14,3.0
11089,1585,R,55.94,58.98,3.04
11090,1585,L,51.21,55.94,4.73
11091,1585,S,49.69,51.21,1.52
11092,1585,M,49.08,49.69,0.6
11093,1585,C,33.91,49.08,15.18
11094,1585,A,29.2,33.91,4.7
11095,1585,K,26.2,29.2,3.0
11096,1586,R,55.94,58.96,3.03
11097,1586,L,51.21,55.94,4.73
11098,1586,S,49.68,51.21,1.52
11099,1586,M,49.11,49.68,0.58
11100,1586,C,33.94,49.11,15.16
11101,1586,A,29.26,33.94,4.68
11102,1586,K,26.26,29.26,3.0
11103,1587,R,55.94,58.95,3.01
11104,1587,L,51.21,55.94,4.72
11105,1587,S,49.68,51.21,1.53
11106,1587,M,49.13,49.68,0.56
11107,1587,C,33.98,49.13,15.15
11108,1587,A,29.32,33.98,4.66
11109,1587,K,26.32,29.32,3.0
11110,1588,R,55.93,58.93,3.0
11111,1588,L,51.21,55.93,4.72
11112,1588,S,49.68,51.21,1.54
11113,1588,M,49.15,49.68,0.53
11114,1588,C,34.01,49.15,15.14
11115,1588,A,29.38,34.01,4.63
11116,1588,K,26.38,29.38,3.0
11117,1589,R,55.93,58.92,2.99
11118,1589,L,51.22,55.93,4.72
11119,1589,S,49.67,51.22,1.54
11120,1589,M,49.16,49.67,0.51
11121,1589,C,34.04,49.16,15.12
11122,1589,A,29.43,34.04,4.61
11123,1589,K,26.43,29.43,3.0
11124,1590,R,55.93,58.9,2.97
11125,1590,L,51.22,55.93,4.71
11126,1590,S,49.67,51.22,1.55
11127,1590,M,49.18,49.67,0.49
11128,1590,C,34.07,49.18,15.11
11129,1590,A,29.49,34.07,4.59
11130,1590,K,26.49,29.49,3.0
11131,1591,R,55.93,58.89,2.96
11132,1591,L,51.22,55.93,4.71
11133,1591,S,49.66,51.22,1.56
11134,1591,M,49.2,49.66,0.47
11135,1591,C,34.1,49.2,15.1
11136,1591,A,29.54,34.1,4.56
11137,1591,K,26.54,29.54,3.0
11138,1592,R,55.93,58.87,2.95
11139,1592,L,51.22,55.93,4.71
11140,1592,S,49.66,51.22,1.56
11141,1592,M,49.21,49.66,0.44
11142,1592,C,34.13,49.21,15.08
11143,1592,A,29.59,34.13,4.54
11144,1592,K,26.59,29.59,3.0
11145,1593,R,55.93,58.86,2.93
11146,1593,L,51.22,55.93,4.71
11147,1593,S,49.65,51.22,1.57
11148,1593,M,49.23,49.65,0.42
11149,1593,C,34.15,49.23,15.07
11150,1593,A,29.63,34.15,4.52
11151,1593,K,26.63,29.63,3.0
11152,1594,R,55.92,58.84,2.92
11153,1594,L,51.22,55.92,4.7
11154,1594,S,49.64,51.22,1.58
11155,1594,M,49.24,49.64,0.4
11156,1594,C,34.18,49.24,15.06
11157,1594,A,29.68,34.18,4.5
11158,1594,K,26.68,29.68,3.0
11159,1595,R,55.92,58.83,2.91
11160,1595,L,51.22,55.92,4.7
11161,1595,S,49.63,51.22,1.59
11162,1595,M,49.25,49.63,0.38
11163,1595,C,34.2,49.25,15.05
11164,1595,A,29.72,34.2,4.48
11165,1595,K,26.72,29.72,3.0
11166,1596,R,55.92,58.81,2.9
11167,1596,L,51.22,55.92,4.7
11168,1596,S,49.62,51.22,1.6
11169,1596,M,49.26,49.62,0.36
11170,1596,C,34.22,49.26,15.04
11171,1596,A,29.76,34.22,4.46
11172,1596,K,26.76,29.76,3.0
11173,1597,R,55.91,58.8,2.88
11174,1597,L,51.22,55.91,4.7
11175,1597,S,49.61,51.22,1.61
11176,1597,M,49.27,49.61,0.34
11177,1597,C,34.24,49.27,15.03
11178,1597,A,29.8,34.24,4.44
11179,1597,K,26.72,29.8,3.08
11180,1598,R,55.91,58.78,2.87
11181,1598,L,51.22,55.91,4.7
11182,1598,S,49.6,51.22,1.61
11183,1598,M,49.28,49.6,0.33
11184,1598,C,34.26,49.28,15.02
11185,1598,A,29.84,34.26,4.42
11186,1598,K,26.67,29.84,3.17
11187,1599,R,55.91,58.77,2.86
11188,1599,L,51.21,55.91,4.69
11189,1599,S,49.59,51.21,1.62
11190,1599,M,49.28,49.59,0.31
11191,1599,C,34.27,49.28,15.01
11192,1599,A,29.87,34.27,4.4
11193,1599,K,26.63,29.87,3.25
11194,1600,R,55.9,58.75,2.85
11195,1600,L,51.21,55.9,4.69
11196,1600,S,49.58,51.21,1.63
11197,1600,M,49.29,49.58,0.29
11198,1600,C,34.29,49.29,15.0
11199,1600,A,29.91,34.29,4.38
11200,1600,K,26.58,29.91,3.33
11201,1601,R,55.9,58.74,2.84
11202,1601,L,51.21,55.9,4.69
11203,1601,S,49.56,51.21,1.64
11204,1601,M,49.29,49.56,0.27
11205,1601,C,34.3,49.29,14.99
11206,1601,A,29.94,34.3,4.36
11207,1601,K,26.54,29.94,3.4
11208,1602,R,55.9,58.72,2.82
11209,1602,L,51.21,55.9,4.69
11210,1602,S,49.55,51.21,1.65
11211,1602,M,49.29,49.55,0.26
11212,1602,C,34.31,49.29,14.99
11213,1602,A,29.97,34.31,4.34
11214,1602,K,26.49,29.97,3.48
11215,1603,R,55.89,58.71,2.81
11216,1603,L,51.2,55.89,4.69
11217,1603,S,49.54,51.2,1.67
11218,1603,M,49.3,49.54,0.24
11219,1603,C,34.32,49.3,14.98
11220,1603,A,30.0,34.32,4.32
11221,1603,K,26.45,30.0,3.55
11222,1604,R,55.89,58.69,2.8
11223,1604,L,51.2,55.89,4.69
11224,1604,S,49.52,51.2,1.68
11225,1604,M,49.3,49.52,0.22
11226,1604,C,34.33,49.3,14.97
11227,1604,A,30.02,34.33,4.3
11228,1604,K,26.4,30.02,3.62
11229,1605,R,55.89,58.68,2.79
11230,1605,L,51.19,55.89,4.69
11231,1605,S,49.51,51.19,1.69
11232,1605,M,49.3,49.51,0.21
11233,1605,C,34.33,49.3,14.96
11234,1605,A,30.05,34.33,4.29
11235,1605,K,26.36,30.05,3.69
11236,1606,R,55.88,58.66,2.78
11237,1606,L,51.19,55.88,4.69
11238,1606,S,49.49,51.19,1.7
11239,1606,M,49.3,49.49,0.19
11240,1606,C,34.34,49.3,14.96
11241,1606,A,30.07,34.34,4.27
11242,1606,K,26.32,30.07,3.75
11243,1607,R,55.88,58.64,2.77
11244,1607,L,51.19,55.88,4.69
11245,1607,S,49.47,51.19,1.71
11246,1607,M,49.29,49.47,0.18
11247,1607,C,34.34,49.29,14.95
11248,1607,A,30.09,34.34,4.25
11249,1607,K,26.27,30.09,3.81
11250,1608,R,55.87,58.63,2.76
11251,1608,L,51.18,55.87,4.69
11252,1608,S,49.46,51.18,1.72
11253,1608,M,49.29,49.46,0.17
11254,1608,C,34.34,49.29,14.95
11255,1608,A,30.11,34.34,4.24
11256,1608,K,26.23,30.11,3.87
11257,1609,R,55.87,58.62,2.75
11258,1609,L,51.18,55.87,4.69
11259,1609,S,49.44,51.18,1.74
11260,1609,M,49.29,49.44,0.15
11261,1609,C,34.34,49.29,14.94
11262,1609,A,30.12,34.34,4.22
11263,1609,K,26.19,30.12,3.93
11264,1610,R,55.86,58.6,2.74
11265,1610,L,51.17,55.86,4.69
11266,1610,S,49.42,51.17,1.75
11267,1610,M,49.28,49.42,0.14
11268,1610,C,34.34,49.28,14.94
11269,1610,A,30.14,34.34,4.21
11270,1610,K,26.15,30.14,3.99
11271,1611,R,55.86,58.59,2.73
11272,1611,L,51.17,55.86,4.69
11273,1611,S,49.4,51.17,1.76
11274,1611,M,49.28,49.4,0.13
11275,1611,C,34.34,49.28,14.94
11276,1611,A,30.15,34.34,4.19
11277,1611,K,26.11,30.15,4.04
11278,1612,R,55.85,58.57,2.72
11279,1612,L,51.16,55.85,4.69
11280,1612,S,49.38,51.16,1.78
11281,1612,M,49.27,49.38,0.11
11282,1612,C,34.34,49.27,14.93
11283,1612,A,30.16,34.34,4.18
11284,1612,K,26.07,30.16,4.1
11285,1613,R,55.85,58.56,2.71
11286,1613,L,51.15,55.85,4.7
11287,1613,S,49.36,51.15,1.79
11288,1613,M,49.26,49.36,0.1
11289,1613,C,34.33,49.26,14.93
11290,1613,A,30.17,34.33,4.16
11291,1613,K,26.03,30.17,4.15
11292,1614,R,55.85,58.54,2.7
11293,1614,L,51.15,55.85,4.7
11294,1614,S,49.34,51.15,1.8
11295,1614,C,34.33,49.25,14.93
11296,1614,A,30.18,34.33,4.15
11297,1614,K,25.99,30.18,4.19
11298,1615,R,55.84,58.53,2.69
11299,1615,L,51.14,55.84,4.7
11300,1615,S,49.32,51.14,1.82
11301,1615,C,34.32,49.24,14.93
11302,1615,A,30.18,34.32,4.13
11303,1615,K,25.95,30.18,4.24
11304,1616,R,55.84,58.51,2.68
11305,1616,L,51.13,55.84,4.7
11306,1616,S,49.3,51.13,1.83
11307,1616,C,34.31,49.23,14.93
11308,1616,A,30.19,34.31,4.12
11309,1616,K,25.91,30.19,4.28
11310,1617,R,55.83,58.5,2.67
11311,1617,L,51.13,55.83,4.7
11312,1617,S,49.28,51.13,1.85
11313,1617,C,34.3,49.22,14.93
11314,1617,A,30.19,34.3,4.11
11315,1617,K,25.87,30.19,4.32
11316,1618,R,55.83,58.49,2.66
11317,1618,L,51.12,55.83,4.71
11318,1618,S,49.26,51.12,1.86
11319,1618,C,34.29,49.21,14.93
11320,1618,A,30.19,34.29,4.1
11321,1618,K,25.83,30.19,4.36
11322,1619,R,55.82,58.47,2.65
11323,1619,L,51.11,55.82,4.71
11324,1619,S,49.24,51.11,1.87
11325,1619,C,34.27,49.2,14.93
11326,1619,A,30.19,34.27,4.08
11327,1619,K,25.79,30.19,4.4
11328,1620,R,55.82,58.46,2.64
11329,1620,L,51.11,55.82,4.71
11330,1620,S,49.22,51.11,1.89
11331,1620,C,34.26,49.18,14.93
11332,1620,A,30.18,34.26,4.07
11333,1620,K,25.75,30.18,4.43
11334,1621,R,55.81,58.45,2.63
11335,1621,L,51.1,55.81,4.71
11336,1621,S,49.19,51.1,1.91
11337,1621,C,34.24,49.17,14.93
11338,1621,A,30.18,34.24,4.06
11339,1621,K,25.72,30.18,4.46
11340,1622,R,55.81,58.43,2.63
11341,1622,L,51.09,55.81,4.72
11342,1622,S,49.17,51.09,1.92
11343,1622,C,34.22,49.16,14.93
11344,1622,A,30.17,34.22,4.05
11345,1622,K,25.68,30.17,4.49
11346,1623,R,55.8,58.42,2.62
11347,1623,L,51.08,55.8,4.72
11348,1623,S,49.15,51.08,1.94
11349,1623,C,34.21,49.14,14.93
11350,1623,A,30.16,34.21,4.04
11351,1623,K,25.65,30.16,4.52
11352,1624,R,55.8,58.41,2.61
11353,1624,L,51.07,55.8,4.72
11354,1624,S,49.12,51.07,1.95
11355,1624,C,34.18,49.12,14.94
11356,1624,A,30.15,34.18,4.03
11357,1624,K,25.61,30.15,4.54
11358,1625,R,55.79,58.4,2.6
11359,1625,L,51.07,55.79,4.73
11360,1625,S,49.1,51.07,1.97
11361,1625,C,34.16,49.1,14.94
11362,1625,A,30.13,34.16,4.02
11363,1625,K,25.58,30.13,4.56
11364,1626,R,55.79,58.39,2.59
11365,1626,L,51.06,55.79,4.73
11366,1626,S,49.07,51.06,1.99
11367,1626,C,34.13,49.07,14.95
11368,1626,A,30.11,34.13,4.02
11369,1626,K,25.54,30.11,4.57
11370,1627,R,55.79,58.37,2.59
11371,1627,L,51.05,55.79,4.74
11372,1627,S,49.05,51.05,2.0
11373,1627,C,34.1,49.05,14.95
11374,1627,A,30.09,34.1,4.01
11375,1627,K,25.51,30.09,4.58
11376,1628,R,55.78,58.36,2.58
11377,1628,L,51.04,55.78,4.74
11378,1628,S,49.02,51.04,2.02
11379,1628,C,34.07,49.02,14.96
11380,1628,A,30.07,34.07,4.0
11381,1628,K,25.47,30.07,4.59
11382,1629,R,55.78,58.35,2.57
11383,1629,L,51.03,55.78,4.74
11384,1629,S,49.0,51.03,2.04
11385,1629,C,34.04,49.0,14.96
11386,1629,A,30.04,34.04,3.99
11387,1629,K,25.44,30.04,4.6
11388,1630,R,55.77,58.34,2.57
11389,1630,L,51.02,55.77,4.75
11390,1630,S,48.97,51.02,2.05
11391,1630,C,34.0,48.97,14.97
11392,1630,A,30.02,34.0,3.99
11393,1630,K,25.41,30.02,4.61
11394,1631,R,55.77,58.33,2.56
11395,1631,L,51.02,55.77,4.75
11396,1631,S,48.95,51.02,2.07
11397,1631,C,33.97,48.95,14.97
11398,1631,A,29.99,33.97,3.98
11399,1631,K,25.38,29.99,4.61
11400,1632,R,55.77,58.32,2.55
11401,1632,L,51.01,55.77,4.76
11402,1632,S,48.92,51.01,2.09
11403,1632,C,33.94,48.92,14.98
11404,1632,A,29.96,33.94,3.98
11405,1632,K,25.35,29.96,4.61
11406,1633,R,55.76,58.31,2.55
11407,1633,L,51.0,55.76,4.76
11408,1633,S,48.89,51.0,2.1
11409,1633,C,33.9,48.89,14.99
11410,1633,A,29.93,33.9,3.97
11411,1633,K,25.32,29.93,4.61
11412,1634,R,55.76,58.3,2.54
11413,1634,L,50.99,55.76,4.77
11414,1634,S,48.87,50.99,2.12
11415,1634,C,33.87,48.87,15.0
11416,1634,A,29.9,33.87,3.97
11417,1634,K,25.29,29.9,4.61
11418,1635,R,55.75,58.29,2.54
11419,1635,L,50.98,55.75,4.77
11420,1635,S,48.84,50.98,2.14
11421,1635,C,33.83,48.84,15.01
11422,1635,A,29.87,33.83,3.96
11423,1635,K,25.26,29.87,4.61
11424,1636,R,55.75,58.28,2.53
11425,1636,L,50.97,55.75,4.78
11426,1636,S,48.81,50.97,2.16
11427,1636,C,33.8,48.81,15.02
11428,1636,A,29.84,33.8,3.96
11429,1636,K,25.23,29.84,4.61
11430,1637,R,55.75,58.27,2.52
11431,1637,L,50.96,55.75,4.78
11432,1637,S,48.79,50.96,2.18
11433,1637,C,33.76,48.79,15.03
11434,1637,A,29.81,33.76,3.95
11435,1637,K,25.2,29.81,4.6
11436,1638,R,55.74,58.26,2.52
11437,1638,L,50.96,55.74,4.79
11438,1638,S,48.76,50.96,2.19
11439,1638,C,33.72,48.76,15.04
11440,1638,A,29.77,33.72,3.95
11441,1638,K,25.18,29.77,4.59
11442,1639,R,55.74,58.26,2.51
11443,1639,L,50.95,55.74,4.79
11444,1639,S,48.73,50.95,2.21
11445,1639,C,33.68,48.73,15.05
11446,1639,A,29.74,33.68,3.95
11447,1639,K,25.15,29.74,4.58
11448,1640,R,55.74,58.25,2.51
11449,1640,L,50.94,55.74,4.8
11450,1640,S,48.71,50.94,2.23
11451,1640,C,33.65,48.71,15.06
11452,1640,A,29.7,33.65,3.95
11453,1640,K,25.13,29.7,4.57
11454,1641,R,55.74,58.24,2.5
11455,1641,L,50.93,55.74,4.81
11456,1641,S,48.68,50.93,2.25
11457,1641,C,33.61,48.68,15.07
11458,1641,A,29.66,33.61,3.95
11459,1641,K,25.1,29.66,4.56
11460,1642,R,55.73,58.23,2.5
11461,1642,L,50.92,55.73,4.81
11462,1642,S,48.65,50.92,2.27
11463,1642,C,33.57,48.65,15.09
11464,1642,A,29.62,33.57,3.95
11465,1642,K,25.08,29.62,4.54
11466,1643,R,55.73,58.23,2.5
11467,1643,L,50.91,55.73,4.82
11468,1643,S,48.63,50.91,2.29
11469,1643,C,33.53,48.63,15.1
11470,1643,A,29.58,33.53,3.94
11471,1643,K,25.05,29.58,4.53
11472,1644,R,55.73,58.22,2.49
11473,1644,L,50.91,55.73,4.82
11474,1644,S,48.6,50.91,2.31
11475,1644,C,33.49,48.6,15.11
11476,1644,A,29.54,33.49,3.94
11477,1644,K,25.03,29.54,4.51
11478,1645,R,55.73,58.21,2.49
11479,1645,L,50.9,55.73,4.83
11480,1645,S,48.57,50.9,2.32
11481,1645,C,33.44,48.57,15.13
11482,1645,A,29.5,33.44,3.95
11483,1645,K,25.01,29.5,4.49
11484,1646,R,55.73,58.21,2.48
11485,1646,L,50.89,55.73,4.84
11486,1646,S,48.55,50.89,2.34
11487,1646,C,33.4,48.55,15.14
11488,1646,A,29.46,33.4,3.95
11489,1646,K,24.99,29.46,4.47
11490,1647,R,55.72,58.2,2.48
11491,1647,L,50.88,55.72,4.84
11492,1647,S,48.52,50.88,2.36
11493,1647,C,33.36,48.52,15.16
11494,1647,A,29.41,33.36,3.95
11495,1647,K,24.97,29.41,4.45
11496,1648,R,55.72,58.2,2.48
11497,1648,L,50.87,55.72,4.85
11498,1648,S,48.49,50.87,2.38
11499,1648,C,33.32,48.49,15.17
11500,1648,A,29.37,33.32,3.95
11501,1648,K,24.95,29.37,4.42
11502,1649,R,55.72,58.2,2.47
11503,1649,L,50.87,55.72,4.86
11504,1649,S,48.46,50.87,2.4
11505,1649,C,33.28,48.46,15.19
11506,1649,A,29.32,33.28,3.95
11507,1649,K,24.93,29.32,4.4
11508,1650,R,55.72,58.19,2.47
11509,1650,L,50.86,55.72,4.86
11510,1650,S,48.44,50.86,2.42
11511,1650,C,33.23,48.44,15.21
11512,1650,A,29.28,33.23,3.95
11513,1650,K,24.91,29.28,4.37
11514,1651,R,55.72,58.19,2.47
11515,1651,L,50.85,55.72,4.87
11516,1651,S,48.41,50.85,2.44
11517,1651,C,33.19,48.41,15.22
11518,1651,A,29.23,33.19,3.96
11519,1651,K,24.89,29.23,4.34
11520,1652,R,55.72,58.18,2.46
11521,1652,L,50.84,55.72,4.88
11522,1652,S,48.39,50.84,2.46
11523,1652,C,33.15,48.39,15.24
11524,1652,A,29.18,33.15,3.96
11525,1652,K,24.87,29.18,4.31
11526,1653,R,55.72,58.18,2.46
11527,1653,L,50.84,55.72,4.88
11528,1653,S,48.36,50.84,2.48
11529,1653,C,33.1,48.36,15.26
11530,1653,A,29.14,33.1,3.96
11531,1653,K,24.86,29.14,4.28
11532,1654,R,55.72,58.18,2.46
11533,1654,L,50.83,55.72,4.89
11534,1654,S,48.33,50.83,2.5
11535,1654,C,33.06,48.33,15.28
11536,1654,A,29.09,33.06,3.97
11537,1654,K,24.84,29.09,4.25
11538,1655,R,55.72,58.18,2.46
11539,1655,L,50.82,55.72,4.9
11540,1655,S,48.31,50.82,2.52
11541,1655,C,33.01,48.31,15.29
11542,1655,A,29.04,33.01,3.97
11543,1655,K,24.83,29.04,4.21
11544,1656,R,55.72,58.18,2.46
11545,1656,L,50.82,55.72,4.9
11546,1656,S,48.28,50.82,2.54
11547,1656,C,32.97,48.28,15.31
11548,1656,A,28.99,32.97,3.98
11549,1656,K,24.81,28.99,4.18
11550,1657,R,55.72,58.18,2.45
11551,1657,L,50.81,55.72,4.91
11552,1657,S,48.26,50.81,2.55
11553,1657,C,32.92,48.26,15.33
11554,1657,A,28.94,32.92,3.99
11555,1657,K,24.8,28.94,4.14
11556,1658,R,55.72,58.17,2.45
11557,1658,L,50.8,55.72,4.92
11558,1658,S,48.23,50.8,2.57
11559,1658,C,32.88,48.23,15.35
11560,1658,A,28.89,32.88,3.99
11561,1658,K,24.79,28.89,4.1
11562,1659,R,55.72,58.17,2.45
11563,1659,L,50.8,55.72,4.93
11564,1659,S,48.21,50.8,2.59
11565,1659,C,32.83,48.21,15.37
11566,1659,A,28.83,32.83,4.0
11567,1659,K,24.77,28.83,4.06
11568,1660,R,55.73,58.17,2.45
11569,1660,L,50.79,55.73,4.93
11570,1660,S,48.18,50.79,2.61
11571,1660,C,32.79,48.18,15.39
11572,1660,A,28.78,32.79,4.0
11573,1660,K,24.76,28.78,4.02
11574,1661,R,55.73,58.18,2.45
11575,1661,L,50.79,55.73,4.94
11576,1661,S,48.16,50.79,2.63
11577,1661,C,32.74,48.16,15.42
11578,1661,A,28.73,32.74,4.01
11579,1661,K,24.75,28.73,3.98
11580,1662,R,55.73,58.18,2.45
11581,1662,L,50.78,55.73,4.95
11582,1662,S,48.13,50.78,2.65
11583,1662,C,32.69,48.13,15.44
11584,1662,A,28.67,32.69,4.02
11585,1662,K,24.74,28.67,3.93
11586,1663,R,55.73,58.18,2.45
11587,1663,L,50.78,55.73,4.95
11588,1663,S,48.11,50.78,2.67
11589,1663,C,32.65,48.11,15.46
11590,1663,A,28.62,32.65,4.03
11591,1663,K,24.73,28.62,3.89
11592,1664,R,55.73,58.18,2.45
11593,1664,L,50.77,55.73,4.96
11594,1664,S,48.09,50.77,2.69
11595,1664,C,32.6,48.09,15.48
11596,1664,A,28.57,32.6,4.04
11597,1664,K,24.72,28.57,3.84
11598,1665,R,55.74,58.18,2.45
11599,1665,L,50.77,55.74,4.97
11600,1665,S,48.06,50.77,2.71
11601,1665,C,32.56,48.06,15.5
11602,1665,A,28.51,32.56,4.05
11603,1665,K,24.72,28.51,3.8
11604,1666,R,55.74,58.19,2.44
11605,1666,L,50.77,55.74,4.98
11606,1666,S,48.04,50.77,2.73
11607,1666,C,32.51,48.04,15.53
11608,1666,A,28.46,32.51,4.06
11609,1666,K,24.71,28.46,3.75
11610,1667,R,55.74,58.19,2.44
11611,1667,L,50.76,55.74,4.98
11612,1667,S,48.02,50.76,2.75
11613,1667,C,32.47,48.02,15.55
11614,1667,A,28.4,32.47,4.06
11615,1667,K,24.7,28.4,3.7
11616,1668,R,55.75,58.19,2.44
11617,1668,L,50.76,55.75,4.99
11618,1668,S,47.99,50.76,2.76
11619,1668,C,32.42,47.99,15.57
11620,1668,A,28.35,32.42,4.07
11621,1668,K,24.7,28.35,3.65
11622,1669,R,55.75,58.2,2.44
11623,1669,L,50.76,55.75,5.0
11624,1669,S,47.97,50.76,2.78
11625,1669,C,32.37,47.97,15.6
11626,1669,A,28.29,32.37,4.09
11627,1669,K,24.69,28.29,3.6
11628,1670,R,55.76,58.2,2.44
11629,1670,L,50.75,55.76,5.0
11630,1670,S,47.95,50.75,2.8
11631,1670,C,32.33,47.95,15.62
11632,1670,A,28.23,32.33,4.1
11633,1670,K,24.69,28.23,3.55
11634,1671,R,55.76,58.21,2.45
11635,1671,L,50.75,55.76,5.01
11636,1671,S,47.93,50.75,2.82
11637,1671,C,32.28,47.93,15.65
11638,1671,A,28.18,32.28,4.11
11639,1671,K,24.68,28.18,3.49
11640,1672,R,55.77,58.21,2.45
11641,1672,L,50.75,55.77,5.02
11642,1672,S,47.91,50.75,2.84
11643,1672,C,32.24,47.91,15.67
11644,1672,A,28.12,32.24,4.12
11645,1672,K,24.68,28.12,3.44
11646,1673,R,55.77,58.22,2.45
11647,1673,L,50.75,55.77,5.02
11648,1673,S,47.89,50.75,2.86
11649,1673,C,32.19,47.89,15.7
11650,1673,A,28.06,32.19,4.13
11651,1673,K,24.68,28.06,3.39
11652,1674,R,55.78,58.23,2.45
11653,1674,L,50.75,55.78,5.03
11654,1674,S,47.87,50.75,2.88
11655,1674,C,32.15,47.87,15.72
11656,1674,A,28.01,32.15,4.14
11657,1674,K,24.67,28.01,3.33
11658,1675,R,55.78,58.23,2.45
11659,1675,L,50.75,55.78,5.04
11660,1675,S,47.85,50.75,2.89
11661,1675,C,32.1,47.85,15.75
11662,1675,A,27.95,32.1,4.16
11663,1675,K,24.67,27.95,3.27
11664,1676,R,55.79,58.24,2.45
11665,1676,L,50.74,55.79,5.05
11666,1676,S,47.83,50.74,2.91
11667,1676,C,32.06,47.83,15.78
11668,1676,A,27.89,32.06,4.17
11669,1676,K,24.67,27.89,3.22
11670,1677,R,55.8,58.25,2.45
11671,1677,L,50.74,55.8,5.05
11672,1677,S,47.82,50.74,2.93
11673,1677,C,32.01,47.82,15.8
11674,1677,A,27.83,32.01,4.18
11675,1677,K,24.67,27.83,3.16
11676,1678,R,55.8,58.26,2.45
11677,1678,L,50.74,55.8,5.06
11678,1678,S,47.8,50.74,2.95
11679,1678,C,31.97,47.8,15.83
11680,1678,A,27.78,31.97,4.19
11681,1678,K,24.67,27.78,3.1
11682,1679,R,55.81,58.26,2.45
11683,1679,L,50.75,55.81,5.07
11684,1679,S,47.78,50.75,2.96
11685,1679,C,31.93,47.78,15.85
11686,1679,A,27.72,31.93,4.21
11687,1679,K,24.68,27.72,3.04
11688,1680,R,55.82,58.27,2.45
11689,1680,L,50.75,55.82,5.07
11690,1680,S,47.76,50.75,2.98
11691,1680,C,31.88,47.76,15.88
11692,1680,A,27.66,31.88,4.22
11693,1680,K,24.66,27.66,3.0
11694,1681,R,55.83,58.28,2.46
11695,1681,L,50.75,55.83,5.08
11696,1681,S,47.75,50.75,3.0
11697,1681,C,31.84,47.75,15.91
11698,1681,A,27.6,31.84,4.24
11699,1681,K,24.6,27.6,3.0
11700,1682,R,55.84,58.29,2.46
11701,1682,L,50.75,55.84,5.09
11702,1682,S,47.73,50.75,3.02
11703,1682,C,31.8,47.73,15.94
11704,1682,A,27.55,31.8,4.25
11705,1682,K,24.55,27.55,3.0
11706,1683,R,55.84,58.3,2.46
11707,1683,L,50.75,55.84,5.09
11708,1683,S,47.72,50.75,3.03
11709,1683,C,31.76,47.72,15.96
11710,1683,A,27.49,31.76,4.27
11711,1683,K,24.49,27.49,3.0
11712,1684,R,55.85,58.31,2.46
11713,1684,L,50.75,55.85,5.1
11714,1684,S,47.7,50.75,3.05
11715,1684,C,31.71,47.7,15.99
11716,1684,A,27.43,31.71,4.28
11717,1684,K,24.43,27.43,3.0
11718,1685,R,55.86,58.33,2.46
11719,1685,L,50.76,55.86,5.1
11720,1685,S,47.69,50.76,3.07
11721,1685,C,31.67,47.69,16.02
11722,1685,A,27.38,31.67,4.3
11723,1685,K,24.38,27.38,3.0
11724,1686,R,55.87,58.34,2.47
11725,1686,L,50.76,55.87,5.11
11726,1686,S,47.68,50.76,3.08
11727,1686,C,31.63,47.68,16.05
11728,1686,A,27.32,31.63,4.31
11729,1686,K,24.32,27.32,3.0
11730,1687,R,55.88,58.35,2.47
11731,1687,L,50.76,55.88,5.12
11732,1687,S,47.67,50.76,3.1
11733,1687,C,31.59,47.67,16.07
11734,1687,A,27.26,31.59,4.33
11735,1687,K,24.26,27.26,3.0
11736,1688,R,55.89,58.36,2.47
11737,1688,L,50.77,55.89,5.12
11738,1688,S,47.65,50.77,3.12
11739,1688,C,31.55,47.65,16.1
11740,1688,A,27.21,31.55,4.34
11741,1688,K,24.21,27.21,3.0
11742,1689,R,55.9,58.38,2.47
11743,1689,L,50.77,55.9,5.13
11744,1689,S,47.64,50.77,3.13
11745,1689,C,31.51,47.64,16.13
11746,1689,A,27.15,31.51,4.36
11747,1689,K,24.15,27.15,3.0
11748,1690,R,55.91,58.39,2.48
11749,1690,L,50.78,55.91,5.13
11750,1690,S,47.63,50.78,3.15
11751,1690,C,31.47,47.63,16.16
11752,1690,A,27.1,31.47,4.38
11753,1690,K,24.1,27.1,3.0
11754,1691,R,55.92,58.4,2.48
11755,1691,L,50.78,55.92,5.14
11756,1691,S,47.62,50.78,3.16
11757,1691,C,31.44,47.62,16.19
11758,1691,A,27.04,31.44,4.39
11759,1691,K,24.04,27.04,3.0
11760,1692,R,55.93,58.42,2.48
11761,1692,L,50.79,55.93,5.14
11762,1692,S,47.61,50.79,3.18
11763,1692,C,31.4,47.61,16.22
11764,1692,A,26.99,31.4,4.41
11765,1692,K,23.99,26.99,3.0
11766,1693,R,55.95,58.43,2.48
11767,1693,L,50.8,55.95,5.15
11768,1693,S,47.6,50.8,3.19
11769,1693,C,31.36,47.6,16.24
11770,1693,A,26.93,31.36,4.43
11771,1693,K,23.93,26.93,3.0
11772,1694,R,55.96,58.45,2.49
11773,1694,L,50.8,55.96,5.15
11774,1694,S,47.6,50.8,3.21
11775,1694,C,31.32,47.6,16.27
11776,1694,A,26.88,31.32,4.44
11777,1694,K,23.88,26.88,3.0
11778,1695,R,55.97,58.46,2.49
11779,1695,L,50.81,55.97,5.16
11780,1695,S,47.59,50.81,3.22
11781,1695,C,31.29,47.59,16.3
11782,1695,A,26.83,31.29,4.46
11783,1695,K,23.83,26.83,3.0
11784,1696,R,55.98,58.48,2.49
11785,1696,L,50.82,55.98,5.16
11786,1696,S,47.58,50.82,3.24
11787,1696,C,31.25,47.58,16.33
11788,1696,A,26.77,31.25,4.48
11789,1696,K,23.77,26.77,3.0
11790,1697,R,56.0,58.49,2.5
11791,1697,L,50.83,56.0,5.17
11792,1697,S,47.58,50.83,3.25
11793,1697,C,31.22,47.58,16.36
11794,1697,A,26.72,31.22,4.5
11795,1697,K,23.72,26.72,3.0
11796,1698,R,56.01,58.51,2.5
11797,1698,L,50.84,56.01,5.17
11798,1698,S,47.57,50.84,3.26
11799,1698,C,31.18,47.57,16.39
11800,1698,A,26.67,31.18,4.51
11801,1698,K,23.67,26.67,3.0
11802,1699,R,56.02,58.53,2.5
11803,1699,L,50.85,56.02,5.18
11804,1699,S,47.57,50.85,3.28
11805,1699,C,31.15,47.57,16.42
11806,1699,A,26.62,31.15,4.53
11807,1699,K,23.62,26.62,3.0
11808,1700,R,56.04,58.54,2.51
11809,1700,L,50.85,56.04,5.18
11810,1700,S,47.56,50.85,3.29
11811,1700,C,31.12,47.56,16.44
11812,1700,A,26.57,31.12,4.55
11813,1700,K,23.57,26.57,3.0
11814,1701,R,56.05,58.56,2.51
11815,1701,L,50.86,56.05,5.19
11816,1701,S,47.56,50.86,3.3
11817,1701,C,31.09,47.56,16.47
11818,1701,A,26.52,31.09,4.57
11819,1701,K,23.52,26.52,3.0
11820,1702,R,56.07,58.58,2.51
11821,1702,L,50.88,56.07,5.19
11822,1702,S,47.56,50.88,3.32
11823,1702,C,31.06,47.56,16.5
11824,1702,A,26.47,31.06,4.59
11825,1702,K,23.47,26.47,3.0
11826,1703,R,56.08,58.6,2.52
11827,1703,L,50.89,56.08,5.19
11828,1703,S,47.56,50.89,3.33
11829,1703,C,31.03,47.56,16.53
11830,1703,A,26.42,31.03,4.6
11831,1703,K,23.42,26.42,3.0
11832,1704,R,56.1,58.62,2.52
11833,1704,L,50.9,56.1,5.2
11834,1704,S,47.56,50.9,3.34
11835,1704,C,31.0,47.56,16.56
11836,1704,A,26.38,31.0,4.62
11837,1704,K,23.38,26.38,3.0
11838,1705,R,56.11,58.64,2.52
11839,1705,L,50.91,56.11,5.2
11840,1705,S,47.56,50.91,3.35
11841,1705,C,30.97,47.56,16.59
11842,1705,A,26.33,30.97,4.64
11843,1705,K,23.33,26.33,3.0
11844,1706,R,56.13,58.65,2.53
11845,1706,L,50.92,56.13,5.2
11846,1706,S,47.56,50.92,3.37
11847,1706,C,30.94,47.56,16.61
11848,1706,A,26.28,30.94,4.66
11849,1706,K,23.28,26.28,3.0
11850,1707,R,56.14,58.67,2.53
11851,1707,L,50.94,56.14,5.21
11852,1707,S,47.56,50.94,3.38
11853,1707,C,30.92,47.56,16.64
11854,1707,A,26.24,30.92,4.68
11855,1707,K,23.24,26.24,3.0
11856,1708,R,56.16,58.69,2.54
11857,1708,L,50.95,56.16,5.21
11858,1708,S,47.56,50.95,3.39
11859,1708,C,30.89,47.56,16.67
11860,1708,A,26.19,30.89,4.7
11861,1708,K,23.19,26.19,3.0
11862,1709,R,56.18,58.71,2.54
11863,1709,L,50.96,56.18,5.21
11864,1709,S,47.56,50.96,3.4
11865,1709,C,30.87,47.56,16.7
11866,1709,A,26.15,30.87,4.72
11867,1709,K,23.15,26.15,3.0
11868,1710,R,56.19,58.73,2.54
11869,1710,L,50.98,56.19,5.22
11870,1710,S,47.57,50.98,3.41
11871,1710,C,30.84,47.57,16.73
11872,1710,A,26.11,30.84,4.73
11873,1710,K,23.11,26.11,3.0
11874,1711,R,56.21,58.76,2.55
11875,1711,L,50.99,56.21,5.22
11876,1711,S,47.57,50.99,3.42
11877,1711,C,30.82,47.57,16.75
11878,1711,A,26.06,30.82,4.75
11879,1711,K,23.06,26.06,3.0
11880,1712,R,56.23,58.78,2.55
11881,1712,L,51.01,56.23,5.22
11882,1712,S,47.58,51.01,3.43
11883,1712,C,30.8,47.58,16.78
11884,1712,A,26.02,30.8,4.77
11885,1712,K,23.02,26.02,3.0
11886,1713,R,56.24,58.8,2.55
11887,1713,L,51.02,56.24,5.22
11888,1713,S,47.58,51.02,3.44
11889,1713,C,30.77,47.58,16.81
11890,1713,A,25.98,30.77,4.79
11891,1713,K,22.98,25.98,3.0
11892,1714,R,56.26,58.82,2.56
11893,1714,L,51.04,56.26,5.22
11894,1714,S,47.59,51.04,3.45
11895,1714,C,30.75,47.59,16.83
11896,1714,A,25.94,30.75,4.81
11897,1714,K,22.94,25.94,3.0
11898,1715,R,56.28,58.84,2.56
11899,1715,L,51.06,56.28,5.22
11900,1715,S,47.6,51.06,3.46
11901,1715,C,30.74,47.6,16.86
11902,1715,A,25.91,30.74,4.83
11903,1715,K,22.91,25.91,3.0
11904,1716,R,56.3,58.86,2.57
11905,1716,L,51.07,56.3,5.23
11906,1716,S,47.6,51.07,3.47
11907,1716,C,30.72,47.6,16.89
11908,1716,A,25.87,30.72,4.85
11909,1716,K,22.87,25.87,3.0
11910,1717,R,56.32,58.89,2.57
11911,1717,L,51.09,56.32,5.23
11912,1717,S,47.61,51.09,3.48
11913,1717,C,30.7,47.61,16.91
11914,1717,A,25.83,30.7,4.87
11915,1717,K,22.83,25.83,3.0
11916,1718,R,56.33,58.91,2.57
11917,1718,L,51.11,56.33,5.23
11918,1718,S,47.62,51.11,3.48
11919,1718,C,30.68,47.62,16.94
11920,1718,A,25.8,30.68,4.88
11921,1718,K,22.8,25.8,3.0
11922,1719,R,56.35,58.93,2.58
11923,1719,L,51.13,56.35,5.23
11924,1719,S,47.63,51.13,3.49
11925,1719,C,30.67,47.63,16.97
11926,1719,A,25.76,30.67,4.9
11927,1719,K,22.76,25.76,3.0
11928,1720,R,56.37,58.95,2.58
11929,1720,L,51.14,56.37,5.23
11930,1720,S,47.64,51.14,3.5
11931,1720,C,30.65,47.64,16.99
11932,1720,A,25.73,30.65,4.92
11933,1720,K,22.73,25.73,3.0
11934,1721,R,56.39,58.98,2.58
11935,1721,L,51.16,56.39,5.23
11936,1721,S,47.66,51.16,3.51
11937,1721,C,30.64,47.66,17.02
11938,1721,A,25.7,30.64,4.94
11939,1721,K,22.7,25.7,3.0
11940,1722,R,56.41,59.0,2.59
11941,1722,L,51.18,56.41,5.23
11942,1722,S,47.67,51.18,3.52
11943,1722,C,30.63,47.67,17.04
11944,1722,A,25.67,30.63,4.96
11945,1722,K,22.67,25.67,3.0
11946,1723,R,56.43,59.02,2.59
11947,1723,L,51.2,56.43,5.23
11948,1723,S,47.68,51.2,3.52
11949,1723,C,30.62,47.68,17.07
11950,1723,A,25.64,30.62,4.98
11951,1723,K,22.64,25.64,3.0
11952,1724,R,56.45,59.05,2.59
11953,1724,L,51.22,56.45,5.23
11954,1724,S,47.7,51.22,3.53
11955,1724,C,30.61,47.7,17.09
11956,1724,A,25.61,30.61,5.0
11957,1724,K,22.61,25.61,3.0
11958,1725,R,56.47,59.07,2.6
11959,1725,L,51.25,56.47,5.23
11960,1725,S,47.71,51.25,3.53
11961,1725,C,30.6,47.71,17.11
11962,1725,A,25.58,30.6,5.01
11963,1725,K,22.58,25.58,3.0
11964,1726,R,56.49,59.09,2.6
11965,1726,L,51.27,56.49,5.22
11966,1726,S,47.73,51.27,3.54
11967,1726,C,30.59,47.73,17.14
11968,1726,A,25.56,30.59,5.03
11969,1726,K,22.56,25.56,3.0
11970,1727,R,56.51,59.12,2.61
11971,1727,L,51.29,56.51,5.22
11972,1727,S,47.74,51.29,3.55
11973,1727,C,30.58,47.74,17.16
11974,1727,A,25.53,30.58,5.05
11975,1727,K,22.53,25.53,3.0
11976,1728,R,56.53,59.14,2.61
11977,1728,L,51.31,56.53,5.22
11978,1728,S,47.76,51.31,3.55
11979,1728,C,30.58,47.76,17.18
11980,1728,A,25.51,30.58,5.07
11981,1728,K,22.51,25.51,3.0
11982,1729,R,56.55,59.17,2.61
11983,1729,L,51.33,56.55,5.22
11984,1729,S,47.78,51.33,3.56
11985,1729,C,30.57,47.78,17.21
11986,1729,A,25.49,30.57,5.08
11987,1729,K,22.49,25.49,3.0
11988,1730,R,56.58,59.19,2.62
11989,1730,L,51.36,56.58,5.22
11990,1730,S,47.8,51.36,3.56
11991,1730,C,30.57,47.8,17.23
11992,1730,A,25.47,30.57,5.1
11993,1730,K,22.47,25.47,3.0
11994,1731,R,56.6,59.22,2.62
11995,1731,L,51.38,56.6,5.22
11996,1731,S,47.82,51.38,3.57
11997,1731,C,30.57,47.82,17.25
11998,1731,A,25.45,30.57,5.12
11999,1731,K,22.45,25.45,3.0
12000,1732,R,56.62,59.24,2.62
12001,1732,L,51.4,56.62,5.21
12002,1732,S,47.83,51.4,3.57
12003,1732,C,30.56,47.83,17.27
12004,1732,A,25.43,30.56,5.14
12005,1732,K,22.43,25.43,3.0
12006,1733,R,56.64,59.26,2.63
12007,1733,L,51.43,56.64,5.21
12008,1733,S,47.86,51.43,3.57
12009,1733,C,30.56,47.86,17.29
12010,1733,A,25.41,30.56,5.15
12011,1733,K,22.41,25.41,3.0
12012,1734,R,56.66,59.29,2.63
12013,1734,L,51.45,56.66,5.21
12014,1734,S,47.88,51.45,3.58
12015,1734,C,30.56,47.88,17.31
12016,1734,A,25.39,30.56,5.17
12017,1734,K,22.39,25.39,3.0
12018,1735,R,56.68,59.31,2.63
12019,1735,L,51.48,56.68,5.2
12020,1735,S,47.9,51.48,3.58
12021,1735,C,30.57,47.9,17.33
12022,1735,A,25.38,30.57,5.19
12023,1735,K,22.38,25.38,3.0
12024,1736,R,56.7,59.34,2.64
12025,1736,L,51.5,56.7,5.2
12026,1736,S,47.92,51.5,3.58
12027,1736,C,30.57,47.92,17.35
12028,1736,A,25.37,30.57,5.2
12029,1736,K,22.37,25.37,3.0
12030,1737,R,56.73,59.36,2.64
12031,1737,L,51.53,56.73,5.2
12032,1737,S,47.94,51.53,3.58
12033,1737,C,30.57,47.94,17.37
12034,1737,A,25.35,30.57,5.22
12035,1737,K,22.35,25.35,3.0
12036,1738,R,56.75,59.39,2.64
12037,1738,L,51.56,56.75,5.19
12038,1738,S,47.97,51.56,3.59
12039,1738,C,30.58,47.97,17.39
12040,1738,A,25.34,30.58,5.24
12041,1738,K,22.34,25.34,3.0
12042,1739,R,56.77,59.41,2.64
12043,1739,L,51.58,56.77,5.19
12044,1739,S,47.99,51.58,3.59
12045,1739,C,30.59,47.99,17.41
12046,1739,A,25.33,30.59,5.25
12047,1739,K,22.33,25.33,3.0
12048,1740,R,56.79,59.44,2.65
12049,1740,L,51.61,56.79,5.18
12050,1740,S,48.02,51.61,3.59
12051,1740,C,30.59,48.02,17.43
12052,1740,A,25.33,30.59,5.27
12053,1740,K,22.33,25.33,3.0
12054,1741,R,56.81,59.46,2.65
12055,1741,L,51.64,56.81,5.18
12056,1741,S,48.04,51.64,3.59
12057,1741,C,30.6,48.04,17.44
12058,1741,A,25.32,30.6,5.28
12059,1741,K,22.32,25.32,3.0
12060,1742,R,56.84,59.49,2.65
12061,1742,L,51.66,56.84,5.17
12062,1742,S,48.07,51.66,3.59
12063,1742,C,30.61,48.07,17.46
12064,1742,A,25.31,30.61,5.3
12065,1742,K,22.31,25.31,3.0
12066,1743,R,56.86,59.51,2.65
12067,1743,L,51.69,56.86,5.17
12068,1743,S,48.1,51.69,3.59
12069,1743,C,30.62,48.1,17.48
12070,1743,A,25.31,30.62,5.31
12071,1743,K,22.31,25.31,3.0
12072,1744,R,56.88,59.54,2.66
12073,1744,L,51.72,56.88,5.16
12074,1744,S,48.13,51.72,3.59
12075,1744,C,30.63,48.13,17.49
12076,1744,A,25.31,30.63,5.33
12077,1744,K,22.31,25.31,3.0
12078,1745,R,56.9,59.56,2.66
12079,1745,L,51.75,56.9,5.16
12080,1745,S,48.15,51.75,3.59
12081,1745,C,30.65,48.15,17.51
12082,1745,A,25.31,30.65,5.34
12083,1745,K,22.31,25.31,3.0
12084,1746,R,56.93,59.59,2.66
12085,1746,L,51.78,56.93,5.15
12086,1746,S,48.18,51.78,3.59
12087,1746,C,30.66,48.18,17.52
12088,1746,A,25.31,30.66,5.36
12089,1746,K,22.31,25.31,3.0
12090,1747,R,56.95,59.61,2.66
12091,1747,L,51.8,56.95,5.14
12092,1747,S,48.21,51.8,3.59
12093,1747,C,30.68,48.21,17.53
12094,1747,A,25.31,30.68,5.37
12095,1747,K,22.31,25.31,3.0
12096,1748,R,56.97,59.64,2.67
12097,1748,L,51.83,56.97,5.14
12098,1748,S,48.24,51.83,3.59
12099,1748,C,30.69,48.24,17.55
12100,1748,A,25.31,30.69,5.38
12101,1748,K,22.31,25.31,3.0
12102,1749,R,56.99,59.66,2.67
12103,1749,L,51.86,56.99,5.13
12104,1749,S,48.27,51.86,3.59
12105,1749,C,30.71,48.27,17.56
12106,1749,A,25.31,30.71,5.4
12107,1749,K,22.31,25.31,3.0
12108,1750,R,57.02,59.69,2.67
12109,1750,L,51.89,57.02,5.12
12110,1750,S,48.3,51.89,3.59
12111,1750,C,30.73,48.3,17.57
12112,1750,A,25.32,30.73,5.41
12113,1750,K,22.32,25.32,3.0
12114,1751,R,57.04,59.71,2.67
12115,1751,L,51.92,57.04,5.12
12116,1751,S,48.34,51.92,3.59
12117,1751,C,30.75,48.34,17.59
12118,1751,A,25.33,30.75,5.42
12119,1751,K,22.33,25.33,3.0
12120,1752,R,57.06,59.73,2.67
12121,1752,L,51.95,57.06,5.11
12122,1752,S,48.37,51.95,3.58
12123,1752,C,30.77,48.37,17.6
12124,1752,A,25.34,30.77,5.44
12125,1752,K,22.34,25.34,3.0
12126,1753,R,57.08,59.76,2.67
12127,1753,L,51.98,57.08,5.1
12128,1753,S,48.4,51.98,3.58
12129,1753,C,30.79,48.4,17.61
12130,1753,A,25.35,30.79,5.45
12131,1753,K,22.35,25.35,3.0
12132,1754,R,57.11,59.78,2.67
12133,1754,L,52.01,57.11,5.09
12134,1754,S,48.43,52.01,3.58
12135,1754,C,30.82,48.43,17.62
12136,1754,A,25.36,30.82,5.46
12137,1754,K,22.36,25.36,3.0
12138,1755,R,57.13,59.81,2.68
12139,1755,L,52.05,57.13,5.08
12140,1755,S,48.47,52.05,3.58
12141,1755,C,30.84,48.47,17.63
12142,1755,A,25.37,30.84,5.47
12143,1755,K,22.37,25.37,3.0
12144,1756,R,57.15,59.83,2.68
12145,1756,L,52.08,57.15,5.07
12146,1756,S,48.5,52.08,3.57
12147,1756,C,30.87,48.5,17.64
12148,1756,A,25.38,30.87,5.48
12149,1756,K,22.38,25.38,3.0
12150,1757,R,57.17,59.85,2.68
12151,1757,L,52.11,57.17,5.07
12152,1757,S,48.54,52.11,3.57
12153,1757,C,30.89,48.54,17.64
12154,1757,A,25.4,30.89,5.49
12155,1757,K,22.4,25.4,3.0
12156,1758,R,57.2,59.87,2.68
12157,1758,L,52.14,57.2,5.06
12158,1758,S,48.57,52.14,3.57
12159,1758,C,30.92,48.57,17.65
12160,1758,A,25.42,30.92,5.5
12161,1758,K,22.42,25.42,3.0
12162,1759,R,57.22,59.9,2.68
12163,1759,L,52.17,57.22,5.05
12164,1759,S,48.61,52.17,3.56
12165,1759,C,30.95,48.61,17.66
12166,1759,A,25.43,30.95,5.51
12167,1759,K,22.43,25.43,3.0
12168,1760,R,57.24,59.92,2.68
12169,1760,L,52.2,57.24,5.04
12170,1760,S,48.65,52.2,3.56
12171,1760,C,30.98,48.65,17.67
12172,1760,A,25.45,30.98,5.52
12173,1760,K,22.45,25.45,3.0
12174,1761,R,57.26,59.94,2.68
12175,1761,L,52.24,57.26,5.03
12176,1761,S,48.68,52.24,3.55
12177,1761,C,31.01,48.68,17.67
12178,1761,A,25.48,31.01,5.53
12179,1761,K,22.48,25.48,3.0
12180,1762,R,57.28,59.97,2.68
12181,1762,L,52.27,57.28,5.02
12182,1762,S,48.72,52.27,3.55
12183,1762,C,31.04,48.72,17.68
12184,1762,A,25.5,31.04,5.54
12185,1762,K,22.5,25.5,3.0
12186,1763,R,57.31,59.99,2.68
12187,1763,L,52.3,57.31,5.01
12188,1763,S,48.76,52.3,3.54
12189,1763,C,31.07,48.76,17.68
12190,1763,A,25.52,31.07,5.55
12191,1763,K,22.52,25.52,3.0
12192,1764,R,57.33,60.01,2.68
12193,1764,L,52.33,57.33,5.0
12194,1764,S,48.79,52.33,3.54
12195,1764,C,31.11,48.79,17.69
12196,1764,A,25.55,31.11,5.56
12197,1764,K,22.55,25.55,3.0
12198,1765,R,57.35,60.03,2.68
12199,1765,L,52.36,57.35,4.99
12200,1765,S,48.83,52.36,3.53
12201,1765,C,31.14,48.83,17.69
12202,1765,A,25.57,31.14,5.57
12203,1765,K,22.57,25.57,3.0
12204,1766,R,57.37,60.05,2.68
12205,1766,L,52.4,57.37,4.97
12206,1766,S,48.87,52.4,3.53
12207,1766,C,31.18,48.87,17.69
12208,1766,A,25.6,31.18,5.58
12209,1766,K,22.6,25.6,3.0
12210,1767,R,57.39,60.07,2.68
12211,1767,L,52.43,57.39,4.96
12212,1767,S,48.91,52.43,3.52
12213,1767,C,31.22,48.91,17.69
12214,1767,A,25.63,31.22,5.58
12215,1767,K,22.63,25.63,3.0
12216,1768,R,57.41,60.09,2.68
12217,1768,L,52.46,57.41,4.95
12218,1768,S,48.95,52.46,3.51
12219,1768,C,31.25,48.95,17.7
12220,1768,A,25.66,31.25,5.59
12221,1768,K,22.66,25.66,3.0
12222,1769,R,57.44,60.11,2.68
12223,1769,L,52.5,57.44,4.94
12224,1769,S,48.99,52.5,3.51
12225,1769,C,31.29,48.99,17.7
12226,1769,A,25.69,31.29,5.6
12227,1769,K,22.69,25.69,3.0
12228,1770,R,57.46,60.13,2.68
12229,1770,L,52.53,57.46,4.93
12230,1770,S,49.03,52.53,3.5
12231,1770,C,31.33,49.03,17.7
12232,1770,A,25.73,31.33,5.6
12233,1770,K,22.73,25.73,3.0
12234,1771,R,57.48,60.15,2.68
12235,1771,L,52.56,57.48,4.92
12236,1771,S,49.07,52.56,3.49
12237,1771,C,31.37,49.07,17.7
12238,1771,A,25.76,31.37,5.61
12239,1771,K,22.76,25.76,3.0
12240,1772,R,57.5,60.17,2.67
12241,1772,L,52.59,57.5,4.9
12242,1772,S,49.11,52.59,3.49
12243,1772,C,31.41,49.11,17.69
12244,1772,A,25.8,31.41,5.62
12245,1772,K,22.8,25.8,3.0
12246,1773,R,57.52,60.19,2.67
12247,1773,L,52.63,57.52,4.89
12248,1773,S,49.15,52.63,3.48
12249,1773,C,31.46,49.15,17.69
12250,1773,A,25.84,31.46,5.62
12251,1773,K,22.84,25.84,3.0
12252,1774,R,57.54,60.21,2.67
12253,1774,L,52.66,57.54,4.88
12254,1774,S,49.19,52.66,3.47
12255,1774,C,31.5,49.19,17.69
12256,1774,A,25.87,31.5,5.63
12257,1774,K,22.87,25.87,3.0
12258,1775,R,57.56,60.23,2.67
12259,1775,L,52.69,57.56,4.86
12260,1775,S,49.23,52.69,3.46
12261,1775,C,31.54,49.23,17.69
12262,1775,A,25.91,31.54,5.63
12263,1775,K,22.91,25.91,3.0
12264,1776,R,57.58,60.25,2.67
12265,1776,L,52.73,57.58,4.85
12266,1776,S,49.27,52.73,3.46
12267,1776,C,31.59,49.27,17.68
12268,1776,A,25.95,31.59,5.63
12269,1776,K,22.95,25.95,3.0
12270,1777,R,57.6,60.26,2.67
12271,1777,L,52.76,57.6,4.84
12272,1777,S,49.31,52.76,3.45
12273,1777,C,31.63,49.31,17.68
12274,1777,A,26.0,31.63,5.64
12275,1777,K,23.0,26.0,3.0
12276,1778,R,57.62,60.28,2.66
12277,1778,L,52.79,57.62,4.82
12278,1778,S,49.35,52.79,3.44
12279,1778,C,31.68,49.35,17.67
12280,1778,A,26.04,31.68,5.64
12281,1778,K,23.04,26.04,3.0
12282,1779,R,57.64,60.3,2.66
12283,1779,L,52.83,57.64,4.81
12284,1779,S,49.4,52.83,3.43
12285,1779,C,31.73,49.4,17.67
12286,1779,A,26.08,31.73,5.64
12287,1779,K,23.08,26.08,3.0
12288,1780,R,57.65,60.31,2.66
12289,1780,L,52.86,57.65,4.79
12290,1780,S,49.44,52.86,3.42
12291,1780,C,31.78,49.44,17.66
12292,1780,A,26.13,31.78,5.65
12293,1780,K,23.13,26.13,3.0
12294,1781,R,57.67,60.33,2.66
12295,1781,L,52.89,57.67,4.78
12296,1781,S,49.48,52.89,3.41
12297,1781,C,31.83,49.48,17.65
12298,1781,A,26.18,31.83,5.65
12299,1781,K,23.18,26.18,3.0
12300,1782,R,57.69,60.35,2.65
12301,1782,L,52.93,57.69,4.77
12302,1782,S,49.52,52.93,3.4
12303,1782,C,31.88,49.52,17.65
12304,1782,A,26.23,31.88,5.65
12305,1782,K,23.23,26.23,3.0
12306,1783,R,57.71,60.36,2.65
12307,1783,L,52.96,57.71,4.75
12308,1783,S,49.56,52.96,3.39
12309,1783,C,31.93,49.56,17.64
12310,1783,A,26.27,31.93,5.65
12311,1783,K,23.27,26.27,3.0
12312,1784,R,57.73,60.38,2.65
12313,1784,L,52.99,57.73,4.74
12314,1784,S,49.61,52.99,3.39
12315,1784,C,31.98,49.61,17.63
12316,1784,A,26.33,31.98,5.65
12317,1784,K,23.33,26.33,3.0
12318,1785,R,57.74,60.39,2.64
12319,1785,L,53.02,57.74,4.72
12320,1785,S,49.65,53.02,3.38
12321,1785,C,32.03,49.65,17.62
12322,1785,A,26.38,32.03,5.65
12323,1785,K,23.38,26.38,3.0
12324,1786,R,57.76,60.4,2.64
12325,1786,L,53.06,57.76,4.71
12326,1786,S,49.69,53.06,3.37
12327,1786,C,32.08,49.69,17.61
12328,1786,A,26.43,32.08,5.65
12329,1786,K,23.43,26.43,3.0
12330,1787,R,57.78,60.42,2.64
12331,1787,L,53.09,57.78,4.69
12332,1787,S,49.73,53.09,3.36
12333,1787,C,32.14,49.73,17.6
12334,1787,A,26.48,32.14,5.65
12335,1787,K,23.48,26.48,3.0
12336,1788,R,57.8,60.43,2.63
12337,1788,L,53.12,57.8,4.67
12338,1788,S,49.77,53.12,3.35
12339,1788,C,32.19,49.77,17.58
12340,1788,A,26.54,32.19,5.65
12341,1788,K,23.54,26.54,3.0
12342,1789,R,57.81,60.44,2.63
12343,1789,L,53.15,57.81,4.66
12344,1789,S,49.82,53.15,3.34
12345,1789,C,32.24,49.82,17.57
12346,1789,A,26.59,32.24,5.65
12347,1789,K,23.59,26.59,3.0
12348,1790,R,57.83,60.45,2.63
12349,1790,L,53.18,57.83,4.64
12350,1790,S,49.86,53.18,3.33
12351,1790,C,32.3,49.86,17.56
12352,1790,A,26.65,32.3,5.65
12353,1790,K,23.65,26.65,3.0
12354,1791,R,57.84,60.46,2.62
12355,1791,L,53.22,57.84,4.63
12356,1791,S,49.9,53.22,3.31
12357,1791,C,32.36,49.9,17.55
12358,1791,A,26.71,32.36,5.65
12359,1791,K,23.71,26.71,3.0
12360,1792,R,57.86,60.48,2.62
12361,1792,L,53.25,57.86,4.61
12362,1792,S,49.94,53.25,3.3
12363,1792,C,32.41,49.94,17.53
12364,1792,A,26.77,32.41,5.65
12365,1792,K,23.77,26.77,3.0
12366,1793,R,57.87,60.49,2.61
12367,1793,L,53.28,57.87,4.59
12368,1793,S,49.99,53.28,3.29
12369,1793,C,32.47,49.99,17.52
12370,1793,A,26.83,32.47,5.64
12371,1793,K,23.83,26.83,3.0
12372,1794,R,57.89,60.5,2.61
12373,1794,L,53.31,57.89,4.58
12374,1794,S,50.03,53.31,3.28
12375,1794,C,32.53,50.03,17.5
12376,1794,A,26.89,32.53,5.64
12377,1794,K,23.89,26.89,3.0
12378,1795,R,57.9,60.51,2.6
12379,1795,L,53.34,57.9,4.56
12380,1795,S,50.07,53.34,3.27
12381,1795,C,32.59,50.07,17.48
12382,1795,A,26.95,32.59,5.64
12383,1795,K,23.95,26.95,3.0
12384,1796,R,57.92,60.51,2.6
12385,1796,L,53.37,57.92,4.54
12386,1796,S,50.11,53.37,3.26
12387,1796,C,32.64,50.11,17.47
12388,1796,A,27.01,32.64,5.63
12389,1796,K,24.01,27.01,3.0
12390,1797,R,57.93,60.52,2.59
12391,1797,L,53.4,57.93,4.53
12392,1797,S,50.15,53.4,3.25
12393,1797,C,32.7,50.15,17.45
12394,1797,A,27.07,32.7,5.63
12395,1797,K,24.07,27.07,3.0
12396,1798,R,57.94,60.53,2.59
12397,1798,L,53.43,57.94,4.51
12398,1798,S,50.19,53.43,3.24
12399,1798,C,32.76,50.19,17.43
12400,1798,A,27.14,32.76,5.63
12401,1798,K,24.14,27.14,3.0
12402,1799,R,57.96,60.54,2.58
12403,1799,L,53.46,57.96,4.49
12404,1799,S,50.24,53.46,3.23
12405,1799,C,32.82,50.24,17.41
12406,1799,A,27.2,32.82,5.62
12407,1799,K,24.2,27.2,3.0
12408,1800,R,57.97,60.54,2.58
12409,1800,L,53.49,57.97,4.48
12410,1800,S,50.28,53.49,3.22
12411,1800,C,32.88,50.28,17.39
12412,1800,A,27.27,32.88,5.62
12413,1800,K,24.27,27.27,3.0
12414,1801,R,57.98,60.55,2.57
12415,1801,L,53.52,57.98,4.46
12416,1801,S,50.32,53.52,3.2
12417,1801,C,32.94,50.32,17.37
12418,1801,A,27.33,32.94,5.61
12419,1801,K,24.33,27.33,3.0
12420,1802,R,57.99,60.56,2.56
12421,1802,L,53.55,57.99,4.44
12422,1802,S,50.36,53.55,3.19
12423,1802,C,33.01,50.36,17.35
12424,1802,A,27.4,33.01,5.6
12425,1802,K,24.4,27.4,3.0
12426,1803,R,58.0,60.56,2.56
12427,1803,L,53.58,58.0,4.42
12428,1803,S,50.4,53.58,3.18
12429,1803,C,33.07,50.4,17.33
12430,1803,A,27.47,33.07,5.6
12431,1803,K,24.47,27.47,3.0
12432,1804,R,58.01,60.57,2.55
12433,1804,L,53.61,58.01,4.41
12434,1804,S,50.44,53.61,3.17
12435,1804,C,33.13,50.44,17.31
12436,1804,A,27.54,33.13,5.59
12437,1804,K,24.54,27.54,3.0
12438,1805,R,58.02,60.57,2.54
12439,1805,L,53.64,58.02,4.39
12440,1805,S,50.48,53.64,3.16
12441,1805,C,33.19,50.48,17.29
12442,1805,A,27.61,33.19,5.58
12443,1805,K,24.61,27.61,3.0
12444,1806,R,58.03,60.57,2.54
12445,1806,L,53.66,58.03,4.37
12446,1806,S,50.52,53.66,3.15
12447,1806,C,33.25,50.52,17.26
12448,1806,A,27.68,33.25,5.58
12449,1806,K,24.68,27.68,3.0
12450,1807,R,58.04,60.58,2.53
12451,1807,L,53.69,58.04,4.35
12452,1807,S,50.56,53.69,3.14
12453,1807,C,33.32,50.56,17.24
12454,1807,A,27.75,33.32,5.57
12455,1807,K,24.75,27.75,3.0
12456,1808,R,58.05,60.58,2.52
12457,1808,L,53.72,58.05,4.33
12458,1808,S,50.6,53.72,3.12
12459,1808,C,33.38,50.6,17.22
12460,1808,A,27.82,33.38,5.56
12461,1808,K,24.82,27.82,3.0
12462,1809,R,58.06,60.58,2.52
12463,1809,L,53.75,58.06,4.32
12464,1809,S,50.63,53.75,3.11
12465,1809,C,33.44,50.63,17.19
12466,1809,A,27.89,33.44,5.55
12467,1809,K,24.89,27.89,3.0
12468,1810,R,58.07,60.58,2.51
12469,1810,L,53.77,58.07,4.3
12470,1810,S,50.67,53.77,3.1
12471,1810,C,33.51,50.67,17.17
12472,1810,A,27.96,33.51,5.54
12473,1810,K,24.96,27.96,3.0
12474,1811,R,58.08,60.58,2.5
12475,1811,L,53.8,58.08,4.28
12476,1811,S,50.71,53.8,3.09
12477,1811,C,33.57,50.71,17.14
12478,1811,A,28.03,33.57,5.54
12479,1811,K,25.03,28.03,3.0
12480,1812,R,58.09,60.58,2.49
12481,1812,L,53.82,58.09,4.26
12482,1812,S,50.75,53.82,3.08
12483,1812,C,33.63,50.75,17.11
12484,1812,A,28.11,33.63,5.53
12485,1812,K,25.11,28.11,3.0
12486,1813,R,58.09,60.58,2.49
12487,1813,L,53.85,58.09,4.24
12488,1813,S,50.78,53.85,3.06
12489,1813,C,33.7,50.78,17.09
12490,1813,A,28.18,33.7,5.52
12491,1813,K,25.18,28.18,3.0
12492,1814,R,58.1,60.58,2.48
12493,1814,L,53.87,58.1,4.22
12494,1814,S,50.82,53.87,3.05
12495,1814,C,33.76,50.82,17.06
12496,1814,A,28.25,33.76,5.51
12497,1814,K,25.25,28.25,3.0
12498,1815,R,58.11,60.58,2.47
12499,1815,L,53.9,58.11,4.21
12500,1815,S,50.86,53.9,3.04
12501,1815,C,33.83,50.86,17.03
12502,1815,A,28.33,33.83,5.5
12503,1815,K,25.33,28.33,3.0
12504,1816,R,58.11,60.57,2.46
12505,1816,L,53.92,58.11,4.19
12506,1816,S,50.89,53.92,3.03
12507,1816,C,33.89,50.89,17.0
12508,1816,A,28.4,33.89,5.49
12509,1816,K,25.37,28.4,3.03
12510,1817,R,58.12,60.57,2.45
12511,1817,L,53.95,58.12,4.17
12512,1817,S,50.93,53.95,3.02
12513,1817,C,33.95,50.93,16.98
12514,1817,A,28.48,33.95,5.48
12515,1817,K,25.34,28.48,3.14
12516,1818,R,58.12,60.57,2.45
12517,1818,L,53.97,58.12,4.15
12518,1818,S,50.96,53.97,3.01
12519,1818,C,34.02,50.96,16.95
12520,1818,A,28.55,34.02,5.46
12521,1818,K,25.31,28.55,3.24
12522,1819,R,58.13,60.56,2.44
12523,1819,L,53.99,58.13,4.13
12524,1819,S,51.0,53.99,3.0
12525,1819,C,34.08,51.0,16.92
12526,1819,A,28.63,34.08,5.45
12527,1819,K,25.28,28.63,3.35
12528,1820,R,58.13,60.56,2.43
12529,1820,L,54.02,58.13,4.11
12530,1820,S,51.03,54.02,2.98
12531,1820,C,34.15,51.03,16.89
12532,1820,A,28.7,34.15,5.44
12533,1820,K,25.25,28.7,3.45
12534,1821,R,58.13,60.55,2.42
12535,1821,L,54.04,58.13,4.1
12536,1821,S,51.07,54.04,2.97
12537,1821,C,34.21,51.07,16.86
12538,1821,A,28.78,34.21,5.43
12539,1821,K,25.22,28.78,3.56
12540,1822,R,58.14,60.55,2.41
12541,1822,L,54.06,58.14,4.08
12542,1822,S,51.1,54.06,2.96
12543,1822,C,34.27,51.1,16.82
12544,1822,A,28.86,34.27,5.42
12545,1822,K,25.19,28.86,3.67
12546,1823,R,58.14,60.54,2.4
12547,1823,L,54.08,58.14,4.06
12548,1823,S,51.13,54.08,2.95
12549,1823,C,34.34,51.13,16.79
12550,1823,A,28.93,34.34,5.4
12551,1823,K,25.15,28.93,3.78
12552,1824,R,58.14,60.53,2.39
12553,1824,L,54.1,58.14,4.04
12554,1824,S,51.16,54.1,2.94
12555,1824,C,34.4,51.16,16.76
12556,1824,A,29.01,34.4,5.39
12557,1824,K,25.12,29.01,3.89
12558,1825,R,58.14,60.52,2.38
12559,1825,L,54.12,58.14,4.02
12560,1825,S,51.19,54.12,2.93
12561,1825,C,34.46,51.19,16.73
12562,1825,A,29.09,34.46,5.38
12563,1825,K,25.08,29.09,4.0
12564,1826,R,58.14,60.52,2.37
12565,1826,L,54.14,58.14,4.0
12566,1826,S,51.22,54.14,2.92
12567,1826,C,34.53,51.22,16.7
12568,1826,A,29.16,34.53,5.37
12569,1826,K,25.05,29.16,4.11
12570,1827,R,58.14,60.51,2.36
12571,1827,L,54.16,58.14,3.98
12572,1827,S,51.25,54.16,2.9
12573,1827,C,34.59,51.25,16.66
12574,1827,A,29.24,34.59,5.35
12575,1827,K,25.01,29.24,4.23
12576,1828,R,58.14,60.5,2.35
12577,1828,L,54.18,58.14,3.97
12578,1828,S,51.28,54.18,2.89
12579,1828,C,34.65,51.28,16.63
12580,1828,A,29.32,34.65,5.34
12581,1828,K,24.98,29.32,4.34
12582,1829,R,58.14,60.49,2.34
12583,1829,L,54.2,58.14,3.95
12584,1829,S,51.31,54.2,2.88
12585,1829,C,34.72,51.31,16.6
12586,1829,A,29.39,34.72,5.33
12587,1829,K,24.94,29.39,4.45
12588,1830,R,58.14,60.48,2.33
12589,1830,L,54.21,58.14,3.93
12590,1830,S,51.34,54.21,2.87
12591,1830,C,34.78,51.34,16.56
12592,1830,A,29.47,34.78,5.31
12593,1830,K,24.9,29.47,4.57
12594,1831,R,58.14,60.46,2.32
12595,1831,L,54.23,58.14,3.91
12596,1831,S,51.37,54.23,2.86
12597,1831,C,34.84,51.37,16.53
12598,1831,A,29.55,34.84,5.3
12599,1831,K,24.86,29.55,4.68
12600,1832,R,58.14,60.45,2.31
12601,1832,L,54.25,58.14,3.89
12602,1832,S,51.4,54.25,2.85
12603,1832,C,34.9,51.4,16.49
12604,1832,A,29.62,34.9,5.28
12605,1832,K,24.82,29.62,4.8
12606,1833,R,58.14,60.44,2.3
12607,1833,L,54.26,58.14,3.87
12608,1833,S,51.42,54.26,2.84
12609,1833,C,34.97,51.42,16.46
12610,1833,A,29.7,34.97,5.27
12611,1833,K,24.78,29.7,4.91
12612,1834,R,58.13,60.43,2.29
12613,1834,L,54.28,58.13,3.86
12614,1834,S,51.45,54.28,2.83
12615,1834,C,35.03,51.45,16.42
12616,1834,A,29.77,35.03,5.25
12617,1834,K,24.74,29.77,5.03
12618,1835,R,58.13,60.41,2.28
12619,1835,L,54.29,58.13,3.84
12620,1835,S,51.47,54.29,2.82
12621,1835,C,35.09,51.47,16.38
12622,1835,A,29.85,35.09,5.24
12623,1835,K,24.7,29.85,5.15
12624,1836,R,58.13,60.4,2.27
12625,1836,L,54.31,58.13,3.82
12626,1836,S,51.5,54.31,2.81
12627,1836,C,35.15,51.5,16.35
12628,1836,A,29.93,35.15,5.22
12629,1836,K,24.66,29.93,5.27
12630,1837,R,58.12,60.38,2.26
12631,1837,L,54.32,58.12,3.8
12632,1837,S,51.52,54.32,2.8
12633,1837,C,35.21,51.52,16.31
12634,1837,A,30.0,35.21,5.21
12635,1837,K,24.62,30.0,5.38
12636,1838,R,58.12,60.37,2.25
12637,1838,L,54.33,58.12,3.78
12638,1838,S,51.54,54.33,2.79
12639,1838,C,35.27,51.54,16.28
12640,1838,A,30.08,35.27,5.19
12641,1838,K,24.57,30.08,5.5
12642,1839,R,58.11,60.35,2.24
12643,1839,L,54.35,58.11,3.77
12644,1839,S,51.57,54.35,2.78
12645,1839,C,35.33,51.57,16.24
12646,1839,A,30.15,35.33,5.18
12647,1839,K,24.53,30.15,5.62
12648,1840,R,58.11,60.34,2.23
12649,1840,L,54.36,58.11,3.75
12650,1840,S,51.59,54.36,2.77
12651,1840,C,35.39,51.59,16.2
12652,1840,A,30.22,35.39,5.16
12653,1840,K,24.49,30.22,5.74
12654,1841,R,58.1,60.32,2.22
12655,1841,L,54.37,58.1,3.73
12656,1841,S,51.61,54.37,2.76
12657,1841,C,35.44,51.61,16.16
12658,1841,A,30.3,35.44,5.15
12659,1841,K,24.44,30.3,5.86
12660,1842,R,58.09,60.3,2.21
12661,1842,L,54.38,58.09,3.71
12662,1842,S,51.63,54.38,2.75
12663,1842,C,35.5,51.63,16.13
12664,1842,A,30.37,35.5,5.13
12665,1842,K,24.4,30.37,5.98
12666,1843,R,58.09,60.28,2.2
12667,1843,L,54.39,58.09,3.7
12668,1843,S,51.65,54.39,2.74
12669,1843,C,35.56,51.65,16.09
12670,1843,A,30.45,35.56,5.11
12671,1843,K,24.35,30.45,6.09
12672,1844,R,58.08,60.26,2.19
12673,1844,L,54.4,58.08,3.68
12674,1844,S,51.67,54.4,2.73
12675,1844,C,35.62,51.67,16.05
12676,1844,A,30.52,35.62,5.1
12677,1844,K,24.31,30.52,6.21
12678,1845,R,58.07,60.24,2.17
12679,1845,L,54.41,58.07,3.66
12680,1845,S,51.68,54.41,2.73
12681,1845,C,35.67,51.68,16.01
12682,1845,A,30.59,35.67,5.08
12683,1845,K,24.26,30.59,6.33
12684,1846,R,58.06,60.22,2.16
12685,1846,L,54.42,58.06,3.64
12686,1846,S,51.7,54.42,2.72
12687,1846,C,35.73,51.7,15.97
12688,1846,A,30.66,35.73,5.07
12689,1846,K,24.21,30.66,6.45
12690,1847,R,58.05,60.2,2.15
12691,1847,L,54.43,58.05,3.63
12692,1847,S,51.72,54.43,2.71
12693,1847,C,35.78,51.72,15.93
12694,1847,A,30.73,35.78,5.05
12695,1847,K,24.16,30.73,6.57
12696,1848,R,58.04,60.18,2.14
12697,1848,L,54.43,58.04,3.61
12698,1848,S,51.73,54.43,2.7
12699,1848,C,35.84,51.73,15.9
12700,1848,A,30.8,35.84,5.03
12701,1848,K,24.12,30.8,6.69
12702,1849,R,58.03,60.16,2.13
12703,1849,L,54.44,58.03,3.59
12704,1849,S,51.75,54.44,2.69
12705,1849,C,35.89,51.75,15.86
12706,1849,A,30.87,35.89,5.02
12707,1849,K,24.07,30.87,6.81
12708,1850,R,58.02,60.14,2.12
12709,1850,L,54.45,58.02,3.58
12710,1850,S,51.76,54.45,2.68
12711,1850,C,35.94,51.76,15.82
12712,1850,A,30.94,35.94,5.0
12713,1850,K,24.02,30.94,6.93
12714,1851,R,58.01,60.12,2.11
12715,1851,L,54.45,58.01,3.56
12716,1851,S,51.77,54.45,2.68
12717,1851,C,36.0,51.77,15.78
12718,1851,A,31.01,36.0,4.98
12719,1851,K,23.97,31.01,7.05
12720,1852,R,58.0,60.09,2.09
12721,1852,L,54.46,58.0,3.54
12722,1852,S,51.79,54.46,2.67
12723,1852,C,36.05,51.79,15.74
12724,1852,A,31.08,36.05,4.97
12725,1852,K,23.92,31.08,7.16
12726,1853,R,57.99,60.07,2.08
12727,1853,L,54.46,57.99,3.53
12728,1853,S,51.8,54.46,2.66
12729,1853,C,36.1,51.8,15.7
12730,1853,A,31.15,36.1,4.95
12731,1853,K,23.87,31.15,7.28
12732,1854,R,57.98,60.05,2.07
12733,1854,L,54.46,57.98,3.51
12734,1854,S,51.81,54.46,2.66
12735,1854,C,36.15,51.81,15.66
12736,1854,A,31.22,36.15,4.93
12737,1854,K,23.82,31.22,7.4
12738,1855,R,57.96,60.02,2.06
12739,1855,L,54.47,57.96,3.5
12740,1855,S,51.82,54.47,2.65
12741,1855,C,36.2,51.82,15.62
12742,1855,A,31.28,36.2,4.92
12743,1855,K,23.77,31.28,7.52
12744,1856,R,57.95,60.0,2.05
12745,1856,L,54.47,57.95,3.48
12746,1856,S,51.83,54.47,2.64
12747,1856,C,36.25,51.83,15.58
12748,1856,A,31.35,36.25,4.9
12749,1856,K,23.71,31.35,7.63
12750,1857,R,57.94,59.97,2.03
12751,1857,L,54.47,57.94,3.46
12752,1857,S,51.84,54.47,2.64
12753,1857,C,36.3,51.84,15.54
12754,1857,A,31.41,36.3,4.88
12755,1857,K,23.66,31.41,7.75
12756,1858,R,57.92,59.94,2.02
12757,1858,L,54.47,57.92,3.45
12758,1858,S,51.84,54.47,2.63
12759,1858,C,36.34,51.84,15.5
12760,1858,A,31.48,36.34,4.87
12761,1858,K,23.61,31.48,7.87
12762,1859,R,57.91,59.92,2.01
12763,1859,L,54.47,57.91,3.43
12764,1859,S,51.85,54.47,2.62
12765,1859,C,36.39,51.85,15.46
12766,1859,A,31.54,36.39,4.85
12767,1859,K,23.56,31.54,7.98
12768,1860,R,57.89,59.89,2.0
12769,1860,L,54.47,57.89,3.42
12770,1860,S,51.86,54.47,2.62
12771,1860,C,36.43,51.86,15.42
12772,1860,A,31.6,36.43,4.83
12773,1860,K,23.5,31.6,8.1
12774,1861,R,57.88,59.86,1.99
12775,1861,L,54.47,57.88,3.4
12776,1861,S,51.86,54.47,2.61
12777,1861,C,36.48,51.86,15.38
12778,1861,A,31.66,36.48,4.82
12779,1861,K,23.45,31.66,8.21
12780,1862,R,57.86,59.84,1.98
12781,1862,L,54.47,57.86,3.39
12782,1862,S,51.87,54.47,2.61
12783,1862,C,36.52,51.87,15.34
12784,1862,A,31.72,36.52,4.8
12785,1862,K,23.4,31.72,8.32
12786,1863,R,57.85,59.81,1.96
12787,1863,L,54.47,57.85,3.37
12788,1863,S,51.87,54.47,2.6
12789,1863,C,36.57,51.87,15.3
12790,1863,A,31.78,36.57,4.78
12791,1863,K,23.34,31.78,8.44
12792,1864,R,57.83,59.78,1.95
12793,1864,L,54.47,57.83,3.36
12794,1864,S,51.87,54.47,2.6
12795,1864,C,36.61,51.87,15.26
12796,1864,A,31.84,36.61,4.77
12797,1864,K,23.29,31.84,8.55
12798,1865,R,57.81,59.75,1.94
12799,1865,L,54.47,57.81,3.35
12800,1865,S,51.87,54.47,2.59
12801,1865,C,36.65,51.87,15.22
12802,1865,A,31.9,36.65,4.75
12803,1865,K,23.24,31.9,8.66
12804,1866,R,57.79,59.72,1.93
12805,1866,L,54.46,57.79,3.33
12806,1866,S,51.87,54.46,2.59
12807,1866,C,36.69,51.87,15.18
12808,1866,A,31.95,36.69,4.74
12809,1866,K,23.18,31.95,8.77
12810,1867,R,57.78,59.69,1.92
12811,1867,L,54.46,57.78,3.32
12812,1867,S,51.87,54.46,2.58
12813,1867,C,36.73,51.87,15.14
12814,1867,A,32.01,36.73,4.72
12815,1867,K,23.13,32.01,8.88
12816,1868,R,57.76,59.66,1.9
12817,1868,L,54.45,57.76,3.31
12818,1868,S,51.87,54.45,2.58
12819,1868,C,36.77,51.87,15.11
12820,1868,A,32.06,36.77,4.7
12821,1868,K,23.07,32.06,8.99
12822,1869,R,57.74,59.63,1.89
12823,1869,L,54.45,57.74,3.29
12824,1869,S,51.87,54.45,2.58
12825,1869,C,36.81,51.87,15.07
12826,1869,A,32.12,36.81,4.69
12827,1869,K,23.02,32.12,9.1
12828,1870,R,57.72,59.6,1.88
12829,1870,L,54.44,57.72,3.28
12830,1870,S,51.87,54.44,2.57
12831,1870,C,36.84,51.87,15.03
12832,1870,A,32.17,36.84,4.67
12833,1870,K,22.96,32.17,9.21
12834,1871,R,57.7,59.57,1.87
12835,1871,L,54.44,57.7,3.27
12836,1871,S,51.87,54.44,2.57
12837,1871,C,36.88,51.87,14.99
12838,1871,A,32.22,36.88,4.66
12839,1871,K,22.91,32.22,9.31
12840,1872,R,57.68,59.54,1.86
12841,1872,L,54.43,57.68,3.25
12842,1872,S,51.86,54.43,2.57
12843,1872,C,36.91,51.86,14.95
12844,1872,A,32.27,36.91,4.64
12845,1872,K,22.85,32.27,9.42
12846,1873,R,57.66,59.51,1.84
12847,1873,L,54.42,57.66,3.24
12848,1873,S,51.86,54.42,2.56
12849,1873,C,36.95,51.86,14.91
12850,1873,A,32.32,36.95,4.63
12851,1873,K,22.8,32.32,9.52
12852,1874,R,57.64,59.47,1.83
12853,1874,L,54.41,57.64,3.23
12854,1874,S,51.85,54.41,2.56
12855,1874,C,36.98,51.85,14.87
12856,1874,A,32.37,36.98,4.61
12857,1874,K,22.74,32.37,9.63
12858,1875,R,57.62,59.44,1.82
12859,1875,L,54.4,57.62,3.22
12860,1875,S,51.85,54.4,2.56
12861,1875,C,37.01,51.85,14.83
12862,1875,A,32.42,37.01,4.6
12863,1875,K,22.69,32.42,9.73
12864,1876,R,57.6,59.41,1.81
12865,1876,L,54.4,57.6,3.2
12866,1876,S,51.84,54.4,2.56
12867,1876,C,37.04,51.84,14.8
12868,1876,A,32.46,37.04,4.58
12869,1876,K,22.63,32.46,9.83
12870,1877,R,57.58,59.38,1.8
12871,1877,L,54.39,57.58,3.19
12872,1877,S,51.83,54.39,2.55
12873,1877,C,37.07,51.83,14.76
12874,1877,A,32.51,37.07,4.57
12875,1877,K,22.58,32.51,9.93
12876,1878,R,57.56,59.34,1.78
12877,1878,L,54.38,57.56,3.18
12878,1878,S,51.82,54.38,2.55
12879,1878,C,37.1,51.82,14.72
12880,1878,A,32.55,37.1,4.55
12881,1878,K,22.52,32.55,10.03
12882,1879,R,57.54,59.31,1.77
12883,1879,L,54.36,57.54,3.17
12884,1879,S,51.81,54.36,2.55
12885,1879,C,37.13,51.81,14.68
12886,1879,A,32.59,37.13,4.54
12887,1879,K,22.47,32.59,10.13
12888,1880,R,57.51,59.27,1.76
12889,1880,L,54.35,57.51,3.16
12890,1880,S,51.8,54.35,2.55
12891,1880,C,37.16,51.8,14.65
12892,1880,A,32.63,37.16,4.53
12893,1880,K,22.41,32.63,10.22
12894,1881,R,57.49,59.24,1.75
12895,1881,L,54.34,57.49,3.15
12896,1881,S,51.79,54.34,2.55
12897,1881,C,37.18,51.79,14.61
12898,1881,A,32.67,37.18,4.51
12899,1881,K,22.35,32.67,10.32
12900,1882,R,57.47,59.21,1.74
12901,1882,L,54.33,57.47,3.14
12902,1882,S,51.78,54.33,2.55
12903,1882,C,37.21,51.78,14.57
12904,1882,A,32.71,37.21,4.5
12905,1882,K,22.3,32.71,10.41
12906,1883,R,57.44,59.17,1.73
12907,1883,L,54.32,57.44,3.13
12908,1883,S,51.77,54.32,2.55
12909,1883,C,37.23,51.77,14.53
12910,1883,A,32.75,37.23,4.49
12911,1883,K,22.24,32.75,10.5
12912,1884,R,57.42,59.14,1.71
12913,1884,L,54.3,57.42,3.12
12914,1884,S,51.75,54.3,2.55
12915,1884,C,37.26,51.75,14.5
12916,1884,A,32.78,37.26,4.47
12917,1884,K,22.19,32.78,10.59
12918,1885,R,57.4,59.1,1.7
12919,1885,L,54.29,57.4,3.11
12920,1885,S,51.74,54.29,2.55
12921,1885,C,37.28,51.74,14.46
12922,1885,A,32.82,37.28,4.46
12923,1885,K,22.13,32.82,10.68
12924,1886,R,57.37,59.07,1.69
12925,1886,L,54.27,57.37,3.1
12926,1886,S,51.72,54.27,2.55
12927,1886,C,37.3,51.72,14.43
12928,1886,A,32.85,37.3,4.45
12929,1886,K,22.08,32.85,10.77
12930,1887,R,57.35,59.03,1.68
12931,1887,L,54.26,57.35,3.09
12932,1887,S,51.71,54.26,2.55
12933,1887,C,37.32,51.71,14.39
12934,1887,A,32.88,37.32,4.43
12935,1887,K,22.02,32.88,10.86
12936,1888,R,57.32,58.99,1.67
12937,1888,L,54.24,57.32,3.08
12938,1888,S,51.69,54.24,2.55
12939,1888,C,37.34,51.69,14.36
12940,1888,A,32.91,37.34,4.42
12941,1888,K,21.97,32.91,10.94
12942,1889,R,57.3,58.96,1.66
12943,1889,L,54.23,57.3,3.07
12944,1889,S,51.68,54.23,2.55
12945,1889,C,37.35,51.68,14.32
12946,1889,A,32.94,37.35,4.41
12947,1889,K,21.91,32.94,11.03
12948,1890,R,57.28,58.92,1.65
12949,1890,L,54.21,57.28,3.07
12950,1890,S,51.66,54.21,2.55
12951,1890,C,37.37,51.66,14.29
12952,1890,A,32.97,37.37,4.4
12953,1890,K,21.86,32.97,11.11
12954,1891,R,57.25,58.89,1.64
12955,1891,L,54.19,57.25,3.06
12956,1891,S,51.64,54.19,2.55
12957,1891,C,37.39,51.64,14.25
12958,1891,A,33.0,37.39,4.39
12959,1891,K,21.8,33.0,11.19
12960,1892,R,57.22,58.85,1.63
12961,1892,L,54.18,57.22,3.05
12962,1892,S,51.62,54.18,2.55
12963,1892,C,37.4,51.62,14.22
12964,1892,A,33.02,37.4,4.38
12965,1892,K,21.75,33.02,11.27
12966,1893,R,57.2,58.81,1.61
12967,1893,L,54.16,57.2,3.04
12968,1893,S,51.6,54.16,2.56
12969,1893,C,37.41,51.6,14.19
12970,1893,A,33.05,37.41,4.37
12971,1893,K,21.7,33.05,11.35
12972,1894,R,57.17,58.78,1.6
12973,1894,L,54.14,57.17,3.03
12974,1894,S,51.58,54.14,2.56
12975,1894,C,37.43,51.58,14.15
12976,1894,A,33.07,37.43,4.36
12977,1894,K,21.64,33.07,11.43
12978,1895,R,57.15,58.74,1.59
12979,1895,L,54.12,57.15,3.03
12980,1895,S,51.56,54.12,2.56
12981,1895,C,37.44,51.56,14.12
12982,1895,A,33.09,37.44,4.35
12983,1895,K,21.59,33.09,11.5
12984,1896,R,57.12,58.7,1.58
12985,1896,L,54.1,57.12,3.02
12986,1896,S,51.54,54.1,2.56
12987,1896,C,37.45,51.54,14.09
12988,1896,A,33.11,37.45,4.34
12989,1896,K,21.54,33.11,11.57
12990,1897,R,57.1,58.67,1.57
12991,1897,L,54.08,57.1,3.01
12992,1897,S,51.51,54.08,2.57
12993,1897,C,37.46,51.51,14.06
12994,1897,A,33.13,37.46,4.33
12995,1897,K,21.48,33.13,11.64
12996,1898,R,57.07,58.63,1.56
12997,1898,L,54.06,57.07,3.01
12998,1898,S,51.49,54.06,2.57
12999,1898,C,37.47,51.49,14.03
13000,1898,A,33.15,37.47,4.32
13001,1898,K,21.43,33.15,11.71
13002,1899,R,57.04,58.59,1.55
13003,1899,L,54.04,57.04,3.0
13004,1899,S,51.47,54.04,2.57
13005,1899,C,37.47,51.47,13.99
13006,1899,A,33.16,37.47,4.31
13007,1899,K,21.38,33.16,11.78
13008,1900,R,57.02,58.56,1.54
13009,1900,L,54.02,57.02,3.0
13010,1900,S,51.44,54.02,2.58
13011,1900,C,37.48,51.44,13.96
13012,1900,A,33.18,37.48,4.3
13013,1900,K,21.33,33.18,11.85
13014,1901,R,56.99,58.52,1.53
13015,1901,L,54.0,56.99,2.99
13016,1901,S,51.42,54.0,2.58
13017,1901,C,37.48,51.42,13.93
13018,1901,A,33.19,37.48,4.29
13019,1901,K,21.28,33.19,11.91
13020,1902,R,56.96,58.48,1.52
13021,1902,L,53.98,56.96,2.99
13022,1902,S,51.39,53.98,2.58
13023,1902,C,37.49,51.39,13.9
13024,1902,A,33.2,37.49,4.29
13025,1902,K,21.23,33.2,11.98
13026,1903,R,56.93,58.45,1.51
13027,1903,L,53.95,56.93,2.98
13028,1903,S,51.37,53.95,2.59
13029,1903,C,37.49,51.37,13.87
13030,1903,A,33.21,37.49,4.28
13031,1903,K,21.18,33.21,12.04
13032,1904,R,56.91,58.41,1.5
13033,1904,L,53.93,56.91,2.98
13034,1904,S,51.34,53.93,2.59
13035,1904,C,37.49,51.34,13.85
13036,1904,A,33.22,37.49,4.27
13037,1904,K,21.13,33.22,12.1
13038,1905,R,56.88,58.37,1.49
13039,1905,L,53.91,56.88,2.97
13040,1905,S,51.31,53.91,2.6
13041,1905,C,37.49,51.31,13.82
13042,1905,A,33.23,37.49,4.27
13043,1905,K,21.08,33.23,12.15
13044,1906,R,56.85,58.33,1.48
13045,1906,L,53.89,56.85,2.97
13046,1906,S,51.28,53.89,2.6
13047,1906,C,37.49,51.28,13.79
13048,1906,A,33.23,37.49,4.26
13049,1906,K,21.03,33.23,12.21
13050,1907,R,56.83,58.3,1.47
13051,1907,L,53.86,56.83,2.96
13052,1907,S,51.26,53.86,2.61
13053,1907,C,37.49,51.26,13.76
13054,1907,A,33.24,37.49,4.25
13055,1907,K,20.98,33.24,12.26
13056,1908,R,56.8,58.26,1.46
13057,1908,L,53.84,56.8,2.96
13058,1908,S,51.23,53.84,2.61
13059,1908,C,37.49,51.23,13.74
13060,1908,A,33.24,37.49,4.25
13061,1908,K,20.93,33.24,12.31
13062,1909,R,56.77,58.22,1.45
13063,1909,L,53.81,56.77,2.96
13064,1909,S,51.2,53.81,2.62
13065,1909,C,37.49,51.2,13.71
13066,1909,A,33.24,37.49,4.24
13067,1909,K,20.88,33.24,12.36
13068,1910,R,56.74,58.19,1.45
13069,1910,L,53.79,56.74,2.95
13070,1910,S,51.17,53.79,2.62
13071,1910,C,37.48,51.17,13.68
13072,1910,A,33.25,37.48,4.24
13073,1910,K,20.83,33.25,12.41
13074,1911,R,56.71,58.15,1.44
13075,1911,L,53.77,56.71,2.95
13076,1911,S,51.14,53.77,2.63
13077,1911,C,37.48,51.14,13.66
13078,1911,A,33.25,37.48,4.23
13079,1911,K,20.79,33.25,12.46
13080,1912,R,56.69,58.11,1.43
13081,1912,L,53.74,56.69,2.95
13082,1912,S,51.11,53.74,2.64
13083,1912,C,37.47,51.11,13.63
13084,1912,A,33.24,37.47,4.23
13085,1912,K,20.74,33.24,12.5
13086,1913,R,56.66,58.08,1.42
13087,1913,L,53.72,56.66,2.94
13088,1913,S,51.07,53.72,2.64
13089,1913,C,37.47,51.07,13.61
13090,1913,A,33.24,37.47,4.23
13091,1913,K,20.69,33.24,12.55
13092,1914,R,56.63,58.04,1.41
13093,1914,L,53.69,56.63,2.94
13094,1914,S,51.04,53.69,2.65
13095,1914,C,37.46,51.04,13.58
13096,1914,A,33.24,37.46,4.22
13097,1914,K,20.65,33.24,12.59
13098,1915,R,56.6,58.01,1.4
13099,1915,L,53.66,56.6,2.94
13100,1915,S,51.01,53.66,2.65
13101,1915,C,37.45,51.01,13.56
13102,1915,A,33.23,37.45,4.22
13103,1915,K,20.6,33.23,12.63
13104,1916,R,56.58,57.97,1.39
13105,1916,L,53.64,56.58,2.94
13106,1916,S,50.98,53.64,2.66
13107,1916,C,37.44,50.98,13.54
13108,1916,A,33.22,37.44,4.22
13109,1916,K,20.56,33.22,12.66
13110,1917,R,56.55,57.93,1.38
13111,1917,L,53.61,56.55,2.94
13112,1917,S,50.94,53.61,2.67
13113,1917,C,37.43,50.94,13.51
13114,1917,A,33.21,37.43,4.22
13115,1917,K,20.52,33.21,12.7
13116,1918,R,56.52,57.9,1.38
13117,1918,L,53.59,56.52,2.94
13118,1918,S,50.91,53.59,2.67
13119,1918,C,37.42,50.91,13.49
13120,1918,A,33.2,37.42,4.21
13121,1918,K,20.47,33.2,12.73
13122,1919,R,56.49,57.86,1.37
13123,1919,L,53.56,56.49,2.93
13124,1919,S,50.88,53.56,2.68
13125,1919,C,37.41,50.88,13.47
13126,1919,A,33.19,37.41,4.21
13127,1919,K,20.43,33.19,12.76
13128,1920,R,56.47,57.83,1.36
13129,1920,L,53.53,56.47,2.93
13130,1920,S,50.84,53.53,2.69
13131,1920,C,37.39,50.84,13.45
13132,1920,A,33.18,37.39,4.21
13133,1920,K,20.39,33.18,12.79
13134,1921,R,56.44,57.79,1.35
13135,1921,L,53.5,56.44,2.93
13136,1921,S,50.81,53.5,2.7
13137,1921,C,37.38,50.81,13.43
13138,1921,A,33.17,37.38,4.21
13139,1921,K,20.35,33.17,12.82
13140,1922,R,56.41,57.76,1.35
13141,1922,L,53.48,56.41,2.93
13142,1922,S,50.77,53.48,2.7
13143,1922,C,37.36,50.77,13.41
13144,1922,A,33.15,37.36,4.21
13145,1922,K,20.31,33.15,12.85
13146,1923,R,56.38,57.72,1.34
13147,1923,L,53.45,56.38,2.93
13148,1923,S,50.74,53.45,2.71
13149,1923,C,37.35,50.74,13.39
13150,1923,A,33.14,37.35,4.21
13151,1923,K,20.27,33.14,12.87
13152,1924,R,56.36,57.69,1.33
13153,1924,L,53.42,56.36,2.93
13154,1924,S,50.7,53.42,2.72
13155,1924,C,37.33,50.7,13.37
13156,1924,A,33.12,37.33,4.21
13157,1924,K,20.23,33.12,12.89
13158,1925,R,56.33,57.65,1.32
13159,1925,L,53.4,56.33,2.93
13160,1925,S,50.67,53.4,2.73
13161,1925,C,37.32,50.67,13.35
13162,1925,A,33.1,37.32,4.22
13163,1925,K,20.19,33.1,12.91
13164,1926,R,56.3,57.62,1.32
13165,1926,L,53.37,56.3,2.93
13166,1926,S,50.63,53.37,2.73
13167,1926,C,37.3,50.63,13.34
13168,1926,A,33.08,37.3,4.22
13169,1926,K,20.15,33.08,12.93
13170,1927,R,56.27,57.58,1.31
13171,1927,L,53.34,56.27,2.94
13172,1927,S,50.6,53.34,2.74
13173,1927,C,37.28,50.6,13.32
13174,1927,A,33.06,37.28,4.22
13175,1927,K,20.11,33.06,12.95
13176,1928,R,56.25,57.55,1.3
13177,1928,L,53.31,56.25,2.94
13178,1928,S,50.56,53.31,2.75
13179,1928,C,37.26,50.56,13.3
13180,1928,A,33.04,37.26,4.22
13181,1928,K,20.08,33.04,12.96
13182,1929,R,56.22,57.52,1.3
13183,1929,L,53.28,56.22,2.94
13184,1929,S,50.52,53.28,2.76
13185,1929,C,37.24,50.52,13.29
13186,1929,A,33.01,37.24,4.23
13187,1929,K,20.04,33.01,12.97
13188,1930,R,56.19,57.48,1.29
13189,1930,L,53.26,56.19,2.94
13190,1930,S,50.49,53.26,2.77
13191,1930,C,37.22,50.49,13.27
13192,1930,A,32.99,37.22,4.23
13193,1930,K,20.0,32.99,12.98
13194,1931,R,56.17,57.45,1.28
13195,1931,L,53.23,56.17,2.94
13196,1931,S,50.45,53.23,2.78
13197,1931,C,37.2,50.45,13.25
13198,1931,A,32.96,37.2,4.23
13199,1931,K,19.97,32.96,12.99
13200,1932,R,56.14,57.42,1.28
13201,1932,L,53.2,56.14,2.94
13202,1932,S,50.41,53.2,2.79
13203,1932,C,37.17,50.41,13.24
13204,1932,A,32.94,37.17,4.24
13205,1932,K,19.94,32.94,13.0
13206,1933,R,56.11,57.39,1.27
13207,1933,L,53.17,56.11,2.94
13208,1933,S,50.38,53.17,2.79
13209,1933,C,37.15,50.38,13.23
13210,1933,A,32.91,37.15,4.24
13211,1933,K,19.9,32.91,13.01
13212,1934,R,56.09,57.35,1.27
13213,1934,L,53.14,56.09,2.95
13214,1934,S,50.34,53.14,2.8
13215,1934,C,37.13,50.34,13.21
13216,1934,A,32.88,37.13,4.25
13217,1934,K,19.87,32.88,13.01
13218,1935,R,56.06,57.32,1.26
13219,1935,L,53.11,56.06,2.95
13220,1935,S,50.3,53.11,2.81
13221,1935,C,37.1,50.3,13.2
13222,1935,A,32.85,37.1,4.25
13223,1935,K,19.84,32.85,13.01
13224,1936,R,56.04,57.29,1.25
13225,1936,L,53.08,56.04,2.95
13226,1936,S,50.26,53.08,2.82
13227,1936,C,37.08,50.26,13.19
13228,1936,A,32.82,37.08,4.26
13229,1936,K,19.81,32.82,13.01
13230,1937,R,56.01,57.26,1.25
13231,1937,L,53.06,56.01,2.96
13232,1937,S,50.23,53.06,2.83
13233,1937,C,37.05,50.23,13.18
13234,1937,A,32.79,37.05,4.26
13235,1937,K,19.78,32.79,13.01
13236,1938,R,55.99,57.23,1.24
13237,1938,L,53.03,55.99,2.96
13238,1938,S,50.19,53.03,2.84
13239,1938,C,37.02,50.19,13.16
13240,1938,A,32.75,37.02,4.27
13241,1938,K,19.75,32.75,13.0
13242,1939,R,55.96,57.2,1.24
13243,1939,L,53.0,55.96,2.96
13244,1939,S,50.15,53.0,2.85
13245,1939,C,37.0,50.15,13.15
13246,1939,A,32.72,37.0,4.28
13247,1939,K,19.72,32.72,13.0
13248,1940,R,55.94,57.17,1.23
13249,1940,L,52.97,55.94,2.97
13250,1940,S,50.11,52.97,2.86
13251,1940,C,36.97,50.11,13.14
13252,1940,A,32.68,36.97,4.29
13253,1940,K,19.69,32.68,12.99
13254,1941,R,55.91,57.14,1.23
13255,1941,L,52.94,55.91,2.97
13256,1941,S,50.08,52.94,2.87
13257,1941,C,36.94,50.08,13.13
13258,1941,A,32.65,36.94,4.29
13259,1941,K,19.67,32.65,12.98
13260,1942,R,55.89,57.11,1.22
13261,1942,L,52.91,55.89,2.97
13262,1942,S,50.04,52.91,2.88
13263,1942,C,36.91,50.04,13.12
13264,1942,A,32.61,36.91,4.3
13265,1942,K,19.64,32.61,12.97
13266,1943,R,55.86,57.08,1.22
13267,1943,L,52.89,55.86,2.98
13268,1943,S,50.0,52.89,2.89
13269,1943,C,36.87,49.99,13.12
13270,1943,A,32.56,36.87,4.31
13271,1943,K,19.62,32.56,12.95
13272,1944,R,55.84,57.05,1.22
13273,1944,L,52.86,55.84,2.98
13274,1944,S,49.96,52.86,2.89
13275,1944,C,36.8,49.91,13.11
13276,1944,A,32.48,36.8,4.32
13277,1944,K,19.59,32.48,12.89
13278,1945,R,55.82,57.03,1.21
13279,1945,L,52.83,55.82,2.99
13280,1945,S,49.93,52.83,2.9
13281,1945,C,36.74,49.84,13.1
13282,1945,A,32.41,36.74,4.33
13283,1945,K,19.57,32.41,12.84
13284,1946,R,55.79,57.0,1.21
13285,1946,L,52.8,55.79,2.99
13286,1946,S,49.89,52.8,2.91
13287,1946,M,49.76,49.89,0.13
13288,1946,C,36.67,49.76,13.09
13289,1946,A,32.33,36.67,4.34
13290,1946,K,19.54,32.33,12.78
13291,1947,R,55.77,56.97,1.2
13292,1947,L,52.77,55.77,3.0
13293,1947,S,49.85,52.77,2.92
13294,1947,M,49.68,49.85,0.17
13295,1947,C,36.6,49.68,13.09
13296,1947,A,32.25,36.6,4.35
13297,1947,K,19.52,32.25,12.72
13298,1948,R,55.75,56.95,1.2
13299,1948,L,52.75,55.75,3.0
13300,1948,S,49.81,52.75,2.93
13301,1948,M,49.61,49.81,0.21
13302,1948,C,36.52,49.61,13.08
13303,1948,A,32.16,36.52,4.36
13304,1948,K,19.5,32.16,12.66
13305,1949,R,55.72,56.92,1.2
13306,1949,L,52.72,55.72,3.01
13307,1949,S,49.78,52.72,2.94
13308,1949,M,49.53,49.78,0.25
13309,1949,C,36.45,49.53,13.08
13310,1949,A,32.08,36.45,4.37
13311,1949,K,19.48,32.08,12.6
13312,1950,R,55.7,56.89,1.19
13313,1950,L,52.69,55.7,3.01
13314,1950,S,49.74,52.69,2.95
13315,1950,M,49.45,49.74,0.29
13316,1950,C,36.38,49.45,13.07
13317,1950,A,32.0,36.38,4.38
13318,1950,K,19.46,32.0,12.54
13319,1951,R,55.68,56.87,1.19
13320,1951,L,52.66,55.68,3.02
13321,1951,S,49.7,52.66,2.96
13322,1951,M,49.38,49.7,0.33
13323,1951,C,36.31,49.38,13.07
13324,1951,A,31.92,36.31,4.39
13325,1951,K,19.44,31.92,12.47
13326,1952,R,55.66,56.84,1.19
13327,1952,L,52.64,55.66,3.02
13328,1952,S,49.67,52.64,2.97
13329,1952,M,49.3,49.67,0.37
13330,1952,C,36.24,49.3,13.06
13331,1952,A,31.83,36.24,4.41
13332,1952,K,19.42,31.83,12.41
13333,1953,R,55.64,56.82,1.18
13334,1953,L,52.61,55.64,3.03
13335,1953,S,49.63,52.61,2.98
13336,1953,M,49.22,49.63,0.41
13337,1953,C,36.16,49.22,13.06
13338,1953,A,31.75,36.16,4.42
13339,1953,K,19.41,31.75,12.34
13340,1954,R,55.61,56.79,1.18
13341,1954,L,52.58,55.61,3.03
13342,1954,S,49.59,52.58,2.99
13343,1954,M,49.15,49.59,0.45
13344,1954,C,36.09,49.15,13.06
13345,1954,A,31.66,36.09,4.43
13346,1954,K,19.39,31.66,12.27
13347,1955,R,55.59,56.77,1.18
13348,1955,L,52.56,55.59,3.04
13349,1955,S,49.56,52.56,3.0
13350,1955,M,49.07,49.56,0.49
13351,1955,C,36.02,49.07,13.05
13352,1955,A,31.57,36.02,4.45
13353,1955,K,19.37,31.57,12.2
13354,1956,R,55.57,56.75,1.17
13355,1956,L,52.53,55.57,3.04
13356,1956,S,49.52,52.53,3.01
13357,1956,M,49.0,49.52,0.53
13358,1956,C,35.94,49.0,13.05
13359,1956,A,31.49,35.94,4.46
13360,1956,K,19.36,31.49,12.13
13361,1957,R,55.55,56.72,1.17
13362,1957,L,52.5,55.55,3.05
13363,1957,S,49.49,52.5,3.02
13364,1957,M,48.92,49.49,0.57
13365,1957,C,35.87,48.92,13.05
13366,1957,A,31.4,35.87,4.47
13367,1957,K,19.35,31.4,12.05
13368,1958,R,55.53,56.7,1.17
13369,1958,L,52.48,55.53,3.06
13370,1958,S,49.45,52.48,3.03
13371,1958,M,48.85,49.45,0.61
13372,1958,C,35.8,48.85,13.05
13373,1958,A,31.31,35.8,4.49
13374,1958,K,19.33,31.31,11.98
13375,1959,R,55.51,56.68,1.17
13376,1959,L,52.45,55.51,3.06
13377,1959,S,49.42,52.45,3.04
13378,1959,M,48.77,49.42,0.65
13379,1959,C,35.72,48.77,13.05
13380,1959,A,31.22,35.72,4.5
13381,1959,K,19.32,31.22,11.9
13382,1960,R,55.5,56.66,1.16
13383,1960,L,52.43,55.5,3.07
13384,1960,S,49.38,52.43,3.04
13385,1960,M,48.7,49.38,0.69
13386,1960,C,35.65,48.7,13.05
13387,1960,A,31.13,35.65,4.52
13388,1960,K,19.31,31.13,11.82
13389,1961,R,55.48,56.64,1.16
13390,1961,L,52.4,55.48,3.08
13391,1961,S,49.35,52.4,3.05
13392,1961,M,48.62,49.35,0.72
13393,1961,C,35.57,48.62,13.05
13394,1961,A,31.04,35.57,4.53
13395,1961,K,19.3,31.04,11.74
13396,1962,R,55.46,56.62,1.16
13397,1962,L,52.38,55.46,3.08
13398,1962,S,49.31,52.38,3.06
13399,1962,M,48.55,49.31,0.76
13400,1962,C,35.5,48.55,13.05
13401,1962,A,30.95,35.5,4.55
13402,1962,K,19.29,30.95,11.66
13403,1963,R,55.44,56.6,1.16
13404,1963,L,52.35,55.44,3.09
13405,1963,S,49.28,52.35,3.07
13406,1963,M,48.48,49.28,0.8
13407,1963,C,35.43,48.48,13.05
13408,1963,A,30.86,35.43,4.56
13409,1963,K,19.28,30.86,11.58
13410,1964,R,55.42,56.58,1.16
13411,1964,L,52.33,55.42,3.1
13412,1964,S,49.25,52.33,3.08
13413,1964,M,48.4,49.25,0.84
13414,1964,C,35.35,48.4,13.05
13415,1964,A,30.77,35.35,4.58
13416,1964,K,19.27,30.77,11.5
13417,1965,R,55.41,56.56,1.15
13418,1965,L,52.3,55.41,3.1
13419,1965,S,49.21,52.3,3.09
13420,1965,M,48.33,49.21,0.88
13421,1965,C,35.28,48.33,13.05
13422,1965,A,30.68,35.28,4.6
13423,1965,K,19.27,30.68,11.41
13424,1966,R,55.39,56.54,1.15
13425,1966,L,52.28,55.39,3.11
13426,1966,S,49.18,52.28,3.1
13427,1966,M,48.26,49.18,0.92
13428,1966,C,35.2,48.26,13.06
13429,1966,A,30.59,35.2,4.61
13430,1966,K,19.26,30.59,11.33
13431,1967,R,55.37,56.52,1.15
13432,1967,L,52.26,55.37,3.12
13433,1967,S,49.15,52.26,3.11
13434,1967,M,48.19,49.15,0.96
13435,1967,C,35.13,48.19,13.06
13436,1967,A,30.5,35.13,4.63
13437,1967,K,19.25,30.5,11.24
13438,1968,R,55.36,56.51,1.15
13439,1968,L,52.23,55.36,3.12
13440,1968,S,49.12,52.23,3.11
13441,1968,M,48.12,49.12,1.0
13442,1968,C,35.05,48.12,13.06
13443,1968,A,30.41,35.05,4.65
13444,1968,K,19.25,30.41,11.16
13445,1969,R,55.34,56.49,1.15
13446,1969,L,52.21,55.34,3.13
13447,1969,S,49.09,52.21,3.12
13448,1969,M,48.05,49.09,1.04
13449,1969,C,34.98,48.05,13.07
13450,1969,A,30.31,34.98,4.67
13451,1969,K,19.24,30.31,11.07
13452,1970,R,55.32,56.47,1.15
13453,1970,L,52.19,55.32,3.14
13454,1970,S,49.06,52.19,3.13
13455,1970,M,47.98,49.06,1.08
13456,1970,C,34.91,47.98,13.07
13457,1970,A,30.22,34.91,4.68
13458,1970,K,19.24,30.22,10.98
13459,1971,R,55.31,56.46,1.15
13460,1971,L,52.16,55.31,3.15
13461,1971,S,49.03,52.16,3.14
13462,1971,M,47.91,49.03,1.12
13463,1971,C,34.83,47.91,13.07
13464,1971,A,30.13,34.83,4.7
13465,1971,K,19.24,30.13,10.89
13466,1972,R,55.3,56.44,1.15
13467,1972,L,52.14,55.3,3.15
13468,1972,S,49.0,52.14,3.15
13469,1972,M,47.84,49.0,1.16
13470,1972,C,34.76,47.84,13.08
13471,1972,A,30.04,34.76,4.72
13472,1972,K,19.24,30.04,10.8
13473,1973,R,55.28,56.43,1.15
13474,1973,L,52.12,55.28,3.16
13475,1973,S,48.97,52.12,3.15
13476,1973,M,47.77,48.97,1.2
13477,1973,C,34.69,47.77,13.08
13478,1973,A,29.95,34.69,4.74
13479,1973,K,19.24,29.95,10.71
13480,1974,R,55.27,56.41,1.14
13481,1974,L,52.1,55.27,3.17
13482,1974,S,48.94,52.1,3.16
13483,1974,M,47.7,48.94,1.23
13484,1974,C,34.62,47.7,13.09
13485,1974,A,29.86,34.62,4.76
13486,1974,K,19.24,29.86,10.62
13487,1975,R,55.25,56.4,1.14
13488,1975,L,52.08,55.25,3.17
13489,1975,S,48.91,52.08,3.17
13490,1975,M,47.64,48.91,1.27
13491,1975,C,34.54,47.64,13.1
13492,1975,A,29.77,34.54,4.78
13493,1975,K,19.24,29.77,10.53
13494,1976,R,55.24,56.38,1.14
13495,1976,L,52.06,55.24,3.18
13496,1976,S,48.88,52.06,3.18
13497,1976,M,47.57,48.88,1.31
13498,1976,C,34.47,47.57,13.1
13499,1976,A,29.67,34.47,4.8
13500,1976,K,19.24,29.67,10.44
13501,1977,R,55.23,56.37,1.14
13502,1977,L,52.04,55.23,3.19
13503,1977,S,48.86,52.04,3.18
13504,1977,M,47.51,48.86,1.35
13505,1977,C,34.4,47.51,13.11
13506,1977,A,29.58,34.4,4.82
13507,1977,K,19.24,29.58,10.34
13508,1978,R,55.22,56.36,1.14
13509,1978,L,52.02,55.22,3.2
13510,1978,S,48.83,52.02,3.19
13511,1978,M,47.44,48.83,1.38
13512,1978,C,34.33,47.44,13.11
13513,1978,A,29.49,34.33,4.84
13514,1978,K,19.24,29.49,10.25
13515,1979,R,55.21,56.35,1.14
13516,1979,L,52.0,55.21,3.2
13517,1979,S,48.8,52.0,3.2
13518,1979,M,47.38,48.8,1.42
13519,1979,C,34.26,47.38,13.12
13520,1979,A,29.4,34.26,4.86
13521,1979,K,19.25,29.4,10.15
13522,1980,R,55.19,56.34,1.14
13523,1980,L,51.98,55.19,3.21
13524,1980,S,48.78,51.98,3.21
13525,1980,M,47.32,48.78,1.46
13526,1980,C,34.19,47.32,13.13
13527,1980,A,29.31,34.19,4.88
13528,1980,K,19.25,29.31,10.06
13529,1981,R,55.18,56.33,1.14
13530,1981,L,51.96,55.18,3.22
13531,1981,S,48.75,51.96,3.21
13532,1981,M,47.26,48.75,1.5
13533,1981,C,34.12,47.26,13.14
13534,1981,A,29.22,34.12,4.9
13535,1981,K,19.26,29.22,9.96
13536,1982,R,55.17,56.32,1.14
13537,1982,L,51.95,55.17,3.23
13538,1982,S,48.73,51.95,3.22
13539,1982,M,47.19,48.73,1.53
13540,1982,C,34.05,47.19,13.14
13541,1982,A,29.13,34.05,4.92
13542,1982,K,19.26,29.13,9.87
13543,1983,R,55.16,56.31,1.14
13544,1983,L,51.93,55.16,3.23
13545,1983,S,48.7,51.93,3.22
13546,1983,M,47.13,48.7,1.57
13547,1983,C,33.98,47.13,13.15
13548,1983,A,29.04,33.98,4.94
13549,1983,K,19.27,29.04,9.77
13550,1984,R,55.15,56.3,1.14
13551,1984,L,51.91,55.15,3.24
13552,1984,S,48.68,51.91,3.23
13553,1984,M,47.08,48.68,1.61
13554,1984,C,33.91,47.08,13.16
13555,1984,A,28.95,33.91,4.96
13556,1984,K,19.28,28.95,9.68
13557,1985,R,55.15,56.29,1.14
13558,1985,L,51.9,55.15,3.25
13559,1985,S,48.66,51.9,3.24
13560,1985,M,47.02,48.66,1.64
13561,1985,C,33.85,47.02,13.17
13562,1985,A,28.87,33.85,4.98
13563,1985,K,19.29,28.87,9.58
13564,1986,R,55.14,56.28,1.14
13565,1986,L,51.88,55.14,3.26
13566,1986,S,48.64,51.88,3.24
13567,1986,M,46.96,48.64,1.68
13568,1986,C,33.78,46.96,13.18
13569,1986,A,28.78,33.78,5.0
13570,1986,K,19.29,28.78,9.48
13571,1987,R,55.13,56.27,1.14
13572,1987,L,51.86,55.13,3.27
13573,1987,S,48.62,51.86,3.25
13574,1987,M,46.9,48.62,1.71
13575,1987,C,33.71,46.9,13.19
13576,1987,A,28.69,33.71,5.02
13577,1987,K,19.3,28.69,9.39
13578,1988,R,55.12,56.26,1.14
13579,1988,L,51.85,55.12,3.27
13580,1988,S,48.6,51.85,3.25
13581,1988,M,46.85,48.6,1.75
13582,1988,C,33.65,46.85,13.2
13583,1988,A,28.61,33.65,5.04
13584,1988,K,19.31,28.61,9.29
13585,1989,R,55.11,56.26,1.14
13586,1989,L,51.83,55.11,3.28
13587,1989,S,48.58,51.83,3.26
13588,1989,M,46.79,48.58,1.78
13589,1989,C,33.59,46.79,13.21
13590,1989,A,28.52,33.59,5.07
13591,1989,K,19.32,28.52,9.2
13592,1990,R,55.11,56.25,1.15
13593,1990,L,51.82,55.11,3.29
13594,1990,S,48.56,51.82,3.26
13595,1990,M,46.74,48.56,1.82
13596,1990,C,33.52,46.74,13.22
13597,1990,A,28.43,33.52,5.09
13598,1990,K,19.34,28.43,9.1
13599,1991,R,55.1,56.25,1.15
13600,1991,L,51.81,55.1,3.29
13601,1991,S,48.54,51.81,3.27
13602,1991,M,46.69,48.54,1.85
13603,1991,C,33.46,46.69,13.23
13604,1991,A,28.35,33.46,5.11
13605,1991,K,19.35,28.35,9.0
13606,1992,R,55.09,56.24,1.15
13607,1992,L,51.79,55.09,3.3
13608,1992,S,48.52,51.79,3.27
13609,1992,M,46.63,48.52,1.89
13610,1992,C,33.4,46.63,13.24
13611,1992,A,28.27,33.4,5.13
13612,1992,K,19.36,28.27,8.91
13613,1993,R,55.09,56.24,1.15
13614,1993,L,51.78,55.09,3.31
13615,1993,S,48.5,51.78,3.28
13616,1993,M,46.58,48.5,1.92
13617,1993,C,33.34,46.58,13.25
13618,1993,A,28.18,33.34,5.15
13619,1993,K,19.37,28.18,8.81
13620,1994,R,55.08,56.23,1.15
13621,1994,L,51.77,55.08,3.32
13622,1994,S,48.49,51.77,3.28
13623,1994,M,46.53,48.49,1.95
13624,1994,C,33.28,46.53,13.26
13625,1994,A,28.1,33.28,5.18
13626,1994,K,19.39,28.1,8.71
13627,1995,R,55.08,56.23,1.15
13628,1995,L,51.76,55.08,3.32
13629,1995,S,48.47,51.76,3.28
13630,1995,M,46.49,48.47,1.99
13631,1995,C,33.22,46.49,13.27
13632,1995,A,28.02,33.22,5.2
13633,1995,K,19.4,28.02,8.62
13634,1996,R,55.07,56.22,1.15
13635,1996,L,51.74,55.07,3.33
13636,1996,S,48.46,51.74,3.29
13637,1996,M,46.44,48.46,2.02
13638,1996,C,33.16,46.44,13.28
13639,1996,A,27.94,33.16,5.22
13640,1996,K,19.42,27.94,8.52
13641,1997,R,55.07,56.22,1.15
13642,1997,L,51.73,55.07,3.34
13643,1997,S,48.44,51.73,3.29
13644,1997,M,46.39,48.44,2.05
13645,1997,C,33.1,46.39,13.29
13646,1997,A,27.86,33.1,5.24
13647,1997,K,19.43,27.86,8.43
13648,1998,R,55.07,56.22,1.15
13649,1998,L,51.72,55.07,3.35
13650,1998,S,48.43,51.72,3.29
13651,1998,M,46.35,48.43,2.08
13652,1998,C,33.05,46.35,13.3
13653,1998,A,27.78,33.05,5.26
13654,1998,K,19.45,27.78,8.33
13655,1999,R,55.06,56.22,1.15
13656,1999,L,51.71,55.06,3.35
13657,1999,S,48.42,51.71,3.3
13658,1999,M,46.3,48.42,2.11
13659,1999,C,32.99,46.3,13.31
13660,1999,A,27.7,32.99,5.29
13661,1999,K,19.47,27.7,8.24
13662,2000,R,55.06,56.22,1.15
13663,2000,L,51.7,55.06,3.36
13664,2000,S,48.4,51.7,3.3
13665,2000,M,46.26,48.4,2.14
13666,2000,C,32.94,46.26,13.32
13667,2000,A,27.63,32.94,5.31
13668,2000,K,19.48,27.63,8.15
13669,2001,R,55.06,56.22,1.15
13670,2001,L,51.69,55.06,3.37
13671,2001,S,48.39,51.69,3.3
13672,2001,M,46.22,48.39,2.18
13673,2001,C,32.88,46.22,13.33
13674,2001,A,27.55,32.88,5.33
13675,2001,K,19.5,27.55,8.05
13676,2002,R,55.06,56.21,1.16
13677,2002,L,51.69,55.06,3.37
13678,2002,S,48.38,51.69,3.3
13679,2002,M,46.18,48.38,2.21
13680,2002,C,32.83,46.18,13.35
13681,2002,A,27.48,32.83,5.35
13682,2002,K,19.52,27.48,7.96
13683,2003,R,55.06,56.21,1.16
13684,2003,L,51.68,55.06,3.38
13685,2003,S,48.37,51.68,3.31
13686,2003,M,46.14,48.37,2.24
13687,2003,C,32.78,46.14,13.36
13688,2003,A,27.41,32.78,5.37
13689,2003,K,19.54,27.41,7.87
13690,2004,R,55.06,56.22,1.16
13691,2004,L,51.67,55.06,3.39
13692,2004,S,48.36,51.67,3.31
13693,2004,M,46.1,48.36,2.27
13694,2004,C,32.73,46.1,13.37
13695,2004,A,27.33,32.73,5.4
13696,2004,K,19.56,27.33,7.78
13697,2005,R,55.06,56.22,1.16
13698,2005,L,51.66,55.06,3.39
13699,2005,S,48.36,51.66,3.31
13700,2005,M,46.06,48.36,2.29
13701,2005,C,32.68,46.06,13.38
13702,2005,A,27.26,32.68,5.42
13703,2005,K,19.58,27.26,7.69
13704,2006,R,55.06,56.22,1.16
13705,2006,L,51.66,55.06,3.4
13706,2006,S,48.35,51.66,3.31
13707,2006,M,46.02,48.35,2.32
13708,2006,C,32.63,46.02,13.39
13709,2006,A,27.19,32.63,5.44
13710,2006,K,19.6,27.19,7.6
13711,2007,R,55.06,56.22,1.16
13712,2007,L,51.65,55.06,3.4
13713,2007,S,48.34,51.65,3.31
13714,2007,M,45.99,48.34,2.35
13715,2007,C,32.59,45.99,13.4
13716,2007,A,27.12,32.59,5.46
13717,2007,K,19.62,27.12,7.51
13718,2008,R,55.06,56.22,1.16
13719,2008,L,51.65,55.06,3.41
13720,2008,S,48.34,51.65,3.31
13721,2008,M,45.95,48.34,2.38
13722,2008,C,32.54,45.95,13.41
13723,2008,A,27.06,32.54,5.48
13724,2008,K,19.64,27.06,7.42
13725,2009,R,55.06,56.22,1.16
13726,2009,L,51.64,55.06,3.42
13727,2009,S,48.33,51.64,3.31
13728,2009,M,45.92,48.33,2.41
13729,2009,C,32.5,45.92,13.42
13730,2009,A,26.99,32.5,5.51
13731,2009,K,19.66,26.99,7.33
13732,2010,R,55.06,56.23,1.16
13733,2010,L,51.64,55.06,3.42
13734,2010,S,48.33,51.64,3.31
13735,2010,M,45.89,48.33,2.44
13736,2010,C,32.45,45.89,13.44
13737,2010,A,26.93,32.45,5.53
13738,2010,K,19.68,26.93,7.25
13739,2011,R,55.06,56.23,1.17
13740,2011,L,51.63,55.06,3.43
13741,2011,S,48.32,51.63,3.31
13742,2011,M,45.86,48.32,2.46
13743,2011,C,32.41,45.86,13.45
13744,2011,A,26.86,32.41,5.55
13745,2011,K,19.7,26.86,7.16
13746,2012,R,55.07,56.23,1.17
13747,2012,L,51.63,55.07,3.43
13748,2012,S,48.32,51.63,3.31
13749,2012,M,45.83,48.32,2.49
13750,2012,C,32.37,45.83,13.46
13751,2012,A,26.8,32.37,5.57
13752,2012,K,19.73,26.8,7.08
13753,2013,R,55.07,56.24,1.17
13754,2013,L,51.63,55.07,3.44
13755,2013,S,48.32,51.63,3.31
13756,2013,M,45.8,48.32,2.51
13757,2013,C,32.33,45.8,13.47
13758,2013,A,26.74,32.33,5.59
13759,2013,K,19.75,26.74,6.99
13760,2014,R,55.07,56.24,1.17
13761,2014,L,51.63,55.07,3.45
13762,2014,S,48.32,51.63,3.31
13763,2014,M,45.78,48.32,2.54
13764,2014,C,32.3,45.78,13.48
13765,2014,A,26.68,32.3,5.61
13766,2014,K,19.77,26.68,6.91
13767,2015,R,55.08,56.25,1.17
13768,2015,L,51.62,55.08,3.45
13769,2015,S,48.32,51.62,3.31
13770,2015,M,45.75,48.32,2.56
13771,2015,C,32.26,45.75,13.49
13772,2015,A,26.62,32.26,5.64
13773,2015,K,19.8,26.62,6.83
13774,2016,R,55.08,56.25,1.17
13775,2016,L,51.62,55.08,3.46
13776,2016,S,48.32,51.62,3.31
13777,2016,M,45.73,48.32,2.59
13778,2016,C,32.22,45.73,13.5
13779,2016,A,26.57,32.22,5.66
13780,2016,K,19.82,26.57,6.75
13781,2017,R,55.08,56.26,1.17
13782,2017,L,51.62,55.08,3.46
13783,2017,S,48.32,51.62,3.31
13784,2017,M,45.7,48.32,2.61
13785,2017,C,32.19,45.7,13.51
13786,2017,A,26.51,32.19,5.68
13787,2017,K,19.84,26.51,6.67
13788,2018,R,55.09,56.26,1.17
13789,2018,L,51.62,55.09,3.47
13790,2018,S,48.32,51.62,3.3
13791,2018,M,45.68,48.32,2.64
13792,2018,C,32.16,45.68,13.52
13793,2018,A,26.46,32.16,5.7
13794,2018,K,19.87,26.46,6.59
13795,2019,R,55.09,56.27,1.17
13796,2019,L,51.62,55.09,3.47
13797,2019,S,48.32,51.62,3.3
13798,2019,M,45.66,48.32,2.66
13799,2019,C,32.13,45.66,13.54
13800,2019,A,26.41,32.13,5.72
13801,2019,K,19.89,26.41,6.52
13802,2020,R,55.1,56.27,1.17
13803,2020,L,51.62,55.1,3.48
13804,2020,S,48.33,51.62,3.3
13805,2020,M,45.64,48.33,2.68
13806,2020,C,32.1,45.64,13.55
13807,2020,A,26.36,32.1,5.74
13808,2020,K,19.92,26.36,6.44
13809,2021,R,55.11,56.28,1.18
13810,2021,L,51.63,55.11,3.48
13811,2021,S,48.33,51.63,3.3
13812,2021,M,45.62,48.33,2.71
13813,2021,C,32.07,45.62,13.56
13814,2021,A,26.31,32.07,5.76
13815,2021,K,19.94,26.31,6.37
13816,2022,R,55.11,56.29,1.18
13817,2022,L,51.63,55.11,3.48
13818,2022,S,48.34,51.63,3.29
13819,2022,M,45.61,48.34,2.73
13820,2022,C,32.04,45.61,13.57
13821,2022,A,26.26,32.04,5.78
13822,2022,K,19.97,26.26,6.29
13823,2023,R,55.12,56.3,1.18
13824,2023,L,51.63,55.12,3.49
13825,2023,S,48.34,51.63,3.29
13826,2023,M,45.59,48.34,2.75
13827,2023,C,32.02,45.59,13.58
13828,2023,A,26.22,32.02,5.8
13829,2023,K,19.99,26.22,6.22
13830,2024,R,55.13,56.3,1.18
13831,2024,L,51.63,55.13,3.49
13832,2024,S,48.35,51.63,3.29
13833,2024,M,45.58,48.35,2.77
13834,2024,C,31.99,45.58,13.59
13835,2024,A,26.17,31.99,5.82
13836,2024,K,20.02,26.17,6.15
13837,2025,R,55.13,56.31,1.18
13838,2025,L,51.64,55.13,3.5
13839,2025,S,48.36,51.64,3.28
13840,2025,M,45.56,48.36,2.79
13841,2025,C,31.97,45.56,13.6
13842,2025,A,26.13,31.97,5.84
13843,2025,K,20.04,26.13,6.09
13844,2026,R,55.14,56.32,1.18
13845,2026,L,51.64,55.14,3.5
13846,2026,S,48.36,51.64,3.28
13847,2026,M,45.55,48.36,2.81
13848,2026,C,31.95,45.55,13.61
13849,2026,A,26.09,31.95,5.86
13850,2026,K,20.07,26.09,6.02
13851,2027,R,55.15,56.33,1.18
13852,2027,L,51.64,55.15,3.5
13853,2027,S,48.37,51.64,3.27
13854,2027,M,45.54,48.37,2.83
13855,2027,C,31.93,45.54,13.62
13856,2027,A,26.05,31.93,5.88
13857,2027,K,20.1,26.05,5.95
13858,2028,R,55.16,56.34,1.18
13859,2028,L,51.65,55.16,3.51
13860,2028,S,48.38,51.65,3.27
13861,2028,M,45.53,48.38,2.85
13862,2028,C,31.91,45.53,13.62
13863,2028,A,26.01,31.91,5.89
13864,2028,K,20.12,26.01,5.89
13865,2029,R,55.17,56.35,1.18
13866,2029,L,51.66,55.17,3.51
13867,2029,S,48.39,51.66,3.26
13868,2029,M,45.52,48.39,2.87
13869,2029,C,31.89,45.52,13.63
13870,2029,A,25.98,31.89,5.91
13871,2029,K,20.15,25.98,5.83
13872,2030,R,55.17,56.36,1.18
13873,2030,L,51.66,55.17,3.51
13874,2030,S,48.4,51.66,3.26
13875,2030,M,45.52,48.4,2.89
13876,2030,C,31.88,45.52,13.64
13877,2030,A,25.94,31.88,5.93
13878,2030,K,20.18,25.94,5.77
13879,2031,R,55.18,56.37,1.18
13880,2031,L,51.67,55.18,3.52
13881,2031,S,48.42,51.67,3.25
13882,2031,M,45.51,48.42,2.9
13883,2031,C,31.86,45.51,13.65
13884,2031,A,25.91,31.86,5.95
13885,2031,K,20.2,25.91,5.71
13886,2032,R,55.19,56.38,1.18
13887,2032,L,51.67,55.19,3.52
13888,2032,S,48.43,51.67,3.25
13889,2032,M,45.51,48.43,2.92
13890,2032,C,31.85,45.51,13.66
13891,2032,A,25.88,31.85,5.97
13892,2032,K,20.23,25.88,5.65
13893,2033,R,55.2,56.39,1.18
13894,2033,L,51.68,55.2,3.52
13895,2033,S,48.44,51.68,3.24
13896,2033,M,45.5,48.44,2.94
13897,2033,C,31.84,45.5,13.67
13898,2033,A,25.85,31.84,5.98
13899,2033,K,20.26,25.85,5.6
13900,2034,R,55.21,56.4,1.18
13901,2034,L,51.69,55.21,3.52
13902,2034,S,48.46,51.69,3.23
13903,2034,M,45.5,48.46,2.95
13904,2034,C,31.83,45.5,13.67
13905,2034,A,25.83,31.83,6.0
13906,2034,K,20.28,25.83,5.54
13907,2035,R,55.22,56.41,1.18
13908,2035,L,51.7,55.22,3.53
13909,2035,S,48.47,51.7,3.23
13910,2035,M,45.5,48.47,2.97
13911,2035,C,31.82,45.5,13.68
13912,2035,A,25.8,31.82,6.02
13913,2035,K,20.31,25.8,5.49
13914,2036,R,55.23,56.42,1.18
13915,2036,L,51.71,55.23,3.53
13916,2036,S,48.49,51.71,3.22
13917,2036,M,45.5,48.49,2.99
13918,2036,C,31.81,45.5,13.69
13919,2036,A,25.78,31.81,6.03
13920,2036,K,20.34,25.78,5.44
13921,2037,R,55.25,56.43,1.18
13922,2037,L,51.71,55.25,3.53
13923,2037,S,48.5,51.71,3.21
13924,2037,M,45.5,48.5,3.0
13925,2037,C,31.81,45.5,13.7
13926,2037,A,25.76,31.81,6.05
13927,2037,K,20.36,25.76,5.39
13928,2038,R,55.26,56.44,1.18
13929,2038,L,51.72,55.26,3.53
13930,2038,S,48.52,51.72,3.2
13931,2038,M,45.5,48.52,3.02
13932,2038,C,31.8,45.5,13.7
13933,2038,A,25.74,31.8,6.06
13934,2038,K,20.39,25.74,5.35
13935,2039,R,55.27,56.45,1.18
13936,2039,L,51.73,55.27,3.53
13937,2039,S,48.54,51.73,3.2
13938,2039,M,45.51,48.54,3.03
13939,2039,C,31.8,45.51,13.71
13940,2039,A,25.72,31.8,6.08
13941,2039,K,20.41,25.72,5.3
13942,2040,R,55.28,56.46,1.18
13943,2040,L,51.74,55.28,3.54
13944,2040,S,48.56,51.74,3.19
13945,2040,M,45.51,48.56,3.04
13946,2040,C,31.8,45.51,13.71
13947,2040,A,25.7,31.8,6.09
13948,2040,K,20.44,25.7,5.26
13949,2041,R,55.29,56.47,1.18
13950,2041,L,51.75,55.29,3.54
13951,2041,S,48.57,51.75,3.18
13952,2041,M,45.52,48.57,3.06
13953,2041,C,31.8,45.52,13.72
13954,2041,A,25.69,31.8,6.11
13955,2041,K,20.47,25.69,5.22
13956,2042,R,55.3,56.48,1.18
13957,2042,L,51.77,55.3,3.54
13958,2042,S,48.59,51.77,3.17
13959,2042,M,45.53,48.59,3.07
13960,2042,C,31.8,45.53,13.73
13961,2042,A,25.68,31.8,6.12
13962,2042,K,20.49,25.68,5.18
13963,2043,R,55.32,56.5,1.18
13964,2043,L,51.78,55.32,3.54
13965,2043,S,48.61,51.78,3.16
13966,2043,M,45.53,48.61,3.08
13967,2043,C,31.8,45.53,13.73
13968,2043,A,25.67,31.8,6.14
13969,2043,K,20.52,25.67,5.15
13970,2044,R,55.33,56.51,1.18
13971,2044,L,51.79,55.33,3.54
13972,2044,S,48.64,51.79,3.15
13973,2044,M,45.54,48.64,3.09
13974,2044,C,31.81,45.54,13.74
13975,2044,A,25.66,31.81,6.15
13976,2044,K,20.55,25.66,5.11
13977,2045,R,55.34,56.52,1.18
13978,2045,L,51.8,55.34,3.54
13979,2045,S,48.66,51.8,3.14
13980,2045,M,45.55,48.66,3.1
13981,2045,C,31.81,45.55,13.74
13982,2045,A,25.65,31.81,6.16
13983,2045,K,20.57,25.65,5.08
13984,2046,R,55.36,56.53,1.18
13985,2046,L,51.81,55.36,3.54
13986,2046,S,48.68,51.81,3.13
13987,2046,M,45.56,48.68,3.11
13988,2046,C,31.82,45.56,13.74
13989,2046,A,25.64,31.82,6.18
13990,2046,K,20.6,25.64,5.05
13991,2047,R,55.37,56.54,1.17
13992,2047,L,51.83,55.37,3.54
13993,2047,S,48.7,51.83,3.13
13994,2047,M,45.58,48.7,3.13
13995,2047,C,31.83,45.58,13.75
13996,2047,A,25.64,31.83,6.19
13997,2047,K,20.62,25.64,5.02
13998,2048,R,55.38,56.56,1.17
13999,2048,L,51.84,55.38,3.54
14000,2048,S,48.73,51.84,3.12
14001,2048,M,45.59,48.73,3.13
14002,2048,C,31.84,45.59,13.75
14003,2048,A,25.64,31.84,6.2
14004,2048,K,20.65,25.64,4.99
14005,2049,R,55.4,56.57,1.17
14006,2049,L,51.85,55.4,3.54
14007,2049,S,48.75,51.85,3.1
14008,2049,M,45.61,48.75,3.14
14009,2049,C,31.85,45.61,13.75
14010,2049,A,25.64,31.85,6.21
14011,2049,K,20.67,25.64,4.97
14012,2050,R,55.41,56.58,1.17
14013,2050,L,51.87,55.41,3.54
14014,2050,S,48.77,51.87,3.09
14015,2050,M,45.62,48.77,3.15
14016,2050,C,31.87,45.62,13.75
14017,2050,A,25.64,31.87,6.22
14018,2050,K,20.7,25.64,4.95
14019,2051,R,55.42,56.59,1.17
14020,2051,L,51.88,55.42,3.54
14021,2051,S,48.8,51.88,3.08
14022,2051,M,45.64,48.8,3.16
14023,2051,C,31.88,45.64,13.76
14024,2051,A,25.65,31.88,6.23
14025,2051,K,20.72,25.65,4.92
14026,2052,R,55.44,56.6,1.17
14027,2052,L,51.9,55.44,3.54
14028,2052,S,48.83,51.9,3.07
14029,2052,M,45.65,48.83,3.17
14030,2052,C,31.9,45.65,13.76
14031,2052,A,25.65,31.9,6.24
14032,2052,K,20.75,25.65,4.91
14033,2053,R,55.45,56.62,1.16
14034,2053,L,51.91,55.45,3.54
14035,2053,S,48.85,51.91,3.06
14036,2053,M,45.67,48.85,3.18
14037,2053,C,31.91,45.67,13.76
14038,2053,A,25.66,31.91,6.25
14039,2053,K,20.77,25.66,4.89
14040,2054,R,55.47,56.63,1.16
14041,2054,L,51.93,55.47,3.54
14042,2054,S,48.88,51.93,3.05
14043,2054,M,45.69,48.88,3.19
14044,2054,C,31.93,45.69,13.76
14045,2054,A,25.67,31.93,6.26
14046,2054,K,20.79,25.67,4.88
14047,2055,R,55.48,56.64,1.16
14048,2055,L,51.94,55.48,3.54
14049,2055,S,48.91,51.94,3.04
14050,2055,M,45.71,48.91,3.19
14051,2055,C,31.95,45.71,13.76
14052,2055,A,25.68,31.95,6.27
14053,2055,K,20.82,25.68,4.86
14054,2056,R,55.5,56.65,1.16
14055,2056,L,51.96,55.5,3.54
14056,2056,S,48.93,51.96,3.03
14057,2056,M,45.73,48.93,3.2
14058,2056,C,31.97,45.73,13.76
14059,2056,A,25.69,31.97,6.28
14060,2056,K,20.84,25.69,4.85
14061,2057,R,55.51,56.67,1.16
14062,2057,L,51.98,55.51,3.53
14063,2057,S,48.96,51.98,3.01
14064,2057,M,45.76,48.96,3.21
14065,2057,C,32.0,45.76,13.76
14066,2057,A,25.71,32.0,6.29
14067,2057,K,20.86,25.71,4.85
14068,2058,R,55.53,56.68,1.15
14069,2058,L,51.99,55.53,3.53
14070,2058,S,48.99,51.99,3.0
14071,2058,M,45.78,48.99,3.21
14072,2058,C,32.02,45.78,13.76
14073,2058,A,25.72,32.02,6.3
14074,2058,K,20.89,25.72,4.84
14075,2059,R,55.54,56.69,1.15
14076,2059,L,52.01,55.54,3.53
14077,2059,S,49.02,52.01,2.99
14078,2059,M,45.8,49.02,3.22
14079,2059,C,32.05,45.8,13.76
14080,2059,A,25.74,32.05,6.3
14081,2059,K,20.91,25.74,4.84
14082,2060,R,55.56,56.7,1.15
14083,2060,L,52.03,55.56,3.53
14084,2060,S,49.05,52.03,2.98
14085,2060,M,45.83,49.05,3.22
14086,2060,C,32.07,45.83,13.76
14087,2060,A,25.76,32.07,6.31
14088,2060,K,20.93,25.76,4.83
14089,2061,R,55.57,56.71,1.14
14090,2061,L,52.04,55.57,3.53
14091,2061,S,49.08,52.04,2.96
14092,2061,M,45.85,49.08,3.23
14093,2061,C,32.1,45.85,13.75
14094,2061,A,25.79,32.1,6.32
14095,2061,K,20.95,25.79,4.84
14096,2062,R,55.59,56.73,1.14
14097,2062,L,52.06,55.59,3.52
14098,2062,S,49.11,52.06,2.95
14099,2062,M,45.88,49.11,3.23
14100,2062,C,32.13,45.88,13.75
14101,2062,A,25.81,32.13,6.32
14102,2062,K,20.97,25.81,4.84
14103,2063,R,55.6,56.74,1.14
14104,2063,L,52.08,55.6,3.52
14105,2063,S,49.14,52.08,2.94
14106,2063,M,45.91,49.14,3.23
14107,2063,C,32.16,45.91,13.75
14108,2063,A,25.83,32.16,6.33
14109,2063,K,20.99,25.83,4.84
14110,2064,R,55.62,56.75,1.13
14111,2064,L,52.1,55.62,3.52
14112,2064,S,49.17,52.1,2.92
14113,2064,M,45.94,49.17,3.24
14114,2064,C,32.19,45.94,13.74
14115,2064,A,25.86,32.19,6.33
14116,2064,K,21.01,25.86,4.85
14117,2065,R,55.63,56.76,1.13
14118,2065,L,52.12,55.63,3.52
14119,2065,S,49.2,52.12,2.91
14120,2065,M,45.96,49.2,3.24
14121,2065,C,32.22,45.96,13.74
14122,2065,A,25.89,32.22,6.33
14123,2065,K,21.03,25.89,4.86
14124,2066,R,55.65,56.77,1.13
14125,2066,L,52.13,55.65,3.51
14126,2066,S,49.24,52.13,2.9
14127,2066,M,45.99,49.24,3.24
14128,2066,C,32.26,45.99,13.74
14129,2066,A,25.92,32.26,6.34
14130,2066,K,21.05,25.92,4.87
14131,2067,R,55.66,56.79,1.12
14132,2067,L,52.15,55.66,3.51
14133,2067,S,49.27,52.15,2.88
14134,2067,M,46.02,49.27,3.24
14135,2067,C,32.29,46.02,13.73
14136,2067,A,25.95,32.29,6.34
14137,2067,K,21.07,25.95,4.88
14138,2068,R,55.68,56.8,1.12
14139,2068,L,52.17,55.68,3.51
14140,2068,S,49.3,52.17,2.87
14141,2068,M,46.06,49.3,3.25
14142,2068,C,32.33,46.06,13.73
14143,2068,A,25.99,32.33,6.34
14144,2068,K,21.09,25.99,4.9
14145,2069,R,55.69,56.81,1.11
14146,2069,L,52.19,55.69,3.5
14147,2069,S,49.34,52.19,2.86
14148,2069,M,46.09,49.34,3.25
14149,2069,C,32.37,46.09,13.72
14150,2069,A,26.02,32.37,6.35
14151,2069,K,21.1,26.02,4.92
14152,2070,R,55.71,56.82,1.11
14153,2070,L,52.21,55.71,3.5
14154,2070,S,49.37,52.21,2.84
14155,2070,M,46.12,49.37,3.25
14156,2070,C,32.41,46.12,13.71
14157,2070,A,26.06,32.41,6.35
14158,2070,K,21.12,26.06,4.94
14159,2071,R,55.73,56.83,1.11
14160,2071,L,52.23,55.73,3.5
14161,2071,S,49.4,52.23,2.83
14162,2071,M,46.15,49.4,3.25
14163,2071,C,32.45,46.15,13.71
14164,2071,A,26.1,32.45,6.35
14165,2071,K,21.14,26.1,4.96
14166,2072,R,55.74,56.84,1.1
14167,2072,L,52.25,55.74,3.49
14168,2072,S,49.44,52.25,2.81
14169,2072,M,46.19,49.44,3.25
14170,2072,C,32.49,46.19,13.7
14171,2072,A,26.14,32.49,6.35
14172,2072,K,21.15,26.14,4.98
14173,2073,R,55.76,56.85,1.1
14174,2073,L,52.27,55.76,3.49
14175,2073,S,49.47,52.27,2.8
14176,2073,M,46.22,49.47,3.25
14177,2073,C,32.53,46.22,13.69
14178,2073,A,26.18,32.53,6.35
14179,2073,K,21.17,26.18,5.01
14180,2074,R,55.77,56.86,1.09
14181,2074,L,52.29,55.77,3.48
14182,2074,S,49.51,52.29,2.78
14183,2074,M,46.25,49.51,3.25
14184,2074,C,32.57,46.25,13.68
14185,2074,A,26.22,32.57,6.35
14186,2074,K,21.19,26.22,5.04
14187,2075,R,55.79,56.87,1.09
14188,2075,L,52.31,55.79,3.48
14189,2075,S,49.54,52.31,2.77
14190,2075,M,46.29,49.54,3.25
14191,2075,C,32.62,46.29,13.67
14192,2075,A,26.27,32.62,6.35
14193,2075,K,21.2,26.27,5.07
14194,2076,R,55.8,56.88,1.08
14195,2076,L,52.33,55.8,3.48
14196,2076,S,49.58,52.33,2.75
14197,2076,M,46.33,49.58,3.25
14198,2076,C,32.66,46.33,13.67
14199,2076,A,26.31,32.66,6.35
14200,2076,K,21.21,26.31,5.1
14201,2077,R,55.82,56.89,1.08
14202,2077,L,52.35,55.82,3.47
14203,2077,S,49.61,52.35,2.74
14204,2077,M,46.36,49.61,3.25
14205,2077,C,32.71,46.36,13.66
14206,2077,A,26.36,32.71,6.34
14207,2077,K,21.23,26.36,5.13
14208,2078,R,55.83,56.9,1.07
14209,2078,L,52.37,55.83,3.47
14210,2078,S,49.65,52.37,2.72
14211,2078,M,46.4,49.65,3.25
14212,2078,C,32.75,46.4,13.65
14213,2078,A,26.41,32.75,6.34
14214,2078,K,21.24,26.41,5.17
14215,2079,R,55.85,56.91,1.06
14216,2079,L,52.39,55.85,3.46
14217,2079,S,49.68,52.39,2.71
14218,2079,M,46.44,49.68,3.25
14219,2079,C,32.8,46.44,13.64
14220,2079,A,26.46,32.8,6.34
14221,2079,K,21.25,26.46,5.21
14222,2080,R,55.86,56.92,1.06
14223,2080,L,52.41,55.86,3.46
14224,2080,S,49.72,52.41,2.69
14225,2080,M,46.47,49.72,3.24
14226,2080,C,32.85,46.47,13.62
14227,2080,A,26.51,32.85,6.33
14228,2080,K,21.26,26.51,5.25
14229,2081,R,55.88,56.93,1.05
14230,2081,L,52.43,55.88,3.45
14231,2081,S,49.75,52.43,2.68
14232,2081,M,46.51,49.75,3.24
14233,2081,C,32.9,46.51,13.61
14234,2081,A,26.57,32.9,6.33
14235,2081,K,21.28,26.57,5.29
14236,2082,R,55.89,56.94,1.05
14237,2082,L,52.45,55.89,3.45
14238,2082,S,49.79,52.45,2.66
14239,2082,M,46.55,49.79,3.24
14240,2082,C,32.95,46.55,13.6
14241,2082,A,26.62,32.95,6.33
14242,2082,K,21.29,26.62,5.34
14243,2083,R,55.91,56.95,1.04
14244,2083,L,52.47,55.91,3.44
14245,2083,S,49.83,52.47,2.64
14246,2083,M,46.59,49.83,3.24
14247,2083,C,33.0,46.59,13.59
14248,2083,A,26.68,33.0,6.32
14249,2083,K,21.3,26.68,5.38
14250,2084,R,55.92,56.96,1.03
14251,2084,L,52.49,55.92,3.44
14252,2084,S,49.86,52.49,2.63
14253,2084,M,46.63,49.86,3.23
14254,2084,C,33.05,46.63,13.58
14255,2084,A,26.74,33.05,6.32
14256,2084,K,21.31,26.74,5.43
14257,2085,R,55.94,56.97,1.03
14258,2085,L,52.51,55.94,3.43
14259,2085,S,49.9,52.51,2.61
14260,2085,M,46.67,49.9,3.23
14261,2085,C,33.1,46.67,13.56
14262,2085,A,26.79,33.1,6.31
14263,2085,K,21.31,26.79,5.48
14264,2086,R,55.95,56.98,1.02
14265,2086,L,52.53,55.95,3.42
14266,2086,S,49.93,52.53,2.6
14267,2086,M,46.71,49.93,3.23
14268,2086,C,33.16,46.71,13.55
14269,2086,A,26.85,33.16,6.3
14270,2086,K,21.32,26.85,5.53
14271,2087,R,55.97,56.98,1.01
14272,2087,L,52.55,55.97,3.42
14273,2087,S,49.97,52.55,2.58
14274,2087,M,46.75,49.97,3.23
14275,2087,C,33.21,46.75,13.53
14276,2087,A,26.92,33.21,6.3
14277,2087,K,21.33,26.92,5.59
14278,2088,R,55.98,56.99,1.01
14279,2088,L,52.57,55.98,3.41
14280,2088,S,50.01,52.57,2.56
14281,2088,M,46.79,50.01,3.22
14282,2088,C,33.27,46.79,13.52
14283,2088,A,26.98,33.27,6.29
14284,2088,K,21.34,26.98,5.64
14285,2089,R,56.0,57.0,1.0
14286,2089,L,52.59,56.0,3.41
14287,2089,S,50.04,52.59,2.55
14288,2089,M,46.83,50.04,3.22
14289,2089,C,33.32,46.83,13.5
14290,2089,A,27.04,33.32,6.28
14291,2089,K,21.34,27.04,5.7
14292,2090,R,56.01,57.0,0.99
14293,2090,L,52.61,56.01,3.4
14294,2090,S,50.08,52.61,2.53
14295,2090,M,46.87,50.08,3.21
14296,2090,C,33.38,46.87,13.49
14297,2090,A,27.11,33.38,6.27
14298,2090,K,21.35,27.11,5.76
14299,2091,R,56.03,57.01,0.98
14300,2091,L,52.63,56.03,3.39
14301,2091,S,50.12,52.63,2.52
14302,2091,M,46.91,50.12,3.21
14303,2091,C,33.43,46.91,13.47
14304,2091,A,27.17,33.43,6.26
14305,2091,K,21.35,27.17,5.82
14306,2092,R,56.04,57.02,0.98
14307,2092,L,52.65,56.04,3.39
14308,2092,S,50.15,52.65,2.5
14309,2092,M,46.95,50.15,3.21
14310,2092,C,33.49,46.95,13.46
14311,2092,A,27.24,33.49,6.25
14312,2092,K,21.36,27.24,5.88
14313,2093,R,56.05,57.02,0.97
14314,2093,L,52.67,56.05,3.38
14315,2093,S,50.19,52.67,2.48
14316,2093,M,46.99,50.19,3.2
14317,2093,C,33.55,46.99,13.44
14318,2093,A,27.31,33.55,6.24
14319,2093,K,21.36,27.31,5.95
14320,2094,R,56.07,57.03,0.96
14321,2094,L,52.69,56.07,3.38
14322,2094,S,50.22,52.69,2.47
14323,2094,M,47.03,50.22,3.2
14324,2094,C,33.61,47.03,13.42
14325,2094,A,27.38,33.61,6.23
14326,2094,K,21.36,27.38,6.01
14327,2095,R,56.08,57.03,0.95
14328,2095,L,52.71,56.08,3.37
14329,2095,S,50.26,52.71,2.45
14330,2095,M,47.07,50.26,3.19
14331,2095,C,33.67,47.07,13.4
14332,2095,A,27.45,33.67,6.22
14333,2095,K,21.36,27.45,6.08
14334,2096,R,56.09,57.04,0.94
14335,2096,L,52.73,56.09,3.36
14336,2096,S,50.3,52.73,2.44
14337,2096,M,47.11,50.3,3.19
14338,2096,C,33.72,47.11,13.39
14339,2096,A,27.52,33.72,6.21
14340,2096,K,21.37,27.52,6.15
14341,2097,R,56.11,57.04,0.94
14342,2097,L,52.75,56.11,3.36
14343,2097,S,50.33,52.75,2.42
14344,2097,M,47.15,50.33,3.18
14345,2097,C,33.78,47.15,13.37
14346,2097,A,27.59,33.78,6.19
14347,2097,K,21.37,27.59,6.22
14348,2098,R,56.12,57.05,0.93
14349,2098,L,52.77,56.12,3.35
14350,2098,S,50.37,52.77,2.4
14351,2098,M,47.19,50.37,3.18
14352,2098,C,33.84,47.19,13.35
14353,2098,A,27.66,33.84,6.18
14354,2098,K,21.37,27.66,6.3
14355,2099,R,56.13,57.05,0.92
14356,2099,L,52.79,56.13,3.34
14357,2099,S,50.4,52.79,2.39
14358,2099,M,47.23,50.4,3.17
14359,2099,C,33.9,47.23,13.33
14360,2099,A,27.74,33.9,6.17
14361,2099,K,21.37,27.74,6.37
14362,2100,R,56.14,57.05,0.91
14363,2100,L,52.81,56.14,3.34
14364,2100,S,50.44,52.81,2.37
14365,2100,M,47.27,50.44,3.16
14366,2100,C,33.96,47.27,13.31
14367,2100,A,27.81,33.96,6.15
14368,2100,K,21.36,27.81,6.45
14369,2101,R,56.16,57.06,0.9
14370,2101,L,52.83,56.16,3.33
14371,2101,S,50.47,52.83,2.36
14372,2101,M,47.31,50.47,3.16
14373,2101,C,34.03,47.31,13.29
14374,2101,A,27.89,34.03,6.14
14375,2101,K,21.36,27.89,6.52
14376,2102,R,56.17,57.06,0.89
14377,2102,L,52.85,56.17,3.32
14378,2102,S,50.51,52.85,2.34
14379,2102,M,47.36,50.51,3.15
14380,2102,C,34.09,47.36,13.27
14381,2102,A,27.96,34.09,6.12
14382,2102,K,21.36,27.96,6.6
14383,2103,R,56.18,57.06,0.88
14384,2103,L,52.87,56.18,3.31
14385,2103,S,50.54,52.87,2.32
14386,2103,M,47.4,50.54,3.15
14387,2103,C,34.15,47.4,13.25
14388,2103,A,28.04,34.15,6.11
14389,2103,K,21.36,28.04,6.68
14390,2104,R,56.19,57.07,0.87
14391,2104,L,52.88,56.19,3.31
14392,2104,S,50.58,52.88,2.31
14393,2104,M,47.44,50.58,3.14
14394,2104,C,34.21,47.44,13.23
14395,2104,A,28.12,34.21,6.09
14396,2104,K,21.35,28.12,6.76
14397,2105,R,56.2,57.07,0.86
14398,2105,L,52.9,56.2,3.3
14399,2105,S,50.61,52.9,2.29
14400,2105,M,47.48,50.61,3.14
14401,2105,C,34.27,47.48,13.2
14402,2105,A,28.19,34.27,6.08
14403,2105,K,21.35,28.19,6.85
14404,2106,R,56.22,57.07,0.85
14405,2106,L,52.92,56.22,3.29
14406,2106,S,50.65,52.92,2.28
14407,2106,M,47.52,50.65,3.13
14408,2106,C,34.33,47.52,13.18
14409,2106,A,28.27,34.33,6.06
14410,2106,K,21.34,28.27,6.93
14411,2107,R,56.23,57.07,0.84
14412,2107,L,52.94,56.23,3.29
14413,2107,S,50.68,52.94,2.26
14414,2107,M,47.55,50.68,3.12
14415,2107,C,34.39,47.55,13.16
14416,2107,A,28.35,34.39,6.04
14417,2107,K,21.33,28.35,7.02
14418,2108,R,56.24,57.07,0.83
14419,2108,L,52.96,56.24,3.28
14420,2108,S,50.71,52.96,2.25
14421,2108,M,47.59,50.71,3.12
14422,2108,C,34.46,47.59,13.14
14423,2108,A,28.43,34.46,6.02
14424,2108,K,21.33,28.43,7.1
14425,2109,R,56.25,57.07,0.82
14426,2109,L,52.97,56.25,3.27
14427,2109,S,50.74,52.97,2.23
14428,2109,M,47.63,50.74,3.11
14429,2109,C,34.52,47.63,13.11
14430,2109,A,28.51,34.52,6.01
14431,2109,K,21.32,28.51,7.19
14432,2110,R,56.26,57.07,0.81
14433,2110,L,52.99,56.26,3.27
14434,2110,S,50.78,52.99,2.21
14435,2110,M,47.67,50.78,3.11
14436,2110,C,34.58,47.67,13.09
14437,2110,A,28.59,34.58,5.99
14438,2110,K,21.31,28.59,7.28
14439,2111,R,56.27,57.07,0.8
14440,2111,L,53.01,56.27,3.26
14441,2111,S,50.81,53.01,2.2
14442,2111,M,47.71,50.81,3.1
14443,2111,C,34.64,47.71,13.07
14444,2111,A,28.67,34.64,5.97
14445,2111,K,21.3,28.67,7.37
14446,2112,R,56.28,57.07,0.79
14447,2112,L,53.03,56.28,3.25
14448,2112,S,50.84,53.03,2.18
14449,2112,M,47.75,50.84,3.09
14450,2112,C,34.7,47.75,13.04
14451,2112,A,28.76,34.7,5.95
14452,2112,K,21.29,28.76,7.46
14453,2113,R,56.29,57.07,0.78
14454,2113,L,53.04,56.29,3.24
14455,2113,S,50.87,53.04,2.17
14456,2113,M,47.78,50.87,3.09
14457,2113,C,34.77,47.78,13.02
14458,2113,A,28.84,34.77,5.93
14459,2113,K,21.28,28.84,7.56
14460,2114,R,56.3,57.07,0.77
14461,2114,L,53.06,56.3,3.24
14462,2114,S,50.9,53.06,2.15
14463,2114,M,47.82,50.9,3.08
14464,2114,C,34.83,47.82,12.99
14465,2114,A,28.92,34.83,5.91
14466,2114,K,21.27,28.92,7.65
14467,2115,R,56.3,57.06,0.76
14468,2115,L,53.07,56.3,3.23
14469,2115,S,50.93,53.07,2.14
14470,2115,M,47.86,50.93,3.08
14471,2115,C,34.89,47.86,12.97
14472,2115,A,29.0,34.89,5.89
14473,2115,K,21.26,29.0,7.74
14474,2116,R,56.31,57.06,0.75
14475,2116,L,53.09,56.31,3.22
14476,2116,S,50.96,53.09,2.13
14477,2116,M,47.89,50.96,3.07
14478,2116,C,34.95,47.89,12.94
14479,2116,A,29.08,34.95,5.87
14480,2116,K,21.25,29.08,7.84
14481,2117,R,56.32,57.06,0.74
14482,2117,L,53.1,56.32,3.22
14483,2117,S,50.99,53.1,2.11
14484,2117,M,47.93,50.99,3.06
14485,2117,C,35.01,47.93,12.92
14486,2117,A,29.17,35.01,5.84
14487,2117,K,21.23,29.17,7.94
14488,2118,R,56.33,57.05,0.73
14489,2118,L,53.12,56.33,3.21
14490,2118,S,51.02,53.12,2.1
14491,2118,M,47.96,51.02,3.06
14492,2118,C,35.07,47.96,12.89
14493,2118,A,29.25,35.07,5.82
14494,2118,K,21.22,29.25,8.03
14495,2119,R,56.34,57.05,0.71
14496,2119,L,53.13,56.34,3.2
14497,2119,S,51.05,53.13,2.08
14498,2119,M,48.0,51.05,3.05
14499,2119,C,35.13,48.0,12.86
14500,2119,A,29.33,35.13,5.8
14501,2119,K,21.2,29.33,8.13
14502,2120,R,56.34,57.05,0.7
14503,2120,L,53.15,56.34,3.19
14504,2120,S,51.08,53.15,2.07
14505,2120,M,48.03,51.08,3.05
14506,2120,C,35.19,48.03,12.84
14507,2120,A,29.42,35.19,5.78
14508,2120,K,21.19,29.42,8.23
14509,2121,R,56.35,57.04,0.69
14510,2121,L,53.16,56.35,3.19
14511,2121,S,51.11,53.16,2.06
14512,2121,M,48.07,51.11,3.04
14513,2121,C,35.25,48.07,12.81
14514,2121,A,29.5,35.25,5.75
14515,2121,K,21.17,29.5,8.33
14516,2122,R,56.36,57.04,0.68
14517,2122,L,53.18,56.36,3.18
14518,2122,S,51.13,53.18,2.04
14519,2122,M,48.1,51.13,3.04
14520,2122,C,35.31,48.1,12.78
14521,2122,A,29.58,35.31,5.73
14522,2122,K,21.16,29.58,8.43
14523,2123,R,56.36,57.03,0.67
14524,2123,L,53.19,56.36,3.17
14525,2123,S,51.16,53.19,2.03
14526,2123,M,48.13,51.16,3.03
14527,2123,C,35.37,48.13,12.76
14528,2123,A,29.67,35.37,5.71
14529,2123,K,21.14,29.67,8.53
14530,2124,R,56.37,57.03,0.66
14531,2124,L,53.2,56.37,3.17
14532,2124,S,51.19,53.2,2.02
14533,2124,M,48.16,51.19,3.02
14534,2124,C,35.43,48.16,12.73
14535,2124,A,29.75,35.43,5.68
14536,2124,K,21.12,29.75,8.63
14537,2125,R,56.38,57.02,0.64
14538,2125,L,53.22,56.38,3.16
14539,2125,S,51.21,53.22,2.0
14540,2125,M,48.19,51.21,3.02
14541,2125,C,35.49,48.19,12.7
14542,2125,A,29.83,35.49,5.66
14543,2125,K,21.1,29.83,8.73
14544,2126,R,56.38,57.01,0.63
14545,2126,L,53.23,56.38,3.15
14546,2126,S,51.24,53.23,1.99
14547,2126,M,48.22,51.24,3.01
14548,2126,C,35.55,48.22,12.67
14549,2126,A,29.92,35.55,5.63
14550,2126,K,21.08,29.92,8.83
14551,2127,R,56.39,57.01,0.62
14552,2127,L,53.24,56.39,3.15
14553,2127,S,51.26,53.24,1.98
14554,2127,M,48.25,51.26,3.01
14555,2127,C,35.61,48.25,12.65
14556,2127,A,30.0,35.61,5.61
14557,2127,K,21.06,30.0,8.94
14558,2128,R,56.39,57.0,0.61
14559,2128,L,53.25,56.39,3.14
14560,2128,S,51.29,53.25,1.96
14561,2128,M,48.28,51.29,3.0
14562,2128,C,35.66,48.28,12.62
14563,2128,A,30.08,35.66,5.58
14564,2128,K,21.04,30.08,9.04
14565,2129,R,56.4,56.99,0.6
14566,2129,L,53.26,56.4,3.13
14567,2129,S,51.31,53.26,1.95
14568,2129,M,48.31,51.31,3.0
14569,2129,C,35.72,48.31,12.59
14570,2129,A,30.16,35.72,5.55
14571,2129,K,21.02,30.16,9.14
14572,2130,R,56.4,56.98,0.58
14573,2130,L,53.27,56.4,3.13
14574,2130,S,51.33,53.27,1.94
14575,2130,M,48.34,51.33,3.0
14576,2130,C,35.77,48.34,12.56
14577,2130,A,30.25,35.77,5.53
14578,2130,K,21.0,30.25,9.25
14579,2131,R,56.4,56.97,0.57
14580,2131,L,53.28,56.4,3.12
14581,2131,S,51.35,53.28,1.93
14582,2131,M,48.36,51.35,2.99
14583,2131,C,35.83,48.36,12.53
14584,2131,A,30.33,35.83,5.5
14585,2131,K,20.98,30.33,9.35
14586,2132,R,56.41,56.97,0.56
14587,2132,L,53.29,56.41,3.12
14588,2132,S,51.37,53.29,1.92
14589,2132,M,48.39,51.37,2.99
14590,2132,C,35.88,48.39,12.5
14591,2132,A,30.41,35.88,5.47
14592,2132,K,20.95,30.41,9.46
14593,2133,R,56.41,56.96,0.54
14594,2133,L,53.3,56.41,3.11
14595,2133,S,51.4,53.3,1.91
14596,2133,M,48.41,51.4,2.98
14597,2133,C,35.94,48.41,12.48
14598,2133,A,30.49,35.94,5.45
14599,2133,K,20.93,30.49,9.56
14600,2134,R,56.41,56.95,0.53
14601,2134,L,53.31,56.41,3.1
14602,2134,S,51.42,53.31,1.9
14603,2134,M,48.44,51.42,2.98
14604,2134,C,35.99,48.44,12.45
14605,2134,A,30.57,35.99,5.42
14606,2134,K,20.91,30.57,9.67
14607,2135,R,56.42,56.94,0.52
14608,2135,L,53.32,56.42,3.1
14609,2135,S,51.43,53.32,1.88
14610,2135,M,48.46,51.43,2.98
14611,2135,C,36.04,48.46,12.42
14612,2135,A,30.65,36.04,5.39
14613,2135,K,20.88,30.65,9.77
14614,2136,R,56.42,56.93,0.51
14615,2136,L,53.33,56.42,3.09
14616,2136,S,51.45,53.33,1.87
14617,2136,M,48.48,51.45,2.97
14618,2136,C,36.09,48.48,12.39
14619,2136,A,30.73,36.09,5.36
14620,2136,K,20.86,30.73,9.87
14621,2137,R,56.42,56.92,0.49
14622,2137,L,53.34,56.42,3.09
14623,2137,S,51.47,53.34,1.86
14624,2137,M,48.5,51.47,2.97
14625,2137,C,36.14,48.5,12.36
14626,2137,A,30.81,36.14,5.33
14627,2137,K,20.83,30.81,9.98
14628,2138,R,56.42,56.9,0.48
14629,2138,L,53.34,56.42,3.08
14630,2138,S,51.49,53.34,1.85
14631,2138,M,48.52,51.49,2.97
14632,2138,C,36.19,48.52,12.33
14633,2138,A,30.89,36.19,5.3
14634,2138,K,20.8,30.89,10.08
14635,2139,R,56.43,56.89,0.47
14636,2139,L,53.35,56.43,3.08
14637,2139,S,51.5,53.35,1.85
14638,2139,M,48.54,51.5,2.96
14639,2139,C,36.24,48.54,12.3
14640,2139,A,30.97,36.24,5.28
14641,2139,K,20.78,30.97,10.19
14642,2140,R,56.43,56.88,0.45
14643,2140,L,53.36,56.43,3.07
14644,2140,S,51.52,53.36,1.84
14645,2140,M,48.56,51.52,2.96
14646,2140,C,36.29,48.56,12.27
14647,2140,A,31.04,36.29,5.25
14648,2140,K,20.75,31.04,10.29
14649,2141,R,56.43,56.87,0.44
14650,2141,L,53.36,56.43,3.06
14651,2141,S,51.54,53.36,1.83
14652,2141,M,48.58,51.54,2.96
14653,2141,C,36.34,48.58,12.24
14654,2141,A,31.12,36.34,5.22
14655,2141,K,20.72,31.12,10.4
14656,2142,R,56.43,56.86,0.43
14657,2142,L,53.37,56.43,3.06
14658,2142,S,51.55,53.37,1.82
14659,2142,M,48.59,51.55,2.96
14660,2142,C,36.38,48.59,12.21
14661,2142,A,31.2,36.38,5.19
14662,2142,K,20.69,31.2,10.5
14663,2143,R,56.43,56.84,0.42
14664,2143,L,53.37,56.43,3.05
14665,2143,S,51.56,53.37,1.81
14666,2143,M,48.61,51.56,2.95
14667,2143,C,36.43,48.61,12.18
14668,2143,A,31.27,36.43,5.16
14669,2143,K,20.66,31.27,10.61
14670,2144,R,56.43,56.83,0.4
14671,2144,L,53.38,56.43,3.05
14672,2144,S,51.58,53.38,1.8
14673,2144,M,48.62,51.58,2.95
14674,2144,C,36.47,48.62,12.15
14675,2144,A,31.34,36.47,5.13
14676,2144,K,20.64,31.34,10.71
14677,2145,R,56.43,56.82,0.39
14678,2145,L,53.38,56.43,3.05
14679,2145,S,51.59,53.38,1.79
14680,2145,M,48.64,51.59,2.95
14681,2145,C,36.51,48.64,12.12
14682,2145,A,31.42,36.51,5.1
14683,2145,K,20.61,31.42,10.81
14684,2146,R,56.43,56.8,0.38
14685,2146,L,53.39,56.43,3.04
14686,2146,S,51.6,53.39,1.79
14687,2146,M,48.65,51.6,2.95
14688,2146,C,36.56,48.65,12.1
14689,2146,A,31.49,36.56,5.07
14690,2146,K,20.58,31.49,10.91
14691,2147,R,56.43,56.79,0.36
14692,2147,L,53.39,56.43,3.04
14693,2147,S,51.61,53.39,1.78
14694,2147,M,48.66,51.61,2.95
14695,2147,C,36.6,48.66,12.07
14696,2147,A,31.56,36.6,5.03
14697,2147,K,20.54,31.56,11.02
14698,2148,R,56.42,56.77,0.35
14699,2148,L,53.39,56.42,3.03
14700,2148,S,51.62,53.39,1.77
14701,2148,M,48.67,51.62,2.95
14702,2148,C,36.64,48.67,12.04
14703,2148,A,31.63,36.64,5.0
14704,2148,K,20.51,31.63,11.12
14705,2149,R,56.42,56.76,0.34
14706,2149,L,53.39,56.42,3.03
14707,2149,S,51.63,53.39,1.77
14708,2149,M,48.68,51.63,2.95
14709,2149,C,36.67,48.68,12.01
14710,2149,A,31.7,36.67,4.97
14711,2149,K,20.48,31.7,11.22
14712,2150,R,56.42,56.74,0.32
14713,2150,L,53.4,56.42,3.02
14714,2150,S,51.64,53.4,1.76
14715,2150,M,48.69,51.64,2.95
14716,2150,C,36.71,48.69,11.98
14717,2150,A,31.77,36.71,4.94
14718,2150,K,20.45,31.77,11.32
14719,2151,R,56.42,56.73,0.31
14720,2151,L,53.4,56.42,3.02
14721,2151,S,51.64,53.4,1.75
14722,2151,M,48.7,51.64,2.95
14723,2151,C,36.75,48.7,11.95
14724,2151,A,31.84,36.75,4.91
14725,2151,K,20.42,31.84,11.42
14726,2152,R,56.42,56.71,0.3
14727,2152,L,53.4,56.42,3.02
14728,2152,S,51.65,53.4,1.75
14729,2152,M,48.7,51.65,2.95
14730,2152,C,36.78,48.7,11.92
14731,2152,A,31.9,36.78,4.88
14732,2152,K,20.38,31.9,11.52
14733,2153,R,56.41,56.69,0.28
14734,2153,L,53.4,56.41,3.01
14735,2153,S,51.66,53.4,1.74
14736,2153,M,48.71,51.66,2.95
14737,2153,C,36.82,48.71,11.89
14738,2153,A,31.97,36.82,4.85
14739,2153,K,20.35,31.97,11.62
14740,2154,R,56.41,56.68,0.27
14741,2154,L,53.4,56.41,3.01
14742,2154,S,51.66,53.4,1.74
14743,2154,M,48.71,51.66,2.95
14744,2154,C,36.85,48.71,11.86
14745,2154,A,32.03,36.85,4.82
14746,2154,K,20.32,32.03,11.72
14747,2155,R,56.41,56.66,0.25
14748,2155,L,53.4,56.41,3.01
14749,2155,S,51.67,53.4,1.73
14750,2155,M,48.71,51.67,2.95
14751,2155,C,36.88,48.71,11.83
14752,2155,A,32.1,36.88,4.78
14753,2155,K,20.28,32.1,11.81
14754,2156,R,56.4,56.64,0.24
14755,2156,L,53.4,56.4,3.0
14756,2156,S,51.67,53.4,1.73
14757,2156,M,48.72,51.67,2.95
14758,2156,C,36.91,48.72,11.81
14759,2156,A,32.16,36.91,4.75
14760,2156,K,20.25,32.16,11.91
14761,2157,R,56.4,56.63,0.23
14762,2157,L,53.4,56.4,3.0
14763,2157,S,51.67,53.4,1.73
14764,2157,M,48.72,51.67,2.95
14765,2157,C,36.94,48.72,11.78
14766,2157,A,32.22,36.94,4.72
14767,2157,K,20.22,32.22,12.0
14768,2158,R,56.39,56.61,0.21
14769,2158,L,53.39,56.39,3.0
14770,2158,S,51.67,53.39,1.72
14771,2158,M,48.72,51.67,2.96
14772,2158,C,36.97,48.72,11.75
14773,2158,A,32.28,36.97,4.69
14774,2158,K,20.18,32.28,12.1
14775,2159,R,56.39,56.59,0.2
14776,2159,L,53.39,56.39,3.0
14777,2159,S,51.67,53.39,1.72
14778,2159,M,48.71,51.67,2.96
14779,2159,C,36.99,48.71,11.72
14780,2159,A,32.34,36.99,4.66
14781,2159,K,20.15,32.34,12.19
14782,2160,R,56.38,56.57,0.19
14783,2160,L,53.39,56.38,2.99
14784,2160,S,51.67,53.39,1.72
14785,2160,M,48.71,51.67,2.96
14786,2160,C,37.02,48.71,11.69
14787,2160,A,32.39,37.02,4.62
14788,2160,K,20.11,32.39,12.28
14789,2161,R,56.38,56.55,0.17
14790,2161,L,53.39,56.38,2.99
14791,2161,S,51.67,53.39,1.71
14792,2161,M,48.71,51.67,2.97
14793,2161,C,37.04,48.71,11.67
14794,2161,A,32.45,37.04,4.59
14795,2161,K,20.08,32.45,12.37
14796,2162,R,56.37,56.54,0.16
14797,2162,L,53.38,56.37,2.99
14798,2162,S,51.67,53.38,1.71
14799,2162,M,48.7,51.67,2.97
14800,2162,C,37.06,48.7,11.64
14801,2162,A,32.5,37.06,4.56
14802,2162,K,20.04,32.5,12.46
14803,2163,R,56.37,56.52,0.15
14804,2163,L,53.38,56.37,2.99
14805,2163,S,51.67,53.38,1.71
14806,2163,M,48.69,51.67,2.97
14807,2163,C,37.08,48.69,11.61
14808,2163,A,32.56,37.08,4.53
14809,2163,K,20.0,32.56,12.55
14810,2164,R,56.36,56.5,0.14
14811,2164,L,53.37,56.36,2.99
14812,2164,S,51.66,53.37,1.71
14813,2164,M,48.69,51.66,2.98
14814,2164,C,37.1,48.69,11.59
14815,2164,A,32.61,37.1,4.49
14816,2164,K,19.97,32.61,12.64
14817,2165,R,56.36,56.48,0.12
14818,2165,L,53.37,56.36,2.99
14819,2165,S,51.66,53.37,1.71
14820,2165,M,48.68,51.66,2.98
14821,2165,C,37.12,48.68,11.56
14822,2165,A,32.66,37.12,4.46
14823,2165,K,19.93,32.66,12.73
14824,2166,R,56.35,56.46,0.11
14825,2166,L,53.36,56.35,2.99
14826,2166,S,51.66,53.36,1.71
14827,2166,M,48.67,51.66,2.99
14828,2166,C,37.14,48.67,11.53
14829,2166,A,32.71,37.14,4.43
14830,2166,K,19.89,32.71,12.81
14831,2167,L,53.36,56.34,2.99
14832,2167,S,51.65,53.36,1.71
14833,2167,M,48.66,51.65,2.99
14834,2167,C,37.15,48.66,11.51
14835,2167,A,32.75,37.15,4.4
14836,2167,K,19.86,32.75,12.9
14837,2168,L,53.35,56.34,2.99
14838,2168,S,51.64,53.35,1.71
14839,2168,M,48.64,51.64,3.0
14840,2168,C,37.16,48.64,11.48
14841,2168,A,32.8,37.16,4.36
14842,2168,K,19.82,32.8,12.98
14843,2169,L,53.34,56.33,2.99
14844,2169,S,51.64,53.34,1.71
14845,2169,M,48.63,51.64,3.0
14846,2169,C,37.18,48.63,11.45
14847,2169,A,32.84,37.18,4.33
14848,2169,K,19.78,32.84,13.06
14849,2170,L,53.34,56.32,2.99
14850,2170,S,51.63,53.34,1.71
14851,2170,M,48.62,51.63,3.01
14852,2170,C,37.19,48.62,11.43
14853,2170,A,32.89,37.19,4.3
14854,2170,K,19.75,32.89,13.14
14855,2171,L,53.33,56.31,2.99
14856,2171,S,51.62,53.33,1.71
14857,2171,M,48.6,51.62,3.02
14858,2171,C,37.2,48.6,11.4
14859,2171,A,32.93,37.2,4.27
14860,2171,K,19.71,32.93,13.22
14861,2172,L,53.32,56.31,2.99
14862,2172,S,51.61,53.32,1.71
14863,2172,M,48.58,51.61,3.02
14864,2172,C,37.2,48.58,11.38
14865,2172,A,32.97,37.2,4.24
14866,2172,K,19.67,32.97,13.3
14867,2173,L,53.31,56.3,2.99
14868,2173,S,51.6,53.31,1.71
14869,2173,M,48.56,51.6,3.03
14870,2173,C,37.21,48.56,11.36
14871,2173,A,33.0,37.21,4.2
14872,2173,K,19.63,33.0,13.37
14873,2174,L,53.3,56.29,2.99
14874,2174,S,51.58,53.3,1.72
14875,2174,M,48.54,51.58,3.04
14876,2174,C,37.21,48.54,11.33
14877,2174,A,33.04,37.21,4.17
14878,2174,K,19.6,33.04,13.44
14879,2175,L,53.28,56.27,2.99
14880,2175,S,51.57,53.28,1.72
14881,2175,M,48.52,51.57,3.05
14882,2175,C,37.21,48.52,11.31
14883,2175,A,33.07,37.21,4.14
14884,2175,K,19.56,33.07,13.51
14885,2176,L,53.26,56.25,2.99
14886,2176,S,51.54,53.26,1.72
14887,2176,M,48.48,51.54,3.06
14888,2176,C,37.2,48.48,11.29
14889,2176,A,33.09,37.2,4.11
14890,2176,K,19.52,33.09,13.57
14891,2177,L,53.24,56.23,2.99
14892,2177,S,51.51,53.24,1.73
14893,2177,M,48.45,51.51,3.07
14894,2177,C,37.18,48.45,11.26
14895,2177,A,33.11,37.18,4.08
14896,2177,K,19.48,33.11,13.62
14897,2178,L,53.22,56.21,2.99
14898,2178,S,51.49,53.22,1.73
14899,2178,M,48.41,51.49,3.07
14900,2178,C,37.17,48.41,11.24
14901,2178,A,33.13,37.17,4.04
14902,2178,K,19.45,33.13,13.68
14903,2179,L,53.19,56.19,3.0
14904,2179,S,51.46,53.19,1.73
14905,2179,M,48.37,51.46,3.08
14906,2179,C,37.15,48.37,11.22
14907,2179,A,33.14,37.15,4.01
14908,2179,K,19.41,33.14,13.73
14909,2180,L,53.17,56.17,3.0
14910,2180,S,51.43,53.17,1.74
14911,2180,M,48.33,51.43,3.09
14912,2180,C,37.14,48.33,11.2
14913,2180,A,33.16,37.14,3.98
14914,2180,K,19.37,33.16,13.78
14915,2181,L,53.14,56.15,3.0
14916,2181,S,51.4,53.14,1.74
14917,2181,M,48.29,51.4,3.1
14918,2181,C,37.12,48.29,11.18
14919,2181,A,33.17,37.12,3.95
14920,2181,K,19.33,33.17,13.83
14921,2182,L,53.12,56.12,3.0
14922,2182,S,51.37,53.12,1.75
14923,2182,M,48.25,51.37,3.12
14924,2182,C,37.1,48.25,11.16
14925,2182,A,33.18,37.1,3.92
14926,2182,K,19.3,33.18,13.88
14927,2183,L,53.09,56.1,3.01
14928,2183,S,51.34,53.09,1.76
14929,2183,M,48.21,51.34,3.13
14930,2183,C,37.08,48.21,11.14
14931,2183,A,33.19,37.08,3.89
14932,2183,K,19.26,33.19,13.93
14933,2184,L,53.07,56.08,3.01
14934,2184,S,51.31,53.07,1.76
14935,2184,M,48.17,51.31,3.14
14936,2184,C,37.05,48.17,11.12
14937,2184,A,33.2,37.05,3.86
14938,2184,K,19.22,33.2,13.97
14939,2185,L,53.04,56.06,3.01
14940,2185,S,51.27,53.04,1.77
14941,2185,M,48.13,51.27,3.15
14942,2185,C,37.03,48.13,11.1
14943,2185,A,33.2,37.03,3.83
14944,2185,K,19.19,33.2,14.02
14945,2186,L,53.02,56.04,3.02
14946,2186,S,51.24,53.02,1.78
14947,2186,M,48.08,51.24,3.16
14948,2186,C,37.0,48.08,11.08
14949,2186,A,33.21,37.0,3.8
14950,2186,K,19.15,33.21,14.06
14951,2187,L,52.99,56.01,3.02
14952,2187,S,51.21,52.99,1.78
14953,2187,M,48.03,51.21,3.17
14954,2187,C,36.97,48.03,11.06
14955,2187,A,33.21,36.97,3.77
14956,2187,K,19.11,33.21,14.1
14957,2188,L,52.97,55.99,3.03
14958,2188,S,51.17,52.97,1.79
14959,2188,M,47.99,51.17,3.19
14960,2188,C,36.94,47.99,11.04
14961,2188,A,33.21,36.94,3.74
14962,2188,K,19.08,33.21,14.13
14963,2189,L,52.94,55.97,3.03
14964,2189,S,51.14,52.94,1.8
14965,2189,M,47.94,51.14,3.2
14966,2189,C,36.91,47.94,11.03
14967,2189,A,33.21,36.91,3.71
14968,2189,K,19.04,33.21,14.17
14969,2190,L,52.91,55.95,3.04
14970,2190,S,51.1,52.91,1.81
14971,2190,M,47.89,51.1,3.21
14972,2190,C,36.88,47.89,11.01
14973,2190,A,33.21,36.88,3.68
14974,2190,K,19.0,33.21,14.2
14975,2191,L,52.89,55.93,3.04
14976,2191,S,51.07,52.89,1.82
14977,2191,M,47.84,51.07,3.23
14978,2191,C,36.85,47.84,10.99
14979,2191,A,33.2,36.85,3.65
14980,2191,K,18.97,33.2,14.23
14981,2192,L,52.86,55.91,3.05
14982,2192,S,51.03,52.86,1.83
14983,2192,M,47.79,51.03,3.24
14984,2192,C,36.81,47.79,10.98
14985,2192,A,33.2,36.81,3.62
14986,2192,K,18.93,33.2,14.26
14987,2193,L,52.83,55.88,3.05
14988,2193,S,50.99,52.83,1.84
14989,2193,M,47.74,50.99,3.26
14990,2193,C,36.78,47.74,10.96
14991,2193,A,33.19,36.78,3.59
14992,2193,K,18.9,33.19,14.29
14993,2194,L,52.8,55.86,3.06
14994,2194,S,50.96,52.8,1.85
14995,2194,M,47.69,50.96,3.27
14996,2194,C,36.74,47.69,10.95
14997,2194,A,33.18,36.74,3.56
14998,2194,K,18.86,33.18,14.32
14999,2195,L,52.78,55.84,3.06
15000,2195,S,50.92,52.78,1.86
15001,2195,M,47.63,50.92,3.29
15002,2195,C,36.7,47.63,10.93
15003,2195,A,33.17,36.7,3.53
15004,2195,K,18.83,33.17,14.34
15005,2196,L,52.75,55.82,3.07
15006,2196,S,50.88,52.75,1.87
15007,2196,M,47.58,50.88,3.3
15008,2196,C,36.66,47.58,10.92
15009,2196,A,33.16,36.66,3.5
15010,2196,K,18.79,33.16,14.36
15011,2197,L,52.72,55.8,3.08
15012,2197,S,50.84,52.72,1.88
15013,2197,M,47.52,50.84,3.32
15014,2197,C,36.62,47.52,10.91
15015,2197,A,33.14,36.62,3.47
15016,2197,K,18.76,33.14,14.38
15017,2198,L,52.69,55.78,3.08
15018,2198,S,50.8,52.69,1.89
15019,2198,M,47.47,50.8,3.33
15020,2198,C,36.57,47.47,10.89
15021,2198,A,33.13,36.57,3.45
15022,2198,K,18.72,33.13,14.4
15023,2199,L,52.67,55.75,3.09
15024,2199,S,50.76,52.67,1.9
15025,2199,M,47.41,50.76,3.35
15026,2199,C,36.53,47.41,10.88
15027,2199,A,33.11,36.53,3.42
15028,2199,K,18.69,33.11,14.42
15029,2200,L,52.64,55.73,3.1
15030,2200,S,50.72,52.64,1.92
15031,2200,M,47.35,50.72,3.37
15032,2200,C,36.48,47.35,10.87
15033,2200,A,33.09,36.48,3.39
15034,2200,K,18.66,33.09,14.43
15035,2201,L,52.61,55.71,3.1
15036,2201,S,50.68,52.61,1.93
15037,2201,M,47.29,50.68,3.39
15038,2201,C,36.43,47.29,10.86
15039,2201,A,33.07,36.43,3.37
15040,2201,K,18.62,33.07,14.44
15041,2202,L,52.58,55.69,3.11
15042,2202,S,50.64,52.58,1.94
15043,2202,M,47.23,50.64,3.4
15044,2202,C,36.38,47.23,10.85
15045,2202,A,33.04,36.38,3.34
15046,2202,K,18.59,33.04,14.45
15047,2203,L,52.55,55.67,3.12
15048,2203,S,50.59,52.55,1.96
15049,2203,M,47.17,50.59,3.42
15050,2203,C,36.33,47.17,10.84
15051,2203,A,33.02,36.33,3.31
15052,2203,K,18.56,33.02,14.46
15053,2204,L,52.52,55.65,3.13
15054,2204,S,50.55,52.52,1.97
15055,2204,M,47.11,50.55,3.44
15056,2204,C,36.28,47.11,10.83
15057,2204,A,32.99,36.28,3.29
15058,2204,K,18.53,32.99,14.47
15059,2205,L,52.49,55.63,3.14
15060,2205,S,50.51,52.49,1.98
15061,2205,M,47.05,50.51,3.46
15062,2205,C,36.23,47.05,10.82
15063,2205,A,32.97,36.23,3.26
15064,2205,K,18.5,32.97,14.47
15065,2206,L,52.46,55.61,3.15
15066,2206,S,50.47,52.46,2.0
15067,2206,M,46.99,50.47,3.48
15068,2206,C,36.17,46.99,10.82
15069,2206,A,32.94,36.17,3.24
15070,2206,K,18.46,32.94,14.47
15071,2207,L,52.44,55.59,3.15
15072,2207,S,50.42,52.44,2.01
15073,2207,M,46.93,50.42,3.5
15074,2207,C,36.12,46.93,10.81
15075,2207,A,32.91,36.12,3.21
15076,2207,K,18.43,32.91,14.47
15077,2208,L,52.41,55.57,3.16
15078,2208,S,50.38,52.41,2.03
15079,2208,M,46.86,50.38,3.52
15080,2208,C,36.06,46.86,10.8
15081,2208,A,32.87,36.06,3.19
15082,2208,K,18.4,32.87,14.47
15083,2209,L,52.38,55.55,3.17
15084,2209,S,50.33,52.38,2.04
15085,2209,M,46.8,50.33,3.54
15086,2209,C,36.0,46.8,10.8
15087,2209,A,32.84,36.0,3.16
15088,2209,K,18.37,32.84,14.47
15089,2210,L,52.35,55.53,3.18
15090,2210,S,50.29,52.35,2.06
15091,2210,M,46.73,50.29,3.56
15092,2210,C,35.94,46.73,10.79
15093,2210,A,32.8,35.94,3.14
15094,2210,K,18.35,32.8,14.46
15095,2211,L,52.32,55.51,3.19
15096,2211,S,50.24,52.32,2.08
15097,2211,M,46.67,50.24,3.58
15098,2211,C,35.88,46.67,10.79
15099,2211,A,32.77,35.88,3.11
15100,2211,K,18.32,32.77,14.45
15101,2212,L,52.29,55.49,3.2
15102,2212,S,50.2,52.29,2.09
15103,2212,M,46.6,50.2,3.6
15104,2212,C,35.82,46.6,10.78
15105,2212,A,32.73,35.82,3.09
15106,2212,K,18.29,32.73,14.44
15107,2213,L,52.26,55.48,3.21
15108,2213,S,50.15,52.26,2.11
15109,2213,M,46.53,50.15,3.62
15110,2213,C,35.75,46.53,10.78
15111,2213,A,32.69,35.75,3.07
15112,2213,K,18.26,32.69,14.43
15113,2214,L,52.23,55.46,3.22
15114,2214,S,50.11,52.23,2.13
15115,2214,M,46.47,50.11,3.64
15116,2214,C,35.69,46.47,10.78
15117,2214,A,32.65,35.69,3.04
15118,2214,K,18.23,32.65,14.41
15119,2215,L,52.2,55.44,3.23
15120,2215,S,50.06,52.2,2.14
15121,2215,M,46.4,50.06,3.66
15122,2215,C,35.62,46.4,10.78
15123,2215,A,32.6,35.62,3.02
15124,2215,K,18.21,32.6,14.39
15125,2216,L,52.18,55.42,3.25
15126,2216,S,50.01,52.18,2.16
15127,2216,M,46.33,50.01,3.68
15128,2216,C,35.56,46.33,10.77
15129,2216,A,32.56,35.56,3.0
15130,2216,K,18.18,32.56,14.38
15131,2217,L,52.15,55.4,3.26
15132,2217,S,49.97,52.15,2.18
15133,2217,M,46.26,49.97,3.7
15134,2217,C,35.49,46.26,10.77
15135,2217,A,32.51,35.49,2.98
15136,2217,K,18.16,32.51,14.35
15137,2218,L,52.12,55.39,3.27
15138,2218,S,49.92,52.12,2.2
15139,2218,M,46.19,49.92,3.73
15140,2218,C,35.42,46.19,10.77
15141,2218,A,32.46,35.42,2.96
15142,2218,K,18.13,32.46,14.33
15143,2219,L,52.09,55.37,3.28
15144,2219,S,49.87,52.09,2.22
15145,2219,M,46.12,49.87,3.75
15146,2219,C,35.35,46.12,10.77
15147,2219,A,32.41,35.35,2.94
15148,2219,K,18.11,32.41,14.31
15149,2220,L,52.06,55.35,3.29
15150,2220,S,49.82,52.06,2.24
15151,2220,M,46.05,49.82,3.77
15152,2220,C,35.28,46.05,10.78
15153,2220,A,32.36,35.28,2.92
15154,2220,K,18.08,32.36,14.28
15155,2221,L,52.03,55.34,3.3
15156,2221,S,49.78,52.03,2.26
15157,2221,M,45.98,49.78,3.79
15158,2221,C,35.21,45.98,10.78
15159,2221,A,32.31,35.21,2.9
15160,2221,K,18.06,32.31,14.25
15161,2222,L,52.01,55.32,3.32
15162,2222,S,49.73,52.01,2.28
15163,2222,M,45.91,49.73,3.82
15164,2222,C,35.13,45.91,10.78
15165,2222,A,32.26,35.13,2.88
15166,2222,K,18.04,32.26,14.22
15167,2223,L,51.98,55.31,3.33
15168,2223,S,49.68,51.98,2.3
15169,2223,M,45.84,49.68,3.84
15170,2223,C,35.06,45.84,10.78
15171,2223,A,32.2,35.06,2.86
15172,2223,K,18.02,32.2,14.18
15173,2224,L,51.95,55.29,3.34
15174,2224,S,49.63,51.95,2.32
15175,2224,M,45.77,49.63,3.86
15176,2224,C,34.98,45.77,10.79
15177,2224,A,32.14,34.98,2.84
15178,2224,K,18.0,32.14,14.15
15179,2225,L,51.92,55.28,3.35
15180,2225,S,49.59,51.92,2.34
15181,2225,M,45.7,49.59,3.89
15182,2225,C,34.91,45.7,10.79
15183,2225,A,32.09,34.91,2.82
15184,2225,K,17.98,32.09,14.11
15185,2226,L,51.89,55.26,3.37
15186,2226,S,49.54,51.89,2.36
15187,2226,M,45.63,49.54,3.91
15188,2226,C,34.83,45.63,10.8
15189,2226,A,32.03,34.83,2.8
15190,2226,K,17.96,32.03,14.07
15191,2227,L,51.87,55.25,3.38
15192,2227,S,49.49,51.87,2.38
15193,2227,M,45.55,49.49,3.93
15194,2227,C,34.75,45.55,10.81
15195,2227,A,31.97,34.75,2.78
15196,2227,K,17.94,31.97,14.03
15197,2228,L,51.84,55.23,3.39
15198,2228,S,49.44,51.84,2.4
15199,2228,M,45.48,49.44,3.96
15200,2228,C,34.67,45.48,10.81
15201,2228,A,31.9,34.67,2.77
15202,2228,K,17.92,31.9,13.98
15203,2229,L,51.81,55.22,3.41
15204,2229,S,49.39,51.81,2.42
15205,2229,M,45.41,49.39,3.98
15206,2229,C,34.59,45.41,10.82
15207,2229,A,31.84,34.59,2.75
15208,2229,K,17.9,31.84,13.94
15209,2230,L,51.79,55.21,3.42
15210,2230,S,49.34,51.79,2.44
15211,2230,M,45.34,49.34,4.01
15212,2230,C,34.51,45.34,10.83
15213,2230,A,31.78,34.51,2.73
15214,2230,K,17.88,31.78,13.89
15215,2231,L,51.76,55.2,3.43
15216,2231,S,49.3,51.76,2.47
15217,2231,M,45.26,49.3,4.03
15218,2231,C,34.43,45.26,10.84
15219,2231,A,31.71,34.43,2.72
15220,2231,K,17.87,31.71,13.84
15221,2232,L,51.73,55.18,3.45
15222,2232,S,49.25,51.73,2.49
15223,2232,M,45.19,49.25,4.06
15224,2232,C,34.34,45.19,10.85
15225,2232,A,31.64,34.34,2.7
15226,2232,K,17.85,31.64,13.79
15227,2233,L,51.71,55.17,3.46
15228,2233,S,49.2,51.71,2.51
15229,2233,M,45.12,49.2,4.08
15230,2233,C,34.26,45.12,10.86
15231,2233,A,31.58,34.26,2.69
15232,2233,K,17.84,31.58,13.74
15233,2234,L,51.68,55.16,3.48
15234,2234,S,49.15,51.68,2.53
15235,2234,M,45.04,49.15,4.11
15236,2234,C,34.18,45.04,10.87
15237,2234,A,31.51,34.18,2.67
15238,2234,K,17.82,31.51,13.68
15239,2235,L,51.66,55.15,3.49
15240,2235,S,49.1,51.66,2.56
15241,2235,M,44.97,49.1,4.13
15242,2235,C,34.09,44.97,10.88
15243,2235,A,31.44,34.09,2.66
15244,2235,K,17.81,31.44,13.63
15245,2236,L,51.63,55.14,3.51
15246,2236,S,49.06,51.63,2.58
15247,2236,M,44.9,49.06,4.16
15248,2236,C,34.01,44.9,10.89
15249,2236,A,31.36,34.01,2.64
15250,2236,K,17.8,31.36,13.57
15251,2237,L,51.61,55.13,3.52
15252,2237,S,49.01,51.61,2.6
15253,2237,M,44.82,49.01,4.18
15254,2237,C,33.92,44.82,10.9
15255,2237,A,31.29,33.92,2.63
15256,2237,K,17.79,31.29,13.51
15257,2238,L,51.58,55.12,3.54
15258,2238,S,48.96,51.58,2.63
15259,2238,M,44.75,48.96,4.21
15260,2238,C,33.83,44.75,10.92
15261,2238,A,31.22,33.83,2.61
15262,2238,K,17.78,31.22,13.44
15263,2239,L,51.56,55.11,3.55
15264,2239,S,48.91,51.56,2.65
15265,2239,M,44.68,48.91,4.23
15266,2239,C,33.75,44.68,10.93
15267,2239,A,31.14,33.75,2.6
15268,2239,K,17.76,31.14,13.38
15269,2240,L,51.54,55.1,3.57
15270,2240,S,48.86,51.54,2.67
15271,2240,M,44.6,48.86,4.26
15272,2240,C,33.66,44.6,10.95
15273,2240,A,31.07,33.66,2.59
15274,2240,K,17.76,31.07,13.31
15275,2241,L,51.51,55.1,3.58
15276,2241,S,48.82,51.51,2.7
15277,2241,M,44.53,48.82,4.29
15278,2241,C,33.57,44.53,10.96
15279,2241,A,30.99,33.57,2.58
15280,2241,K,17.75,30.99,13.25
15281,2242,L,51.49,55.09,3.6
15282,2242,S,48.77,51.49,2.72
15283,2242,M,44.46,48.77,4.31
15284,2242,C,33.48,44.46,10.98
15285,2242,A,30.92,33.48,2.57
15286,2242,K,17.74,30.92,13.18
15287,2243,L,51.47,55.08,3.61
15288,2243,S,48.72,51.47,2.75
15289,2243,M,44.39,48.72,4.34
15290,2243,C,33.39,44.39,10.99
15291,2243,A,30.84,33.39,2.55
15292,2243,K,17.73,30.84,13.11
15293,2244,L,51.45,55.08,3.63
15294,2244,S,48.68,51.45,2.77
15295,2244,M,44.31,48.68,4.36
15296,2244,C,33.3,44.31,11.01
15297,2244,A,30.76,33.3,2.54
15298,2244,K,17.72,30.76,13.03
15299,2245,L,51.42,55.07,3.65
15300,2245,S,48.63,51.42,2.79
15301,2245,M,44.24,48.63,4.39
15302,2245,C,33.21,44.24,11.03
15303,2245,A,30.68,33.21,2.53
15304,2245,K,17.72,30.68,12.96
15305,2246,L,51.4,55.06,3.66
15306,2246,S,48.58,51.4,2.82
15307,2246,M,44.17,48.58,4.41
15308,2246,C,33.12,44.17,11.05
15309,2246,A,30.6,33.12,2.52
15310,2246,K,17.71,30.6,12.88
15311,2247,L,51.38,55.06,3.68
15312,2247,S,48.54,51.38,2.84
15313,2247,M,44.1,48.54,4.44
15314,2247,C,33.03,44.1,11.07
15315,2247,A,30.52,33.03,2.51
15316,2247,K,17.71,30.52,12.81
15317,2248,L,51.36,55.06,3.69
15318,2248,S,48.49,51.36,2.87
15319,2248,M,44.02,48.49,4.47
15320,2248,C,32.94,44.02,11.09
15321,2248,A,30.43,32.94,2.5
15322,2248,K,17.71,30.43,12.73
15323,2249,L,51.34,55.05,3.71
15324,2249,S,48.45,51.34,2.89
15325,2249,M,43.95,48.45,4.49
15326,2249,C,32.84,43.95,11.11
15327,2249,A,30.35,32.84,2.49
15328,2249,K,17.7,30.35,12.65
15329,2250,L,51.32,55.05,3.73
15330,2250,S,48.4,51.32,2.92
15331,2250,M,43.88,48.4,4.52
15332,2250,C,32.75,43.88,11.13
15333,2250,A,30.27,32.75,2.49
15334,2250,K,17.7,30.27,12.56
15335,2251,L,51.3,55.05,3.74
15336,2251,S,48.36,51.3,2.95
15337,2251,M,43.81,48.36,4.55
15338,2251,C,32.66,43.81,11.15
15339,2251,A,30.18,32.66,2.48
15340,2251,K,17.7,30.18,12.48
15341,2252,L,51.28,55.04,3.76
15342,2252,S,48.31,51.28,2.97
15343,2252,M,43.74,48.31,4.57
15344,2252,C,32.57,43.74,11.17
15345,2252,A,30.1,32.57,2.47
15346,2252,K,17.7,30.1,12.4
15347,2253,L,51.27,55.04,3.78
15348,2253,S,48.27,51.27,3.0
15349,2253,M,43.67,48.27,4.6
15350,2253,C,32.47,43.67,11.2
15351,2253,A,30.01,32.47,2.46
15352,2253,K,17.7,30.01,12.31
15353,2254,L,51.25,55.04,3.79
15354,2254,S,48.22,51.25,3.02
15355,2254,M,43.6,48.22,4.62
15356,2254,C,32.38,43.6,11.22
15357,2254,A,29.93,32.38,2.45
15358,2254,K,17.7,29.93,12.22
15359,2255,L,51.23,55.04,3.81
15360,2255,S,48.18,51.23,3.05
15361,2255,M,43.53,48.18,4.65
15362,2255,C,32.29,43.53,11.24
15363,2255,A,29.84,32.29,2.45
15364,2255,K,17.71,29.84,12.13
15365,2256,L,51.21,55.04,3.83
15366,2256,S,48.14,51.21,3.08
15367,2256,M,43.46,48.14,4.67
15368,2256,C,32.19,43.46,11.27
15369,2256,A,29.75,32.19,2.44
15370,2256,K,17.71,29.75,12.04
15371,2257,L,51.2,55.04,3.84
15372,2257,S,48.1,51.2,3.1
15373,2257,M,43.39,48.1,4.7
15374,2257,C,32.1,43.39,11.29
15375,2257,A,29.67,32.1,2.44
15376,2257,K,17.71,29.67,11.95
15377,2258,L,51.18,55.04,3.86
15378,2258,S,48.05,51.18,3.13
15379,2258,M,43.33,48.05,4.73
15380,2258,C,32.01,43.33,11.32
15381,2258,A,29.58,32.01,2.43
15382,2258,K,17.72,29.58,11.86
15383,2259,L,51.17,55.04,3.88
15384,2259,S,48.01,51.17,3.15
15385,2259,M,43.26,48.01,4.75
15386,2259,C,31.91,43.26,11.35
15387,2259,A,29.49,31.91,2.42
15388,2259,K,17.72,29.49,11.77
15389,2260,L,51.15,55.05,3.9
15390,2260,S,47.97,51.15,3.18
15391,2260,M,43.19,47.97,4.78
15392,2260,C,31.82,43.19,11.37
15393,2260,A,29.4,31.82,2.42
15394,2260,K,17.73,29.4,11.67
15395,2261,L,51.14,55.05,3.91
15396,2261,S,47.93,51.14,3.21
15397,2261,M,43.13,47.93,4.8
15398,2261,C,31.73,43.13,11.4
15399,2261,A,29.31,31.73,2.41
15400,2261,K,17.74,29.31,11.58
15401,2262,L,51.12,55.05,3.93
15402,2262,S,47.89,51.12,3.23
15403,2262,M,43.06,47.89,4.83
15404,2262,C,31.63,43.06,11.43
15405,2262,A,29.22,31.63,2.41
15406,2262,K,17.75,29.22,11.48
15407,2263,L,51.11,55.06,3.95
15408,2263,S,47.85,51.11,3.26
15409,2263,M,43.0,47.85,4.85
15410,2263,C,31.54,43.0,11.46
15411,2263,A,29.13,31.54,2.41
15412,2263,K,17.75,29.13,11.38
15413,2264,L,51.1,55.06,3.96
15414,2264,S,47.81,51.1,3.29
15415,2264,M,42.93,47.81,4.88
15416,2264,C,31.45,42.93,11.48
15417,2264,A,29.05,31.45,2.4
15418,2264,K,17.76,29.05,11.28
15419,2265,L,51.09,55.07,3.98
15420,2265,S,47.77,51.09,3.31
15421,2265,M,42.87,47.77,4.9
15422,2265,C,31.35,42.87,11.51
15423,2265,A,28.96,31.35,2.4
15424,2265,K,17.77,28.96,11.18
15425,2266,L,51.07,55.07,4.0
15426,2266,S,47.73,51.07,3.34
15427,2266,M,42.81,47.73,4.93
15428,2266,C,31.26,42.81,11.54
15429,2266,A,28.87,31.26,2.4
15430,2266,K,17.78,28.87,11.08
15431,2267,L,51.06,55.08,4.02
15432,2267,S,47.7,51.06,3.37
15433,2267,M,42.74,47.7,4.95
15434,2267,C,31.17,42.74,11.57
15435,2267,A,28.78,31.17,2.39
15436,2267,K,17.8,28.78,10.98
15437,2268,L,51.05,55.09,4.03
15438,2268,S,47.66,51.05,3.39
15439,2268,M,42.68,47.66,4.98
15440,2268,C,31.08,42.68,11.6
15441,2268,A,28.69,31.08,2.39
15442,2268,K,17.81,28.69,10.88
15443,2269,L,51.04,55.09,4.05
15444,2269,S,47.62,51.04,3.42
15445,2269,M,42.62,47.62,5.0
15446,2269,C,30.98,42.62,11.64
15447,2269,A,28.6,30.98,2.39
15448,2269,K,17.82,28.6,10.77
15449,2270,L,51.03,55.1,4.07
15450,2270,S,47.59,51.03,3.45
15451,2270,M,42.56,47.59,5.03
15452,2270,C,30.89,42.56,11.67
15453,2270,A,28.51,30.89,2.39
15454,2270,K,17.84,28.51,10.67
15455,2271,L,51.03,55.11,4.09
15456,2271,S,47.55,51.03,3.47
15457,2271,M,42.5,47.55,5.05
15458,2271,C,30.8,42.5,11.7
15459,2271,A,28.42,30.8,2.39
15460,2271,K,17.85,28.42,10.56
15461,2272,L,51.02,55.12,4.1
15462,2272,S,47.52,51.02,3.5
15463,2272,M,42.44,47.52,5.08
15464,2272,C,30.71,42.44,11.73
15465,2272,A,28.33,30.71,2.38
15466,2272,K,17.87,28.33,10.46
15467,2273,L,51.01,55.13,4.12
15468,2273,S,47.48,51.01,3.53
15469,2273,M,42.39,47.48,5.1
15470,2273,C,30.62,42.39,11.77
15471,2273,A,28.24,30.62,2.38
15472,2273,K,17.88,28.24,10.35
15473,2274,L,51.0,55.14,4.14
15474,2274,S,47.45,51.0,3.55
15475,2274,M,42.33,47.45,5.12
15476,2274,C,30.53,42.33,11.8
15477,2274,A,28.15,30.53,2.38
15478,2274,K,17.9,28.15,10.25
15479,2275,L,51.0,55.15,4.15
15480,2275,S,47.42,51.0,3.58
15481,2275,M,42.27,47.42,5.15
15482,2275,C,30.44,42.27,11.83
15483,2275,A,28.06,30.44,2.38
15484,2275,K,17.92,28.06,10.14
15485,2276,L,50.99,55.16,4.17
15486,2276,S,47.39,50.99,3.61
15487,2276,M,42.22,47.39,5.17
15488,2276,C,30.35,42.22,11.87
15489,2276,A,27.97,30.35,2.38
15490,2276,K,17.94,27.97,10.03
15491,2277,L,50.99,55.18,4.19
15492,2277,S,47.36,50.99,3.63
15493,2277,M,42.16,47.36,5.19
15494,2277,C,30.26,42.16,11.9
15495,2277,A,27.88,30.26,2.38
15496,2277,K,17.96,27.88,9.92
15497,2278,L,50.98,55.19,4.21
15498,2278,S,47.32,50.98,3.66
15499,2278,M,42.11,47.32,5.22
15500,2278,C,30.17,42.11,11.94
15501,2278,A,27.79,30.17,2.38
15502,2278,K,17.98,27.79,9.81
15503,2279,L,50.98,55.2,4.22
15504,2279,S,47.29,50.98,3.69
15505,2279,M,42.06,47.29,5.24
15506,2279,C,30.09,42.06,11.97
15507,2279,A,27.7,30.09,2.38
15508,2279,K,18.0,27.7,9.71
15509,2280,L,50.98,55.22,4.24
15510,2280,S,47.27,50.98,3.71
15511,2280,M,42.01,47.27,5.26
15512,2280,C,30.0,42.01,12.01
15513,2280,A,27.61,30.0,2.38
15514,2280,K,18.02,27.61,9.6
15515,2281,L,50.97,55.23,4.26
15516,2281,S,47.24,50.97,3.74
15517,2281,M,41.95,47.24,5.28
15518,2281,C,29.91,41.95,12.04
15519,2281,A,27.53,29.91,2.39
15520,2281,K,18.04,27.53,9.49
15521,2282,L,50.97,55.25,4.27
15522,2282,S,47.21,50.97,3.76
15523,2282,M,41.91,47.21,5.3
15524,2282,C,29.83,41.91,12.08
15525,2282,A,27.44,29.83,2.39
15526,2282,K,18.06,27.44,9.38
15527,2283,L,50.97,55.26,4.29
15528,2283,S,47.18,50.97,3.79
15529,2283,M,41.86,47.18,5.33
15530,2283,C,29.74,41.86,12.12
15531,2283,A,27.35,29.74,2.39
15532,2283,K,18.09,27.35,9.27
15533,2284,L,50.97,55.28,4.31
15534,2284,S,47.16,50.97,3.82
15535,2284,M,41.81,47.16,5.35
15536,2284,C,29.66,41.81,12.15
15537,2284,A,27.27,29.66,2.39
15538,2284,K,18.11,27.27,9.16
15539,2285,L,50.97,55.29,4.32
15540,2285,S,47.13,50.97,3.84
15541,2285,M,41.76,47.13,5.37
15542,2285,C,29.57,41.76,12.19
15543,2285,A,27.18,29.57,2.39
15544,2285,K,18.14,27.18,9.04
15545,2286,L,50.97,55.31,4.34
15546,2286,S,47.1,50.97,3.87
15547,2286,M,41.72,47.1,5.39
15548,2286,C,29.49,41.72,12.23
15549,2286,A,27.1,29.49,2.39
15550,2286,K,18.16,27.1,8.93
15551,2287,L,50.97,55.33,4.36
15552,2287,S,47.08,50.97,3.89
15553,2287,M,41.67,47.08,5.41
15554,2287,C,29.41,41.67,12.27
15555,2287,A,27.01,29.41,2.4
15556,2287,K,18.19,27.01,8.82
15557,2288,L,50.98,55.35,4.37
15558,2288,S,47.06,50.98,3.92
15559,2288,M,41.63,47.06,5.43
15560,2288,C,29.33,41.63,12.3
15561,2288,A,26.93,29.33,2.4
15562,2288,K,18.21,26.93,8.71
15563,2289,L,50.98,55.37,4.39
15564,2289,S,47.03,50.98,3.95
15565,2289,M,41.59,47.03,5.45
15566,2289,C,29.24,41.59,12.34
15567,2289,A,26.84,29.24,2.4
15568,2289,K,18.24,26.84,8.6
15569,2290,L,50.98,55.39,4.4
15570,2290,S,47.01,50.98,3.97
15571,2290,M,41.54,47.01,5.47
15572,2290,C,29.16,41.54,12.38
15573,2290,A,26.76,29.16,2.4
15574,2290,K,18.27,26.76,8.49
15575,2291,L,50.99,55.41,4.42
15576,2291,S,46.99,50.99,4.0
15577,2291,M,41.5,46.99,5.49
15578,2291,C,29.09,41.5,12.42
15579,2291,A,26.68,29.09,2.41
15580,2291,K,18.3,26.68,8.38
15581,2292,L,50.99,55.43,4.44
15582,2292,S,46.97,50.99,4.02
15583,2292,M,41.46,46.97,5.51
15584,2292,C,29.01,41.46,12.46
15585,2292,A,26.6,29.01,2.41
15586,2292,K,18.33,26.6,8.27
15587,2293,L,51.0,55.45,4.45
15588,2293,S,46.95,51.0,4.05
15589,2293,M,41.43,46.95,5.52
15590,2293,C,28.93,41.43,12.5
15591,2293,A,26.52,28.93,2.41
15592,2293,K,18.36,26.52,8.16
15593,2294,L,51.0,55.47,4.47
15594,2294,S,46.93,51.0,4.07
15595,2294,M,41.39,46.93,5.54
15596,2294,C,28.85,41.39,12.54
15597,2294,A,26.44,28.85,2.42
15598,2294,K,18.39,26.44,8.05
15599,2295,L,51.01,55.49,4.48
15600,2295,S,46.91,51.01,4.1
15601,2295,M,41.35,46.91,5.56
15602,2295,C,28.78,41.35,12.57
15603,2295,A,26.36,28.78,2.42
15604,2295,K,18.42,26.36,7.94
15605,2296,L,51.02,55.52,4.5
15606,2296,S,46.9,51.02,4.12
15607,2296,M,41.32,46.9,5.58
15608,2296,C,28.7,41.32,12.61
15609,2296,A,26.28,28.7,2.42
15610,2296,K,18.45,26.28,7.83
15611,2297,L,51.03,55.54,4.51
15612,2297,S,46.88,51.03,4.15
15613,2297,M,41.28,46.88,5.6
15614,2297,C,28.63,41.28,12.65
15615,2297,A,26.2,28.63,2.43
15616,2297,K,18.48,26.2,7.72
15617,2298,L,51.04,55.56,4.53
15618,2298,S,46.86,51.04,4.17
15619,2298,M,41.25,46.86,5.61
15620,2298,C,28.56,41.25,12.69
15621,2298,A,26.13,28.56,2.43
15622,2298,K,18.51,26.13,7.61
15623,2299,L,51.05,55.59,4.54
15624,2299,S,46.85,51.05,4.2
15625,2299,M,41.22,46.85,5.63
15626,2299,C,28.49,41.22,12.73
15627,2299,A,26.05,28.49,2.43
15628,2299,K,18.55,26.05,7.51
15629,2300,L,51.06,55.61,4.56
15630,2300,S,46.84,51.06,4.22
15631,2300,M,41.19,46.84,5.65
15632,2300,C,28.42,41.19,12.77
15633,2300,A,25.98,28.42,2.44
15634,2300,K,18.58,25.98,7.4
15635,2301,L,51.07,55.64,4.57
15636,2301,S,46.82,51.07,4.24
15637,2301,M,41.16,46.82,5.66
15638,2301,C,28.35,41.16,12.81
15639,2301,A,25.9,28.35,2.44
15640,2301,K,18.61,25.9,7.29
15641,2302,L,51.08,55.66,4.58
15642,2302,S,46.81,51.08,4.27
15643,2302,M,41.13,46.81,5.68
15644,2302,C,28.28,41.13,12.85
15645,2302,A,25.83,28.28,2.45
15646,2302,K,18.65,25.83,7.19
15647,2303,L,51.09,55.69,4.6
15648,2303,S,46.8,51.09,4.29
15649,2303,M,41.11,46.8,5.69
15650,2303,C,28.21,41.11,12.89
15651,2303,A,25.76,28.21,2.45
15652,2303,K,18.68,25.76,7.08
15653,2304,L,51.1,55.71,4.61
15654,2304,S,46.79,51.1,4.32
15655,2304,M,41.08,46.79,5.71
15656,2304,C,28.15,41.08,12.93
15657,2304,A,25.69,28.15,2.46
15658,2304,K,18.72,25.69,6.97
15659,2305,L,51.12,55.74,4.63
15660,2305,S,46.78,51.12,4.34
15661,2305,M,41.06,46.78,5.72
15662,2305,C,28.08,41.06,12.97
15663,2305,A,25.62,28.08,2.46
15664,2305,K,18.75,25.62,6.87
15665,2306,L,51.13,55.77,4.64
15666,2306,S,46.77,51.13,4.36
15667,2306,M,41.03,46.77,5.74
15668,2306,C,28.02,41.03,13.01
15669,2306,A,25.55,28.02,2.46
15670,2306,K,18.79,25.55,6.77
15671,2307,L,51.14,55.8,4.65
15672,2307,S,46.76,51.14,4.38
15673,2307,M,41.01,46.76,5.75
15674,2307,C,27.96,41.01,13.06
15675,2307,A,25.49,27.96,2.47
15676,2307,K,18.82,25.49,6.66
15677,2308,L,51.16,55.83,4.67
15678,2308,S,46.75,51.16,4.41
15679,2308,M,40.99,46.75,5.76
15680,2308,C,27.89,40.99,13.1
15681,2308,A,25.42,27.89,2.47
15682,2308,K,18.86,25.42,6.56
15683,2309,L,51.18,55.85,4.68
15684,2309,S,46.74,51.18,4.43
15685,2309,M,40.97,46.74,5.78
15686,2309,C,27.83,40.97,13.14
15687,2309,A,25.36,27.83,2.48
15688,2309,K,18.9,25.36,6.46
15689,2310,L,51.19,55.88,4.69
15690,2310,S,46.74,51.19,4.45
15691,2310,M,40.95,46.74,5.79
15692,2310,C,27.78,40.95,13.18
15693,2310,A,25.29,27.78,2.48
15694,2310,K,18.93,25.29,6.36
15695,2311,L,51.21,55.91,4.7
15696,2311,S,46.73,51.21,4.48
15697,2311,M,40.93,46.73,5.8
15698,2311,C,27.72,40.93,13.22
15699,2311,A,25.23,27.72,2.49
15700,2311,K,18.97,25.23,6.26
15701,2312,L,51.23,55.94,4.72
15702,2312,S,46.73,51.23,4.5
15703,2312,M,40.92,46.73,5.81
15704,2312,C,27.66,40.92,13.26
15705,2312,A,25.17,27.66,2.49
15706,2312,K,19.01,25.17,6.16
15707,2313,L,51.25,55.97,4.73
15708,2313,S,46.73,51.25,4.52
15709,2313,M,40.9,46.73,5.82
15710,2313,C,27.61,40.9,13.3
15711,2313,A,25.11,27.61,2.49
15712,2313,K,19.05,25.11,6.06
15713,2314,L,51.26,56.0,4.74
15714,2314,S,46.72,51.26,4.54
15715,2314,M,40.89,46.72,5.83
15716,2314,C,27.55,40.89,13.34
15717,2314,A,25.05,27.55,2.5
15718,2314,K,19.09,25.05,5.97
15719,2315,L,51.28,56.03,4.75
15720,2315,S,46.72,51.28,4.56
15721,2315,M,40.88,46.72,5.84
15722,2315,C,27.5,40.88,13.38
15723,2315,A,25.0,27.5,2.5
15724,2315,K,19.13,25.0,5.87
15725,2316,L,51.3,56.07,4.76
15726,2316,S,46.72,51.3,4.58
15727,2316,M,40.86,46.72,5.85
15728,2316,C,27.45,40.86,13.42
15729,2316,A,24.94,27.45,2.51
15730,2316,K,19.16,24.94,5.78
15731,2317,L,51.32,56.1,4.77
15732,2317,S,46.72,51.32,4.61
15733,2317,M,40.85,46.72,5.86
15734,2317,C,27.4,40.85,13.46
15735,2317,A,24.89,27.4,2.51
15736,2317,K,19.2,24.89,5.68
15737,2318,L,51.35,56.13,4.78
15738,2318,S,46.72,51.35,4.63
15739,2318,M,40.85,46.72,5.87
15740,2318,C,27.35,40.85,13.5
15741,2318,A,24.84,27.35,2.51
15742,2318,K,19.24,24.84,5.59
15743,2319,L,51.37,56.16,4.8
15744,2319,S,46.72,51.37,4.65
15745,2319,M,40.84,46.72,5.88
15746,2319,C,27.3,40.84,13.54
15747,2319,A,24.78,27.3,2.52
15748,2319,K,19.28,24.78,5.5
15749,2320,L,51.39,56.2,4.81
15750,2320,S,46.72,51.39,4.67
15751,2320,M,40.83,46.72,5.89
15752,2320,C,27.26,40.83,13.57
15753,2320,A,24.73,27.26,2.52
15754,2320,K,19.32,24.73,5.41
15755,2321,L,51.41,56.23,4.82
15756,2321,S,46.72,51.41,4.69
15757,2321,M,40.83,46.72,5.9
15758,2321,C,27.21,40.83,13.61
15759,2321,A,24.69,27.21,2.53
15760,2321,K,19.36,24.69,5.32
15761,2322,L,51.44,56.26,4.83
15762,2322,S,46.73,51.44,4.71
15763,2322,M,40.82,46.73,5.91
15764,2322,C,27.17,40.82,13.65
15765,2322,A,24.64,27.17,2.53
15766,2322,K,19.4,24.64,5.24
15767,2323,L,51.46,56.3,4.84
15768,2323,S,46.73,51.46,4.73
15769,2323,M,40.82,46.73,5.91
15770,2323,C,27.13,40.82,13.69
15771,2323,A,24.59,27.13,2.53
15772,2323,K,19.44,24.59,5.15
15773,2324,L,51.49,56.33,4.85
15774,2324,S,46.74,51.49,4.75
15775,2324,M,40.82,46.74,5.92
15776,2324,C,27.09,40.82,13.73
15777,2324,A,24.55,27.09,2.54
15778,2324,K,19.48,24.55,5.07
15779,2325,L,51.51,56.36,4.85
15780,2325,S,46.74,51.51,4.77
15781,2325,M,40.81,46.74,5.93
15782,2325,C,27.05,40.81,13.77
15783,2325,A,24.51,27.05,2.54
15784,2325,K,19.52,24.51,4.98
15785,2326,L,51.54,56.4,4.86
15786,2326,S,46.75,51.54,4.79
15787,2326,M,40.82,46.75,5.93
15788,2326,C,27.01,40.82,13.81
15789,2326,A,24.47,27.01,2.54
15790,2326,K,19.56,24.47,4.9
15791,2327,L,51.56,56.43,4.87
15792,2327,S,46.76,51.56,4.81
15793,2327,M,40.82,46.76,5.94
15794,2327,C,26.97,40.82,13.84
15795,2327,A,24.43,26.97,2.55
15796,2327,K,19.6,24.43,4.82
15797,2328,L,51.59,56.47,4.88
15798,2328,S,46.76,51.59,4.83
15799,2328,M,40.82,46.76,5.94
15800,2328,C,26.94,40.82,13.88
15801,2328,A,24.39,26.94,2.55
15802,2328,K,19.65,24.39,4.74
15803,2329,L,51.62,56.5,4.89
15804,2329,S,46.77,51.62,4.84
15805,2329,M,40.82,46.77,5.95
15806,2329,C,26.9,40.82,13.92
15807,2329,A,24.35,26.9,2.55
15808,2329,K,19.69,24.35,4.67
15809,2330,L,51.64,56.54,4.9
15810,2330,S,46.78,51.64,4.86
15811,2330,M,40.83,46.78,5.95
15812,2330,C,26.87,40.83,13.96
15813,2330,A,24.32,26.87,2.55
15814,2330,K,19.73,24.32,4.59
15815,2331,L,51.67,56.58,4.9
15816,2331,S,46.79,51.67,4.88
15817,2331,M,40.83,46.79,5.96
15818,2331,C,26.84,40.83,13.99
15819,2331,A,24.28,26.84,2.56
15820,2331,K,19.77,24.28,4.52
15821,2332,L,51.7,56.61,4.91
15822,2332,S,46.8,51.7,4.9
15823,2332,M,40.84,46.8,5.96
15824,2332,C,26.81,40.84,14.03
15825,2332,A,24.25,26.81,2.56
15826,2332,K,19.81,24.25,4.44
15827,2333,L,51.72,56.64,4.92
15828,2333,S,46.8,51.72,4.92
15829,2333,M,40.84,46.8,5.96
15830,2333,C,26.77,40.84,14.07
15831,2333,A,24.21,26.77,2.56
15832,2333,K,19.85,24.21,4.36
15833,2334,L,51.74,56.66,4.93
15834,2334,S,46.8,51.74,4.93
15835,2334,M,40.84,46.8,5.97
15836,2334,C,26.73,40.84,14.1
15837,2334,A,24.17,26.73,2.56
15838,2334,K,19.89,24.17,4.28
15839,2335,L,51.76,56.69,4.93
15840,2335,S,46.81,51.76,4.95
15841,2335,M,40.84,46.81,5.97
15842,2335,C,26.7,40.84,14.14
15843,2335,A,24.13,26.7,2.56
15844,2335,K,19.93,24.13,4.2
15845,2336,L,51.78,56.72,4.94
15846,2336,S,46.81,51.78,4.97
15847,2336,M,40.84,46.81,5.97
15848,2336,C,26.67,40.84,14.17
15849,2336,A,24.1,26.67,2.57
15850,2336,K,19.97,24.1,4.13
15851,2337,L,51.8,56.75,4.94
15852,2337,S,46.82,51.8,4.99
15853,2337,M,40.84,46.82,5.97
15854,2337,C,26.63,40.84,14.21
15855,2337,A,24.07,26.63,2.57
15856,2337,K,20.01,24.07,4.06
15857,2338,L,51.82,56.77,4.95
15858,2338,S,46.82,51.82,5.0
15859,2338,M,40.85,46.82,5.98
15860,2338,C,26.6,40.85,14.24
15861,2338,A,24.04,26.6,2.57
15862,2338,K,20.05,24.04,3.98
15863,2339,L,51.85,56.8,4.96
15864,2339,S,46.83,51.85,5.02
15865,2339,M,40.85,46.83,5.98
15866,2339,C,26.57,40.85,14.28
15867,2339,A,24.01,26.57,2.57
15868,2339,K,20.09,24.01,3.91
15869,2340,L,51.87,56.83,4.96
15870,2340,S,46.83,51.87,5.04
15871,2340,M,40.86,46.83,5.98
15872,2340,C,26.55,40.86,14.31
15873,2340,A,23.98,26.55,2.57
15874,2340,K,20.13,23.98,3.85
15875,2341,L,51.89,56.86,4.97
15876,2341,S,46.84,51.89,5.05
15877,2341,M,40.86,46.84,5.98
15878,2341,C,26.52,40.86,14.34
15879,2341,A,23.95,26.52,2.57
15880,2341,K,20.17,23.95,3.78
15881,2342,L,51.92,56.89,4.97
15882,2342,S,46.85,51.92,5.07
15883,2342,M,40.87,46.85,5.98
15884,2342,C,26.49,40.87,14.38
15885,2342,A,23.93,26.49,2.57
15886,2342,K,20.21,23.93,3.71
15887,2343,R,56.92,57.02,0.1
15888,2343,L,51.94,56.92,4.97
15889,2343,S,46.86,51.94,5.08
15890,2343,M,40.88,46.86,5.98
15891,2343,C,26.47,40.88,14.41
15892,2343,A,23.9,26.47,2.57
15893,2343,K,20.25,23.9,3.65
15894,2344,R,56.94,57.06,0.11
15895,2344,L,51.96,56.94,4.98
15896,2344,S,46.87,51.96,5.1
15897,2344,M,40.89,46.87,5.98
15898,2344,C,26.45,40.89,14.44
15899,2344,A,23.88,26.45,2.57
15900,2344,K,20.29,23.88,3.59
15901,2345,R,56.97,57.09,0.12
15902,2345,L,51.99,56.97,4.98
15903,2345,S,46.88,51.99,5.11
15904,2345,M,40.9,46.88,5.97
15905,2345,C,26.43,40.9,14.47
15906,2345,A,23.86,26.43,2.57
15907,2345,K,20.33,23.86,3.53
15908,2346,R,57.0,57.13,0.13
15909,2346,L,52.02,57.0,4.99
15910,2346,S,46.89,52.02,5.13
15911,2346,M,40.91,46.89,5.97
15912,2346,C,26.41,40.91,14.51
15913,2346,A,23.84,26.41,2.57
15914,2346,K,20.37,23.84,3.48
15915,2347,R,57.03,57.17,0.14
15916,2347,L,52.04,57.03,4.99
15917,2347,S,46.9,52.04,5.14
15918,2347,M,40.93,46.9,5.97
15919,2347,C,26.39,40.93,14.54
15920,2347,A,23.83,26.39,2.56
15921,2347,K,20.41,23.83,3.42
15922,2348,R,57.06,57.21,0.15
15923,2348,L,52.07,57.06,4.99
15924,2348,S,46.91,52.07,5.16
15925,2348,M,40.94,46.91,5.97
15926,2348,C,26.37,40.94,14.57
15927,2348,A,23.81,26.37,2.56
15928,2348,K,20.44,23.81,3.37
15929,2349,R,57.09,57.24,0.16
15930,2349,L,52.09,57.09,4.99
15931,2349,S,46.92,52.09,5.17
15932,2349,M,40.96,46.92,5.96
15933,2349,C,26.36,40.96,14.6
15934,2349,A,23.8,26.36,2.56
15935,2349,K,20.48,23.8,3.32
15936,2350,R,57.12,57.28,0.16
15937,2350,L,52.12,57.12,5.0
15938,2350,S,46.93,52.12,5.19
15939,2350,M,40.97,46.93,5.96
15940,2350,C,26.35,40.97,14.63
15941,2350,A,23.79,26.35,2.56
15942,2350,K,20.52,23.79,3.27
15943,2351,R,57.15,57.32,0.17
15944,2351,L,52.15,57.15,5.0
15945,2351,S,46.95,52.15,5.2
15946,2351,M,40.99,46.95,5.96
15947,2351,C,26.33,40.99,14.66
15948,2351,A,23.78,26.33,2.56
15949,2351,K,20.56,23.78,3.22
15950,2352,R,57.18,57.36,0.18
15951,2352,L,52.18,57.18,5.0
15952,2352,S,46.96,52.18,5.21
15953,2352,M,41.01,46.96,5.95
15954,2352,C,26.32,41.01,14.68
15955,2352,A,23.77,26.32,2.55
15956,2352,K,20.59,23.77,3.17
15957,2353,R,57.21,57.4,0.19
15958,2353,L,52.2,57.21,5.0
15959,2353,S,46.97,52.2,5.23
15960,2353,M,41.02,46.97,5.95
15961,2353,C,26.31,41.02,14.71
15962,2353,A,23.76,26.31,2.55
15963,2353,K,20.63,23.76,3.13
15964,2354,R,57.24,57.43,0.2
15965,2354,L,52.23,57.24,5.0
15966,2354,S,46.99,52.23,5.24
15967,2354,M,41.04,46.99,5.95
15968,2354,C,26.3,41.04,14.74
15969,2354,A,23.76,26.3,2.55
15970,2354,K,20.67,23.76,3.09
15971,2355,R,57.26,57.47,0.21
15972,2355,L,52.26,57.26,5.0
15973,2355,S,47.0,52.26,5.26
15974,2355,M,41.06,47.0,5.94
15975,2355,C,26.3,41.06,14.77
15976,2355,A,23.75,26.3,2.54
15977,2355,K,20.7,23.75,3.05
15978,2356,R,57.29,57.51,0.21
15979,2356,L,52.29,57.29,5.01
15980,2356,S,47.02,52.29,5.27
15981,2356,M,41.08,47.02,5.94
15982,2356,C,26.29,41.08,14.79
15983,2356,A,23.75,26.29,2.54
15984,2356,K,20.74,23.75,3.01
15985,2357,R,57.32,57.55,0.22
15986,2357,L,52.32,57.32,5.01
15987,2357,S,47.04,52.32,5.28
15988,2357,M,41.11,47.04,5.93
15989,2357,C,26.29,41.11,14.82
15990,2357,A,23.75,26.29,2.54
15991,2357,K,20.75,23.75,3.0
15992,2358,R,57.35,57.58,0.23
15993,2358,L,52.35,57.35,5.01
15994,2358,S,47.05,52.35,5.29
15995,2358,M,41.13,47.05,5.92
15996,2358,C,26.28,41.13,14.85
15997,2358,A,23.75,26.28,2.53
15998,2358,K,20.75,23.75,3.0
15999,2359,R,57.38,57.62,0.24
16000,2359,L,52.38,57.38,5.01
16001,2359,S,47.07,52.38,5.31
16002,2359,M,41.15,47.07,5.92
16003,2359,C,26.28,41.15,14.87
16004,2359,A,23.75,26.28,2.53
16005,2359,K,20.75,23.75,3.0
16006,2360,R,57.41,57.66,0.25
16007,2360,L,52.41,57.41,5.01
16008,2360,S,47.09,52.41,5.32
16009,2360,M,41.18,47.09,5.91
16010,2360,C,26.28,41.18,14.9
16011,2360,A,23.76,26.28,2.52
16012,2360,K,20.76,23.76,3.0
16013,2361,R,57.44,57.69,0.25
16014,2361,L,52.44,57.44,5.0
16015,2361,S,47.11,52.44,5.33
16016,2361,M,41.2,47.11,5.91
16017,2361,C,26.28,41.2,14.92
16018,2361,A,23.77,26.28,2.51
16019,2361,K,20.77,23.77,3.0
16020,2362,R,57.47,57.73,0.26
16021,2362,L,52.47,57.47,5.0
16022,2362,S,47.12,52.47,5.34
16023,2362,M,41.23,47.12,5.9
16024,2362,C,26.28,41.23,14.94
16025,2362,A,23.77,26.28,2.51
16026,2362,K,20.77,23.77,3.0
16027,2363,R,57.5,57.77,0.27
16028,2363,L,52.5,57.5,5.0
16029,2363,S,47.14,52.5,5.36
16030,2363,M,41.25,47.14,5.89
16031,2363,C,26.28,41.25,14.97
16032,2363,A,23.78,26.28,2.5
16033,2363,K,20.78,23.78,3.0
16034,2364,R,57.53,57.8,0.28
16035,2364,L,52.53,57.53,5.0
16036,2364,S,47.16,52.53,5.37
16037,2364,M,41.28,47.16,5.88
16038,2364,C,26.29,41.28,14.99
16039,2364,A,23.79,26.29,2.5
16040,2364,K,20.79,23.79,3.0
16041,2365,R,57.56,57.84,0.28
16042,2365,L,52.56,57.56,5.0
16043,2365,S,47.18,52.56,5.38
16044,2365,M,41.3,47.18,5.88
16045,2365,C,26.29,41.3,15.01
16046,2365,A,23.81,26.29,2.49
16047,2365,K,20.81,23.81,3.0
16048,2366,R,57.59,57.88,0.29
16049,2366,L,52.59,57.59,5.0
16050,2366,S,47.2,52.59,5.39
16051,2366,M,41.33,47.2,5.87
16052,2366,C,26.3,41.33,15.03
16053,2366,A,23.82,26.3,2.48
16054,2366,K,20.82,23.82,3.0
16055,2367,R,57.62,57.91,0.3
16056,2367,L,52.62,57.62,4.99
16057,2367,S,47.22,52.62,5.4
16058,2367,M,41.36,47.22,5.86
16059,2367,C,26.31,41.36,15.05
16060,2367,A,23.83,26.31,2.47
16061,2367,K,20.83,23.83,3.0
16062,2368,R,57.65,57.95,0.3
16063,2368,L,52.65,57.65,4.99
16064,2368,S,47.24,52.65,5.41
16065,2368,M,41.39,47.24,5.85
16066,2368,C,26.32,41.39,15.07
16067,2368,A,23.85,26.32,2.47
16068,2368,K,20.85,23.85,3.0
16069,2369,R,57.67,57.98,0.31
16070,2369,L,52.69,57.67,4.99
16071,2369,S,47.26,52.69,5.42
16072,2369,M,41.42,47.26,5.84
16073,2369,C,26.33,41.42,15.09
16074,2369,A,23.87,26.33,2.46
16075,2369,K,20.87,23.87,3.0
16076,2370,R,57.7,58.02,0.32
16077,2370,L,52.72,57.7,4.99
16078,2370,S,47.28,52.72,5.43
16079,2370,M,41.45,47.28,5.83
16080,2370,C,26.34,41.45,15.11
16081,2370,A,23.89,26.34,2.45
16082,2370,K,20.89,23.89,3.0
16083,2371,R,57.73,58.05,0.32
16084,2371,L,52.75,57.73,4.98
16085,2371,S,47.3,52.75,5.45
16086,2371,M,41.48,47.3,5.83
16087,2371,C,26.35,41.48,15.13
16088,2371,A,23.91,26.35,2.44
16089,2371,K,20.91,23.91,3.0
16090,2372,R,57.76,58.09,0.33
16091,2372,L,52.78,57.76,4.98
16092,2372,S,47.33,52.78,5.46
16093,2372,M,41.51,47.33,5.82
16094,2372,C,26.36,41.51,15.15
16095,2372,A,23.93,26.36,2.43
16096,2372,K,20.93,23.93,3.0
16097,2373,R,57.79,58.12,0.34
16098,2373,L,52.81,57.79,4.97
16099,2373,S,47.35,52.81,5.47
16100,2373,M,41.54,47.35,5.81
16101,2373,C,26.38,41.54,15.16
16102,2373,A,23.96,26.38,2.42
16103,2373,K,20.96,23.96,3.0
16104,2374,R,57.82,58.16,0.34
16105,2374,L,52.85,57.82,4.97
16106,2374,S,47.37,52.85,5.48
16107,2374,M,41.57,47.37,5.8
16108,2374,C,26.39,41.57,15.18
16109,2374,A,23.98,26.39,2.41
16110,2374,K,20.98,23.98,3.0
16111,2375,R,57.84,58.19,0.35
16112,2375,L,52.88,57.84,4.97
16113,2375,S,47.39,52.88,5.49
16114,2375,M,41.61,47.39,5.79
16115,2375,C,26.41,41.61,15.2
16116,2375,A,24.01,26.41,2.4
16117,2375,K,21.01,24.01,3.0
16118,2376,R,57.87,58.23,0.35
16119,2376,L,52.91,57.87,4.96
16120,2376,S,47.41,52.91,5.5
16121,2376,M,41.64,47.41,5.78
16122,2376,C,26.42,41.64,15.21
16123,2376,A,24.04,26.42,2.39
16124,2376,K,21.04,24.04,3.0
16125,2377,R,57.9,58.26,0.36
16126,2377,L,52.94,57.9,4.96
16127,2377,S,47.44,52.94,5.51
16128,2377,M,41.67,47.44,5.77
16129,2377,C,26.44,41.67,15.23
16130,2377,A,24.07,26.44,2.38
16131,2377,K,21.07,24.07,3.0
16132,2378,R,57.93,58.29,0.37
16133,2378,L,52.98,57.93,4.95
16134,2378,S,47.46,52.98,5.52
16135,2378,M,41.7,47.46,5.76
16136,2378,C,26.46,41.7,15.24
16137,2378,A,24.1,26.46,2.36
16138,2378,K,21.1,24.1,3.0
16139,2379,R,57.95,58.33,0.37
16140,2379,L,53.01,57.95,4.95
16141,2379,S,47.48,53.01,5.53
16142,2379,M,41.74,47.48,5.75
16143,2379,C,26.48,41.74,15.26
16144,2379,A,24.13,26.48,2.35
16145,2379,K,21.13,24.13,3.0
16146,2380,R,57.98,58.36,0.38
16147,2380,L,53.04,57.98,4.94
16148,2380,S,47.51,53.04,5.54
16149,2380,M,41.77,47.51,5.73
16150,2380,C,26.5,41.77,15.27
16151,2380,A,24.16,26.5,2.34
16152,2380,K,21.16,24.16,3.0
16153,2381,R,58.01,58.39,0.38
16154,2381,L,53.07,58.01,4.93
16155,2381,S,47.53,53.07,5.55
16156,2381,M,41.8,47.53,5.72
16157,2381,C,26.52,41.8,15.28
16158,2381,A,24.2,26.52,2.33
16159,2381,K,21.2,24.2,3.0
16160,2382,R,58.03,58.42,0.39
16161,2382,L,53.11,58.03,4.93
16162,2382,S,47.55,53.11,5.56
16163,2382,M,41.84,47.55,5.71
16164,2382,C,26.55,41.84,15.29
16165,2382,A,24.23,26.55,2.31
16166,2382,K,21.23,24.23,3.0
16167,2383,R,58.06,58.45,0.39
16168,2383,L,53.14,58.06,4.92
16169,2383,S,47.58,53.14,5.56
16170,2383,M,41.87,47.58,5.7
16171,2383,C,26.57,41.87,15.3
16172,2383,A,24.27,26.57,2.3
16173,2383,K,21.27,24.27,3.0
16174,2384,R,58.09,58.49,0.4
16175,2384,L,53.17,58.09,4.91
16176,2384,S,47.6,53.17,5.57
16177,2384,M,41.91,47.6,5.69
16178,2384,C,26.59,41.91,15.32
16179,2384,A,24.31,26.59,2.29
16180,2384,K,21.31,24.31,3.0
16181,2385,R,58.11,58.52,0.4
16182,2385,L,53.21,58.11,4.91
16183,2385,S,47.62,53.21,5.58
16184,2385,M,41.94,47.62,5.68
16185,2385,C,26.62,41.94,15.33
16186,2385,A,24.35,26.62,2.27
16187,2385,K,21.35,24.35,3.0
16188,2386,R,58.14,58.55,0.41
16189,2386,L,53.24,58.14,4.9
16190,2386,S,47.65,53.24,5.59
16191,2386,M,41.98,47.65,5.67
16192,2386,C,26.64,41.98,15.34
16193,2386,A,24.39,26.64,2.26
16194,2386,K,21.39,24.39,3.0
16195,2387,R,58.16,58.58,0.41
16196,2387,L,53.27,58.16,4.89
16197,2387,S,47.67,53.27,5.6
16198,2387,M,42.01,47.67,5.66
16199,2387,C,26.67,42.01,15.34
16200,2387,A,24.43,26.67,2.24
16201,2387,K,21.43,24.43,3.0
16202,2388,R,58.19,58.61,0.42
16203,2388,L,53.3,58.19,4.89
16204,2388,S,47.69,53.3,5.61
16205,2388,M,42.05,47.69,5.65
16206,2388,C,26.69,42.05,15.35
16207,2388,A,24.47,26.69,2.23
16208,2388,K,21.47,24.47,3.0
16209,2389,R,58.21,58.64,0.42
16210,2389,L,53.34,58.21,4.88
16211,2389,S,47.72,53.34,5.62
16212,2389,M,42.08,47.72,5.63
16213,2389,C,26.72,42.08,15.36
16214,2389,A,24.51,26.72,2.21
16215,2389,K,21.51,24.51,3.0
16216,2390,R,58.24,58.67,0.43
16217,2390,L,53.37,58.24,4.87
16218,2390,S,47.74,53.37,5.63
16219,2390,M,42.12,47.74,5.62
16220,2390,C,26.75,42.12,15.37
16221,2390,A,24.56,26.75,2.19
16222,2390,K,21.56,24.56,3.0
16223,2391,R,58.26,58.69,0.43
16224,2391,L,53.4,58.26,4.86
16225,2391,S,47.76,53.4,5.64
16226,2391,M,42.15,47.76,5.61
16227,2391,C,26.78,42.15,15.37
16228,2391,A,24.6,26.78,2.18
16229,2391,K,21.6,24.6,3.0
16230,2392,R,58.29,58.72,0.44
16231,2392,L,53.43,58.29,4.85
16232,2392,S,47.79,53.43,5.65
16233,2392,M,42.19,47.79,5.6
16234,2392,C,26.81,42.19,15.38
16235,2392,A,24.65,26.81,2.16
16236,2392,K,21.65,24.65,3.0
16237,2393,R,58.31,58.75,0.44
16238,2393,L,53.46,58.31,4.85
16239,2393,S,47.81,53.46,5.66
16240,2393,M,42.22,47.81,5.59
16241,2393,C,26.84,42.22,15.39
16242,2393,A,24.69,26.84,2.14
16243,2393,K,21.67,24.69,3.03
16244,2394,R,58.33,58.78,0.44
16245,2394,L,53.5,58.33,4.84
16246,2394,S,47.83,53.5,5.66
16247,2394,M,42.26,47.83,5.57
16248,2394,C,26.87,42.26,15.39
16249,2394,A,24.74,26.87,2.13
16250,2394,K,21.68,24.74,3.06
16251,2395,R,58.36,58.8,0.45
16252,2395,L,53.53,58.36,4.83
16253,2395,S,47.86,53.53,5.67
16254,2395,M,42.29,47.86,5.56
16255,2395,C,26.9,42.29,15.39
16256,2395,A,24.79,26.9,2.11
16257,2395,K,21.69,24.79,3.1
16258,2396,R,58.38,58.83,0.45
16259,2396,L,53.56,58.38,4.82
16260,2396,S,47.88,53.56,5.68
16261,2396,M,42.33,47.88,5.55
16262,2396,C,26.93,42.33,15.4
16263,2396,A,24.84,26.93,2.09
16264,2396,K,21.7,24.84,3.14
16265,2397,R,58.4,58.86,0.45
16266,2397,L,53.59,58.4,4.81
16267,2397,S,47.9,53.59,5.69
16268,2397,M,42.36,47.9,5.54
16269,2397,C,26.96,42.36,15.4
16270,2397,A,24.89,26.96,2.07
16271,2397,K,21.71,24.89,3.18
16272,2398,R,58.42,58.88,0.46
16273,2398,L,53.62,58.42,4.8
16274,2398,S,47.92,53.62,5.7
16275,2398,M,42.4,47.92,5.53
16276,2398,C,26.99,42.4,15.4
16277,2398,A,24.94,26.99,2.05
16278,2398,K,21.72,24.94,3.22
16279,2399,R,58.44,58.91,0.46
16280,2399,L,53.65,58.44,4.79
16281,2399,S,47.95,53.65,5.71
16282,2399,M,42.43,47.95,5.52
16283,2399,C,27.02,42.43,15.41
16284,2399,A,24.99,27.02,2.03
16285,2399,K,21.73,24.99,3.26
16286,2400,R,58.47,58.93,0.46
16287,2400,L,53.69,58.47,4.78
16288,2400,S,47.97,53.69,5.72
16289,2400,M,42.46,47.97,5.5
16290,2400,C,27.06,42.46,15.41
16291,2400,A,25.04,27.06,2.01
16292,2400,K,21.74,25.04,3.31
16293,2401,R,58.49,58.95,0.47
16294,2401,L,53.72,58.49,4.77
16295,2401,S,47.99,53.72,5.73
16296,2401,M,42.5,47.99,5.49
16297,2401,C,27.09,42.5,15.41
16298,2401,A,25.1,27.09,1.99
16299,2401,K,21.74,25.1,3.35
16300,2402,R,58.51,58.98,0.47
16301,2402,L,53.75,58.51,4.76
16302,2402,S,48.01,53.75,5.74
16303,2402,M,42.53,48.01,5.48
16304,2402,C,27.12,42.53,15.41
16305,2402,A,25.15,27.12,1.97
16306,2402,K,21.75,25.15,3.4
16307,2403,R,58.53,59.0,0.47
16308,2403,L,53.78,58.53,4.75
16309,2403,S,48.03,53.78,5.74
16310,2403,M,42.56,48.03,5.47
16311,2403,C,27.16,42.56,15.41
16312,2403,A,25.2,27.16,1.95
16313,2403,K,21.76,25.2,3.45
16314,2404,R,58.55,59.02,0.48
16315,2404,L,53.81,58.55,4.74
16316,2404,S,48.05,53.81,5.75
16317,2404,M,42.6,48.05,5.46
16318,2404,C,27.19,42.6,15.41
16319,2404,A,25.26,27.19,1.93
16320,2404,K,21.76,25.26,3.5
16321,2405,R,58.57,59.04,0.48
16322,2405,L,53.84,58.57,4.73
16323,2405,S,48.08,53.84,5.76
16324,2405,M,42.63,48.08,5.45
16325,2405,C,27.22,42.63,15.41
16326,2405,A,25.31,27.22,1.91
16327,2405,K,21.76,25.31,3.55
16328,2406,R,58.59,59.07,0.48
16329,2406,L,53.87,58.59,4.72
16330,2406,S,48.1,53.87,5.77
16331,2406,M,42.66,48.1,5.44
16332,2406,C,27.26,42.66,15.4
16333,2406,A,25.37,27.26,1.89
16334,2406,K,21.77,25.37,3.6
16335,2407,R,58.6,59.09,0.48
16336,2407,L,53.9,58.6,4.71
16337,2407,S,48.12,53.9,5.78
16338,2407,M,42.69,48.12,5.42
16339,2407,C,27.29,42.69,15.4
16340,2407,A,25.42,27.29,1.87
16341,2407,K,21.77,25.42,3.65
16342,2408,R,58.62,59.11,0.49
16343,2408,L,53.93,58.62,4.7
16344,2408,S,48.14,53.93,5.79
16345,2408,M,42.72,48.14,5.41
16346,2408,C,27.32,42.72,15.4
16347,2408,A,25.48,27.32,1.85
16348,2408,K,21.77,25.48,3.71
16349,2409,R,58.64,59.13,0.49
16350,2409,L,53.95,58.64,4.69
16351,2409,S,48.16,53.95,5.8
16352,2409,M,42.75,48.16,5.4
16353,2409,C,27.36,42.75,15.4
16354,2409,A,25.54,27.36,1.82
16355,2409,K,21.77,25.54,3.76
16356,2410,R,58.66,59.15,0.49
16357,2410,L,53.98,58.66,4.67
16358,2410,S,48.18,53.98,5.81
16359,2410,M,42.78,48.18,5.39
16360,2410,C,27.39,42.78,15.39
16361,2410,A,25.59,27.39,1.8
16362,2410,K,21.77,25.59,3.82
16363,2411,R,58.67,59.17,0.49
16364,2411,L,54.01,58.67,4.66
16365,2411,S,48.19,54.01,5.82
16366,2411,M,42.81,48.19,5.38
16367,2411,C,27.43,42.81,15.39
16368,2411,A,25.65,27.43,1.78
16369,2411,K,21.77,25.65,3.88
16370,2412,R,58.69,59.18,0.49
16371,2412,L,54.04,58.69,4.65
16372,2412,S,48.21,54.04,5.83
16373,2412,M,42.84,48.21,5.37
16374,2412,C,27.46,42.84,15.38
16375,2412,A,25.71,27.46,1.75
16376,2412,K,21.77,25.71,3.94
16377,2413,R,58.71,59.2,0.5
16378,2413,L,54.07,58.71,4.64
16379,2413,S,48.23,54.07,5.84
16380,2413,M,42.87,48.23,5.36
16381,2413,C,27.49,42.87,15.38
16382,2413,A,25.76,27.49,1.73
16383,2413,K,21.76,25.76,4.0
16384,2414,R,58.72,59.22,0.5
16385,2414,L,54.09,58.72,4.63
16386,2414,S,48.25,54.09,5.84
16387,2414,M,42.9,48.25,5.35
16388,2414,C,27.53,42.9,15.37
16389,2414,A,25.82,27.53,1.71
16390,2414,K,21.76,25.82,4.06
16391,2415,R,58.74,59.24,0.5
16392,2415,L,54.12,58.74,4.62
16393,2415,S,48.27,54.12,5.85
16394,2415,M,42.93,48.27,5.34
16395,2415,C,27.56,42.93,15.36
16396,2415,A,25.88,27.56,1.68
16397,2415,K,21.76,25.88,4.12
16398,2416,R,58.75,59.25,0.5
16399,2416,L,54.15,58.75,4.61
16400,2416,S,48.28,54.15,5.86
16401,2416,M,42.95,48.28,5.33
16402,2416,C,27.6,42.95,15.36
16403,2416,A,25.94,27.6,1.66
16404,2416,K,21.75,25.94,4.18
16405,2417,R,58.77,59.27,0.5
16406,2417,L,54.17,58.77,4.59
16407,2417,S,48.3,54.17,5.87
16408,2417,M,42.98,48.3,5.32
16409,2417,C,27.63,42.98,15.35
16410,2417,A,25.99,27.63,1.63
16411,2417,K,21.75,25.99,4.25
16412,2418,R,58.78,59.28,0.5
16413,2418,L,54.2,58.78,4.58
16414,2418,S,48.32,54.2,5.88
16415,2418,M,43.0,48.32,5.31
16416,2418,C,27.66,43.0,15.34
16417,2418,A,26.05,27.66,1.61
16418,2418,K,21.74,26.05,4.31
16419,2419,R,58.79,59.3,0.5
16420,2419,L,54.22,58.79,4.57
16421,2419,S,48.33,54.22,5.89
16422,2419,M,43.03,48.33,5.3
16423,2419,C,27.69,43.03,15.33
16424,2419,A,26.11,27.69,1.59
16425,2419,K,21.73,26.11,4.38
16426,2420,R,58.81,59.31,0.5
16427,2420,L,54.25,58.81,4.56
16428,2420,S,48.35,54.25,5.9
16429,2420,M,43.05,48.35,5.29
16430,2420,C,27.73,43.05,15.33
16431,2420,A,26.17,27.73,1.56
16432,2420,K,21.73,26.17,4.44
16433,2421,R,58.82,59.32,0.51
16434,2421,L,54.27,58.82,4.54
16435,2421,S,48.36,54.27,5.91
16436,2421,M,43.08,48.36,5.28
16437,2421,C,27.76,43.08,15.32
16438,2421,A,26.22,27.76,1.53
16439,2421,K,21.72,26.22,4.51
16440,2422,R,58.83,59.34,0.51
16441,2422,L,54.3,58.83,4.53
16442,2422,S,48.37,54.3,5.92
16443,2422,M,43.1,48.37,5.28
16444,2422,C,27.79,43.1,15.31
16445,2422,A,26.28,27.79,1.51
16446,2422,K,21.71,26.28,4.58
16447,2423,R,58.84,59.35,0.51
16448,2423,L,54.32,58.84,4.52
16449,2423,S,48.39,54.32,5.93
16450,2423,M,43.12,48.39,5.27
16451,2423,C,27.82,43.12,15.3
16452,2423,A,26.34,27.82,1.48
16453,2423,K,21.7,26.34,4.64
16454,2424,R,58.85,59.36,0.51
16455,2424,L,54.35,58.85,4.51
16456,2424,S,48.4,54.35,5.94
16457,2424,M,43.14,48.4,5.26
16458,2424,C,27.85,43.14,15.29
16459,2424,A,26.4,27.85,1.46
16460,2424,K,21.69,26.4,4.71
16461,2425,R,58.86,59.37,0.51
16462,2425,L,54.37,58.86,4.49
16463,2425,S,48.41,54.37,5.96
16464,2425,M,43.16,48.41,5.25
16465,2425,C,27.88,43.16,15.28
16466,2425,A,26.45,27.88,1.43
16467,2425,K,21.67,26.45,4.78
16468,2426,R,58.87,59.38,0.51
16469,2426,L,54.39,58.87,4.48
16470,2426,S,48.42,54.39,5.97
16471,2426,M,43.18,48.42,5.24
16472,2426,C,27.92,43.18,15.27
16473,2426,A,26.51,27.92,1.41
16474,2426,K,21.66,26.51,4.85
16475,2427,R,58.88,59.39,0.51
16476,2427,L,54.41,58.88,4.47
16477,2427,S,48.44,54.41,5.98
16478,2427,M,43.2,48.44,5.24
16479,2427,C,27.94,43.2,15.25
16480,2427,A,26.57,27.94,1.38
16481,2427,K,21.65,26.57,4.92
16482,2428,R,58.89,59.4,0.51
16483,2428,L,54.44,58.89,4.46
16484,2428,S,48.45,54.44,5.99
16485,2428,M,43.22,48.45,5.23
16486,2428,C,27.97,43.22,15.24
16487,2428,A,26.62,27.97,1.35
16488,2428,K,21.64,26.62,4.99
16489,2429,R,58.9,59.41,0.51
16490,2429,L,54.46,58.9,4.44
16491,2429,S,48.46,54.46,6.0
16492,2429,M,43.23,48.46,5.22
16493,2429,C,28.0,43.23,15.23
16494,2429,A,26.68,28.0,1.33
16495,2429,K,21.62,26.68,5.06
16496,2430,R,58.91,59.42,0.51
16497,2430,L,54.48,58.91,4.43
16498,2430,S,48.47,54.48,6.01
16499,2430,M,43.25,48.47,5.22
16500,2430,C,28.03,43.25,15.22
16501,2430,A,26.73,28.03,1.3
16502,2430,K,21.61,26.73,5.13
16503,2431,R,58.92,59.43,0.51
16504,2431,L,54.5,58.92,4.42
16505,2431,S,48.47,54.5,6.02
16506,2431,M,43.26,48.47,5.21
16507,2431,C,28.06,43.26,15.2
16508,2431,A,26.79,28.06,1.27
16509,2431,K,21.59,26.79,5.2
16510,2432,R,58.92,59.43,0.51
16511,2432,L,54.52,58.92,4.41
16512,2432,S,48.48,54.52,6.03
16513,2432,M,43.28,48.48,5.21
16514,2432,C,28.09,43.28,15.19
16515,2432,A,26.84,28.09,1.24
16516,2432,K,21.57,26.84,5.27
16517,2433,R,58.93,59.44,0.51
16518,2433,L,54.54,58.93,4.39
16519,2433,S,48.49,54.54,6.05
16520,2433,M,43.29,48.49,5.2
16521,2433,C,28.11,43.29,15.18
16522,2433,A,26.89,28.11,1.22
16523,2433,K,21.56,26.89,5.34
16524,2434,R,58.94,59.45,0.51
16525,2434,L,54.56,58.94,4.38
16526,2434,S,48.5,54.56,6.06
16527,2434,M,43.3,48.5,5.2
16528,2434,C,28.14,43.3,15.16
16529,2434,A,26.95,28.14,1.19
16530,2434,K,21.54,26.95,5.41
16531,2435,R,58.94,59.45,0.51
16532,2435,L,54.57,58.94,4.37
16533,2435,S,48.5,54.57,6.07
16534,2435,M,43.31,48.5,5.19
16535,2435,C,28.16,43.31,15.15
16536,2435,A,27.0,28.16,1.16
16537,2435,K,21.52,27.0,5.48
16538,2436,R,58.95,59.46,0.51
16539,2436,L,54.59,58.95,4.36
16540,2436,S,48.51,54.59,6.08
16541,2436,M,43.32,48.51,5.19
16542,2436,C,28.19,43.32,15.14
16543,2436,A,27.05,28.19,1.13
16544,2436,K,21.5,27.05,5.55
16545,2437,R,58.95,59.46,0.51
16546,2437,L,54.61,58.95,4.34
16547,2437,S,48.51,54.61,6.1
16548,2437,M,43.33,48.51,5.18
16549,2437,C,28.21,43.33,15.12
16550,2437,A,27.1,28.21,1.11
16551,2437,K,21.48,27.1,5.62
16552,2438,R,58.96,59.47,0.51
16553,2438,L,54.63,58.96,4.33
16554,2438,S,48.52,54.63,6.11
16555,2438,M,43.34,48.52,5.18
16556,2438,C,28.23,43.34,15.11
16557,2438,A,27.15,28.23,1.08
16558,2438,K,21.46,27.15,5.69
16559,2439,R,58.96,59.47,0.51
16560,2439,L,54.64,58.96,4.32
16561,2439,S,48.52,54.64,6.12
16562,2439,M,43.34,48.52,5.18
16563,2439,C,28.25,43.34,15.09
16564,2439,A,27.2,28.25,1.05
16565,2439,K,21.44,27.2,5.76
16566,2440,R,58.96,59.47,0.51
16567,2440,L,54.66,58.96,4.3
16568,2440,S,48.52,54.66,6.14
16569,2440,M,43.35,48.52,5.17
16570,2440,C,28.27,43.35,15.08
16571,2440,A,27.25,28.27,1.02
16572,2440,K,21.42,27.25,5.83
16573,2441,R,58.97,59.47,0.51
16574,2441,L,54.67,58.97,4.29
16575,2441,S,48.52,54.67,6.15
16576,2441,M,43.35,48.52,5.17
16577,2441,C,28.29,43.35,15.06
16578,2441,A,27.3,28.29,1.0
16579,2441,K,21.4,27.3,5.9
16580,2442,R,58.97,59.48,0.51
16581,2442,L,54.69,58.97,4.28
16582,2442,S,48.53,54.69,6.16
16583,2442,M,43.36,48.53,5.17
16584,2442,C,28.31,43.36,15.04
16585,2442,A,27.35,28.31,0.97
16586,2442,K,21.37,27.35,5.97
16587,2443,R,58.97,59.48,0.51
16588,2443,L,54.7,58.97,4.27
16589,2443,S,48.53,54.7,6.18
16590,2443,M,43.36,48.53,5.17
16591,2443,C,28.33,43.36,15.03
16592,2443,A,27.39,28.33,0.94
16593,2443,K,21.35,27.39,6.04
16594,2444,R,58.97,59.48,0.51
16595,2444,L,54.72,58.97,4.25
16596,2444,S,48.53,54.72,6.19
16597,2444,M,43.36,48.53,5.17
16598,2444,C,28.35,43.36,15.01
16599,2444,A,27.44,28.35,0.91
16600,2444,K,21.32,27.44,6.11
16601,2445,R,58.97,59.48,0.51
16602,2445,L,54.73,58.97,4.24
16603,2445,S,48.52,54.73,6.21
16604,2445,M,43.36,48.52,5.17
16605,2445,C,28.36,43.36,14.99
16606,2445,A,27.48,28.36,0.88
16607,2445,K,21.3,27.48,6.18
16608,2446,R,58.97,59.48,0.51
16609,2446,L,54.74,58.97,4.23
16610,2446,S,48.52,54.74,6.22
16611,2446,M,43.36,48.52,5.16
16612,2446,C,28.38,43.36,14.98
16613,2446,A,27.52,28.38,0.86
16614,2446,K,21.28,27.52,6.25
16615,2447,R,58.97,59.48,0.51
16616,2447,L,54.75,58.97,4.22
16617,2447,S,48.52,54.75,6.23
16618,2447,M,43.35,48.52,5.16
16619,2447,C,28.39,43.35,14.96
16620,2447,A,27.57,28.39,0.83
16621,2447,K,21.25,27.57,6.32
16622,2448,R,58.97,59.48,0.51
16623,2448,L,54.77,58.97,4.2
16624,2448,S,48.52,54.77,6.25
16625,2448,M,43.35,48.52,5.17
16626,2448,C,28.41,43.35,14.94
16627,2448,A,27.61,28.41,0.8
16628,2448,K,21.22,27.61,6.38
16629,2449,R,58.97,59.47,0.51
16630,2449,L,54.78,58.97,4.19
16631,2449,S,48.51,54.78,6.27
16632,2449,M,43.35,48.51,5.17
16633,2449,C,28.42,43.35,14.93
16634,2449,A,27.65,28.42,0.77
16635,2449,K,21.2,27.65,6.45
16636,2450,R,58.97,59.47,0.5
16637,2450,L,54.79,58.97,4.18
16638,2450,S,48.51,54.79,6.28
16639,2450,M,43.34,48.51,5.17
16640,2450,C,28.43,43.34,14.91
16641,2450,A,27.69,28.43,0.74
16642,2450,K,21.17,27.69,6.52
16643,2451,R,58.97,59.47,0.5
16644,2451,L,54.8,58.97,4.17
16645,2451,S,48.5,54.8,6.3
16646,2451,M,43.33,48.5,5.17
16647,2451,C,28.44,43.33,14.89
16648,2451,A,27.72,28.44,0.72
16649,2451,K,21.14,27.72,6.58
16650,2452,R,58.96,59.47,0.5
16651,2452,L,54.81,58.96,4.16
16652,2452,S,48.49,54.81,6.31
16653,2452,M,43.32,48.49,5.17
16654,2452,C,28.45,43.32,14.87
16655,2452,A,27.76,28.45,0.69
16656,2452,K,21.11,27.76,6.65
16657,2453,R,58.96,59.46,0.5
16658,2453,L,54.82,58.96,4.14
16659,2453,S,48.49,54.82,6.33
16660,2453,M,43.31,48.49,5.17
16661,2453,C,28.46,43.31,14.86
16662,2453,A,27.8,28.46,0.66
16663,2453,K,21.09,27.8,6.71
16664,2454,R,58.96,59.46,0.5
16665,2454,L,54.82,58.96,4.13
16666,2454,S,48.48,54.82,6.34
16667,2454,M,43.3,48.48,5.18
16668,2454,C,28.46,43.3,14.84
16669,2454,A,27.83,28.46,0.63
16670,2454,K,21.06,27.83,6.77
16671,2455,R,58.95,59.45,0.5
16672,2455,L,54.83,58.95,4.12
16673,2455,S,48.47,54.83,6.36
16674,2455,M,43.29,48.47,5.18
16675,2455,C,28.47,43.29,14.82
16676,2455,A,27.86,28.47,0.6
16677,2455,K,21.03,27.86,6.83
16678,2456,R,58.95,59.45,0.5
16679,2456,L,54.84,58.95,4.11
16680,2456,S,48.46,54.84,6.38
16681,2456,M,43.27,48.46,5.19
16682,2456,C,28.47,43.27,14.8
16683,2456,A,27.89,28.47,0.58
16684,2456,K,21.0,27.89,6.9
16685,2457,R,58.94,59.44,0.5
16686,2457,L,54.84,58.94,4.1
16687,2457,S,48.45,54.84,6.4
16688,2457,M,43.26,48.45,5.19
16689,2457,C,28.47,43.26,14.79
16690,2457,A,27.92,28.47,0.55
16691,2457,K,20.97,27.92,6.96
16692,2458,R,58.94,59.44,0.5
16693,2458,L,54.85,58.94,4.09
16694,2458,S,48.44,54.85,6.41
16695,2458,M,43.24,48.44,5.19
16696,2458,C,28.48,43.24,14.77
16697,2458,A,27.95,28.48,0.52
16698,2458,K,20.94,27.95,7.02
16699,2459,R,58.93,59.43,0.5
16700,2459,L,54.86,58.93,4.07
16701,2459,S,48.43,54.86,6.43
16702,2459,M,43.22,48.43,5.2
16703,2459,C,28.48,43.22,14.75
16704,2459,A,27.98,28.48,0.49
16705,2459,K,20.91,27.98,7.07
16706,2460,R,58.92,59.42,0.5
16707,2460,L,54.86,58.92,4.06
16708,2460,S,48.41,54.86,6.45
16709,2460,M,43.21,48.41,5.21
16710,2460,C,28.47,43.21,14.73
16711,2460,A,28.01,28.47,0.47
16712,2460,K,20.88,28.01,7.13
16713,2461,R,58.92,59.41,0.5
16714,2461,L,54.87,58.92,4.05
16715,2461,S,48.4,54.87,6.47
16716,2461,M,43.19,48.4,5.21
16717,2461,C,28.47,43.19,14.71
16718,2461,A,28.03,28.47,0.44
16719,2461,K,20.84,28.03,7.19
16720,2462,R,58.91,59.41,0.5
16721,2462,L,54.87,58.91,4.04
16722,2462,S,48.38,54.87,6.49
16723,2462,M,43.16,48.38,5.22
16724,2462,C,28.47,43.16,14.69
16725,2462,A,28.05,28.47,0.41
16726,2462,K,20.81,28.05,7.24
16727,2463,R,58.9,59.4,0.5
16728,2463,L,54.87,58.9,4.03
16729,2463,S,48.37,54.87,6.5
16730,2463,M,43.14,48.37,5.23
16731,2463,C,28.46,43.14,14.68
16732,2463,A,28.08,28.46,0.39
16733,2463,K,20.78,28.08,7.3
16734,2464,R,58.89,59.39,0.5
16735,2464,L,54.88,58.89,4.02
16736,2464,S,48.35,54.88,6.52
16737,2464,M,43.12,48.35,5.24
16738,2464,C,28.46,43.12,14.66
16739,2464,A,28.1,28.46,0.36
16740,2464,K,20.75,28.1,7.35
16741,2465,R,58.88,59.38,0.5
16742,2465,L,54.88,58.88,4.01
16743,2465,S,48.33,54.88,6.54
16744,2465,M,43.09,48.33,5.24
16745,2465,C,28.45,43.09,14.64
16746,2465,A,28.12,28.45,0.33
16747,2465,K,20.72,28.12,7.4
16748,2466,R,58.88,59.37,0.5
16749,2466,L,54.88,58.88,4.0
16750,2466,S,48.32,54.88,6.56
16751,2466,M,43.06,48.32,5.25
16752,2466,C,28.44,43.06,14.62
16753,2466,A,28.13,28.44,0.31
16754,2466,K,20.68,28.13,7.45
16755,2467,R,58.87,59.36,0.49
16756,2467,L,54.88,58.87,3.99
16757,2467,S,48.3,54.88,6.58
16758,2467,M,43.04,48.3,5.26
16759,2467,C,28.43,43.04,14.6
16760,2467,A,28.15,28.43,0.28
16761,2467,K,20.65,28.15,7.5
16762,2468,R,58.86,59.35,0.49
16763,2468,L,54.88,58.86,3.98
16764,2468,S,48.28,54.88,6.6
16765,2468,M,43.01,48.28,5.27
16766,2468,C,28.42,43.01,14.59
16767,2468,A,28.16,28.42,0.26
16768,2468,K,20.62,28.16,7.55
16769,2469,R,58.84,59.34,0.49
16770,2469,L,54.88,58.84,3.96
16771,2469,S,48.26,54.88,6.62
16772,2469,M,42.97,48.26,5.28
16773,2469,C,28.41,42.97,14.57
16774,2469,A,28.17,28.41,0.23
16775,2469,K,20.58,28.17,7.59
16776,2470,R,58.83,59.33,0.49
16777,2470,L,54.88,58.83,3.95
16778,2470,S,48.24,54.88,6.64
16779,2470,M,42.94,48.24,5.29
16780,2470,C,28.39,42.94,14.55
16781,2470,A,28.19,28.39,0.21
16782,2470,K,20.55,28.19,7.64
16783,2471,R,58.82,59.32,0.49
16784,2471,L,54.88,58.82,3.94
16785,2471,S,48.21,54.88,6.66
16786,2471,M,42.91,48.21,5.31
16787,2471,C,28.38,42.91,14.53
16788,2471,A,28.19,28.38,0.18
16789,2471,K,20.51,28.19,7.68
16790,2472,R,58.81,59.3,0.49
16791,2472,L,54.88,58.81,3.93
16792,2472,S,48.19,54.88,6.68
16793,2472,M,42.87,48.19,5.32
16794,2472,C,28.36,42.87,14.52
16795,2472,A,28.2,28.36,0.16
16796,2472,K,20.48,28.2,7.72
16797,2473,R,58.8,59.29,0.49
16798,2473,L,54.87,58.8,3.93
16799,2473,S,48.17,54.87,6.71
16800,2473,M,42.84,48.17,5.33
16801,2473,C,28.34,42.84,14.5
16802,2473,A,28.21,28.34,0.13
16803,2473,K,20.45,28.21,7.76
16804,2474,R,58.79,59.28,0.49
16805,2474,L,54.87,58.79,3.92
16806,2474,S,48.14,54.87,6.73
16807,2474,M,42.8,48.14,5.34
16808,2474,C,28.32,42.8,14.48
16809,2474,A,28.21,28.32,0.11
16810,2474,K,20.41,28.21,7.8
16811,2475,R,58.77,59.27,0.49
16812,2475,L,54.87,58.77,3.91
16813,2475,S,48.12,54.87,6.75
16814,2475,M,42.76,48.12,5.36
16815,2475,C,28.3,42.76,14.46
16816,2475,K,20.38,28.21,7.84
16817,2476,R,58.76,59.25,0.49
16818,2476,L,54.86,58.76,3.9
16819,2476,S,48.09,54.86,6.77
16820,2476,M,42.72,48.09,5.37
16821,2476,C,28.27,42.72,14.45
16822,2476,K,20.34,28.21,7.87
16823,2477,R,58.75,59.24,0.49
16824,2477,L,54.86,58.75,3.89
16825,2477,S,48.06,54.86,6.79
16826,2477,M,42.68,48.06,5.39
16827,2477,C,28.25,42.68,14.43
16828,2477,K,20.31,28.21,7.91
16829,2478,R,58.73,59.23,0.49
16830,2478,L,54.85,58.73,3.88
16831,2478,S,48.04,54.85,6.82
16832,2478,M,42.64,48.04,5.4
16833,2478,C,28.22,42.64,14.41
16834,2478,K,20.27,28.21,7.94
16835,2479,R,58.72,59.21,0.49
16836,2479,L,54.85,58.72,3.87
16837,2479,S,48.01,54.85,6.84
16838,2479,M,42.59,48.01,5.42
16839,2479,C,28.2,42.59,14.4
16840,2479,K,20.24,28.2,7.96
16841,2480,R,58.7,59.2,0.49
16842,2480,L,54.84,58.7,3.86
16843,2480,S,47.98,54.84,6.86
16844,2480,M,42.55,47.98,5.43
16845,2480,C,28.17,42.55,14.38
16846,2480,K,20.2,28.17,7.96
16847,2481,R,58.69,59.18,0.49
16848,2481,L,54.84,58.69,3.85
16849,2481,S,47.95,54.84,6.89
16850,2481,M,42.5,47.95,5.45
16851,2481,C,28.14,42.5,14.36
16852,2481,K,20.17,28.14,7.97
16853,2482,R,58.67,59.17,0.5
16854,2482,L,54.83,58.67,3.84
16855,2482,S,47.92,54.83,6.91
16856,2482,M,42.45,47.92,5.47
16857,2482,C,28.1,42.45,14.35
16858,2482,K,20.13,28.1,7.97
16859,2483,R,58.66,59.15,0.5
16860,2483,L,54.82,58.66,3.84
16861,2483,S,47.89,54.82,6.93
16862,2483,M,42.4,47.89,5.48
16863,2483,C,28.07,42.4,14.33
16864,2483,K,20.1,28.07,7.97
16865,2484,R,58.64,59.14,0.5
16866,2484,L,54.81,58.64,3.83
16867,2484,S,47.85,54.81,6.96
16868,2484,M,42.35,47.85,5.5
16869,2484,C,28.04,42.35,14.32
16870,2484,K,20.06,28.04,7.97
16871,2485,R,58.62,59.12,0.5
16872,2485,L,54.81,58.62,3.82
16873,2485,S,47.82,54.81,6.98
16874,2485,M,42.3,47.82,5.52
16875,2485,C,28.0,42.3,14.3
16876,2485,K,20.03,28.0,7.97
16877,2486,R,58.61,59.11,0.5
16878,2486,L,54.8,58.61,3.81
16879,2486,S,47.79,54.8,7.01
16880,2486,M,42.25,47.79,5.54
16881,2486,C,27.96,42.25,14.29
16882,2486,K,19.99,27.96,7.97
16883,2487,R,58.59,59.09,0.5
16884,2487,L,54.79,58.59,3.8
16885,2487,S,47.75,54.79,7.03
16886,2487,M,42.19,47.75,5.56
16887,2487,C,27.92,42.19,14.27
16888,2487,K,19.96,27.92,7.96
16889,2488,R,58.57,59.07,0.5
16890,2488,L,54.78,58.57,3.8
16891,2488,S,47.72,54.78,7.06
16892,2488,M,42.14,47.72,5.58
16893,2488,C,27.88,42.14,14.26
16894,2488,K,19.92,27.88,7.96
16895,2489,R,58.56,59.06,0.5
16896,2489,L,54.77,58.56,3.79
16897,2489,S,47.68,54.77,7.08
16898,2489,M,42.08,47.68,5.6
16899,2489,C,27.84,42.08,14.24
16900,2489,K,19.89,27.84,7.95
16901,2490,R,58.54,59.04,0.5
16902,2490,L,54.76,58.54,3.78
16903,2490,S,47.65,54.76,7.11
16904,2490,M,42.02,47.65,5.62
16905,2490,C,27.79,42.02,14.23
16906,2490,K,19.85,27.79,7.94
16907,2491,R,58.52,59.02,0.5
16908,2491,L,54.74,58.52,3.78
16909,2491,S,47.61,54.74,7.14
16910,2491,M,41.96,47.61,5.64
16911,2491,C,27.75,41.96,14.21
16912,2491,K,19.82,27.75,7.93
16913,2492,R,58.5,59.01,0.51
16914,2492,L,54.73,58.5,3.77
16915,2492,S,47.57,54.73,7.16
16916,2492,M,41.9,47.57,5.67
16917,2492,C,27.7,41.9,14.2
16918,2492,K,19.79,27.7,7.92
16919,2493,R,58.48,58.99,0.51
16920,2493,L,54.72,58.48,3.76
16921,2493,S,47.53,54.72,7.19
16922,2493,M,41.84,47.53,5.69
16923,2493,C,27.65,41.84,14.19
16924,2493,K,19.75,27.65,7.9
16925,2494,R,58.46,58.97,0.51
16926,2494,L,54.71,58.46,3.76
16927,2494,S,47.49,54.71,7.22
16928,2494,M,41.78,47.49,5.71
16929,2494,C,27.6,41.78,14.18
16930,2494,K,19.72,27.6,7.89
16931,2495,R,58.44,58.95,0.51
16932,2495,L,54.69,58.44,3.75
16933,2495,S,47.45,54.69,7.24
16934,2495,M,41.72,47.45,5.74
16935,2495,C,27.55,41.72,14.16
16936,2495,K,19.68,27.55,7.87
16937,2496,R,58.43,58.94,0.51
16938,2496,L,54.68,58.43,3.74
16939,2496,S,47.41,54.68,7.27
16940,2496,M,41.65,47.41,5.76
16941,2496,C,27.5,41.65,14.15
16942,2496,K,19.65,27.5,7.85
16943,2497,R,58.41,58.92,0.51
16944,2497,L,54.67,58.41,3.74
16945,2497,S,47.37,54.67,7.3
16946,2497,M,41.58,47.37,5.78
16947,2497,C,27.45,41.58,14.14
16948,2497,K,19.62,27.45,7.83
16949,2498,R,58.39,58.9,0.52
16950,2498,L,54.65,58.39,3.73
16951,2498,S,47.33,54.65,7.33
16952,2498,M,41.52,47.33,5.81
16953,2498,C,27.39,41.52,14.13
16954,2498,K,19.58,27.39,7.81
16955,2499,R,58.37,58.88,0.52
16956,2499,L,54.64,58.37,3.73
16957,2499,S,47.28,54.64,7.35
16958,2499,M,41.45,47.28,5.84
16959,2499,C,27.33,41.45,14.12
16960,2499,K,19.55,27.33,7.78
16961,2500,R,58.35,58.87,0.52
16962,2500,L,54.62,58.35,3.72
16963,2500,S,47.24,54.62,7.38
16964,2500,M,41.38,47.24,5.86
16965,2500,C,27.28,41.38,14.1
16966,2500,K,19.52,27.28,7.76
16967,2501,R,58.32,58.85,0.52
16968,2501,L,54.61,58.32,3.72
16969,2501,S,47.2,54.61,7.41
16970,2501,M,41.31,47.2,5.89
16971,2501,C,27.22,41.31,14.09
16972,2501,K,19.49,27.22,7.73
16973,2502,R,58.3,58.83,0.53
16974,2502,L,54.59,58.3,3.71
16975,2502,S,47.15,54.59,7.44
16976,2502,M,41.24,47.15,5.91
16977,2502,C,27.15,41.24,14.08
16978,2502,K,19.45,27.15,7.7
16979,2503,R,58.28,58.81,0.53
16980,2503,L,54.58,58.28,3.71
16981,2503,S,47.11,54.58,7.47
16982,2503,M,41.17,47.11,5.94
16983,2503,C,27.09,41.17,14.07
16984,2503,K,19.42,27.09,7.67
16985,2504,R,58.26,58.79,0.53
16986,2504,L,54.56,58.26,3.7
16987,2504,S,47.06,54.56,7.5
16988,2504,M,41.09,47.06,5.97
16989,2504,C,27.03,41.09,14.06
16990,2504,K,19.39,27.03,7.64
16991,2505,R,58.24,58.78,0.53
16992,2505,L,54.54,58.24,3.7
16993,2505,S,47.02,54.54,7.53
16994,2505,M,41.02,47.02,6.0
16995,2505,C,26.96,41.02,14.06
16996,2505,K,19.36,26.96,7.6
16997,2506,R,58.22,58.76,0.54
16998,2506,L,54.53,58.22,3.69
16999,2506,S,46.97,54.53,7.56
17000,2506,M,40.94,46.97,6.03
17001,2506,C,26.9,40.94,14.05
17002,2506,K,19.33,26.9,7.57
17003,2507,R,58.2,58.74,0.54
17004,2507,L,54.51,58.2,3.69
17005,2507,S,46.92,54.51,7.59
17006,2507,M,40.87,46.92,6.06
17007,2507,C,26.83,40.87,14.04
17008,2507,K,19.3,26.83,7.53
17009,2508,R,58.18,58.72,0.54
17010,2508,L,54.49,58.18,3.69
17011,2508,S,46.88,54.49,7.62
17012,2508,M,40.79,46.88,6.09
17013,2508,C,26.76,40.79,14.03
17014,2508,K,19.27,26.76,7.49
17015,2509,R,58.15,58.7,0.55
17016,2509,L,54.47,58.15,3.68
17017,2509,S,46.83,54.47,7.65
17018,2509,M,40.71,46.83,6.12
17019,2509,C,26.69,40.71,14.02
17020,2509,K,19.24,26.69,7.45
17021,2510,R,58.13,58.68,0.55
17022,2510,L,54.45,58.13,3.68
17023,2510,S,46.78,54.45,7.68
17024,2510,M,40.63,46.78,6.15
17025,2510,C,26.62,40.63,14.02
17026,2510,K,19.21,26.62,7.4
17027,2511,R,58.11,58.67,0.56
17028,2511,L,54.44,58.11,3.67
17029,2511,S,46.73,54.44,7.71
17030,2511,M,40.55,46.73,6.18
17031,2511,C,26.54,40.55,14.01
17032,2511,K,19.18,26.54,7.36
17033,2512,R,58.09,58.65,0.56
17034,2512,L,54.42,58.09,3.67
17035,2512,S,46.68,54.42,7.74
17036,2512,M,40.47,46.68,6.21
17037,2512,C,26.47,40.47,14.0
17038,2512,K,19.16,26.47,7.31
17039,2513,R,58.07,58.63,0.56
17040,2513,L,54.4,58.07,3.67
17041,2513,S,46.63,54.4,7.77
17042,2513,M,40.39,46.63,6.24
17043,2513,C,26.39,40.39,14.0
17044,2513,K,19.13,26.39,7.26
17045,2514,R,58.04,58.61,0.57
17046,2514,L,54.38,58.04,3.67
17047,2514,S,46.58,54.38,7.8
17048,2514,M,40.31,46.58,6.27
17049,2514,C,26.31,40.31,13.99
17050,2514,K,19.1,26.31,7.21
17051,2515,R,58.02,58.59,0.57
17052,2515,L,54.36,58.02,3.66
17053,2515,S,46.53,54.36,7.83
17054,2515,M,40.22,46.53,6.31
17055,2515,C,26.24,40.22,13.99
17056,2515,K,19.07,26.24,7.16
17057,2516,R,58.0,58.58,0.58
17058,2516,L,54.34,58.0,3.66
17059,2516,S,46.48,54.34,7.86
17060,2516,M,40.14,46.48,6.34
17061,2516,C,26.16,40.14,13.98
17062,2516,K,19.05,26.16,7.11
17063,2517,R,57.97,58.56,0.58
17064,2517,L,54.32,57.97,3.66
17065,2517,S,46.43,54.32,7.89
17066,2517,M,40.05,46.43,6.37
17067,2517,C,26.08,40.05,13.98
17068,2517,K,19.02,26.08,7.05
17069,2518,R,57.95,58.54,0.59
17070,2518,L,54.3,57.95,3.66
17071,2518,S,46.37,54.3,7.92
17072,2518,M,39.97,46.37,6.41
17073,2518,C,25.99,39.97,13.97
17074,2518,K,19.0,25.99,7.0
17075,2519,R,57.93,58.52,0.59
17076,2519,L,54.28,57.93,3.65
17077,2519,S,46.32,54.28,7.96
17078,2519,M,39.88,46.32,6.44
17079,2519,C,25.91,39.88,13.97
17080,2519,K,18.97,25.91,6.94
17081,2520,R,57.91,58.5,0.6
17082,2520,L,54.26,57.91,3.65
17083,2520,S,46.27,54.26,7.99
17084,2520,M,39.79,46.27,6.47
17085,2520,C,25.83,39.79,13.97
17086,2520,K,18.95,25.83,6.88
17087,2521,R,57.88,58.49,0.6
17088,2521,L,54.23,57.88,3.65
17089,2521,S,46.22,54.23,8.02
17090,2521,M,39.71,46.22,6.51
17091,2521,C,25.74,39.71,13.96
17092,2521,K,18.93,25.74,6.82
17093,2522,R,57.86,58.47,0.61
17094,2522,L,54.21,57.86,3.65
17095,2522,S,46.16,54.21,8.05
17096,2522,M,39.62,46.16,6.54
17097,2522,C,25.66,39.62,13.96
17098,2522,K,18.9,25.66,6.75
17099,2523,R,57.84,58.45,0.61
17100,2523,L,54.19,57.84,3.65
17101,2523,S,46.11,54.19,8.08
17102,2523,M,39.53,46.11,6.58
17103,2523,C,25.57,39.53,13.96
17104,2523,K,18.88,25.57,6.69
17105,2524,R,57.82,58.44,0.62
17106,2524,L,54.17,57.82,3.64
17107,2524,S,46.05,54.17,8.12
17108,2524,M,39.44,46.05,6.61
17109,2524,C,25.48,39.44,13.96
17110,2524,K,18.86,25.48,6.62
17111,2525,R,57.79,58.42,0.63
17112,2525,L,54.15,57.79,3.64
17113,2525,S,46.0,54.15,8.15
17114,2525,M,39.35,46.0,6.65
17115,2525,C,25.39,39.35,13.96
17116,2525,K,18.84,25.39,6.55
17117,2526,R,57.77,58.4,0.63
17118,2526,L,54.13,57.77,3.64
17119,2526,S,45.95,54.13,8.18
17120,2526,M,39.26,45.95,6.69
17121,2526,C,25.3,39.26,13.96
17122,2526,K,18.82,25.3,6.49
17123,2527,R,57.75,58.39,0.64
17124,2527,L,54.11,57.75,3.64
17125,2527,S,45.89,54.11,8.21
17126,2527,M,39.17,45.89,6.72
17127,2527,C,25.21,39.17,13.96
17128,2527,K,18.8,25.21,6.41
17129,2528,R,57.72,58.37,0.65
17130,2528,L,54.08,57.72,3.64
17131,2528,S,45.84,54.08,8.25
17132,2528,M,39.08,45.84,6.76
17133,2528,C,25.12,39.08,13.96
17134,2528,K,18.78,25.12,6.34
17135,2529,R,57.7,58.35,0.65
17136,2529,L,54.06,57.7,3.64
17137,2529,S,45.78,54.06,8.28
17138,2529,M,38.99,45.78,6.8
17139,2529,C,25.02,38.99,13.96
17140,2529,K,18.76,25.02,6.27
17141,2530,R,57.68,58.34,0.66
17142,2530,L,54.04,57.68,3.64
17143,2530,S,45.73,54.04,8.31
17144,2530,M,38.89,45.73,6.83
17145,2530,C,24.93,38.89,13.96
17146,2530,K,18.74,24.93,6.19
17147,2531,R,57.66,58.32,0.67
17148,2531,L,54.02,57.66,3.64
17149,2531,S,45.67,54.02,8.35
17150,2531,M,38.8,45.67,6.87
17151,2531,C,24.84,38.8,13.96
17152,2531,K,18.72,24.84,6.11
17153,2532,R,57.63,58.31,0.67
17154,2532,L,53.99,57.63,3.64
17155,2532,S,45.62,53.99,8.38
17156,2532,M,38.71,45.62,6.91
17157,2532,C,24.74,38.71,13.97
17158,2532,K,18.71,24.74,6.04
17159,2533,R,57.61,58.29,0.68
17160,2533,L,53.97,57.61,3.64
17161,2533,S,45.56,53.97,8.41
17162,2533,M,38.61,45.56,6.95
17163,2533,C,24.64,38.61,13.97
17164,2533,K,18.69,24.64,5.96
17165,2534,R,57.59,58.28,0.69
17166,2534,L,53.95,57.59,3.64
17167,2534,S,45.5,53.95,8.45
17168,2534,M,38.52,45.5,6.99
17169,2534,C,24.55,38.52,13.97
17170,2534,K,18.67,24.55,5.87
17171,2535,R,57.57,58.26,0.7
17172,2535,L,53.93,57.57,3.64
17173,2535,S,45.45,53.93,8.48
17174,2535,M,38.42,45.45,7.02
17175,2535,C,24.45,38.42,13.98
17176,2535,K,18.66,24.45,5.79
17177,2536,R,57.54,58.25,0.7
17178,2536,L,53.9,57.54,3.64
17179,2536,S,45.39,53.9,8.51
17180,2536,M,38.33,45.39,7.06
17181,2536,C,24.35,38.33,13.98
17182,2536,K,18.64,24.35,5.71
17183,2537,R,57.52,58.23,0.71
17184,2537,L,53.88,57.52,3.64
17185,2537,S,45.34,53.88,8.55
17186,2537,M,38.23,45.34,7.1
17187,2537,C,24.25,38.23,13.98
17188,2537,K,18.63,24.25,5.62
17189,2538,R,57.5,58.22,0.72
17190,2538,L,53.86,57.5,3.64
17191,2538,S,45.28,53.86,8.58
17192,2538,M,38.14,45.28,7.14
17193,2538,C,24.15,38.14,13.99
17194,2538,K,18.62,24.15,5.53
17195,2539,R,57.48,58.2,0.73
17196,2539,L,53.84,57.48,3.64
17197,2539,S,45.23,53.84,8.61
17198,2539,M,38.04,45.23,7.18
17199,2539,C,24.05,38.04,13.99
17200,2539,K,18.61,24.05,5.44
17201,2540,R,57.46,58.19,0.74
17202,2540,L,53.81,57.46,3.64
17203,2540,S,45.17,53.81,8.65
17204,2540,M,37.95,45.17,7.22
17205,2540,C,23.95,37.95,14.0
17206,2540,K,18.59,23.95,5.35
17207,2541,R,57.43,58.18,0.74
17208,2541,L,53.79,57.43,3.64
17209,2541,S,45.11,53.79,8.68
17210,2541,M,37.85,45.11,7.26
17211,2541,C,23.85,37.85,14.01
17212,2541,K,18.58,23.85,5.26
17213,2542,R,57.41,58.17,0.75
17214,2542,L,53.77,57.41,3.64
17215,2542,S,45.06,53.77,8.71
17216,2542,M,37.76,45.06,7.3
17217,2542,C,23.74,37.76,14.01
17218,2542,K,18.57,23.74,5.17
17219,2543,R,57.39,58.15,0.76
17220,2543,L,53.75,57.39,3.64
17221,2543,S,45.0,53.75,8.75
17222,2543,M,37.66,45.0,7.34
17223,2543,C,23.64,37.66,14.02
17224,2543,K,18.56,23.64,5.08
17225,2544,R,57.37,58.14,0.77
17226,2544,L,53.73,57.37,3.64
17227,2544,S,44.95,53.73,8.78
17228,2544,M,37.56,44.95,7.38
17229,2544,C,23.54,37.56,14.03
17230,2544,K,18.56,23.54,4.98
17231,2545,R,57.35,58.13,0.78
17232,2545,L,53.7,57.35,3.65
17233,2545,S,44.89,53.7,8.81
17234,2545,M,37.47,44.89,7.42
17235,2545,C,23.43,37.47,14.03
17236,2545,K,18.55,23.43,4.89
17237,2546,R,57.33,58.12,0.79
17238,2546,L,53.68,57.33,3.65
17239,2546,S,44.83,53.68,8.85
17240,2546,M,37.37,44.83,7.46
17241,2546,C,23.33,37.37,14.04
17242,2546,K,18.54,23.33,4.79
17243,2547,R,57.31,58.11,0.8
17244,2547,L,53.66,57.31,3.65
17245,2547,S,44.78,53.66,8.88
17246,2547,M,37.28,44.78,7.5
17247,2547,C,23.23,37.28,14.05
17248,2547,K,18.53,23.23,4.69
17249,2548,R,57.29,58.09,0.81
17250,2548,L,53.64,57.29,3.65
17251,2548,S,44.72,53.64,8.91
17252,2548,M,37.18,44.72,7.54
17253,2548,C,23.12,37.18,14.06
17254,2548,K,18.53,23.12,4.59
17255,2549,R,57.27,58.08,0.82
17256,2549,L,53.61,57.27,3.65
17257,2549,S,44.67,53.61,8.95
17258,2549,M,37.08,44.67,7.58
17259,2549,C,23.01,37.08,14.07
17260,2549,K,18.52,23.01,4.49
17261,2550,R,57.25,58.07,0.83
17262,2550,L,53.59,57.25,3.65
17263,2550,S,44.61,53.59,8.98
17264,2550,M,36.99,44.61,7.63
17265,2550,C,22.91,36.99,14.08
17266,2550,K,18.52,22.91,4.39
17267,2551,R,57.23,58.06,0.84
17268,2551,L,53.57,57.23,3.65
17269,2551,S,44.56,53.57,9.01
17270,2551,M,36.89,44.56,7.67
17271,2551,C,22.8,36.89,14.09
17272,2551,K,18.51,22.8,4.29
17273,2552,R,57.21,58.05,0.85
17274,2552,L,53.55,57.21,3.66
17275,2552,S,44.5,53.55,9.05
17276,2552,M,36.8,44.5,7.71
17277,2552,C,22.7,36.8,14.1
17278,2552,K,18.51,22.7,4.18
17279,2553,R,57.19,58.04,0.86
17280,2553,L,53.53,57.19,3.66
17281,2553,S,44.45,53.53,9.08
17282,2553,M,36.7,44.45,7.75
17283,2553,C,22.59,36.7,14.11
17284,2553,K,18.51,22.59,4.08
17285,2554,R,57.17,58.04,0.87
17286,2554,L,53.51,57.17,3.66
17287,2554,S,44.4,53.51,9.11
17288,2554,M,36.61,44.4,7.79
17289,2554,C,22.48,36.61,14.12
17290,2554,K,18.51,22.48,3.98
17291,2555,R,57.15,58.03,0.88
17292,2555,L,53.49,57.15,3.66
17293,2555,S,44.34,53.49,9.15
17294,2555,M,36.51,44.34,7.83
17295,2555,C,22.38,36.51,14.13
17296,2555,K,18.51,22.38,3.87
17297,2556,R,57.13,58.02,0.89
17298,2556,L,53.47,57.13,3.66
17299,2556,S,44.29,53.47,9.18
17300,2556,M,36.42,44.29,7.87
17301,2556,C,22.27,36.42,14.15
17302,2556,K,18.51,22.27,3.76
17303,2557,R,57.11,58.01,0.9
17304,2557,L,53.45,57.11,3.66
17305,2557,S,44.23,53.45,9.21
17306,2557,M,36.32,44.23,7.91
17307,2557,C,22.16,36.32,14.16
17308,2557,K,18.51,22.16,3.65
17309,2558,R,57.09,58.0,0.91
17310,2558,L,53.43,57.09,3.67
17311,2558,S,44.18,53.43,9.24
17312,2558,M,36.23,44.18,7.95
17313,2558,C,22.06,36.23,14.17
17314,2558,K,18.51,22.06,3.55
17315,2559,R,57.07,58.0,0.92
17316,2559,L,53.41,57.07,3.67
17317,2559,S,44.13,53.41,9.28
17318,2559,M,36.13,44.13,8.0
17319,2559,C,21.95,36.13,14.18
17320,2559,K,18.51,21.95,3.44
17321,2560,R,57.05,57.99,0.94
17322,2560,L,53.39,57.05,3.67
17323,2560,S,44.08,53.39,9.31
17324,2560,M,36.04,44.08,8.04
17325,2560,C,21.84,36.04,14.2
17326,2560,K,18.52,21.84,3.33
17327,2561,R,57.04,57.98,0.95
17328,2561,L,53.37,57.04,3.67
17329,2561,S,44.02,53.37,9.34
17330,2561,M,35.95,44.02,8.08
17331,2561,C,21.74,35.95,14.21
17332,2561,K,18.52,21.74,3.22
17333,2562,R,57.02,57.98,0.96
17334,2562,L,53.35,57.02,3.67
17335,2562,S,43.97,53.35,9.37
17336,2562,M,35.85,43.97,8.12
17337,2562,C,21.63,35.85,14.22
17338,2562,K,18.52,21.63,3.1
17339,2563,R,57.0,57.97,0.97
17340,2563,L,53.33,57.0,3.68
17341,2563,S,43.92,53.33,9.41
17342,2563,M,35.76,43.92,8.16
17343,2563,C,21.52,35.76,14.24
17344,2563,K,18.52,21.52,3.0
17345,2564,R,56.99,57.97,0.98
17346,2564,L,53.31,56.99,3.68
17347,2564,S,43.87,53.31,9.44
17348,2564,M,35.67,43.87,8.2
17349,2564,C,21.42,35.67,14.25
17350,2564,K,18.42,21.42,3.0
17351,2565,R,56.97,57.96,0.99
17352,2565,L,53.29,56.97,3.68
17353,2565,S,43.82,53.29,9.47
17354,2565,M,35.58,43.82,8.24
17355,2565,C,21.31,35.58,14.27
17356,2565,K,18.31,21.31,3.0
17357,2566,R,56.95,57.96,1.01
17358,2566,L,53.27,56.95,3.68
17359,2566,S,43.77,53.27,9.5
17360,2566,M,35.48,43.77,8.28
17361,2566,C,21.2,35.48,14.28
17362,2566,K,18.2,21.2,3.0
17363,2567,R,56.94,57.95,1.02
17364,2567,L,53.25,56.94,3.68
17365,2567,S,43.72,53.25,9.53
17366,2567,M,35.39,43.72,8.33
17367,2567,C,21.1,35.39,14.3
17368,2567,K,18.1,21.1,3.0
17369,2568,R,56.92,57.95,1.03
17370,2568,L,53.24,56.92,3.68
17371,2568,S,43.67,53.24,9.57
17372,2568,M,35.3,43.67,8.37
17373,2568,C,20.99,35.3,14.31
17374,2568,K,17.99,20.99,3.0
17375,2569,R,56.9,57.95,1.04
17376,2569,L,53.22,56.9,3.69
17377,2569,S,43.62,53.22,9.6
17378,2569,M,35.21,43.62,8.41
17379,2569,C,20.89,35.21,14.33
17380,2569,K,17.89,20.89,3.0
17381,2570,R,56.89,57.94,1.06
17382,2570,L,53.2,56.89,3.69
17383,2570,S,43.57,53.2,9.63
17384,2570,M,35.13,43.57,8.45
17385,2570,C,20.78,35.13,14.34
17386,2570,K,17.78,20.78,3.0
17387,2571,R,56.87,57.94,1.07
17388,2571,L,53.18,56.87,3.69
17389,2571,S,43.52,53.18,9.66
17390,2571,M,35.04,43.52,8.49
17391,2571,C,20.68,35.04,14.36
17392,2571,K,17.68,20.68,3.0
17393,2572,R,56.86,57.94,1.08
17394,2572,L,53.17,56.86,3.69
17395,2572,S,43.48,53.17,9.69
17396,2572,M,34.95,43.48,8.53
17397,2572,C,20.57,34.95,14.38
17398,2572,K,17.57,20.57,3.0
17399,2573,R,56.84,57.94,1.09
17400,2573,L,53.15,56.84,3.69
17401,2573,S,43.43,53.15,9.72
17402,2573,M,34.86,43.43,8.57
17403,2573,C,20.47,34.86,14.39
17404,2573,K,17.47,20.47,3.0
17405,2574,R,56.83,57.94,1.11
17406,2574,L,53.13,56.83,3.7
17407,2574,S,43.38,53.13,9.75
17408,2574,M,34.78,43.38,8.61
17409,2574,C,20.36,34.78,14.41
17410,2574,K,17.36,20.36,3.0
17411,2575,R,56.82,57.94,1.12
17412,2575,L,53.12,56.82,3.7
17413,2575,S,43.34,53.12,9.78
17414,2575,M,34.69,43.34,8.65
17415,2575,C,20.26,34.69,14.43
17416,2575,K,17.26,20.26,3.0
17417,2576,R,56.8,57.94,1.13
17418,2576,L,53.1,56.8,3.7
17419,2576,S,43.29,53.1,9.81
17420,2576,M,34.6,43.29,8.69
17421,2576,C,20.16,34.6,14.44
17422,2576,K,17.16,20.16,3.0
17423,2577,R,56.79,57.94,1.15
17424,2577,L,53.09,56.79,3.7
17425,2577,S,43.25,53.09,9.84
17426,2577,M,34.52,43.25,8.73
17427,2577,C,20.06,34.52,14.46
17428,2577,K,17.05,20.05,3.0
17429,2578,R,56.78,57.94,1.16
17430,2578,L,53.07,56.78,3.7
17431,2578,S,43.2,53.07,9.87
17432,2578,M,34.44,43.2,8.77
17433,2578,C,19.96,34.44,14.48
17434,2578,K,16.93,19.93,3.0
17435,2579,R,56.76,57.94,1.17
17436,2579,L,53.06,56.76,3.7
17437,2579,S,43.16,53.06,9.9
17438,2579,M,34.35,43.16,8.81
17439,2579,C,19.86,34.35,14.5
17440,2579,K,16.8,19.8,3.0
17441,2580,R,56.75,57.94,1.19
17442,2580,L,53.05,56.75,3.71
17443,2580,S,43.12,53.05,9.93
17444,2580,M,34.27,43.12,8.85
17445,2580,C,19.76,34.27,14.52
17446,2580,K,16.68,19.68,3.0
17447,2581,R,56.74,57.94,1.2
17448,2581,L,53.03,56.74,3.71
17449,2581,S,43.08,53.03,9.96
17450,2581,M,34.19,43.08,8.89
17451,2581,C,19.66,34.19,14.53
17452,2581,A,19.55,19.66,0.1
17453,2581,K,16.55,19.55,3.0
17454,2582,R,56.73,57.94,1.21
17455,2582,L,53.02,56.73,3.71
17456,2582,S,43.03,53.02,9.99
17457,2582,M,34.11,43.03,8.92
17458,2582,C,19.56,34.11,14.55
17459,2582,A,19.43,19.56,0.13
17460,2582,K,16.43,19.43,3.0
17461,2583,R,56.72,57.94,1.23
17462,2583,L,53.01,56.72,3.71
17463,2583,S,42.99,53.01,10.01
17464,2583,M,34.03,42.99,8.96
17465,2583,C,19.46,34.03,14.57
17466,2583,A,19.31,19.46,0.15
17467,2583,K,16.31,19.31,3.0
17468,2584,R,56.71,57.95,1.24
17469,2584,L,53.0,56.71,3.71
17470,2584,S,42.95,53.0,10.04
17471,2584,M,33.95,42.95,9.0
17472,2584,C,19.36,33.95,14.59
17473,2584,A,19.18,19.36,0.18
17474,2584,K,16.18,19.18,3.0
17475,2585,R,56.7,57.95,1.25
17476,2585,L,52.98,56.7,3.71
17477,2585,S,42.91,52.98,10.07
17478,2585,M,33.87,42.91,9.04
17479,2585,C,19.27,33.87,14.61
17480,2585,A,19.06,19.27,0.21
17481,2585,K,16.06,19.06,3.0
17482,2586,R,56.69,57.95,1.27
17483,2586,L,52.97,56.69,3.71
17484,2586,S,42.87,52.97,10.1
17485,2586,M,33.8,42.87,9.08
17486,2586,C,19.17,33.8,14.63
17487,2586,A,18.94,19.17,0.23
17488,2586,K,15.94,18.94,3.0
17489,2587,R,56.67,57.96,1.28
17490,2587,L,52.96,56.67,3.71
17491,2587,S,42.84,52.96,10.13
17492,2587,M,33.72,42.84,9.11
17493,2587,C,19.08,33.72,14.64
17494,2587,A,18.82,19.08,0.26
17495,2587,K,15.82,18.82,3.0
17496,2588,R,56.67,57.96,1.3
17497,2588,L,52.95,56.67,3.71
17498,2588,S,42.8,52.95,10.15
17499,2588,M,33.65,42.8,9.15
17500,2588,C,18.98,33.65,14.66
17501,2588,A,18.7,18.98,0.29
17502,2588,K,15.7,18.7,3.0
17503,2589,R,56.66,57.97,1.31
17504,2589,L,52.94,56.66,3.71
17505,2589,S,42.76,52.94,10.18
17506,2589,M,33.57,42.76,9.19
17507,2589,C,18.89,33.57,14.68
17508,2589,A,18.58,18.89,0.31
17509,2589,K,15.58,18.58,3.0
17510,2590,R,56.65,57.97,1.32
17511,2590,L,52.93,56.65,3.71
17512,2590,S,42.73,52.93,10.21
17513,2590,M,33.5,42.73,9.23
17514,2590,C,18.8,33.5,14.7
17515,2590,A,18.46,18.8,0.34
17516,2590,K,15.46,18.46,3.0
17517,2591,R,56.64,57.98,1.34
17518,2591,L,52.92,56.64,3.72
17519,2591,S,42.69,52.92,10.23
17520,2591,M,33.43,42.69,9.26
17521,2591,C,18.71,33.43,14.72
17522,2591,A,18.34,18.71,0.37
17523,2591,K,15.34,18.34,3.0
17524,2592,R,56.63,57.98,1.35
17525,2592,L,52.91,56.63,3.72
17526,2592,S,42.66,52.91,10.26
17527,2592,M,33.36,42.66,9.3
17528,2592,C,18.62,33.36,14.74
17529,2592,A,18.22,18.62,0.4
17530,2592,K,15.22,18.22,3.0
17531,2593,R,56.62,57.99,1.37
17532,2593,L,52.91,56.62,3.72
17533,2593,S,42.62,52.91,10.28
17534,2593,M,33.29,42.62,9.33
17535,2593,C,18.53,33.29,14.76
17536,2593,A,18.1,18.53,0.43
17537,2593,K,15.1,18.1,3.0
17538,2594,R,56.61,58.0,1.38
17539,2594,L,52.9,56.61,3.72
17540,2594,S,42.59,52.9,10.31
17541,2594,M,33.22,42.59,9.37
17542,2594,C,18.44,33.22,14.78
17543,2594,A,17.99,18.44,0.46
17544,2594,K,14.99,17.99,3.0
17545,2595,R,56.61,58.0,1.4
17546,2595,L,52.89,56.61,3.72
17547,2595,S,42.56,52.89,10.33
17548,2595,M,33.15,42.56,9.4
17549,2595,C,18.36,33.15,14.79
17550,2595,A,17.87,18.36,0.48
17551,2595,K,14.87,17.87,3.0
17552,2596,R,56.6,58.01,1.41
17553,2596,L,52.88,56.6,3.72
17554,2596,S,42.52,52.88,10.36
17555,2596,M,33.08,42.52,9.44
17556,2596,C,18.27,33.08,14.81
17557,2596,A,17.76,18.27,0.51
17558,2596,K,14.76,17.76,3.0
17559,2597,R,56.59,58.02,1.43
17560,2597,L,52.88,56.59,3.72
17561,2597,S,42.49,52.88,10.38
17562,2597,M,33.02,42.49,9.47
17563,2597,C,18.19,33.02,14.83
17564,2597,A,17.64,18.19,0.54
17565,2597,K,14.64,17.64,3.0
17566,2598,R,56.59,58.02,1.44
17567,2598,L,52.87,56.59,3.71
17568,2598,S,42.46,52.87,10.41
17569,2598,M,32.95,42.46,9.51
17570,2598,C,18.1,32.95,14.85
17571,2598,A,17.53,18.1,0.57
17572,2598,K,14.53,17.53,3.0
17573,2599,R,56.58,58.03,1.45
17574,2599,L,52.86,56.58,3.71
17575,2599,S,42.43,52.86,10.43
17576,2599,M,32.89,42.43,9.54
17577,2599,C,18.02,32.89,14.87
17578,2599,A,17.42,18.02,0.6
17579,2599,K,14.42,17.42,3.0
17580,2600,R,56.57,58.04,1.47
17581,2600,L,52.86,56.57,3.71
17582,2600,S,42.4,52.86,10.46
17583,2600,M,32.83,42.4,9.58
17584,2600,C,17.94,32.83,14.89
17585,2600,A,17.31,17.94,0.63
17586,2600,K,14.31,17.31,3.0
17587,2601,R,56.57,58.05,1.48
17588,2601,L,52.86,56.57,3.71
17589,2601,S,42.38,52.86,10.48
17590,2601,M,32.77,42.38,9.61
17591,2601,C,17.86,32.77,14.91
17592,2601,A,17.2,17.86,0.66
17593,2601,K,14.2,17.2,3.0
17594,2602,R,56.56,58.06,1.5
17595,2602,L,52.85,56.56,3.71
17596,2602,S,42.35,52.85,10.5
17597,2602,M,32.71,42.35,9.64
17598,2602,C,17.78,32.71,14.92
17599,2602,A,17.09,17.78,0.69
17600,2602,K,14.09,17.09,3.0
17601,2603,R,56.56,58.07,1.51
17602,2603,L,52.85,56.56,3.71
17603,2603,S,42.32,52.85,10.52
17604,2603,M,32.65,42.32,9.67
17605,2603,C,17.71,32.65,14.94
17606,2603,A,16.98,17.71,0.72
17607,2603,K,13.98,16.98,3.0
17608,2604,R,56.55,58.08,1.53
17609,2604,L,52.84,56.55,3.71
17610,2604,S,42.3,52.84,10.55
17611,2604,M,32.59,42.3,9.71
17612,2604,C,17.63,32.59,14.96
17613,2604,A,16.88,17.63,0.75
17614,2604,K,13.88,16.88,3.0
17615,2605,R,56.55,58.09,1.54
17616,2605,L,52.84,56.55,3.71
17617,2605,S,42.27,52.84,10.57
17618,2605,M,32.53,42.27,9.74
17619,2605,C,17.56,32.53,14.98
17620,2605,A,16.77,17.56,0.78
17621,2605,K,13.77,16.77,3.0
17622,2606,R,56.54,58.1,1.56
17623,2606,L,52.84,56.54,3.71
17624,2606,S,42.25,52.84,10.59
17625,2606,M,32.48,42.25,9.77
17626,2606,C,17.48,32.48,15.0
17627,2606,A,16.67,17.48,0.81
17628,2606,K,13.67,16.67,3.0
17629,2607,R,56.54,58.11,1.57
17630,2607,L,52.84,56.54,3.7
17631,2607,S,42.23,52.84,10.61
17632,2607,M,32.42,42.23,9.8
17633,2607,C,17.41,32.42,15.01
17634,2607,A,16.57,17.41,0.84
17635,2607,K,13.57,16.57,3.0
17636,2608,R,56.54,58.12,1.58
17637,2608,L,52.84,56.54,3.7
17638,2608,S,42.2,52.84,10.63
17639,2608,M,32.37,42.2,9.83
17640,2608,C,17.34,32.37,15.03
17641,2608,A,16.47,17.34,0.87
17642,2608,K,13.47,16.47,3.0
17643,2609,R,56.53,58.13,1.6
17644,2609,L,52.83,56.53,3.7
17645,2609,S,42.18,52.83,10.65
17646,2609,M,32.32,42.18,9.86
17647,2609,C,17.27,32.32,15.05
17648,2609,A,16.37,17.27,0.91
17649,2609,K,13.37,16.37,3.0
17650,2610,R,56.53,58.14,1.61
17651,2610,L,52.83,56.53,3.7
17652,2610,S,42.16,52.83,10.67
17653,2610,M,32.27,42.16,9.89
17654,2610,C,17.2,32.27,15.07
17655,2610,A,16.27,17.2,0.94
17656,2610,K,13.27,16.27,3.0
17657,2611,R,56.53,58.16,1.63
17658,2611,L,52.83,56.53,3.69
17659,2611,S,42.14,52.83,10.69
17660,2611,M,32.22,42.14,9.92
17661,2611,C,17.14,32.22,15.08
17662,2611,A,16.17,17.14,0.97
17663,2611,K,13.17,16.17,3.0
17664,2612,R,56.53,58.17,1.64
17665,2612,L,52.83,56.53,3.69
17666,2612,S,42.12,52.83,10.71
17667,2612,M,32.17,42.12,9.95
17668,2612,C,17.07,32.17,15.1
17669,2612,A,16.07,17.07,1.0
17670,2612,K,13.07,16.07,3.0
17671,2613,R,56.52,58.18,1.66
17672,2613,L,52.83,56.52,3.69
17673,2613,S,42.1,52.83,10.73
17674,2613,M,32.12,42.1,9.98
17675,2613,C,17.01,32.12,15.12
17676,2613,A,15.98,17.01,1.03
17677,2613,K,12.98,15.98,3.0
17678,2614,R,56.52,58.19,1.67
17679,2614,L,52.84,56.52,3.69
17680,2614,S,42.09,52.84,10.75
17681,2614,M,32.08,42.09,10.01
17682,2614,C,16.95,32.08,15.13
17683,2614,A,15.89,16.95,1.06
17684,2614,K,12.89,15.89,3.0
17685,2615,R,56.52,58.21,1.69
17686,2615,L,52.84,56.52,3.68
17687,2615,S,42.07,52.84,10.77
17688,2615,M,32.03,42.07,10.04
17689,2615,C,16.89,32.03,15.15
17690,2615,A,15.8,16.89,1.09
17691,2615,K,12.8,15.8,3.0
17692,2616,R,56.52,58.22,1.7
17693,2616,L,52.84,56.52,3.68
17694,2616,S,42.05,52.84,10.79
17695,2616,M,31.99,42.05,10.06
17696,2616,C,16.83,31.99,15.16
17697,2616,A,15.71,16.83,1.12
17698,2616,K,12.71,15.71,3.0
17699,2617,R,56.52,58.23,1.71
17700,2617,L,52.84,56.52,3.67
17701,2617,S,42.04,52.84,10.8
17702,2617,M,31.95,42.04,10.09
17703,2617,C,16.77,31.95,15.18
17704,2617,A,15.62,16.77,1.15
17705,2617,K,12.62,15.62,3.0
17706,2618,R,56.52,58.25,1.73
17707,2618,L,52.85,56.52,3.67
17708,2618,S,42.03,52.85,10.82
17709,2618,M,31.91,42.03,10.12
17710,2618,C,16.71,31.91,15.19
17711,2618,A,15.53,16.71,1.18
17712,2618,K,12.53,15.53,3.0
17713,2619,R,56.52,58.26,1.74
17714,2619,L,52.85,56.52,3.67
17715,2619,S,42.01,52.85,10.84
17716,2619,M,31.87,42.01,10.14
17717,2619,C,16.66,31.87,15.21
17718,2619,A,15.44,16.66,1.22
17719,2619,K,12.44,15.44,3.0
17720,2620,R,56.52,58.27,1.76
17721,2620,L,52.85,56.52,3.66
17722,2620,S,42.0,52.85,10.85
17723,2620,M,31.83,42.0,10.17
17724,2620,C,16.61,31.83,15.22
17725,2620,A,15.36,16.61,1.25
17726,2620,K,12.36,15.36,3.0
17727,2621,R,56.52,58.29,1.77
17728,2621,L,52.86,56.52,3.66
17729,2621,S,41.99,52.86,10.87
17730,2621,M,31.79,41.99,10.2
17731,2621,C,16.56,31.79,15.24
17732,2621,A,15.28,16.56,1.28
17733,2621,K,12.28,15.28,3.0
17734,2622,R,56.52,58.3,1.78
17735,2622,L,52.86,56.52,3.65
17736,2622,S,41.98,52.86,10.89
17737,2622,M,31.76,41.98,10.22
17738,2622,C,16.51,31.76,15.25
17739,2622,A,15.2,16.51,1.31
17740,2622,K,12.2,15.2,3.0
17741,2623,R,56.52,58.32,1.8
17742,2623,L,52.87,56.52,3.65
17743,2623,S,41.97,52.87,10.9
17744,2623,M,31.72,41.97,10.24
17745,2623,C,16.46,31.72,15.26
17746,2623,A,15.12,16.46,1.34
17747,2623,K,12.12,15.12,3.0
17748,2624,R,56.52,58.33,1.81
17749,2624,L,52.87,56.52,3.64
17750,2624,S,41.96,52.87,10.92
17751,2624,M,31.69,41.96,10.27
17752,2624,C,16.41,31.69,15.28
17753,2624,A,15.04,16.41,1.37
17754,2624,K,12.04,15.04,3.0
17755,2625,R,56.52,58.34,1.83
17756,2625,L,52.88,56.52,3.64
17757,2625,S,41.95,52.88,10.93
17758,2625,M,31.66,41.95,10.29
17759,2625,C,16.37,31.66,15.29
17760,2625,A,14.97,16.37,1.4
17761,2625,K,11.97,14.97,3.0
17762,2626,R,56.52,58.36,1.84
17763,2626,L,52.89,56.52,3.63
17764,2626,S,41.94,52.89,10.95
17765,2626,M,31.63,41.94,10.32
17766,2626,C,16.32,31.63,15.3
17767,2626,A,14.89,16.32,1.43
17768,2626,K,11.89,14.89,3.0
17769,2627,R,56.52,58.37,1.85
17770,2627,L,52.9,56.52,3.63
17771,2627,S,41.94,52.9,10.96
17772,2627,M,31.6,41.94,10.34
17773,2627,C,16.28,31.6,15.32
17774,2627,A,14.82,16.28,1.46
17775,2627,K,11.82,14.82,3.0
17776,2628,R,56.52,58.39,1.87
17777,2628,L,52.9,56.52,3.62
17778,2628,S,41.93,52.9,10.97
17779,2628,M,31.57,41.93,10.36
17780,2628,C,16.24,31.57,15.33
17781,2628,A,14.75,16.24,1.49
17782,2628,K,11.75,14.75,3.0
17783,2629,R,56.52,58.4,1.88
17784,2629,L,52.91,56.52,3.61
17785,2629,S,41.92,52.91,10.99
17786,2629,M,31.54,41.92,10.38
17787,2629,C,16.2,31.54,15.34
17788,2629,A,14.68,16.2,1.52
17789,2629,K,11.68,14.68,3.0
17790,2630,R,56.53,58.42,1.89
17791,2630,L,52.92,56.53,3.61
17792,2630,S,41.92,52.92,11.0
17793,2630,M,31.52,41.92,10.4
17794,2630,C,16.17,31.52,15.35
17795,2630,A,14.61,16.17,1.55
17796,2630,K,11.61,14.61,3.0
17797,2631,R,56.53,58.44,1.91
17798,2631,L,52.93,56.53,3.6
17799,2631,S,41.92,52.93,11.01
17800,2631,M,31.49,41.92,10.43
17801,2631,C,16.13,31.49,15.36
17802,2631,A,14.55,16.13,1.58
17803,2631,K,11.55,14.55,3.0
17804,2632,R,56.53,58.45,1.92
17805,2632,L,52.94,56.53,3.59
17806,2632,S,41.91,52.94,11.02
17807,2632,M,31.47,41.91,10.45
17808,2632,C,16.1,31.47,15.37
17809,2632,A,14.49,16.1,1.61
17810,2632,K,11.49,14.49,3.0
17811,2633,R,56.53,58.47,1.93
17812,2633,L,52.95,56.53,3.59
17813,2633,S,41.91,52.95,11.03
17814,2633,M,31.45,41.91,10.47
17815,2633,C,16.07,31.45,15.38
17816,2633,A,14.42,16.07,1.64
17817,2633,K,11.42,14.42,3.0
17818,2634,R,56.54,58.48,1.95
17819,2634,L,52.96,56.54,3.58
17820,2634,S,41.91,52.96,11.05
17821,2634,M,31.43,41.91,10.49
17822,2634,C,16.04,31.43,15.39
17823,2634,A,14.36,16.04,1.67
17824,2634,K,11.36,14.36,3.0
17825,2635,R,56.54,58.5,1.96
17826,2635,L,52.97,56.54,3.57
17827,2635,S,41.91,52.97,11.06
17828,2635,M,31.41,41.91,10.5
17829,2635,C,16.01,31.41,15.4
17830,2635,A,14.31,16.01,1.7
17831,2635,K,11.31,14.31,3.0
17832,2636,R,56.54,58.51,1.97
17833,2636,L,52.98,56.54,3.56
17834,2636,S,41.91,52.98,11.07
17835,2636,M,31.39,41.91,10.52
17836,2636,C,15.98,31.39,15.41
17837,2636,A,14.25,15.98,1.73
17838,2636,K,11.25,14.25,3.0
17839,2637,R,56.55,58.53,1.98
17840,2637,L,52.99,56.55,3.56
17841,2637,S,41.91,52.99,11.08
17842,2637,M,31.37,41.91,10.54
17843,2637,C,15.96,31.37,15.41
17844,2637,A,14.2,15.96,1.76
17845,2637,K,11.2,14.2,3.0
17846,2638,R,56.55,58.54,2.0
17847,2638,L,53.0,56.55,3.55
17848,2638,S,41.91,53.0,11.09
17849,2638,M,31.35,41.91,10.56
17850,2638,C,15.93,31.35,15.42
17851,2638,A,14.14,15.93,1.79
17852,2638,K,11.14,14.14,3.0
17853,2639,R,56.55,58.56,2.01
17854,2639,L,53.01,56.55,3.54
17855,2639,S,41.92,53.01,11.1
17856,2639,M,31.34,41.92,10.58
17857,2639,C,15.91,31.34,15.43
17858,2639,A,14.09,15.91,1.82
17859,2639,K,11.09,14.09,3.0
17860,2640,R,56.56,58.58,2.02
17861,2640,L,53.03,56.56,3.53
17862,2640,S,41.92,53.03,11.11
17863,2640,M,31.32,41.92,10.59
17864,2640,C,15.89,31.32,15.43
17865,2640,A,14.04,15.89,1.85
17866,2640,K,11.04,14.04,3.0
17867,2641,R,56.56,58.59,2.03
17868,2641,L,53.04,56.56,3.52
17869,2641,S,41.92,53.04,11.11
17870,2641,M,31.31,41.92,10.61
17871,2641,C,15.87,31.31,15.44
17872,2641,A,14.0,15.87,1.87
17873,2641,K,11.0,14.0,3.0
17874,2642,R,56.56,58.61,2.04
17875,2642,L,53.05,56.56,3.51
17876,2642,S,41.93,53.05,11.12
17877,2642,M,31.3,41.93,10.63
17878,2642,C,15.85,31.3,15.45
17879,2642,A,13.95,15.85,1.9
17880,2642,K,10.95,13.95,3.0
17881,2643,R,56.57,58.62,2.06
17882,2643,L,53.06,56.57,3.5
17883,2643,S,41.93,53.06,11.13
17884,2643,M,31.29,41.93,10.64
17885,2643,C,15.84,31.29,15.45
17886,2643,A,13.91,15.84,1.93
17887,2643,K,10.91,13.91,3.0
17888,2644,R,56.57,58.64,2.07
17889,2644,L,53.08,56.57,3.49
17890,2644,S,41.94,53.08,11.14
17891,2644,M,31.28,41.94,10.66
17892,2644,C,15.83,31.28,15.45
17893,2644,A,13.87,15.83,1.96
17894,2644,K,10.87,13.87,3.0
17895,2645,R,56.57,58.65,2.08
17896,2645,L,53.09,56.57,3.48
17897,2645,S,41.95,53.09,11.15
17898,2645,M,31.27,41.95,10.67
17899,2645,C,15.81,31.27,15.46
17900,2645,A,13.83,15.81,1.99
17901,2645,K,10.83,13.83,3.0
17902,2646,R,56.58,58.67,2.09
17903,2646,L,53.11,56.58,3.47
17904,2646,S,41.95,53.11,11.15
17905,2646,M,31.27,41.95,10.69
17906,2646,C,15.8,31.27,15.46
17907,2646,A,13.79,15.8,2.01
17908,2646,K,10.79,13.79,3.0
17909,2647,R,56.58,58.69,2.1
17910,2647,L,53.12,56.58,3.46
17911,2647,S,41.96,53.12,11.16
17912,2647,M,31.26,41.96,10.7
17913,2647,C,15.8,31.26,15.46
17914,2647,A,13.76,15.8,2.04
17915,2647,K,10.76,13.76,3.0
17916,2648,R,56.59,58.7,2.11
17917,2648,L,53.14,56.59,3.45
17918,2648,S,41.97,53.14,11.17
17919,2648,M,31.26,41.97,10.72
17920,2648,C,15.79,31.26,15.47
17921,2648,A,13.72,15.79,2.07
17922,2648,K,10.72,13.72,3.0
17923,2649,R,56.59,58.72,2.12
17924,2649,L,53.15,56.59,3.44
17925,2649,S,41.98,53.15,11.17
17926,2649,M,31.25,41.98,10.73
17927,2649,C,15.78,31.25,15.47
17928,2649,A,13.69,15.78,2.09
17929,2649,K,10.69,13.69,3.0
17930,2650,R,56.6,58.73,2.14
17931,2650,L,53.17,56.6,3.43
17932,2650,S,41.99,53.17,11.18
17933,2650,M,31.25,41.99,10.74
17934,2650,C,15.78,31.25,15.47
17935,2650,A,13.66,15.78,2.12
17936,2650,K,10.66,13.66,3.0
17937,2651,R,56.6,58.75,2.15
17938,2651,L,53.18,56.6,3.42
17939,2651,S,42.0,53.18,11.18
17940,2651,M,31.25,42.0,10.75
17941,2651,C,15.78,31.25,15.47
17942,2651,A,13.63,15.78,2.14
17943,2651,K,10.63,13.63,3.0
17944,2652,R,56.61,58.76,2.16
17945,2652,L,53.2,56.61,3.41
17946,2652,S,42.01,53.2,11.19
17947,2652,M,31.25,42.01,10.77
17948,2652,C,15.78,31.25,15.47
17949,2652,A,13.61,15.78,2.17
17950,2652,K,10.61,13.61,3.0
17951,2653,R,56.61,58.78,2.17
17952,2653,L,53.21,56.61,3.4
17953,2653,S,42.02,53.21,11.19
17954,2653,M,31.25,42.02,10.78
17955,2653,C,15.78,31.25,15.47
17956,2653,A,13.58,15.78,2.2
17957,2653,K,10.58,13.58,3.0
17958,2654,R,56.61,58.79,2.18
17959,2654,L,53.23,56.61,3.38
17960,2654,S,42.04,53.23,11.19
17961,2654,M,31.25,42.04,10.79
17962,2654,C,15.78,31.25,15.47
17963,2654,A,13.56,15.78,2.22
17964,2654,K,10.56,13.56,3.0
17965,2655,R,56.62,58.81,2.19
17966,2655,L,53.25,56.62,3.37
17967,2655,S,42.05,53.25,11.2
17968,2655,M,31.25,42.05,10.8
17969,2655,C,15.78,31.25,15.47
17970,2655,A,13.54,15.78,2.25
17971,2655,K,10.54,13.54,3.0
17972,2656,R,56.62,58.82,2.2
17973,2656,L,53.26,56.62,3.36
17974,2656,S,42.06,53.26,11.2
17975,2656,M,31.25,42.06,10.81
17976,2656,C,15.79,31.25,15.46
17977,2656,A,13.52,15.79,2.27
17978,2656,K,10.52,13.52,3.0
17979,2657,R,56.63,58.84,2.21
17980,2657,L,53.28,56.63,3.35
17981,2657,S,42.08,53.28,11.2
17982,2657,M,31.26,42.08,10.82
17983,2657,C,15.8,31.26,15.46
17984,2657,A,13.5,15.8,2.29
17985,2657,K,10.5,13.5,3.0
17986,2658,R,56.63,58.85,2.22
17987,2658,L,53.3,56.63,3.33
17988,2658,S,42.09,53.3,11.21
17989,2658,M,31.26,42.09,10.83
17990,2658,C,15.81,31.26,15.46
17991,2658,A,13.49,15.81,2.32
17992,2658,K,10.49,13.49,3.0
17993,2659,R,56.64,58.86,2.23
17994,2659,L,53.32,56.64,3.32
17995,2659,S,42.11,53.32,11.21
17996,2659,M,31.27,42.11,10.84
17997,2659,C,15.82,31.27,15.45
17998,2659,A,13.48,15.82,2.34
17999,2659,K,10.48,13.48,3.0
18000,2660,R,56.64,58.88,2.24
18001,2660,L,53.33,56.64,3.31
18002,2660,S,42.12,53.33,11.21
18003,2660,M,31.28,42.12,10.85
18004,2660,C,15.83,31.28,15.45
18005,2660,A,13.46,15.83,2.36
18006,2660,K,10.46,13.46,3.0
18007,2661,R,56.65,58.89,2.24
18008,2661,L,53.35,56.65,3.29
18009,2661,S,42.14,53.35,11.21
18010,2661,M,31.28,42.14,10.85
18011,2661,C,15.84,31.28,15.44
18012,2661,A,13.46,15.84,2.39
18013,2661,K,10.46,13.46,3.0
18014,2662,R,56.65,58.9,2.25
18015,2662,L,53.37,56.65,3.28
18016,2662,S,42.15,53.37,11.22
18017,2662,M,31.29,42.15,10.86
18018,2662,C,15.86,31.29,15.44
18019,2662,A,13.45,15.86,2.41
18020,2662,K,10.45,13.45,3.0
18021,2663,R,56.66,58.92,2.26
18022,2663,L,53.39,56.66,3.27
18023,2663,S,42.17,53.39,11.22
18024,2663,M,31.3,42.17,10.87
18025,2663,C,15.87,31.3,15.43
18026,2663,A,13.44,15.87,2.43
18027,2663,K,10.44,13.44,3.0
18028,2664,R,56.66,58.93,2.27
18029,2664,L,53.41,56.66,3.25
18030,2664,S,42.19,53.41,11.22
18031,2664,M,31.31,42.19,10.88
18032,2664,C,15.89,31.31,15.42
18033,2664,A,13.44,15.89,2.45
18034,2664,K,10.44,13.44,3.0
18035,2665,R,56.66,58.94,2.28
18036,2665,L,53.43,56.66,3.24
18037,2665,S,42.21,53.43,11.22
18038,2665,M,31.32,42.21,10.88
18039,2665,C,15.91,31.32,15.41
18040,2665,A,13.44,15.91,2.47
18041,2665,K,10.44,13.44,3.0
18042,2666,R,56.67,58.96,2.29
18043,2666,L,53.44,56.67,3.22
18044,2666,S,42.23,53.44,11.22
18045,2666,M,31.33,42.23,10.89
18046,2666,C,15.93,31.33,15.4
18047,2666,A,13.44,15.93,2.49
18048,2666,K,10.44,13.44,3.0
18049,2667,R,56.67,58.97,2.3
18050,2667,L,53.46,56.67,3.21
18051,2667,S,42.24,53.46,11.22
18052,2667,M,31.35,42.24,10.9
18053,2667,C,15.95,31.35,15.4
18054,2667,A,13.44,15.95,2.52
18055,2667,K,10.44,13.44,3.0
18056,2668,R,56.68,58.98,2.3
18057,2668,L,53.48,56.68,3.19
18058,2668,S,42.26,53.48,11.22
18059,2668,M,31.36,42.26,10.9
18060,2668,C,15.98,31.36,15.39
18061,2668,A,13.44,15.98,2.54
18062,2668,K,10.44,13.44,3.0
18063,2669,R,56.68,58.99,2.31
18064,2669,L,53.5,56.68,3.18
18065,2669,S,42.28,53.5,11.22
18066,2669,M,31.37,42.28,10.91
18067,2669,C,16.0,31.37,15.37
18068,2669,A,13.44,16.0,2.56
18069,2669,K,10.44,13.44,3.0
18070,2670,R,56.69,59.0,2.32
18071,2670,L,53.52,56.69,3.16
18072,2670,S,42.3,53.52,11.22
18073,2670,M,31.39,42.3,10.91
18074,2670,C,16.03,31.39,15.36
18075,2670,A,13.45,16.03,2.58
18076,2670,K,10.45,13.45,3.0
18077,2671,R,56.69,59.01,2.33
18078,2671,L,53.54,56.69,3.15
18079,2671,S,42.32,53.54,11.22
18080,2671,M,31.4,42.32,10.92
18081,2671,C,16.05,31.4,15.35
18082,2671,A,13.46,16.05,2.59
18083,2671,K,10.46,13.46,3.0
18084,2672,R,56.69,59.02,2.33
18085,2672,L,53.56,56.69,3.13
18086,2672,S,42.34,53.56,11.21
18087,2672,M,31.42,42.34,10.92
18088,2672,C,16.08,31.42,15.34
18089,2672,A,13.47,16.08,2.61
18090,2672,K,10.47,13.47,3.0
18091,2673,R,56.7,59.04,2.34
18092,2673,L,53.58,56.7,3.12
18093,2673,S,42.37,53.58,11.21
18094,2673,M,31.44,42.37,10.93
18095,2673,C,16.11,31.44,15.33
18096,2673,A,13.48,16.11,2.63
18097,2673,K,10.48,13.48,3.0
18098,2674,R,56.7,59.05,2.35
18099,2674,L,53.6,56.7,3.1
18100,2674,S,42.39,53.6,11.21
18101,2674,M,31.45,42.39,10.93
18102,2674,C,16.14,31.45,15.31
18103,2674,A,13.49,16.14,2.65
18104,2674,K,10.49,13.49,3.0
18105,2675,R,56.7,59.06,2.35
18106,2675,L,53.62,56.7,3.09
18107,2675,S,42.41,53.62,11.21
18108,2675,M,31.47,42.41,10.94
18109,2675,C,16.18,31.47,15.3
18110,2675,A,13.51,16.18,2.67
18111,2675,K,10.51,13.51,3.0
18112,2676,R,56.71,59.06,2.36
18113,2676,L,53.64,56.71,3.07
18114,2676,S,42.43,53.64,11.21
18115,2676,M,31.49,42.43,10.94
18116,2676,C,16.21,31.49,15.28
18117,2676,A,13.53,16.21,2.68
18118,2676,K,10.53,13.53,3.0
18119,2677,R,56.71,59.07,2.36
18120,2677,L,53.66,56.71,3.05
18121,2677,S,42.45,53.66,11.2
18122,2677,M,31.51,42.45,10.94
18123,2677,C,16.24,31.51,15.27
18124,2677,A,13.54,16.24,2.7
18125,2677,K,10.54,13.54,3.0
18126,2678,R,56.71,59.08,2.37
18127,2678,L,53.68,56.71,3.04
18128,2678,S,42.48,53.68,11.2
18129,2678,M,31.53,42.48,10.95
18130,2678,C,16.28,31.53,15.25
18131,2678,A,13.56,16.28,2.72
18132,2678,K,10.56,13.56,3.0
18133,2679,R,56.71,59.09,2.38
18134,2679,L,53.7,56.71,3.02
18135,2679,S,42.5,53.7,11.2
18136,2679,M,31.55,42.5,10.95
18137,2679,C,16.32,31.55,15.23
18138,2679,A,13.58,16.32,2.73
18139,2679,K,10.58,13.58,3.0
18140,2680,R,56.72,59.1,2.38
18141,2680,L,53.72,56.72,3.0
18142,2680,S,42.52,53.72,11.2
18143,2680,M,31.57,42.52,10.95
18144,2680,C,16.36,31.57,15.21
18145,2680,A,13.61,16.36,2.75
18146,2680,K,10.61,13.61,3.0
18147,2681,R,56.72,59.11,2.39
18148,2681,L,53.74,56.72,2.98
18149,2681,S,42.54,53.74,11.19
18150,2681,M,31.59,42.54,10.95
18151,2681,C,16.4,31.59,15.2
18152,2681,A,13.63,16.4,2.76
18153,2681,K,10.63,13.63,3.0
18154,2682,R,56.72,59.11,2.39
18155,2682,L,53.75,56.72,2.97
18156,2682,S,42.57,53.75,11.19
18157,2682,M,31.61,42.57,10.95
18158,2682,C,16.44,31.61,15.18
18159,2682,A,13.66,16.44,2.78
18160,2682,K,10.66,13.66,3.0
18161,2683,R,56.72,59.12,2.4
18162,2683,L,53.77,56.72,2.95
18163,2683,S,42.59,53.77,11.18
18164,2683,M,31.63,42.59,10.96
18165,2683,C,16.48,31.63,15.16
18166,2683,A,13.68,16.48,2.79
18167,2683,K,10.68,13.68,3.0
18168,2684,R,56.73,59.13,2.4
18169,2684,L,53.79,56.73,2.93
18170,2684,S,42.61,53.79,11.18
18171,2684,M,31.66,42.61,10.96
18172,2684,C,16.52,31.66,15.14
18173,2684,A,13.71,16.52,2.81
18174,2684,K,10.71,13.71,3.0
18175,2685,R,56.73,59.13,2.41
18176,2685,L,53.81,56.73,2.91
18177,2685,S,42.64,53.81,11.18
18178,2685,M,31.68,42.64,10.96
18179,2685,C,16.56,31.68,15.12
18180,2685,A,13.74,16.56,2.82
18181,2685,K,10.74,13.74,3.0
18182,2686,R,56.73,59.14,2.41
18183,2686,L,53.83,56.73,2.9
18184,2686,S,42.66,53.83,11.17
18185,2686,M,31.7,42.66,10.96
18186,2686,C,16.61,31.7,15.09
18187,2686,A,13.77,16.61,2.84
18188,2686,K,10.77,13.77,3.0
18189,2687,R,56.73,59.14,2.41
18190,2687,L,53.85,56.73,2.88
18191,2687,S,42.68,53.85,11.17
18192,2687,M,31.73,42.68,10.96
18193,2687,C,16.65,31.73,15.07
18194,2687,A,13.8,16.65,2.85
18195,2687,K,10.8,13.8,3.0
18196,2688,R,56.73,59.15,2.42
18197,2688,L,53.87,56.73,2.86
18198,2688,S,42.71,53.87,11.16
18199,2688,M,31.75,42.71,10.96
18200,2688,C,16.7,31.75,15.05
18201,2688,A,13.84,16.7,2.86
18202,2688,K,10.84,13.84,3.0
18203,2689,R,56.73,59.15,2.42
18204,2689,L,53.89,56.73,2.84
18205,2689,S,42.73,53.89,11.16
18206,2689,M,31.77,42.73,10.96
18207,2689,C,16.75,31.77,15.03
18208,2689,A,13.87,16.75,2.87
18209,2689,K,10.87,13.87,3.0
18210,2690,R,56.73,59.16,2.43
18211,2690,L,53.91,56.73,2.82
18212,2690,S,42.76,53.91,11.15
18213,2690,M,31.8,42.76,10.96
18214,2690,C,16.79,31.8,15.0
18215,2690,A,13.91,16.79,2.88
18216,2690,K,10.91,13.91,3.0
18217,2691,R,56.73,59.16,2.43
18218,2691,L,53.93,56.73,2.8
18219,2691,S,42.78,53.93,11.15
18220,2691,M,31.82,42.78,10.96
18221,2691,C,16.84,31.82,14.98
18222,2691,A,13.95,16.84,2.9
18223,2691,K,10.95,13.95,3.0
18224,2692,R,56.73,59.16,2.43
18225,2692,L,53.95,56.73,2.79
18226,2692,S,42.8,53.95,11.14
18227,2692,M,31.84,42.8,10.96
18228,2692,C,16.89,31.84,14.95
18229,2692,A,13.99,16.89,2.91
18230,2692,K,10.99,13.99,3.0
18231,2693,R,56.73,59.17,2.43
18232,2693,L,53.96,56.73,2.77
18233,2693,S,42.83,53.96,11.14
18234,2693,M,31.87,42.83,10.96
18235,2693,C,16.94,31.87,14.93
18236,2693,A,14.03,16.94,2.92
18237,2693,K,11.03,14.03,3.0
18238,2694,R,56.73,59.17,2.44
18239,2694,L,53.98,56.73,2.75
18240,2694,S,42.85,53.98,11.13
18241,2694,M,31.89,42.85,10.96
18242,2694,C,16.99,31.89,14.9
18243,2694,A,14.07,16.99,2.93
18244,2694,K,11.07,14.07,3.0
18245,2695,R,56.73,59.17,2.44
18246,2695,L,54.0,56.73,2.73
18247,2695,S,42.88,54.0,11.12
18248,2695,M,31.92,42.88,10.96
18249,2695,C,17.05,31.92,14.87
18250,2695,A,14.11,17.05,2.94
18251,2695,K,11.11,14.11,3.0
18252,2696,R,56.73,59.17,2.44
18253,2696,L,54.02,56.73,2.71
18254,2696,S,42.9,54.02,11.12
18255,2696,M,31.94,42.9,10.96
18256,2696,C,17.1,31.94,14.84
18257,2696,A,14.15,17.1,2.95
18258,2696,K,11.15,14.15,3.0
18259,2697,R,56.73,59.17,2.44
18260,2697,L,54.04,56.73,2.69
18261,2697,S,42.92,54.04,11.11
18262,2697,M,31.97,42.92,10.96
18263,2697,C,17.15,31.97,14.82
18264,2697,A,14.2,17.15,2.96
18265,2697,K,11.2,14.2,3.0
18266,2698,R,56.73,59.17,2.45
18267,2698,L,54.05,56.73,2.67
18268,2698,S,42.95,54.05,11.11
18269,2698,M,31.99,42.95,10.96
18270,2698,C,17.21,31.99,14.79
18271,2698,A,14.24,17.21,2.96
18272,2698,K,11.24,14.24,3.0
18273,2699,R,56.72,59.17,2.45
18274,2699,L,54.07,56.72,2.65
18275,2699,S,42.97,54.07,11.1
18276,2699,M,32.02,42.97,10.95
18277,2699,C,17.26,32.02,14.76
18278,2699,A,14.29,17.26,2.97
18279,2699,K,11.29,14.29,3.0
18280,2700,R,56.72,59.17,2.45
18281,2700,L,54.09,56.72,2.63
18282,2700,S,43.0,54.09,11.09
18283,2700,M,32.04,43.0,10.95
18284,2700,C,17.32,32.04,14.73
18285,2700,A,14.34,17.32,2.98
18286,2700,K,11.34,14.34,3.0
18287,2701,R,56.72,59.17,2.45
18288,2701,L,54.1,56.72,2.61
18289,2701,S,43.02,54.1,11.09
18290,2701,M,32.07,43.02,10.95
18291,2701,C,17.37,32.07,14.7
18292,2701,A,14.38,17.37,2.99
18293,2701,K,11.38,14.38,3.0
18294,2702,R,56.72,59.17,2.45
18295,2702,L,54.12,56.72,2.59
18296,2702,S,43.04,54.12,11.08
18297,2702,M,32.09,43.04,10.95
18298,2702,C,17.43,32.09,14.66
18299,2702,A,14.43,17.43,3.0
18300,2702,K,11.43,14.43,3.0
18301,2703,R,56.71,59.17,2.45
18302,2703,L,54.14,56.71,2.57
18303,2703,S,43.06,54.14,11.07
18304,2703,M,32.12,43.06,10.95
18305,2703,C,17.48,32.12,14.63
18306,2703,A,14.48,17.48,3.0
18307,2703,K,11.48,14.48,3.0
18308,2704,R,56.71,59.16,2.45
18309,2704,L,54.15,56.71,2.55
18310,2704,S,43.09,54.15,11.07
18311,2704,M,32.14,43.09,10.95
18312,2704,C,17.54,32.14,14.6
18313,2704,A,14.53,17.54,3.01
18314,2704,K,11.53,14.53,3.0
18315,2705,R,56.7,59.16,2.45
18316,2705,L,54.17,56.7,2.54
18317,2705,S,43.11,54.17,11.06
18318,2705,M,32.17,43.11,10.94
18319,2705,C,17.6,32.17,14.57
18320,2705,A,14.58,17.6,3.01
18321,2705,K,11.58,14.58,3.0
18322,2706,R,56.7,59.16,2.45
18323,2706,L,54.19,56.7,2.52
18324,2706,S,43.13,54.19,11.05
18325,2706,M,32.19,43.13,10.94
18326,2706,C,17.66,32.19,14.53
18327,2706,A,14.64,17.66,3.02
18328,2706,K,11.64,14.64,3.0
18329,2707,R,56.7,59.15,2.45
18330,2707,L,54.2,56.7,2.5
18331,2707,S,43.16,54.2,11.05
18332,2707,M,32.21,43.16,10.94
18333,2707,C,17.71,32.21,14.5
18334,2707,A,14.69,17.71,3.03
18335,2707,K,11.69,14.69,3.0
18336,2708,R,56.69,59.15,2.46
18337,2708,L,54.22,56.69,2.48
18338,2708,S,43.18,54.22,11.04
18339,2708,M,32.24,43.18,10.94
18340,2708,C,17.77,32.24,14.47
18341,2708,A,14.74,17.77,3.03
18342,2708,K,11.74,14.74,3.0
18343,2709,R,56.69,59.14,2.45
18344,2709,L,54.23,56.69,2.46
18345,2709,S,43.2,54.23,11.03
18346,2709,M,32.26,43.2,10.94
18347,2709,C,17.83,32.26,14.43
18348,2709,A,14.8,17.83,3.04
18349,2709,K,11.8,14.8,3.0
18350,2710,R,56.68,59.13,2.45
18351,2710,L,54.24,56.68,2.44
18352,2710,S,43.22,54.24,11.02
18353,2710,M,32.29,43.22,10.93
18354,2710,C,17.89,32.29,14.39
18355,2710,A,14.85,17.89,3.04
18356,2710,K,11.85,14.85,3.0
18357,2711,R,56.67,59.13,2.45
18358,2711,L,54.26,56.67,2.42
18359,2711,S,43.24,54.26,11.02
18360,2711,M,32.31,43.24,10.93
18361,2711,C,17.95,32.31,14.36
18362,2711,A,14.91,17.95,3.04
18363,2711,K,11.91,14.91,3.0
18364,2712,R,56.67,59.12,2.45
18365,2712,L,54.27,56.67,2.4
18366,2712,S,43.26,54.27,11.01
18367,2712,M,32.33,43.26,10.93
18368,2712,C,18.01,32.33,14.32
18369,2712,A,14.96,18.01,3.05
18370,2712,K,11.96,14.96,3.0
18371,2713,R,56.66,59.11,2.45
18372,2713,L,54.29,56.66,2.38
18373,2713,S,43.28,54.29,11.0
18374,2713,M,32.35,43.28,10.93
18375,2713,C,18.07,32.35,14.29
18376,2713,A,15.02,18.07,3.05
18377,2713,K,12.02,15.02,3.0
18378,2714,R,56.65,59.11,2.45
18379,2714,L,54.3,56.65,2.36
18380,2714,S,43.3,54.3,11.0
18381,2714,M,32.38,43.3,10.93
18382,2714,C,18.13,32.38,14.25
18383,2714,A,15.07,18.13,3.05
18384,2714,K,12.07,15.07,3.0
18385,2715,R,56.65,59.1,2.45
18386,2715,L,54.31,56.65,2.34
18387,2715,S,43.32,54.31,10.99
18388,2715,M,32.4,43.32,10.92
18389,2715,C,18.19,32.4,14.21
18390,2715,A,15.13,18.19,3.06
18391,2715,K,12.13,15.13,3.0
18392,2716,R,56.64,59.09,2.45
18393,2716,L,54.32,56.64,2.32
18394,2716,S,43.34,54.32,10.98
18395,2716,M,32.42,43.34,10.92
18396,2716,C,18.25,32.42,14.17
18397,2716,A,15.19,18.25,3.06
18398,2716,K,12.19,15.19,3.0
18399,2717,R,56.63,59.08,2.45
18400,2717,L,54.34,56.63,2.3
18401,2717,S,43.36,54.34,10.97
18402,2717,M,32.44,43.36,10.92
18403,2717,C,18.31,32.44,14.13
18404,2717,A,15.25,18.31,3.06
18405,2717,K,12.25,15.25,3.0
18406,2718,R,56.62,59.07,2.45
18407,2718,L,54.35,56.62,2.28
18408,2718,S,43.38,54.35,10.97
18409,2718,M,32.46,43.38,10.92
18410,2718,C,18.37,32.46,14.09
18411,2718,A,15.31,18.37,3.06
18412,2718,K,12.31,15.31,3.0
18413,2719,R,56.61,59.06,2.44
18414,2719,L,54.36,56.61,2.26
18415,2719,S,43.4,54.36,10.96
18416,2719,M,32.48,43.4,10.92
18417,2719,C,18.43,32.48,14.05
18418,2719,A,15.36,18.43,3.06
18419,2719,K,12.36,15.36,3.0
18420,2720,R,56.6,59.05,2.44
18421,2720,L,54.37,56.6,2.24
18422,2720,S,43.42,54.37,10.95
18423,2720,M,32.5,43.42,10.92
18424,2720,C,18.49,32.5,14.01
18425,2720,A,15.42,18.49,3.07
18426,2720,K,12.42,15.42,3.0
18427,2721,R,56.59,59.03,2.44
18428,2721,L,54.38,56.59,2.22
18429,2721,S,43.43,54.38,10.95
18430,2721,M,32.52,43.43,10.91
18431,2721,C,18.55,32.52,13.97
18432,2721,A,15.48,18.55,3.07
18433,2721,K,12.48,15.48,3.0
18434,2722,R,56.58,59.02,2.44
18435,2722,L,54.39,56.58,2.2
18436,2722,S,43.45,54.39,10.94
18437,2722,M,32.54,43.45,10.91
18438,2722,C,18.61,32.54,13.93
18439,2722,A,15.54,18.61,3.07
18440,2722,K,12.54,15.54,3.0
18441,2723,R,56.57,59.01,2.43
18442,2723,L,54.4,56.57,2.18
18443,2723,S,43.47,54.4,10.93
18444,2723,M,32.56,43.47,10.91
18445,2723,C,18.67,32.56,13.89
18446,2723,A,15.6,18.67,3.07
18447,2723,K,12.6,15.6,3.0
18448,2724,R,56.56,59.0,2.43
18449,2724,L,54.41,56.56,2.16
18450,2724,S,43.48,54.41,10.92
18451,2724,M,32.57,43.48,10.91
18452,2724,C,18.73,32.57,13.85
18453,2724,A,15.66,18.73,3.07
18454,2724,K,12.66,15.66,3.0
18455,2725,R,56.55,58.98,2.43
18456,2725,L,54.42,56.55,2.14
18457,2725,S,43.5,54.42,10.92
18458,2725,M,32.59,43.5,10.91
18459,2725,C,18.78,32.59,13.81
18460,2725,A,15.72,18.78,3.07
18461,2725,K,12.72,15.72,3.0
18462,2726,R,56.54,58.97,2.43
18463,2726,L,54.42,56.54,2.12
18464,2726,S,43.51,54.42,10.91
18465,2726,M,32.61,43.51,10.91
18466,2726,C,18.84,32.61,13.76
18467,2726,A,15.78,18.84,3.07
18468,2726,K,12.78,15.78,3.0
18469,2727,R,56.53,58.95,2.42
18470,2727,L,54.43,56.53,2.1
18471,2727,S,43.53,54.43,10.9
18472,2727,M,32.62,43.53,10.9
18473,2727,C,18.9,32.62,13.72
18474,2727,A,15.84,18.9,3.07
18475,2727,K,12.84,15.84,3.0
18476,2728,R,56.52,58.94,2.42
18477,2728,L,54.44,56.52,2.08
18478,2728,S,43.54,54.44,10.9
18479,2728,M,32.64,43.54,10.9
18480,2728,C,18.96,32.64,13.68
18481,2728,A,15.9,18.96,3.06
18482,2728,K,12.9,15.9,3.0
18483,2729,R,56.5,58.92,2.42
18484,2729,L,54.45,56.5,2.06
18485,2729,S,43.55,54.45,10.89
18486,2729,M,32.65,43.55,10.9
18487,2729,C,19.02,32.65,13.63
18488,2729,A,15.95,19.02,3.06
18489,2729,K,12.95,15.95,3.0
18490,2730,R,56.49,58.9,2.41
18491,2730,L,54.45,56.49,2.04
18492,2730,S,43.57,54.45,10.88
18493,2730,M,32.67,43.57,10.9
18494,2730,C,19.08,32.67,13.59
18495,2730,A,16.01,19.08,3.06
18496,2730,K,13.01,16.01,3.0
18497,2731,R,56.48,58.89,2.41
18498,2731,L,54.46,56.48,2.02
18499,2731,S,43.58,54.46,10.88
18500,2731,M,32.68,43.58,10.9
18501,2731,C,19.13,32.68,13.55
18502,2731,A,16.07,19.13,3.06
18503,2731,K,13.07,16.07,3.0
18504,2732,R,56.46,58.87,2.41
18505,2732,L,54.46,56.46,2.0
18506,2732,S,43.59,54.46,10.87
18507,2732,M,32.69,43.59,10.9
18508,2732,C,19.19,32.69,13.5
18509,2732,A,16.13,19.19,3.06
18510,2732,K,13.13,16.13,3.0
18511,2733,R,56.45,58.85,2.4
18512,2733,L,54.47,56.45,1.98
18513,2733,S,43.6,54.47,10.87
18514,2733,M,32.7,43.6,10.9
18515,2733,C,19.25,32.7,13.46
18516,2733,A,16.19,19.25,3.06
18517,2733,K,13.19,16.19,3.0
18518,2734,R,56.43,58.83,2.4
18519,2734,L,54.47,56.43,1.96
18520,2734,S,43.61,54.47,10.86
18521,2734,M,32.71,43.61,10.9
18522,2734,C,19.3,32.71,13.41
18523,2734,A,16.25,19.3,3.05
18524,2734,K,13.25,16.25,3.0
18525,2735,R,56.42,58.81,2.39
18526,2735,L,54.48,56.42,1.94
18527,2735,S,43.62,54.48,10.85
18528,2735,M,32.72,43.62,10.9
18529,2735,C,19.36,32.72,13.37
18530,2735,A,16.3,19.36,3.05
18531,2735,K,13.3,16.3,3.0
18532,2736,R,56.4,58.79,2.39
18533,2736,L,54.48,56.4,1.92
18534,2736,S,43.63,54.48,10.85
18535,2736,M,32.73,43.63,10.9
18536,2736,C,19.41,32.73,13.32
18537,2736,A,16.36,19.41,3.05
18538,2736,K,13.36,16.36,3.0
18539,2737,R,56.39,58.77,2.38
18540,2737,L,54.48,56.39,1.91
18541,2737,S,43.64,54.48,10.84
18542,2737,M,32.74,43.64,10.9
18543,2737,C,19.47,32.74,13.28
18544,2737,A,16.42,19.47,3.05
18545,2737,K,13.42,16.42,3.0
18546,2738,R,56.37,58.75,2.38
18547,2738,L,54.49,56.37,1.89
18548,2738,S,43.65,54.49,10.84
18549,2738,M,32.75,43.65,10.9
18550,2738,C,19.52,32.75,13.23
18551,2738,A,16.48,19.52,3.04
18552,2738,K,13.48,16.48,3.0
18553,2739,R,56.35,58.73,2.37
18554,2739,L,54.49,56.35,1.87
18555,2739,S,43.66,54.49,10.83
18556,2739,M,32.76,43.66,10.9
18557,2739,C,19.57,32.76,13.18
18558,2739,A,16.53,19.57,3.04
18559,2739,K,13.53,16.53,3.0
18560,2740,R,56.34,58.71,2.37
18561,2740,L,54.49,56.34,1.85
18562,2740,S,43.66,54.49,10.83
18563,2740,M,32.76,43.66,10.9
18564,2740,C,19.62,32.76,13.14
18565,2740,A,16.59,19.62,3.04
18566,2740,K,13.59,16.59,3.0
18567,2741,R,56.32,58.69,2.37
18568,2741,L,54.49,56.32,1.83
18569,2741,S,43.67,54.49,10.82
18570,2741,M,32.77,43.67,10.9
18571,2741,C,19.68,32.77,13.09
18572,2741,A,16.64,19.68,3.03
18573,2741,K,13.64,16.64,3.0
18574,2742,R,56.3,58.66,2.36
18575,2742,L,54.49,56.3,1.81
18576,2742,S,43.67,54.49,10.82
18577,2742,M,32.77,43.67,10.9
18578,2742,C,19.73,32.77,13.04
18579,2742,A,16.7,19.73,3.03
18580,2742,K,13.7,16.7,3.0
18581,2743,R,56.28,58.64,2.36
18582,2743,L,54.49,56.28,1.79
18583,2743,S,43.68,54.49,10.81
18584,2743,M,32.77,43.68,10.9
18585,2743,C,19.78,32.77,13.0
18586,2743,A,16.75,19.78,3.03
18587,2743,K,13.75,16.75,3.0
18588,2744,R,56.27,58.62,2.35
18589,2744,L,54.49,56.27,1.78
18590,2744,S,43.68,54.49,10.81
18591,2744,M,32.78,43.68,10.91
18592,2744,C,19.83,32.78,12.95
18593,2744,A,16.8,19.83,3.02
18594,2744,K,13.8,16.8,3.0
18595,2745,R,56.25,58.59,2.34
18596,2745,L,54.49,56.25,1.76
18597,2745,S,43.69,54.49,10.8
18598,2745,M,32.78,43.69,10.91
18599,2745,C,19.88,32.78,12.9
18600,2745,A,16.86,19.88,3.02
18601,2745,K,13.86,16.86,3.0
18602,2746,R,56.23,58.57,2.34
18603,2746,L,54.49,56.23,1.74
18604,2746,S,43.69,54.49,10.8
18605,2746,M,32.78,43.69,10.91
18606,2746,C,19.92,32.78,12.86
18607,2746,A,16.91,19.92,3.02
18608,2746,K,13.91,16.91,3.0
18609,2747,R,56.21,58.54,2.33
18610,2747,L,54.48,56.21,1.72
18611,2747,S,43.69,54.48,10.79
18612,2747,M,32.78,43.69,10.91
18613,2747,C,19.97,32.78,12.81
18614,2747,A,16.96,19.97,3.01
18615,2747,K,13.96,16.96,3.0
18616,2748,R,56.19,58.52,2.33
18617,2748,L,54.48,56.19,1.71
18618,2748,S,43.69,54.48,10.79
18619,2748,M,32.78,43.69,10.91
18620,2748,C,20.02,32.78,12.76
18621,2748,A,17.01,20.02,3.01
18622,2748,K,14.01,17.01,3.0
18623,2749,R,56.17,58.49,2.32
18624,2749,L,54.48,56.17,1.69
18625,2749,S,43.69,54.48,10.78
18626,2749,M,32.78,43.69,10.92
18627,2749,C,20.06,32.78,12.71
18628,2749,A,17.06,20.06,3.0
18629,2749,K,14.06,17.06,3.0
18630,2750,R,56.15,58.46,2.32
18631,2750,L,54.47,56.15,1.67
18632,2750,S,43.69,54.47,10.78
18633,2750,M,32.77,43.69,10.92
18634,2750,C,20.11,32.77,12.67
18635,2750,A,17.11,20.11,3.0
18636,2750,K,14.11,17.11,3.0
18637,2751,R,56.12,58.44,2.31
18638,2751,L,54.47,56.12,1.66
18639,2751,S,43.69,54.47,10.78
18640,2751,M,32.77,43.69,10.92
18641,2751,C,20.15,32.77,12.62
18642,2751,A,17.16,20.15,2.99
18643,2751,K,14.16,17.16,3.0
18644,2752,R,56.1,58.41,2.31
18645,2752,L,54.46,56.1,1.64
18646,2752,S,43.69,54.46,10.77
18647,2752,M,32.76,43.69,10.93
18648,2752,C,20.19,32.76,12.57
18649,2752,A,17.2,20.19,2.99
18650,2752,K,14.2,17.2,3.0
18651,2753,R,56.08,58.38,2.3
18652,2753,L,54.46,56.08,1.62
18653,2753,S,43.69,54.46,10.77
18654,2753,M,32.76,43.69,10.93
18655,2753,C,20.24,32.76,12.52
18656,2753,A,17.25,20.24,2.99
18657,2753,K,14.25,17.25,3.0
18658,2754,R,56.06,58.35,2.29
18659,2754,L,54.45,56.06,1.61
18660,2754,S,43.68,54.45,10.77
18661,2754,M,32.75,43.68,10.93
18662,2754,C,20.28,32.75,12.47
18663,2754,A,17.29,20.28,2.98
18664,2754,K,14.29,17.29,3.0
18665,2755,R,56.04,58.32,2.29
18666,2755,L,54.45,56.04,1.59
18667,2755,S,43.68,54.45,10.77
18668,2755,M,32.74,43.68,10.94
18669,2755,C,20.32,32.74,12.43
18670,2755,A,17.34,20.32,2.98
18671,2755,K,14.34,17.34,3.0
18672,2756,R,56.01,58.3,2.28
18673,2756,L,54.44,56.01,1.57
18674,2756,S,43.68,54.44,10.76
18675,2756,M,32.73,43.68,10.94
18676,2756,C,20.35,32.73,12.38
18677,2756,A,17.38,20.35,2.97
18678,2756,K,14.38,17.38,3.0
18679,2757,R,55.99,58.27,2.28
18680,2757,L,54.43,55.99,1.56
18681,2757,S,43.67,54.43,10.76
18682,2757,M,32.72,43.67,10.95
18683,2757,C,20.39,32.72,12.33
18684,2757,A,17.42,20.39,2.97
18685,2757,K,14.42,17.42,3.0
18686,2758,R,55.97,58.24,2.27
18687,2758,L,54.42,55.97,1.54
18688,2758,S,43.66,54.42,10.76
18689,2758,M,32.71,43.66,10.95
18690,2758,C,20.43,32.71,12.28
18691,2758,A,17.46,20.43,2.96
18692,2758,K,14.46,17.46,3.0
18693,2759,R,55.94,58.21,2.26
18694,2759,L,54.41,55.94,1.53
18695,2759,S,43.66,54.41,10.76
18696,2759,M,32.7,43.66,10.96
18697,2759,C,20.46,32.7,12.24
18698,2759,A,17.5,20.46,2.96
18699,2759,K,14.5,17.5,3.0
18700,2760,R,55.92,58.18,2.26
18701,2760,L,54.4,55.92,1.51
18702,2760,S,43.65,54.4,10.76
18703,2760,M,32.69,43.65,10.96
18704,2760,C,20.5,32.69,12.19
18705,2760,A,17.54,20.5,2.95
18706,2760,K,14.54,17.54,3.0
18707,2761,R,55.89,58.14,2.25
18708,2761,L,54.39,55.89,1.5
18709,2761,S,43.64,54.39,10.75
18710,2761,M,32.67,43.64,10.97
18711,2761,C,20.53,32.67,12.14
18712,2761,A,17.58,20.53,2.95
18713,2761,K,14.58,17.58,3.0
18714,2762,R,55.87,58.11,2.25
18715,2762,L,54.38,55.87,1.48
18716,2762,S,43.63,54.38,10.75
18717,2762,M,32.66,43.63,10.97
18718,2762,C,20.56,32.66,12.09
18719,2762,A,17.62,20.56,2.95
18720,2762,K,14.62,17.62,3.0
18721,2763,R,55.84,58.08,2.24
18722,2763,L,54.37,55.84,1.47
18723,2763,S,43.62,54.37,10.75
18724,2763,M,32.64,43.62,10.98
18725,2763,C,20.6,32.64,12.05
18726,2763,A,17.65,20.6,2.94
18727,2763,K,14.65,17.65,3.0
18728,2764,R,55.82,58.05,2.23
18729,2764,L,54.36,55.82,1.46
18730,2764,S,43.61,54.36,10.75
18731,2764,M,32.62,43.61,10.99
18732,2764,C,20.63,32.62,12.0
18733,2764,A,17.69,20.63,2.94
18734,2764,K,14.69,17.69,3.0
18735,2765,R,55.79,58.02,2.23
18736,2765,L,54.35,55.79,1.44
18737,2765,S,43.6,54.35,10.75
18738,2765,M,32.6,43.6,10.99
18739,2765,C,20.65,32.6,11.95
18740,2765,A,17.72,20.65,2.93
18741,2765,K,14.72,17.72,3.0
18742,2766,R,55.76,57.98,2.22
18743,2766,L,54.34,55.76,1.43
18744,2766,S,43.59,54.34,10.75
18745,2766,M,32.59,43.59,11.0
18746,2766,C,20.68,32.59,11.9
18747,2766,A,17.75,20.68,2.93
18748,2766,K,14.75,17.75,3.0
18749,2767,R,55.74,57.95,2.21
18750,2767,L,54.32,55.74,1.41
18751,2767,S,43.57,54.32,10.75
18752,2767,M,32.56,43.57,11.01
18753,2767,C,20.71,32.56,11.86
18754,2767,A,17.78,20.71,2.93
18755,2767,K,14.78,17.78,3.0
18756,2768,R,55.71,57.92,2.21
18757,2768,L,54.31,55.71,1.4
18758,2768,S,43.56,54.31,10.75
18759,2768,M,32.54,43.56,11.02
18760,2768,C,20.73,32.54,11.81
18761,2768,A,17.81,20.73,2.92
18762,2768,K,14.81,17.81,3.0
18763,2769,R,55.68,57.88,2.2
18764,2769,L,54.3,55.68,1.39
18765,2769,S,43.55,54.3,10.75
18766,2769,M,32.52,43.55,11.03
18767,2769,C,20.76,32.52,11.76
18768,2769,A,17.84,20.76,2.92
18769,2769,K,14.84,17.84,3.0
18770,2770,R,55.66,57.85,2.19
18771,2770,L,54.28,55.66,1.37
18772,2770,S,43.53,54.28,10.75
18773,2770,M,32.5,43.53,11.03
18774,2770,C,20.78,32.5,11.72
18775,2770,A,17.87,20.78,2.91
18776,2770,K,14.87,17.87,3.0
18777,2771,R,55.63,57.82,2.19
18778,2771,L,54.27,55.63,1.36
18779,2771,S,43.51,54.27,10.75
18780,2771,M,32.47,43.51,11.04
18781,2771,C,20.8,32.47,11.67
18782,2771,A,17.89,20.8,2.91
18783,2771,K,14.89,17.89,3.0
18784,2772,R,55.6,57.78,2.18
18785,2772,L,54.25,55.6,1.35
18786,2772,S,43.5,54.25,10.75
18787,2772,M,32.45,43.5,11.05
18788,2772,C,20.82,32.45,11.63
18789,2772,A,17.91,20.82,2.91
18790,2772,K,14.91,17.91,3.0
18791,2773,R,55.57,57.75,2.18
18792,2773,L,54.23,55.57,1.34
18793,2773,S,43.48,54.23,10.75
18794,2773,M,32.42,43.48,11.06
18795,2773,C,20.84,32.42,11.58
18796,2773,A,17.94,20.84,2.9
18797,2773,K,14.94,17.94,3.0
18798,2774,R,55.54,57.71,2.17
18799,2774,L,54.22,55.54,1.33
18800,2774,S,43.46,54.22,10.76
18801,2774,M,32.39,43.46,11.07
18802,2774,C,20.86,32.39,11.53
18803,2774,A,17.96,20.86,2.9
18804,2774,K,14.96,17.96,3.0
18805,2775,R,55.52,57.68,2.16
18806,2775,L,54.2,55.52,1.31
18807,2775,S,43.44,54.2,10.76
18808,2775,M,32.36,43.44,11.08
18809,2775,C,20.87,32.36,11.49
18810,2775,A,17.98,20.87,2.9
18811,2775,K,14.98,17.98,3.0
18812,2776,R,55.49,57.64,2.16
18813,2776,L,54.18,55.49,1.3
18814,2776,S,43.42,54.18,10.76
18815,2776,M,32.33,43.42,11.09
18816,2776,C,20.89,32.33,11.44
18817,2776,A,18.0,20.89,2.89
18818,2776,K,15.0,18.0,3.0
18819,2777,R,55.46,57.61,2.15
18820,2777,L,54.16,55.46,1.29
18821,2777,S,43.4,54.16,10.76
18822,2777,M,32.3,43.4,11.1
18823,2777,C,20.9,32.3,11.4
18824,2777,A,18.01,20.9,2.89
18825,2777,K,15.01,18.01,3.0
18826,2778,R,55.43,57.57,2.14
18827,2778,L,54.15,55.43,1.28
18828,2778,S,43.38,54.15,10.76
18829,2778,M,32.27,43.38,11.11
18830,2778,C,20.92,32.27,11.35
18831,2778,A,18.03,20.92,2.89
18832,2778,K,15.03,18.03,3.0
18833,2779,R,55.4,57.53,2.14
18834,2779,L,54.13,55.4,1.27
18835,2779,S,43.36,54.13,10.77
18836,2779,M,32.24,43.36,11.12
18837,2779,C,20.93,32.24,11.31
18838,2779,A,18.04,20.93,2.89
18839,2779,K,15.04,18.04,3.0
18840,2780,R,55.37,57.5,2.13
18841,2780,L,54.11,55.37,1.26
18842,2780,S,43.34,54.11,10.77
18843,2780,M,32.2,43.34,11.13
18844,2780,C,20.94,32.2,11.27
18845,2780,A,18.05,20.94,2.88
18846,2780,K,15.05,18.05,3.0
18847,2781,R,55.34,57.46,2.12
18848,2781,L,54.09,55.34,1.25
18849,2781,S,43.31,54.09,10.77
18850,2781,M,32.17,43.31,11.15
18851,2781,C,20.94,32.17,11.22
18852,2781,A,18.06,20.94,2.88
18853,2781,K,15.06,18.06,3.0
18854,2782,R,55.31,57.43,2.12
18855,2782,L,54.07,55.31,1.24
18856,2782,S,43.29,54.07,10.78
18857,2782,M,32.13,43.29,11.16
18858,2782,C,20.95,32.13,11.18
18859,2782,A,18.07,20.95,2.88
18860,2782,K,15.07,18.07,3.0
18861,2783,R,55.28,57.39,2.11
18862,2783,L,54.05,55.28,1.23
18863,2783,S,43.26,54.05,10.78
18864,2783,M,32.09,43.26,11.17
18865,2783,C,20.96,32.09,11.14
18866,2783,A,18.08,20.96,2.88
18867,2783,K,15.08,18.08,3.0
18868,2784,R,55.25,57.35,2.11
18869,2784,L,54.02,55.25,1.22
18870,2784,S,43.24,54.02,10.79
18871,2784,M,32.05,43.24,11.18
18872,2784,C,20.96,32.05,11.09
18873,2784,A,18.09,20.96,2.88
18874,2784,K,15.09,18.09,3.0
18875,2785,R,55.21,57.32,2.1
18876,2785,L,54.0,55.21,1.21
18877,2785,S,43.21,54.0,10.79
18878,2785,M,32.02,43.21,11.2
18879,2785,C,20.96,32.02,11.05
18880,2785,A,18.09,20.96,2.88
18881,2785,K,15.09,18.09,3.0
18882,2786,R,55.18,57.28,2.09
18883,2786,L,53.98,55.18,1.2
18884,2786,S,43.18,53.98,10.79
18885,2786,M,31.98,43.18,11.21
18886,2786,C,20.97,31.98,11.01
18887,2786,A,18.09,20.97,2.87
18888,2786,K,15.09,18.09,3.0
18889,2787,R,55.15,57.24,2.09
18890,2787,L,53.96,55.15,1.2
18891,2787,S,43.16,53.96,10.8
18892,2787,M,31.93,43.16,11.22
18893,2787,C,20.97,31.93,10.97
18894,2787,A,18.09,20.97,2.87
18895,2787,K,15.09,18.09,3.0
18896,2788,R,55.12,57.2,2.08
18897,2788,L,53.93,55.12,1.19
18898,2788,S,43.13,53.93,10.8
18899,2788,M,31.89,43.13,11.24
18900,2788,C,20.97,31.89,10.93
18901,2788,A,18.09,20.97,2.87
18902,2788,K,15.09,18.09,3.0
18903,2789,R,55.09,57.17,2.08
18904,2789,L,53.91,55.09,1.18
18905,2789,S,43.1,53.91,10.81
18906,2789,M,31.85,43.1,11.25
18907,2789,C,20.96,31.85,10.88
18908,2789,A,18.09,20.96,2.87
18909,2789,K,15.09,18.09,3.0
18910,2790,R,55.06,57.13,2.07
18911,2790,L,53.89,55.06,1.17
18912,2790,S,43.07,53.89,10.82
18913,2790,M,31.8,43.07,11.27
18914,2790,C,20.96,31.8,10.84
18915,2790,A,18.09,20.96,2.87
18916,2790,K,15.09,18.09,3.0
18917,2791,R,55.03,57.09,2.07
18918,2791,L,53.86,55.03,1.17
18919,2791,S,43.04,53.86,10.82
18920,2791,M,31.76,43.04,11.28
18921,2791,C,20.96,31.76,10.8
18922,2791,A,18.08,20.96,2.87
18923,2791,K,15.08,18.08,3.0
18924,2792,R,54.99,57.05,2.06
18925,2792,L,53.84,54.99,1.16
18926,2792,S,43.01,53.84,10.83
18927,2792,M,31.71,43.01,11.29
18928,2792,C,20.95,31.71,10.76
18929,2792,A,18.08,20.95,2.87
18930,2792,K,15.08,18.08,3.0
18931,2793,R,54.96,57.02,2.05
18932,2793,L,53.81,54.96,1.15
18933,2793,S,42.98,53.81,10.83
18934,2793,M,31.67,42.98,11.31
18935,2793,C,20.94,31.67,10.73
18936,2793,A,18.07,20.94,2.87
18937,2793,K,15.07,18.07,3.0
18938,2794,R,54.93,56.98,2.05
18939,2794,L,53.78,54.93,1.14
18940,2794,S,42.94,53.78,10.84
18941,2794,M,31.62,42.94,11.33
18942,2794,C,20.93,31.62,10.69
18943,2794,A,18.06,20.93,2.88
18944,2794,K,15.06,18.06,3.0
18945,2795,R,54.9,56.94,2.04
18946,2795,L,53.76,54.9,1.14
18947,2795,S,42.91,53.76,10.85
18948,2795,M,31.57,42.91,11.34
18949,2795,C,20.92,31.57,10.65
18950,2795,A,18.05,20.92,2.88
18951,2795,K,15.05,18.05,3.0
18952,2796,R,54.87,56.9,2.04
18953,2796,L,53.73,54.87,1.13
18954,2796,S,42.88,53.73,10.85
18955,2796,M,31.52,42.88,11.36
18956,2796,C,20.91,31.52,10.61
18957,2796,A,18.03,20.91,2.88
18958,2796,K,15.03,18.03,3.0
18959,2797,R,54.83,56.87,2.03
18960,2797,L,53.71,54.83,1.13
18961,2797,S,42.84,53.71,10.86
18962,2797,M,31.47,42.84,11.37
18963,2797,C,20.9,31.47,10.57
18964,2797,A,18.02,20.9,2.88
18965,2797,K,15.02,18.02,3.0
18966,2798,R,54.8,56.83,2.03
18967,2798,L,53.68,54.8,1.12
18968,2798,S,42.81,53.68,10.87
18969,2798,M,31.42,42.81,11.39
18970,2798,C,20.88,31.42,10.54
18971,2798,A,18.0,20.88,2.88
18972,2798,K,15.0,18.0,3.0
18973,2799,R,54.77,56.79,2.02
18974,2799,L,53.65,54.77,1.12
18975,2799,S,42.77,53.65,10.88
18976,2799,M,31.37,42.77,11.41
18977,2799,C,20.87,31.37,10.5
18978,2799,A,17.98,20.87,2.89
18979,2799,K,14.98,17.98,3.0
18980,2800,R,54.73,56.75,2.02
18981,2800,L,53.62,54.73,1.11
18982,2800,S,42.74,53.62,10.88
18983,2800,M,31.31,42.74,11.42
18984,2800,C,20.85,31.31,10.46
18985,2800,A,17.96,20.85,2.89
18986,2800,K,14.96,17.96,3.0
18987,2801,R,54.7,56.71,2.01
18988,2801,L,53.59,54.7,1.11
18989,2801,S,42.7,53.59,10.89
18990,2801,M,31.26,42.7,11.44
18991,2801,C,20.83,31.26,10.43
18992,2801,A,17.94,20.83,2.89
18993,2801,K,14.94,17.94,3.0
18994,2802,R,54.67,56.68,2.01
18995,2802,L,53.57,54.67,1.1
18996,2802,S,42.67,53.57,10.9
18997,2802,M,31.21,42.67,11.46
18998,2802,C,20.81,31.21,10.39
18999,2802,A,17.92,20.81,2.9
19000,2802,K,14.92,17.92,3.0
19001,2803,R,54.64,56.64,2.0
19002,2803,L,53.54,54.64,1.1
19003,2803,S,42.63,53.54,10.91
19004,2803,M,31.15,42.63,11.48
19005,2803,C,20.79,31.15,10.36
19006,2803,A,17.89,20.79,2.9
19007,2803,K,14.89,17.89,3.0
19008,2804,R,54.6,56.6,2.0
19009,2804,L,53.51,54.6,1.1
19010,2804,S,42.59,53.51,10.92
19011,2804,M,31.1,42.59,11.49
19012,2804,C,20.77,31.1,10.32
19013,2804,A,17.87,20.77,2.9
19014,2804,K,14.87,17.87,3.0
19015,2805,R,54.57,56.57,1.99
19016,2805,L,53.48,54.57,1.09
19017,2805,S,42.55,53.48,10.93
19018,2805,M,31.04,42.55,11.51
19019,2805,C,20.75,31.04,10.29
19020,2805,A,17.84,20.75,2.91
19021,2805,K,14.84,17.84,3.0
19022,2806,R,54.54,56.53,1.99
19023,2806,L,53.45,54.54,1.09
19024,2806,S,42.51,53.45,10.94
19025,2806,M,30.98,42.51,11.53
19026,2806,C,20.72,30.98,10.26
19027,2806,A,17.81,20.72,2.91
19028,2806,K,14.81,17.81,3.0
19029,2807,R,54.51,56.49,1.99
19030,2807,L,53.42,54.51,1.09
19031,2807,S,42.47,53.42,10.95
19032,2807,M,30.92,42.47,11.55
19033,2807,C,20.7,30.92,10.23
19034,2807,A,17.78,20.7,2.92
19035,2807,K,14.78,17.78,3.0
19036,2808,R,54.47,56.45,1.98
19037,2808,L,53.39,54.47,1.08
19038,2808,S,42.43,53.39,10.96
19039,2808,M,30.86,42.43,11.57
19040,2808,C,20.67,30.86,10.19
19041,2808,A,17.75,20.67,2.92
19042,2808,K,14.75,17.75,3.0
19043,2809,R,54.44,56.42,1.98
19044,2809,L,53.36,54.44,1.08
19045,2809,S,42.39,53.36,10.97
19046,2809,M,30.8,42.39,11.59
19047,2809,C,20.64,30.8,10.16
19048,2809,A,17.71,20.64,2.93
19049,2809,K,14.71,17.71,3.0
19050,2810,R,54.41,56.38,1.97
19051,2810,L,53.33,54.41,1.08
19052,2810,S,42.35,53.33,10.98
19053,2810,M,30.74,42.35,11.61
19054,2810,C,20.61,30.74,10.13
19055,2810,A,17.68,20.61,2.94
19056,2810,K,14.68,17.68,3.0
19057,2811,R,54.37,56.34,1.97
19058,2811,L,53.3,54.37,1.08
19059,2811,S,42.31,53.3,10.99
19060,2811,M,30.68,42.31,11.63
19061,2811,C,20.58,30.68,10.1
19062,2811,A,17.64,20.58,2.94
19063,2811,K,14.64,17.64,3.0
19064,2812,R,54.34,56.31,1.97
19065,2812,L,53.27,54.34,1.08
19066,2812,S,42.27,53.27,11.0
19067,2812,M,30.62,42.27,11.65
19068,2812,C,20.55,30.62,10.07
19069,2812,A,17.6,20.55,2.95
19070,2812,K,14.6,17.6,3.0
19071,2813,R,54.31,56.27,1.96
19072,2813,L,53.23,54.31,1.08
19073,2813,S,42.23,53.23,11.01
19074,2813,M,30.56,42.23,11.67
19075,2813,C,20.52,30.56,10.04
19076,2813,A,17.56,20.52,2.96
19077,2813,K,14.56,17.56,3.0
19078,2814,R,54.28,56.24,1.96
19079,2814,L,53.2,54.28,1.07
19080,2814,S,42.18,53.2,11.02
19081,2814,M,30.5,42.18,11.69
19082,2814,C,20.48,30.5,10.01
19083,2814,A,17.52,20.48,2.97
19084,2814,K,14.52,17.52,3.0
19085,2815,R,54.24,56.2,1.96
19086,2815,L,53.17,54.24,1.07
19087,2815,S,42.14,53.17,11.03
19088,2815,M,30.43,42.14,11.71
19089,2815,C,20.45,30.43,9.99
19090,2815,A,17.48,20.45,2.97
19091,2815,K,14.48,17.48,3.0
19092,2816,R,54.21,56.16,1.95
19093,2816,L,53.14,54.21,1.07
19094,2816,S,42.1,53.14,11.04
19095,2816,M,30.37,42.1,11.73
19096,2816,C,20.41,30.37,9.96
19097,2816,A,17.43,20.41,2.98
19098,2816,K,14.43,17.43,3.0
19099,2817,R,54.18,56.13,1.95
19100,2817,L,53.11,54.18,1.07
19101,2817,S,42.05,53.11,11.05
19102,2817,M,30.31,42.05,11.75
19103,2817,C,20.38,30.31,9.93
19104,2817,A,17.38,20.38,2.99
19105,2817,K,14.38,17.38,3.0
19106,2818,R,54.15,56.09,1.95
19107,2818,L,53.07,54.15,1.07
19108,2818,S,42.01,53.07,11.06
19109,2818,M,30.24,42.01,11.77
19110,2818,C,20.34,30.24,9.9
19111,2818,A,17.34,20.34,3.0
19112,2818,K,14.34,17.34,3.0
19113,2819,R,54.12,56.06,1.94
19114,2819,L,53.04,54.12,1.07
19115,2819,S,41.97,53.04,11.08
19116,2819,M,30.18,41.97,11.79
19117,2819,C,20.3,30.18,9.88
19118,2819,A,17.29,20.3,3.01
19119,2819,K,14.29,17.29,3.0
19120,2820,R,54.08,56.02,1.94
19121,2820,L,53.01,54.08,1.07
19122,2820,S,41.92,53.01,11.09
19123,2820,M,30.11,41.92,11.81
19124,2820,C,20.26,30.11,9.85
19125,2820,A,17.24,20.26,3.02
19126,2820,K,14.24,17.24,3.0
19127,2821,R,54.05,55.99,1.94
19128,2821,L,52.98,54.05,1.07
19129,2821,S,41.88,52.98,11.1
19130,2821,M,30.05,41.88,11.83
19131,2821,C,20.22,30.05,9.83
19132,2821,A,17.18,20.22,3.03
19133,2821,K,14.18,17.18,3.0
19134,2822,R,54.02,55.96,1.94
19135,2822,L,52.94,54.02,1.08
19136,2822,S,41.83,52.94,11.11
19137,2822,M,29.98,41.83,11.85
19138,2822,C,20.18,29.98,9.8
19139,2822,A,17.13,20.18,3.04
19140,2822,K,14.13,17.13,3.0
19141,2823,R,53.99,55.92,1.93
19142,2823,L,52.91,53.99,1.08
19143,2823,S,41.79,52.91,11.13
19144,2823,M,29.91,41.79,11.87
19145,2823,C,20.13,29.91,9.78
19146,2823,A,17.08,20.13,3.06
19147,2823,K,14.08,17.08,3.0
19148,2824,R,53.96,55.89,1.93
19149,2824,L,52.88,53.96,1.08
19150,2824,S,41.74,52.88,11.14
19151,2824,M,29.85,41.74,11.89
19152,2824,C,20.09,29.85,9.76
19153,2824,A,17.02,20.09,3.07
19154,2824,K,14.02,17.02,3.0
19155,2825,R,53.93,55.85,1.93
19156,2825,L,52.84,53.93,1.08
19157,2825,S,41.69,52.84,11.15
19158,2825,M,29.78,41.69,11.91
19159,2825,C,20.04,29.78,9.74
19160,2825,A,16.96,20.04,3.08
19161,2825,K,13.96,16.96,3.0
19162,2826,R,53.89,55.82,1.93
19163,2826,L,52.81,53.89,1.08
19164,2826,S,41.65,52.81,11.16
19165,2826,M,29.71,41.65,11.94
19166,2826,C,20.0,29.71,9.71
19167,2826,A,16.9,20.0,3.09
19168,2826,K,13.9,16.9,3.0
19169,2827,R,53.86,55.79,1.93
19170,2827,L,52.78,53.86,1.09
19171,2827,S,41.6,52.78,11.18
19172,2827,M,29.64,41.6,11.96
19173,2827,C,19.95,29.64,9.69
19174,2827,A,16.84,19.95,3.11
19175,2827,K,13.84,16.84,3.0
19176,2828,R,53.83,55.76,1.92
19177,2828,L,52.74,53.83,1.09
19178,2828,S,41.55,52.74,11.19
19179,2828,M,29.57,41.55,11.98
19180,2828,C,19.9,29.57,9.67
19181,2828,A,16.78,19.9,3.12
19182,2828,K,13.78,16.78,3.0
19183,2829,R,53.8,55.73,1.92
19184,2829,L,52.71,53.8,1.09
19185,2829,S,41.51,52.71,11.2
19186,2829,M,29.51,41.51,12.0
19187,2829,C,19.85,29.51,9.65
19188,2829,A,16.72,19.85,3.13
19189,2829,K,13.72,16.72,3.0
19190,2830,R,53.77,55.69,1.92
19191,2830,L,52.68,53.77,1.09
19192,2830,S,41.46,52.68,11.22
19193,2830,M,29.44,41.46,12.02
19194,2830,C,19.8,29.44,9.63
19195,2830,A,16.66,19.8,3.15
19196,2830,K,13.66,16.66,3.0
19197,2831,R,53.74,55.66,1.92
19198,2831,L,52.64,53.74,1.1
19199,2831,S,41.41,52.64,11.23
19200,2831,M,29.37,41.41,12.05
19201,2831,C,19.75,29.37,9.62
19202,2831,A,16.59,19.75,3.16
19203,2831,K,13.59,16.59,3.0
19204,2832,R,53.71,55.63,1.92
19205,2832,L,52.61,53.71,1.1
19206,2832,S,41.37,52.61,11.24
19207,2832,M,29.3,41.37,12.07
19208,2832,C,19.7,29.3,9.6
19209,2832,A,16.53,19.7,3.18
19210,2832,K,13.53,16.53,3.0
19211,2833,R,53.68,55.6,1.92
19212,2833,L,52.58,53.68,1.1
19213,2833,S,41.32,52.58,11.26
19214,2833,M,29.23,41.32,12.09
19215,2833,C,19.65,29.23,9.58
19216,2833,A,16.46,19.65,3.19
19217,2833,K,13.46,16.46,3.0
19218,2834,R,53.65,55.57,1.92
19219,2834,L,52.54,53.65,1.11
19220,2834,S,41.27,52.54,11.27
19221,2834,M,29.16,41.27,12.11
19222,2834,C,19.6,29.16,9.56
19223,2834,A,16.39,19.6,3.21
19224,2834,K,13.39,16.39,3.0
19225,2835,R,53.62,55.54,1.92
19226,2835,L,52.51,53.62,1.11
19227,2835,S,41.23,52.51,11.29
19228,2835,M,29.09,41.23,12.13
19229,2835,C,19.55,29.09,9.55
19230,2835,A,16.32,19.55,3.22
19231,2835,K,13.32,16.32,3.0
19232,2836,R,53.59,55.51,1.92
19233,2836,L,52.48,53.59,1.12
19234,2836,S,41.18,52.48,11.3
19235,2836,M,29.02,41.18,12.16
19236,2836,C,19.49,29.02,9.53
19237,2836,A,16.25,19.49,3.24
19238,2836,K,13.25,16.25,3.0
19239,2837,R,53.57,55.48,1.92
19240,2837,L,52.45,53.57,1.12
19241,2837,S,41.13,52.45,11.31
19242,2837,M,28.95,41.13,12.18
19243,2837,C,19.44,28.95,9.52
19244,2837,A,16.18,19.44,3.26
19245,2837,K,13.18,16.18,3.0
19246,2838,R,53.54,55.45,1.92
19247,2838,L,52.41,53.54,1.13
19248,2838,S,41.08,52.41,11.33
19249,2838,M,28.88,41.08,12.2
19250,2838,C,19.38,28.88,9.5
19251,2838,A,16.11,19.38,3.28
19252,2838,K,13.11,16.11,3.0
19253,2839,R,53.51,55.43,1.92
19254,2839,L,52.38,53.51,1.13
19255,2839,S,41.04,52.38,11.34
19256,2839,M,28.81,41.04,12.22
19257,2839,C,19.33,28.81,9.49
19258,2839,A,16.03,19.33,3.29
19259,2839,K,13.03,16.03,3.0
19260,2840,R,53.48,55.4,1.92
19261,2840,L,52.35,53.48,1.14
19262,2840,S,40.99,52.35,11.36
19263,2840,M,28.75,40.99,12.24
19264,2840,C,19.27,28.75,9.47
19265,2840,A,15.96,19.27,3.31
19266,2840,K,12.96,15.96,3.0
19267,2841,R,53.45,55.37,1.92
19268,2841,L,52.31,53.45,1.14
19269,2841,S,40.94,52.31,11.37
19270,2841,M,28.68,40.94,12.27
19271,2841,C,19.21,28.68,9.46
19272,2841,A,15.88,19.21,3.33
19273,2841,K,12.88,15.88,3.0
19274,2842,R,53.43,55.34,1.92
19275,2842,L,52.28,53.43,1.15
19276,2842,S,40.89,52.28,11.39
19277,2842,M,28.61,40.89,12.29
19278,2842,C,19.16,28.61,9.45
19279,2842,A,15.81,19.16,3.35
19280,2842,K,12.81,15.81,3.0
19281,2843,R,53.4,55.32,1.92
19282,2843,L,52.25,53.4,1.15
19283,2843,S,40.85,52.25,11.4
19284,2843,M,28.54,40.85,12.31
19285,2843,C,19.1,28.54,9.44
19286,2843,A,15.73,19.1,3.37
19287,2843,K,12.73,15.73,3.0
19288,2844,R,53.37,55.29,1.92
19289,2844,L,52.22,53.37,1.16
19290,2844,S,40.8,52.22,11.41
19291,2844,M,28.47,40.8,12.33
19292,2844,C,19.04,28.47,9.43
19293,2844,A,15.65,19.04,3.39
19294,2844,K,12.65,15.65,3.0
19295,2845,R,53.35,55.27,1.92
19296,2845,L,52.18,53.35,1.16
19297,2845,S,40.75,52.18,11.43
19298,2845,M,28.4,40.75,12.35
19299,2845,C,18.98,28.4,9.42
19300,2845,A,15.57,18.98,3.41
19301,2845,K,12.57,15.57,3.0
19302,2846,R,53.32,55.24,1.92
19303,2846,L,52.15,53.32,1.17
19304,2846,S,40.71,52.15,11.44
19305,2846,M,28.33,40.71,12.37
19306,2846,C,18.92,28.33,9.41
19307,2846,A,15.49,18.92,3.43
19308,2846,K,12.49,15.49,3.0
19309,2847,R,53.29,55.22,1.92
19310,2847,L,52.12,53.29,1.18
19311,2847,S,40.66,52.12,11.46
19312,2847,M,28.26,40.66,12.4
19313,2847,C,18.86,28.26,9.4
19314,2847,A,15.41,18.86,3.45
19315,2847,K,12.41,15.41,3.0
19316,2848,R,53.27,55.19,1.92
19317,2848,L,52.09,53.27,1.18
19318,2848,S,40.61,52.09,11.47
19319,2848,M,28.19,40.61,12.42
19320,2848,C,18.81,28.19,9.39
19321,2848,A,15.33,18.81,3.47
19322,2848,K,12.33,15.33,3.0
19323,2849,R,53.24,55.17,1.93
19324,2849,L,52.06,53.24,1.19
19325,2849,S,40.57,52.06,11.49
19326,2849,M,28.13,40.57,12.44
19327,2849,C,18.75,28.13,9.38
19328,2849,A,15.25,18.75,3.5
19329,2849,K,12.25,15.25,3.0
19330,2850,R,53.22,55.15,1.93
19331,2850,L,52.02,53.22,1.2
19332,2850,S,40.52,52.02,11.5
19333,2850,M,28.06,40.52,12.46
19334,2850,C,18.69,28.06,9.37
19335,2850,A,15.17,18.69,3.52
19336,2850,K,12.17,15.17,3.0
19337,2851,R,53.19,55.12,1.93
19338,2851,L,51.99,53.19,1.2
19339,2851,S,40.47,51.99,11.52
19340,2851,M,27.99,40.47,12.48
19341,2851,C,18.62,27.99,9.37
19342,2851,A,15.08,18.62,3.54
19343,2851,K,12.08,15.08,3.0
19344,2852,R,53.17,55.1,1.93
19345,2852,L,51.96,53.17,1.21
19346,2852,S,40.43,51.96,11.53
19347,2852,M,27.93,40.43,12.5
19348,2852,C,18.56,27.93,9.36
19349,2852,A,15.0,18.56,3.56
19350,2852,K,12.0,15.0,3.0
19351,2853,R,53.15,55.08,1.93
19352,2853,L,51.93,53.15,1.22
19353,2853,S,40.38,51.93,11.55
19354,2853,M,27.86,40.38,12.52
19355,2853,C,18.5,27.86,9.35
19356,2853,A,14.92,18.5,3.59
19357,2853,K,11.92,14.92,3.0
19358,2854,R,53.12,55.06,1.93
19359,2854,L,51.9,53.12,1.22
19360,2854,S,40.34,51.9,11.56
19361,2854,M,27.79,40.34,12.54
19362,2854,C,18.44,27.79,9.35
19363,2854,A,14.83,18.44,3.61
19364,2854,K,11.83,14.83,3.0
19365,2855,R,53.1,55.04,1.94
19366,2855,L,51.87,53.1,1.23
19367,2855,S,40.29,51.87,11.58
19368,2855,M,27.73,40.29,12.57
19369,2855,C,18.38,27.73,9.34
19370,2855,A,14.75,18.38,3.64
19371,2855,K,11.75,14.75,3.0
19372,2856,R,53.08,55.02,1.94
19373,2856,L,51.84,53.08,1.24
19374,2856,S,40.25,51.84,11.59
19375,2856,M,27.66,40.25,12.59
19376,2856,C,18.32,27.66,9.34
19377,2856,A,14.66,18.32,3.66
19378,2856,K,11.66,14.66,3.0
19379,2857,R,53.06,55.0,1.94
19380,2857,L,51.81,53.06,1.25
19381,2857,S,40.2,51.81,11.61
19382,2857,M,27.6,40.2,12.61
19383,2857,C,18.26,27.6,9.34
19384,2857,A,14.58,18.26,3.68
19385,2857,K,11.58,14.58,3.0
19386,2858,R,53.03,54.98,1.95
19387,2858,L,51.78,53.03,1.25
19388,2858,S,40.16,51.78,11.62
19389,2858,M,27.53,40.16,12.63
19390,2858,C,18.2,27.53,9.33
19391,2858,A,14.49,18.2,3.71
19392,2858,K,11.49,14.49,3.0
19393,2859,R,53.01,54.96,1.95
19394,2859,L,51.75,53.01,1.26
19395,2859,S,40.11,51.75,11.64
19396,2859,M,27.47,40.11,12.65
19397,2859,C,18.14,27.47,9.33
19398,2859,A,14.4,18.14,3.74
19399,2859,K,11.4,14.4,3.0
19400,2860,R,52.99,54.94,1.95
19401,2860,L,51.72,52.99,1.27
19402,2860,S,40.07,51.72,11.65
19403,2860,M,27.4,40.07,12.67
19404,2860,C,18.08,27.4,9.33
19405,2860,A,14.32,18.08,3.76
19406,2860,K,11.32,14.32,3.0
19407,2861,R,52.97,54.93,1.95
19408,2861,L,51.69,52.97,1.28
19409,2861,S,40.03,51.69,11.67
19410,2861,M,27.34,40.03,12.69
19411,2861,C,18.02,27.34,9.33
19412,2861,A,14.23,18.02,3.79
19413,2861,K,11.23,14.23,3.0
19414,2862,R,52.95,54.91,1.96
19415,2862,L,51.66,52.95,1.29
19416,2862,S,39.98,51.66,11.68
19417,2862,M,27.28,39.98,12.7
19418,2862,C,17.95,27.28,9.33
19419,2862,A,14.14,17.95,3.81
19420,2862,K,11.14,14.14,3.0
19421,2863,R,52.93,54.89,1.96
19422,2863,L,51.64,52.93,1.3
19423,2863,S,39.94,51.64,11.69
19424,2863,M,27.22,39.94,12.72
19425,2863,C,17.89,27.22,9.32
19426,2863,A,14.05,17.89,3.84
19427,2863,K,11.05,14.05,3.0
19428,2864,R,52.91,54.88,1.96
19429,2864,L,51.61,52.91,1.3
19430,2864,S,39.9,51.61,11.71
19431,2864,M,27.16,39.9,12.74
19432,2864,C,17.83,27.16,9.32
19433,2864,A,13.97,17.83,3.87
19434,2864,K,10.97,13.97,3.0
19435,2865,R,52.89,54.86,1.97
19436,2865,L,51.58,52.89,1.31
19437,2865,S,39.86,51.58,11.72
19438,2865,M,27.1,39.86,12.76
19439,2865,C,17.77,27.1,9.32
19440,2865,A,13.88,17.77,3.9
19441,2865,K,10.88,13.88,3.0
19442,2866,R,52.88,54.85,1.97
19443,2866,L,51.55,52.88,1.32
19444,2866,S,39.82,51.55,11.74
19445,2866,M,27.04,39.82,12.78
19446,2866,C,17.71,27.04,9.33
19447,2866,A,13.79,17.71,3.92
19448,2866,K,10.79,13.79,3.0
19449,2867,R,52.86,54.83,1.98
19450,2867,L,51.53,52.86,1.33
19451,2867,S,39.78,51.53,11.75
19452,2867,M,26.98,39.78,12.8
19453,2867,C,17.65,26.98,9.33
19454,2867,A,13.7,17.65,3.95
19455,2867,K,10.7,13.7,3.0
19456,2868,R,52.84,54.82,1.98
19457,2868,L,51.5,52.84,1.34
19458,2868,S,39.74,51.5,11.77
19459,2868,M,26.92,39.74,12.82
19460,2868,C,17.59,26.92,9.33
19461,2868,A,13.61,17.59,3.98
19462,2868,K,10.61,13.61,3.0
19463,2869,R,52.82,54.81,1.98
19464,2869,L,51.48,52.82,1.35
19465,2869,S,39.7,51.48,11.78
19466,2869,M,26.86,39.7,12.83
19467,2869,C,17.53,26.86,9.33
19468,2869,A,13.53,17.53,4.01
19469,2869,K,10.53,13.53,3.0
19470,2870,R,52.81,54.79,1.99
19471,2870,L,51.45,52.81,1.36
19472,2870,S,39.66,51.45,11.79
19473,2870,M,26.81,39.66,12.85
19474,2870,C,17.47,26.81,9.33
19475,2870,A,13.44,17.47,4.04
19476,2870,K,10.44,13.44,3.0
19477,2871,R,52.79,54.78,1.99
19478,2871,L,51.43,52.79,1.36
19479,2871,S,39.62,51.43,11.81
19480,2871,M,26.75,39.62,12.87
19481,2871,C,17.42,26.75,9.33
19482,2871,A,13.35,17.42,4.07
19483,2871,K,10.35,13.35,3.0
19484,2872,R,52.77,54.77,2.0
19485,2872,L,51.4,52.77,1.37
19486,2872,S,39.58,51.4,11.82
19487,2872,M,26.7,39.58,12.88
19488,2872,C,17.36,26.7,9.34
19489,2872,A,13.26,17.36,4.1
19490,2872,K,10.26,13.26,3.0
19491,2873,R,52.76,54.76,2.0
19492,2873,L,51.38,52.76,1.38
19493,2873,S,39.54,51.38,11.84
19494,2873,M,26.64,39.54,12.9
19495,2873,C,17.3,26.64,9.34
19496,2873,A,13.17,17.3,4.13
19497,2873,K,10.17,13.17,3.0
19498,2874,R,52.74,54.75,2.01
19499,2874,L,51.35,52.74,1.39
19500,2874,S,39.5,51.35,11.85
19501,2874,M,26.59,39.5,12.92
19502,2874,C,17.24,26.59,9.35
19503,2874,A,13.09,17.24,4.16
19504,2874,K,10.09,13.09,3.0
19505,2875,R,52.73,54.74,2.01
19506,2875,L,51.33,52.73,1.4
19507,2875,S,39.47,51.33,11.86
19508,2875,M,26.54,39.47,12.93
19509,2875,C,17.19,26.54,9.35
19510,2875,A,13.0,17.19,4.19
19511,2875,K,10.0,13.0,3.0
19512,2876,R,52.72,54.73,2.02
19513,2876,L,51.31,52.72,1.41
19514,2876,S,39.43,51.31,11.88
19515,2876,M,26.48,39.43,12.95
19516,2876,C,17.13,26.48,9.35
19517,2876,A,12.91,17.13,4.22
19518,2876,K,9.91,12.91,3.0
19519,2877,R,52.7,54.72,2.02
19520,2877,L,51.28,52.7,1.42
19521,2877,S,39.39,51.28,11.89
19522,2877,M,26.43,39.39,12.96
19523,2877,C,17.07,26.43,9.36
19524,2877,A,12.83,17.07,4.25
19525,2877,K,9.83,12.83,3.0
19526,2878,R,52.69,54.72,2.03
19527,2878,L,51.26,52.69,1.43
19528,2878,S,39.36,51.26,11.9
19529,2878,M,26.38,39.36,12.98
19530,2878,C,17.02,26.38,9.37
19531,2878,A,12.74,17.02,4.28
19532,2878,K,9.74,12.74,3.0
19533,2879,R,52.68,54.71,2.03
19534,2879,L,51.24,52.68,1.44
19535,2879,S,39.33,51.24,11.91
19536,2879,M,26.33,39.33,12.99
19537,2879,C,16.96,26.33,9.37
19538,2879,A,12.65,16.96,4.31
19539,2879,K,9.65,12.65,3.0
19540,2880,R,52.66,54.7,2.04
19541,2880,L,51.22,52.66,1.45
19542,2880,S,39.29,51.22,11.93
19543,2880,M,26.29,39.29,13.01
19544,2880,C,16.91,26.29,9.38
19545,2880,A,12.57,16.91,4.34
19546,2880,K,9.57,12.57,3.0
19547,2881,R,52.65,54.7,2.04
19548,2881,L,51.2,52.65,1.45
19549,2881,S,39.26,51.2,11.94
19550,2881,M,26.24,39.26,13.02
19551,2881,C,16.86,26.24,9.38
19552,2881,A,12.48,16.86,4.37
19553,2881,K,9.48,12.48,3.0
19554,2882,R,52.64,54.69,2.05
19555,2882,L,51.18,52.64,1.46
19556,2882,S,39.23,51.18,11.95
19557,2882,M,26.19,39.23,13.03
19558,2882,C,16.8,26.19,9.39
19559,2882,A,12.4,16.8,4.4
19560,2882,K,9.4,12.4,3.0
19561,2883,R,52.63,54.68,2.05
19562,2883,L,51.16,52.63,1.47
19563,2883,S,39.19,51.16,11.96
19564,2883,M,26.15,39.19,13.04
19565,2883,C,16.75,26.15,9.4
19566,2883,A,12.32,16.75,4.43
19567,2883,K,9.32,12.32,3.0
19568,2884,R,52.62,54.68,2.06
19569,2884,L,51.14,52.62,1.48
19570,2884,S,39.16,51.14,11.98
19571,2884,M,26.1,39.16,13.06
19572,2884,C,16.7,26.1,9.4
19573,2884,A,12.23,16.7,4.47
19574,2884,K,9.23,12.23,3.0
19575,2885,R,52.61,54.68,2.07
19576,2885,L,51.12,52.61,1.49
19577,2885,S,39.13,51.12,11.99
19578,2885,M,26.06,39.13,13.07
19579,2885,C,16.65,26.06,9.41
19580,2885,A,12.15,16.65,4.5
19581,2885,K,9.15,12.15,3.0
19582,2886,R,52.6,54.67,2.07
19583,2886,L,51.1,52.6,1.5
19584,2886,S,39.1,51.1,12.0
19585,2886,M,26.02,39.1,13.08
19586,2886,C,16.6,26.02,9.42
19587,2886,A,12.07,16.6,4.53
19588,2886,K,9.07,12.07,3.0
19589,2887,R,52.59,54.67,2.08
19590,2887,L,51.08,52.59,1.51
19591,2887,S,39.07,51.08,12.01
19592,2887,M,25.98,39.07,13.09
19593,2887,C,16.55,25.98,9.43
19594,2887,A,11.99,16.55,4.56
19595,2887,K,8.99,11.99,3.0
19596,2888,R,52.58,54.67,2.08
19597,2888,L,51.07,52.58,1.52
19598,2888,S,39.04,51.07,12.02
19599,2888,M,25.94,39.04,13.1
19600,2888,C,16.5,25.94,9.44
19601,2888,A,11.91,16.5,4.6
19602,2888,K,8.91,11.91,3.0
19603,2889,R,52.58,54.66,2.09
19604,2889,L,51.05,52.58,1.53
19605,2889,S,39.01,51.05,12.03
19606,2889,M,25.9,39.01,13.11
19607,2889,C,16.46,25.9,9.44
19608,2889,A,11.83,16.46,4.63
19609,2889,K,8.83,11.83,3.0
19610,2890,R,52.57,54.66,2.1
19611,2890,L,51.03,52.57,1.53
19612,2890,S,38.99,51.03,12.05
19613,2890,M,25.86,38.99,13.12
19614,2890,C,16.41,25.86,9.45
19615,2890,A,11.75,16.41,4.66
19616,2890,K,8.75,11.75,3.0
19617,2891,R,52.56,54.66,2.1
19618,2891,L,51.02,52.56,1.54
19619,2891,S,38.96,51.02,12.06
19620,2891,M,25.83,38.96,13.13
19621,2891,C,16.37,25.83,9.46
19622,2891,A,11.67,16.37,4.69
19623,2891,K,8.67,11.67,3.0
19624,2892,R,52.55,54.66,2.11
19625,2892,L,51.0,52.55,1.55
19626,2892,S,38.93,51.0,12.07
19627,2892,M,25.79,38.93,13.14
19628,2892,C,16.32,25.79,9.47
19629,2892,A,11.59,16.32,4.73
19630,2892,K,8.59,11.59,3.0
19631,2893,R,52.55,54.66,2.11
19632,2893,L,50.99,52.55,1.56
19633,2893,S,38.91,50.99,12.08
19634,2893,M,25.76,38.91,13.15
19635,2893,C,16.28,25.76,9.48
19636,2893,A,11.52,16.28,4.76
19637,2893,K,8.52,11.52,3.0
19638,2894,R,52.54,54.66,2.12
19639,2894,L,50.97,52.54,1.57
19640,2894,S,38.89,50.97,12.09
19641,2894,M,25.73,38.89,13.16
19642,2894,C,16.24,25.73,9.49
19643,2894,A,11.44,16.24,4.79
19644,2894,K,8.44,11.44,3.0
19645,2895,R,52.54,54.66,2.13
19646,2895,L,50.96,52.54,1.58
19647,2895,S,38.86,50.96,12.1
19648,2895,M,25.69,38.86,13.17
19649,2895,C,16.19,25.69,9.5
19650,2895,A,11.37,16.19,4.83
19651,2895,K,8.37,11.37,3.0
19652,2896,R,52.53,54.67,2.13
19653,2896,L,50.95,52.53,1.59
19654,2896,S,38.84,50.95,12.11
19655,2896,M,25.66,38.84,13.17
19656,2896,C,16.15,25.66,9.51
19657,2896,A,11.29,16.15,4.86
19658,2896,K,8.29,11.29,3.0
19659,2897,R,52.53,54.67,2.14
19660,2897,L,50.93,52.53,1.59
19661,2897,S,38.82,50.93,12.12
19662,2897,M,25.64,38.82,13.18
19663,2897,C,16.12,25.64,9.52
19664,2897,A,11.22,16.12,4.89
19665,2897,K,8.22,11.22,3.0
19666,2898,R,52.52,54.67,2.15
19667,2898,L,50.92,52.52,1.6
19668,2898,S,38.79,50.92,12.13
19669,2898,M,25.61,38.79,13.19
19670,2898,C,16.08,25.61,9.53
19671,2898,A,11.15,16.08,4.93
19672,2898,K,8.15,11.15,3.0
19673,2899,R,52.52,54.67,2.15
19674,2899,L,50.91,52.52,1.61
19675,2899,S,38.77,50.91,12.14
19676,2899,M,25.58,38.77,13.19
19677,2899,C,16.04,25.58,9.54
19678,2899,A,11.08,16.04,4.96
19679,2899,K,8.08,11.08,3.0
19680,2900,R,52.52,54.68,2.16
19681,2900,L,50.9,52.52,1.62
19682,2900,S,38.75,50.9,12.14
19683,2900,M,25.56,38.75,13.2
19684,2900,C,16.0,25.56,9.55
19685,2900,A,11.01,16.0,5.0
19686,2900,K,8.01,11.01,3.0
19687,2901,R,52.51,54.68,2.17
19688,2901,L,50.89,52.51,1.63
19689,2901,S,38.74,50.89,12.15
19690,2901,M,25.53,38.74,13.2
19691,2901,C,15.97,25.53,9.56
19692,2901,A,10.94,15.97,5.03
19693,2901,K,7.94,10.94,3.0
19694,2902,R,52.51,54.69,2.17
19695,2902,L,50.88,52.51,1.63
19696,2902,S,38.72,50.88,12.16
19697,2902,M,25.51,38.72,13.21
19698,2902,C,15.94,25.51,9.57
19699,2902,A,10.87,15.94,5.06
19700,2902,K,7.87,10.87,3.0
19701,2903,R,52.51,54.69,2.18
19702,2903,L,50.87,52.51,1.64
19703,2903,S,38.7,50.87,12.17
19704,2903,M,25.49,38.7,13.21
19705,2903,C,15.9,25.49,9.58
19706,2903,A,10.81,15.9,5.1
19707,2903,K,7.81,10.81,3.0
19708,2904,R,52.51,54.7,2.19
19709,2904,L,50.86,52.51,1.65
19710,2904,S,38.68,50.86,12.18
19711,2904,M,25.47,38.68,13.22
19712,2904,C,15.87,25.47,9.59
19713,2904,A,10.74,15.87,5.13
19714,2904,K,7.74,10.74,3.0
19715,2905,R,52.51,54.7,2.2
19716,2905,L,50.85,52.51,1.66
19717,2905,S,38.67,50.85,12.18
19718,2905,M,25.45,38.67,13.22
19719,2905,C,15.84,25.45,9.6
19720,2905,A,10.68,15.84,5.16
19721,2905,K,7.68,10.68,3.0
19722,2906,R,52.51,54.71,2.2
19723,2906,L,50.84,52.51,1.67
19724,2906,S,38.65,50.84,12.19
19725,2906,M,25.43,38.65,13.22
19726,2906,C,15.82,25.43,9.61
19727,2906,A,10.62,15.82,5.2
19728,2906,K,7.62,10.62,3.0
19729,2907,R,52.51,54.72,2.21
19730,2907,L,50.84,52.51,1.67
19731,2907,S,38.64,50.84,12.2
19732,2907,M,25.41,38.64,13.22
19733,2907,C,15.79,25.41,9.63
19734,2907,A,10.56,15.79,5.23
19735,2907,K,7.56,10.56,3.0
19736,2908,R,52.51,54.73,2.22
19737,2908,L,50.83,52.51,1.68
19738,2908,S,38.62,50.83,12.21
19739,2908,M,25.4,38.62,13.22
19740,2908,C,15.76,25.4,9.64
19741,2908,A,10.5,15.76,5.27
19742,2908,K,7.5,10.5,3.0
19743,2909,R,52.51,54.73,2.22
19744,2909,L,50.82,52.51,1.69
19745,2909,S,38.61,50.82,12.21
19746,2909,M,25.39,38.61,13.22
19747,2909,C,15.74,25.39,9.65
19748,2909,A,10.44,15.74,5.3
19749,2909,K,7.44,10.44,3.0
19750,2910,R,52.51,54.74,2.23
19751,2910,L,50.82,52.51,1.69
19752,2910,S,38.6,50.82,12.22
19753,2910,M,25.37,38.6,13.23
19754,2910,C,15.72,25.37,9.66
19755,2910,A,10.38,15.72,5.33
19756,2910,K,7.38,10.38,3.0
19757,2911,R,52.51,54.75,2.24
19758,2911,L,50.81,52.51,1.7
19759,2911,S,38.59,50.81,12.23
19760,2911,M,25.36,38.59,13.22
19761,2911,C,15.69,25.36,9.67
19762,2911,A,10.33,15.69,5.37
19763,2911,K,7.33,10.33,3.0
19764,2912,R,52.52,54.76,2.24
19765,2912,L,50.81,52.52,1.71
19766,2912,S,38.58,50.81,12.23
19767,2912,M,25.35,38.58,13.22
19768,2912,C,15.67,25.35,9.68
19769,2912,A,10.27,15.67,5.4
19770,2912,K,7.27,10.27,3.0
19771,2913,R,52.52,54.77,2.25
19772,2913,L,50.8,52.52,1.71
19773,2913,S,38.57,50.8,12.24
19774,2913,M,25.34,38.57,13.22
19775,2913,C,15.65,25.34,9.69
19776,2913,A,10.22,15.65,5.43
19777,2913,K,7.22,10.22,3.0
19778,2914,R,52.52,54.78,2.26
19779,2914,L,50.8,52.52,1.72
19780,2914,S,38.56,50.8,12.24
19781,2914,M,25.34,38.56,13.22
19782,2914,C,15.64,25.34,9.7
19783,2914,A,10.17,15.64,5.47
19784,2914,K,7.17,10.17,3.0
19785,2915,R,52.52,54.79,2.26
19786,2915,L,50.8,52.52,1.73
19787,2915,S,38.55,50.8,12.25
19788,2915,M,25.33,38.55,13.22
19789,2915,C,15.62,25.33,9.71
19790,2915,A,10.12,15.62,5.5
19791,2915,K,7.12,10.12,3.0
19792,2916,R,52.53,54.8,2.27
19793,2916,L,50.8,52.53,1.73
19794,2916,S,38.54,50.8,12.25
19795,2916,M,25.33,38.54,13.22
19796,2916,C,15.61,25.33,9.72
19797,2916,A,10.07,15.61,5.53
19798,2916,K,7.07,10.07,3.0
19799,2917,R,52.53,54.81,2.28
19800,2917,L,50.79,52.53,1.74
19801,2917,S,38.54,50.79,12.26
19802,2917,M,25.32,38.54,13.21
19803,2917,C,15.59,25.32,9.73
19804,2917,A,10.03,15.59,5.56
19805,2917,K,7.03,10.03,3.0
19806,2918,R,52.54,54.82,2.29
19807,2918,L,50.79,52.54,1.74
19808,2918,S,38.53,50.79,12.26
19809,2918,M,25.32,38.53,13.21
19810,2918,C,15.58,25.32,9.74
19811,2918,A,9.98,15.58,5.6
19812,2918,K,6.98,9.98,3.0
19813,2919,R,52.54,54.83,2.29
19814,2919,L,50.79,52.54,1.75
19815,2919,S,38.53,50.79,12.27
19816,2919,M,25.32,38.53,13.2
19817,2919,C,15.57,25.32,9.75
19818,2919,A,9.94,15.57,5.63
19819,2919,K,6.94,9.94,3.0
19820,2920,R,52.55,54.85,2.3
19821,2920,L,50.79,52.55,1.76
19822,2920,S,38.52,50.79,12.27
19823,2920,M,25.32,38.52,13.2
19824,2920,C,15.56,25.32,9.76
19825,2920,A,9.9,15.56,5.66
19826,2920,K,6.9,9.9,3.0
19827,2921,R,52.55,54.86,2.31
19828,2921,L,50.79,52.55,1.76
19829,2921,S,38.52,50.79,12.27
19830,2921,M,25.32,38.52,13.19
19831,2921,C,15.55,25.32,9.77
19832,2921,A,9.86,15.55,5.69
19833,2921,K,6.86,9.86,3.0
19834,2922,R,52.56,54.87,2.31
19835,2922,L,50.79,52.56,1.77
19836,2922,S,38.52,50.79,12.28
19837,2922,M,25.33,38.52,13.19
19838,2922,C,15.55,25.33,9.78
19839,2922,A,9.82,15.55,5.73
19840,2922,K,6.82,9.82,3.0
19841,2923,R,52.56,54.88,2.32
19842,2923,L,50.79,52.56,1.77
19843,2923,S,38.51,50.79,12.28
19844,2923,M,25.33,38.51,13.18
19845,2923,C,15.54,25.33,9.79
19846,2923,A,9.78,15.54,5.76
19847,2923,K,6.78,9.78,3.0
19848,2924,R,52.57,54.9,2.33
19849,2924,L,50.8,52.57,1.78
19850,2924,S,38.51,50.8,12.28
19851,2924,M,25.34,38.51,13.17
19852,2924,C,15.54,25.34,9.8
19853,2924,A,9.75,15.54,5.79
19854,2924,K,6.75,9.75,3.0
19855,2925,R,52.58,54.91,2.33
19856,2925,L,50.8,52.58,1.78
19857,2925,S,38.51,50.8,12.28
19858,2925,M,25.35,38.51,13.17
19859,2925,C,15.54,25.35,9.81
19860,2925,A,9.71,15.54,5.82
19861,2925,K,6.71,9.71,3.0
19862,2926,R,52.59,54.93,2.34
19863,2926,L,50.8,52.59,1.78
19864,2926,S,38.51,50.8,12.29
19865,2926,M,25.36,38.51,13.16
19866,2926,C,15.54,25.36,9.82
19867,2926,A,9.68,15.54,5.85
19868,2926,K,6.68,9.68,3.0
19869,2927,R,52.59,54.94,2.35
19870,2927,L,50.8,52.59,1.79
19871,2927,S,38.52,50.8,12.29
19872,2927,M,25.37,38.52,13.15
19873,2927,C,15.54,25.37,9.83
19874,2927,A,9.65,15.54,5.88
19875,2927,K,6.65,9.65,3.0
19876,2928,R,52.6,54.95,2.35
19877,2928,L,50.81,52.6,1.79
19878,2928,S,38.52,50.81,12.29
19879,2928,M,25.38,38.52,13.14
19880,2928,C,15.54,25.38,9.84
19881,2928,A,9.63,15.54,5.92
19882,2928,K,6.63,9.63,3.0
19883,2929,R,52.61,54.97,2.36
19884,2929,L,50.81,52.61,1.8
19885,2929,S,38.52,50.81,12.29
19886,2929,M,25.39,38.52,13.13
19887,2929,C,15.55,25.39,9.84
19888,2929,A,9.6,15.55,5.95
19889,2929,K,6.6,9.6,3.0
19890,2930,R,52.62,54.98,2.37
19891,2930,L,50.82,52.62,1.8
19892,2930,S,38.53,50.82,12.29
19893,2930,M,25.4,38.53,13.12
19894,2930,C,15.55,25.4,9.85
19895,2930,A,9.57,15.55,5.98
19896,2930,K,6.57,9.57,3.0
19897,2931,R,52.63,55.0,2.37
19898,2931,L,50.82,52.63,1.8
19899,2931,S,38.53,50.82,12.29
19900,2931,M,25.42,38.53,13.11
19901,2931,C,15.56,25.42,9.86
19902,2931,A,9.55,15.56,6.01
19903,2931,K,6.55,9.55,3.0
19904,2932,R,52.64,55.02,2.38
19905,2932,L,50.83,52.64,1.81
19906,2932,S,38.54,50.83,12.29
19907,2932,M,25.44,38.54,13.1
19908,2932,C,15.57,25.44,9.87
19909,2932,A,9.53,15.57,6.04
19910,2932,K,6.53,9.53,3.0
19911,2933,R,52.65,55.03,2.39
19912,2933,L,50.83,52.65,1.81
19913,2933,S,38.54,50.83,12.29
19914,2933,M,25.45,38.54,13.09
19915,2933,C,15.58,25.45,9.88
19916,2933,A,9.51,15.58,6.07
19917,2933,K,6.51,9.51,3.0
19918,2934,R,52.65,55.05,2.39
19919,2934,L,50.84,52.65,1.81
19920,2934,S,38.55,50.84,12.29
19921,2934,M,25.47,38.55,13.07
19922,2934,C,15.59,25.47,9.88
19923,2934,A,9.49,15.59,6.1
19924,2934,K,6.49,9.49,3.0
19925,2935,R,52.66,55.06,2.4
19926,2935,L,50.85,52.66,1.82
19927,2935,S,38.56,50.85,12.29
19928,2935,M,25.49,38.56,13.06
19929,2935,C,15.6,25.49,9.89
19930,2935,A,9.48,15.6,6.13
19931,2935,K,6.48,9.48,3.0
19932,2936,R,52.68,55.08,2.4
19933,2936,L,50.86,52.68,1.82
19934,2936,S,38.56,50.86,12.29
19935,2936,M,25.52,38.56,13.05
19936,2936,C,15.62,25.52,9.9
19937,2936,A,9.46,15.62,6.16
19938,2936,K,6.46,9.46,3.0
19939,2937,R,52.69,55.1,2.41
19940,2937,L,50.86,52.69,1.82
19941,2937,S,38.57,50.86,12.29
19942,2937,M,25.54,38.57,13.03
19943,2937,C,15.64,25.54,9.9
19944,2937,A,9.45,15.64,6.18
19945,2937,K,6.45,9.45,3.0
19946,2938,R,52.7,55.11,2.42
19947,2938,L,50.87,52.7,1.82
19948,2938,S,38.58,50.87,12.29
19949,2938,M,25.56,38.58,13.02
19950,2938,C,15.66,25.56,9.91
19951,2938,A,9.44,15.66,6.21
19952,2938,K,6.44,9.44,3.0
19953,2939,R,52.71,55.13,2.42
19954,2939,L,50.88,52.71,1.83
19955,2939,S,38.59,50.88,12.29
19956,2939,M,25.59,38.59,13.0
19957,2939,C,15.67,25.59,9.91
19958,2939,A,9.43,15.67,6.24
19959,2939,K,6.43,9.43,3.0
19960,2940,R,52.72,55.15,2.43
19961,2940,L,50.89,52.72,1.83
19962,2940,S,38.6,50.89,12.29
19963,2940,M,25.62,38.6,12.99
19964,2940,C,15.7,25.62,9.92
19965,2940,A,9.43,15.7,6.27
19966,2940,K,6.43,9.43,3.0
19967,2941,R,52.73,55.16,2.43
19968,2941,L,50.9,52.73,1.83
19969,2941,S,38.62,50.9,12.29
19970,2941,M,25.64,38.62,12.97
19971,2941,C,15.72,25.64,9.92
19972,2941,A,9.42,15.72,6.3
19973,2941,K,6.42,9.42,3.0
19974,2942,R,52.74,55.18,2.44
19975,2942,L,50.91,52.74,1.83
19976,2942,S,38.63,50.91,12.28
19977,2942,M,25.67,38.63,12.96
19978,2942,C,15.74,25.67,9.93
19979,2942,A,9.42,15.74,6.32
19980,2942,K,6.42,9.42,3.0
19981,2943,R,52.75,55.2,2.45
19982,2943,L,50.92,52.75,1.83
19983,2943,S,38.64,50.92,12.28
19984,2943,M,25.7,38.64,12.94
19985,2943,C,15.77,25.7,9.93
19986,2943,A,9.42,15.77,6.35
19987,2943,K,6.42,9.42,3.0
19988,2944,R,52.77,55.22,2.45
19989,2944,L,50.93,52.77,1.83
19990,2944,S,38.66,50.93,12.28
19991,2944,M,25.73,38.66,12.92
19992,2944,C,15.8,25.73,9.94
19993,2944,A,9.42,15.8,6.38
19994,2944,K,6.42,9.42,3.0
19995,2945,R,52.78,55.23,2.46
19996,2945,L,50.95,52.78,1.83
19997,2945,S,38.67,50.95,12.27
19998,2945,M,25.77,38.67,12.9
19999,2945,C,15.83,25.77,9.94
20000,2945,A,9.42,15.83,6.4
20001,2945,K,6.42,9.42,3.0
20002,2946,R,52.79,55.25,2.46
20003,2946,L,50.96,52.79,1.83
20004,2946,S,38.69,50.96,12.27
20005,2946,M,25.8,38.69,12.88
20006,2946,C,15.86,25.8,9.94
20007,2946,A,9.43,15.86,6.43
20008,2946,K,6.43,9.43,3.0
20009,2947,R,52.8,55.27,2.47
20010,2947,L,50.97,52.8,1.83
20011,2947,S,38.7,50.97,12.27
20012,2947,M,25.84,38.7,12.87
20013,2947,C,15.89,25.84,9.95
20014,2947,A,9.43,15.89,6.45
20015,2947,K,6.43,9.43,3.0
20016,2948,R,52.82,55.29,2.47
20017,2948,L,50.98,52.82,1.83
20018,2948,S,38.72,50.98,12.26
20019,2948,M,25.87,38.72,12.85
20020,2948,C,15.92,25.87,9.95
20021,2948,A,9.44,15.92,6.48
20022,2948,K,6.44,9.44,3.0
20023,2949,R,52.83,55.3,2.48
20024,2949,L,50.99,52.83,1.83
20025,2949,S,38.73,50.99,12.26
20026,2949,M,25.91,38.73,12.83
20027,2949,C,15.96,25.91,9.95
20028,2949,A,9.45,15.96,6.5
20029,2949,K,6.45,9.45,3.0
20030,2950,R,52.84,55.32,2.48
20031,2950,L,51.01,52.84,1.83
20032,2950,S,38.75,51.01,12.26
20033,2950,M,25.95,38.75,12.81
20034,2950,C,15.99,25.95,9.95
20035,2950,A,9.47,15.99,6.53
20036,2950,K,6.47,9.47,3.0
20037,2951,R,52.85,55.34,2.49
20038,2951,L,51.02,52.85,1.83
20039,2951,S,38.77,51.02,12.25
20040,2951,M,25.99,38.77,12.78
20041,2951,C,16.03,25.99,9.95
20042,2951,A,9.48,16.03,6.55
20043,2951,K,6.48,9.48,3.0
20044,2952,R,52.87,55.36,2.49
20045,2952,L,51.04,52.87,1.83
20046,2952,S,38.79,51.04,12.25
20047,2952,M,26.03,38.79,12.76
20048,2952,C,16.07,26.03,9.95
20049,2952,A,9.5,16.07,6.58
20050,2952,K,6.5,9.5,3.0
20051,2953,R,52.88,55.38,2.5
20052,2953,L,51.05,52.88,1.83
20053,2953,S,38.81,51.05,12.24
20054,2953,M,26.07,38.81,12.74
20055,2953,C,16.11,26.07,9.95
20056,2953,A,9.51,16.11,6.6
20057,2953,K,6.51,9.51,3.0
20058,2954,R,52.89,55.39,2.5
20059,2954,L,51.06,52.89,1.83
20060,2954,S,38.83,51.06,12.24
20061,2954,M,26.11,38.83,12.72
20062,2954,C,16.16,26.11,9.95
20063,2954,A,9.53,16.16,6.62
20064,2954,K,6.53,9.53,3.0
20065,2955,R,52.91,55.41,2.5
20066,2955,L,51.08,52.91,1.83
20067,2955,S,38.85,51.08,12.23
20068,2955,M,26.15,38.85,12.7
20069,2955,C,16.2,26.15,9.95
20070,2955,A,9.55,16.2,6.65
20071,2955,K,6.55,9.55,3.0
20072,2956,R,52.92,55.43,2.51
20073,2956,L,51.1,52.92,1.83
20074,2956,S,38.87,51.1,12.23
20075,2956,M,26.2,38.87,12.67
20076,2956,C,16.24,26.2,9.95
20077,2956,A,9.58,16.24,6.67
20078,2956,K,6.58,9.58,3.0
20079,2957,R,52.94,55.45,2.51
20080,2957,L,51.11,52.94,1.82
20081,2957,S,38.89,51.11,12.22
20082,2957,M,26.24,38.89,12.65
20083,2957,C,16.29,26.24,9.95
20084,2957,A,9.6,16.29,6.69
20085,2957,K,6.6,9.6,3.0
20086,2958,R,52.95,55.47,2.52
20087,2958,L,51.13,52.95,1.82
20088,2958,S,38.91,51.13,12.21
20089,2958,M,26.29,38.91,12.62
20090,2958,C,16.34,26.29,9.95
20091,2958,A,9.63,16.34,6.71
20092,2958,K,6.63,9.63,3.0
20093,2959,R,52.96,55.48,2.52
20094,2959,L,51.14,52.96,1.82
20095,2959,S,38.93,51.14,12.21
20096,2959,M,26.33,38.93,12.6
20097,2959,C,16.39,26.33,9.95
20098,2959,A,9.66,16.39,6.73
20099,2959,K,6.66,9.66,3.0
20100,2960,R,52.98,55.5,2.52
20101,2960,L,51.16,52.98,1.82
20102,2960,S,38.96,51.16,12.2
20103,2960,M,26.38,38.96,12.57
20104,2960,C,16.44,26.38,9.94
20105,2960,A,9.69,16.44,6.75
20106,2960,K,6.69,9.69,3.0
20107,2961,R,52.99,55.52,2.53
20108,2961,L,51.18,52.99,1.81
20109,2961,S,38.98,51.18,12.19
20110,2961,M,26.43,38.98,12.55
20111,2961,C,16.49,26.43,9.94
20112,2961,A,9.72,16.49,6.77
20113,2961,K,6.72,9.72,3.0
20114,2962,R,53.0,55.54,2.53
20115,2962,L,51.19,53.0,1.81
20116,2962,S,39.0,51.19,12.19
20117,2962,M,26.48,39.0,12.52
20118,2962,C,16.54,26.48,9.94
20119,2962,A,9.75,16.54,6.79
20120,2962,K,6.75,9.75,3.0
20121,2963,R,53.02,55.55,2.54
20122,2963,L,51.21,53.02,1.81
20123,2963,S,39.03,51.21,12.18
20124,2963,M,26.53,39.03,12.5
20125,2963,C,16.6,26.53,9.93
20126,2963,A,9.79,16.6,6.81
20127,2963,K,6.79,9.79,3.0
20128,2964,R,53.03,55.57,2.54
20129,2964,L,51.23,53.03,1.81
20130,2964,S,39.05,51.23,12.17
20131,2964,M,26.58,39.05,12.47
20132,2964,C,16.66,26.58,9.93
20133,2964,A,9.83,16.66,6.83
20134,2964,K,6.83,9.83,3.0
20135,2965,R,53.05,55.59,2.54
20136,2965,L,51.24,53.05,1.8
20137,2965,S,39.08,51.24,12.17
20138,2965,M,26.63,39.08,12.44
20139,2965,C,16.71,26.63,9.92
20140,2965,A,9.86,16.71,6.85
20141,2965,K,6.86,9.86,3.0
20142,2966,R,53.06,55.61,2.54
20143,2966,L,51.26,53.06,1.8
20144,2966,S,39.1,51.26,12.16
20145,2966,M,26.69,39.1,12.42
20146,2966,C,16.77,26.69,9.92
20147,2966,A,9.9,16.77,6.87
20148,2966,K,6.9,9.9,3.0
20149,2967,R,53.08,55.62,2.55
20150,2967,L,51.28,53.08,1.79
20151,2967,S,39.13,51.28,12.15
20152,2967,M,26.74,39.13,12.39
20153,2967,C,16.83,26.74,9.91
20154,2967,A,9.95,16.83,6.88
20155,2967,K,6.95,9.95,3.0
20156,2968,R,53.09,55.64,2.55
20157,2968,L,51.3,53.09,1.79
20158,2968,S,39.16,51.3,12.14
20159,2968,M,26.8,39.16,12.36
20160,2968,C,16.89,26.8,9.9
20161,2968,A,9.99,16.89,6.9
20162,2968,K,6.99,9.99,3.0
20163,2969,R,53.1,55.66,2.55
20164,2969,L,51.32,53.1,1.79
20165,2969,S,39.18,51.32,12.13
20166,2969,M,26.85,39.18,12.33
20167,2969,C,16.95,26.85,9.9
20168,2969,A,10.04,16.95,6.92
20169,2969,K,7.04,10.04,3.0
20170,2970,R,53.12,55.67,2.56
20171,2970,L,51.34,53.12,1.78
20172,2970,S,39.21,51.34,12.13
20173,2970,M,26.91,39.21,12.3
20174,2970,C,17.02,26.91,9.89
20175,2970,A,10.08,17.02,6.93
20176,2970,K,7.08,10.08,3.0
20177,2971,R,53.13,55.69,2.56
20178,2971,L,51.35,53.13,1.78
20179,2971,S,39.24,51.35,12.12
20180,2971,M,26.96,39.24,12.27
20181,2971,C,17.08,26.96,9.88
20182,2971,A,10.13,17.08,6.95
20183,2971,K,7.13,10.13,3.0
20184,2972,R,53.15,55.71,2.56
20185,2972,L,51.37,53.15,1.77
20186,2972,S,39.26,51.37,12.11
20187,2972,M,27.02,39.26,12.24
20188,2972,C,17.15,27.02,9.87
20189,2972,A,10.18,17.15,6.97
20190,2972,K,7.18,10.18,3.0
20191,2973,R,53.16,55.72,2.56
20192,2973,L,51.39,53.16,1.77
20193,2973,S,39.29,51.39,12.1
20194,2973,M,27.08,39.29,12.22
20195,2973,C,17.22,27.08,9.86
20196,2973,A,10.24,17.22,6.98
20197,2973,K,7.24,10.24,3.0
20198,2974,R,53.17,55.74,2.56
20199,2974,L,51.41,53.17,1.76
20200,2974,S,39.32,51.41,12.09
20201,2974,M,27.13,39.32,12.18
20202,2974,C,17.28,27.13,9.85
20203,2974,A,10.29,17.28,6.99
20204,2974,K,7.29,10.29,3.0
20205,2975,R,53.19,55.75,2.57
20206,2975,L,51.43,53.19,1.76
20207,2975,S,39.35,51.43,12.08
20208,2975,M,27.19,39.35,12.15
20209,2975,C,17.35,27.19,9.84
20210,2975,A,10.34,17.35,7.01
20211,2975,K,7.34,10.34,3.0
20212,2976,R,53.2,55.77,2.57
20213,2976,L,51.45,53.2,1.75
20214,2976,S,39.38,51.45,12.07
20215,2976,M,27.25,39.38,12.12
20216,2976,C,17.42,27.25,9.83
20217,2976,A,10.4,17.42,7.02
20218,2976,K,7.4,10.4,3.0
20219,2977,R,53.21,55.78,2.57
20220,2977,L,51.47,53.21,1.75
20221,2977,S,39.4,51.47,12.06
20222,2977,M,27.31,39.4,12.09
20223,2977,C,17.49,27.31,9.82
20224,2977,A,10.46,17.49,7.04
20225,2977,K,7.46,10.46,3.0
20226,2978,R,53.23,55.8,2.57
20227,2978,L,51.49,53.23,1.74
20228,2978,S,39.43,51.49,12.05
20229,2978,M,27.37,39.43,12.06
20230,2978,C,17.57,27.37,9.81
20231,2978,A,10.52,17.57,7.05
20232,2978,K,7.52,10.52,3.0
20233,2979,R,53.24,55.81,2.57
20234,2979,L,51.51,53.24,1.73
20235,2979,S,39.46,51.51,12.04
20236,2979,M,27.43,39.46,12.03
20237,2979,C,17.64,27.43,9.79
20238,2979,A,10.58,17.64,7.06
20239,2979,K,7.58,10.58,3.0
20240,2980,R,53.25,55.83,2.57
20241,2980,L,51.53,53.25,1.73
20242,2980,S,39.49,51.53,12.03
20243,2980,M,27.49,39.49,12.0
20244,2980,C,17.71,27.49,9.78
20245,2980,A,10.64,17.71,7.07
20246,2980,K,7.64,10.64,3.0
20247,2981,R,53.27,55.84,2.57
20248,2981,L,51.54,53.27,1.72
20249,2981,S,39.52,51.54,12.02
20250,2981,M,27.55,39.52,11.97
20251,2981,C,17.79,27.55,9.77
20252,2981,A,10.7,17.79,7.08
20253,2981,K,7.7,10.7,3.0
20254,2982,R,53.28,55.85,2.57
20255,2982,L,51.56,53.28,1.72
20256,2982,S,39.55,51.56,12.01
20257,2982,M,27.62,39.55,11.93
20258,2982,C,17.86,27.62,9.75
20259,2982,A,10.77,17.86,7.09
20260,2982,K,7.77,10.77,3.0
20261,2983,R,53.29,55.87,2.57
20262,2983,L,51.58,53.29,1.71
20263,2983,S,39.58,51.58,12.0
20264,2983,M,27.68,39.58,11.9
20265,2983,C,17.94,27.68,9.74
20266,2983,A,10.84,17.94,7.1
20267,2983,K,7.84,10.84,3.0
20268,2984,R,53.3,55.88,2.58
20269,2984,L,51.6,53.3,1.7
20270,2984,S,39.61,51.6,11.99
20271,2984,M,27.74,39.61,11.87
20272,2984,C,18.02,27.74,9.72
20273,2984,A,10.9,18.02,7.11
20274,2984,K,7.9,10.9,3.0
20275,2985,R,53.32,55.89,2.58
20276,2985,L,51.62,53.32,1.69
20277,2985,S,39.64,51.62,11.98
20278,2985,M,27.8,39.64,11.84
20279,2985,C,18.1,27.8,9.71
20280,2985,A,10.97,18.1,7.12
20281,2985,K,7.97,10.97,3.0
20282,2986,R,53.33,55.91,2.58
20283,2986,L,51.64,53.33,1.69
20284,2986,S,39.67,51.64,11.97
20285,2986,M,27.87,39.67,11.8
20286,2986,C,18.17,27.87,9.69
20287,2986,A,11.04,18.17,7.13
20288,2986,K,8.04,11.04,3.0
20289,2987,R,53.34,55.92,2.58
20290,2987,L,51.66,53.34,1.68
20291,2987,S,39.7,51.66,11.96
20292,2987,M,27.93,39.7,11.77
20293,2987,C,18.25,27.93,9.68
20294,2987,A,11.11,18.25,7.14
20295,2987,K,8.11,11.11,3.0
20296,2988,R,53.35,55.93,2.58
20297,2988,L,51.68,53.35,1.67
20298,2988,S,39.73,51.68,11.95
20299,2988,M,27.99,39.73,11.74
20300,2988,C,18.33,27.99,9.66
20301,2988,A,11.19,18.33,7.15
20302,2988,K,8.19,11.19,3.0
20303,2989,R,53.37,55.94,2.58
20304,2989,L,51.7,53.37,1.67
20305,2989,S,39.76,51.7,11.94
20306,2989,M,28.06,39.76,11.7
20307,2989,C,18.42,28.06,9.64
20308,2989,A,11.26,18.42,7.16
20309,2989,K,8.26,11.26,3.0
20310,2990,R,53.38,55.95,2.58
20311,2990,L,51.72,53.38,1.66
20312,2990,S,39.79,51.72,11.93
20313,2990,M,28.12,39.79,11.67
20314,2990,C,18.5,28.12,9.62
20315,2990,A,11.33,18.5,7.16
20316,2990,K,8.33,11.33,3.0
20317,2991,R,53.39,55.96,2.57
20318,2991,L,51.74,53.39,1.65
20319,2991,S,39.82,51.74,11.92
20320,2991,M,28.19,39.82,11.63
20321,2991,C,18.58,28.19,9.6
20322,2991,A,11.41,18.58,7.17
20323,2991,K,8.41,11.41,3.0
20324,2992,R,53.4,55.97,2.57
20325,2992,L,51.76,53.4,1.64
20326,2992,S,39.85,51.76,11.91
20327,2992,M,28.25,39.85,11.6
20328,2992,C,18.66,28.25,9.59
20329,2992,A,11.49,18.66,7.18
20330,2992,K,8.49,11.49,3.0
20331,2993,R,53.41,55.98,2.57
20332,2993,L,51.78,53.41,1.63
20333,2993,S,39.88,51.78,11.9
20334,2993,M,28.31,39.88,11.56
20335,2993,C,18.75,28.31,9.57
20336,2993,A,11.56,18.75,7.18
20337,2993,K,8.56,11.56,3.0
20338,2994,R,53.42,55.99,2.57
20339,2994,L,51.79,53.42,1.63
20340,2994,S,39.91,51.79,11.89
20341,2994,M,28.38,39.91,11.53
20342,2994,C,18.83,28.38,9.55
20343,2994,A,11.64,18.83,7.19
20344,2994,K,8.64,11.64,3.0
20345,2995,R,53.43,56.0,2.57
20346,2995,L,51.81,53.43,1.62
20347,2995,S,39.94,51.81,11.88
20348,2995,M,28.44,39.94,11.5
20349,2995,C,18.92,28.44,9.53
20350,2995,A,11.72,18.92,7.19
20351,2995,K,8.72,11.72,3.0
20352,2996,R,53.44,56.01,2.57
20353,2996,L,51.83,53.44,1.61
20354,2996,S,39.97,51.83,11.86
20355,2996,M,28.51,39.97,11.46
20356,2996,C,19.0,28.51,9.5
20357,2996,A,11.8,19.0,7.2
20358,2996,K,8.8,11.8,3.0
20359,2997,R,53.45,56.02,2.57
20360,2997,L,51.85,53.45,1.6
20361,2997,S,40.0,51.85,11.85
20362,2997,M,28.57,40.0,11.43
20363,2997,C,19.09,28.57,9.48
20364,2997,A,11.89,19.09,7.2
20365,2997,K,8.89,11.89,3.0
20366,2998,R,53.46,56.03,2.57
20367,2998,L,51.87,53.46,1.59
20368,2998,S,40.03,51.87,11.84
20369,2998,M,28.63,40.03,11.39
20370,2998,C,19.17,28.63,9.46
20371,2998,A,11.97,19.17,7.21
20372,2998,K,8.97,11.97,3.0
20373,2999,R,53.47,56.04,2.57
20374,2999,L,51.89,53.47,1.58
20375,2999,S,40.05,51.89,11.83
20376,2999,M,28.7,40.05,11.36
20377,2999,C,19.26,28.7,9.44
20378,2999,A,12.05,19.26,7.21
20379,2999,K,9.05,12.05,3.0
20380,3000,R,53.48,56.04,2.56
20381,3000,L,51.9,53.48,1.57
20382,3000,S,40.08,51.9,11.82
20383,3000,M,28.76,40.08,11.32
20384,3000,C,19.35,28.76,9.41
20385,3000,A,12.14,19.35,7.21
20386,3000,K,9.14,12.14,3.0
20387,3001,R,53.49,56.05,2.56
20388,3001,L,51.92,53.49,1.57
20389,3001,S,40.11,51.92,11.81
20390,3001,M,28.83,40.11,11.29
20391,3001,C,19.44,28.83,9.39
20392,3001,A,12.22,19.44,7.21
20393,3001,K,9.22,12.22,3.0
20394,3002,R,53.5,56.06,2.56
20395,3002,L,51.94,53.5,1.56
20396,3002,S,40.14,51.94,11.8
20397,3002,M,28.89,40.14,11.25
20398,3002,C,19.52,28.89,9.37
20399,3002,A,12.31,19.52,7.22
20400,3002,K,9.31,12.31,3.0
20401,3003,R,53.5,56.06,2.56
20402,3003,L,51.96,53.5,1.55
20403,3003,S,40.17,51.96,11.79
20404,3003,M,28.95,40.17,11.22
20405,3003,C,19.61,28.95,9.34
20406,3003,A,12.39,19.61,7.22
20407,3003,K,9.39,12.39,3.0
20408,3004,R,53.51,56.07,2.56
20409,3004,L,51.97,53.51,1.54
20410,3004,S,40.2,51.97,11.78
20411,3004,M,29.02,40.2,11.18
20412,3004,C,19.7,29.02,9.32
20413,3004,A,12.48,19.7,7.22
20414,3004,K,9.48,12.48,3.0
20415,3005,R,53.52,56.07,2.55
20416,3005,L,51.99,53.52,1.53
20417,3005,S,40.23,51.99,11.77
20418,3005,M,29.08,40.23,11.14
20419,3005,C,19.79,29.08,9.29
20420,3005,A,12.57,19.79,7.22
20421,3005,K,9.57,12.57,3.0
20422,3006,R,53.53,56.08,2.55
20423,3006,L,52.01,53.53,1.52
20424,3006,S,40.25,52.01,11.75
20425,3006,M,29.14,40.25,11.11
20426,3006,C,19.88,29.14,9.27
20427,3006,A,12.66,19.88,7.22
20428,3006,K,9.66,12.66,3.0
20429,3007,R,53.53,56.08,2.55
20430,3007,L,52.02,53.53,1.51
20431,3007,S,40.28,52.02,11.74
20432,3007,M,29.21,40.28,11.07
20433,3007,C,19.97,29.21,9.24
20434,3007,A,12.74,19.97,7.22
20435,3007,K,9.74,12.74,3.0
20436,3008,R,53.54,56.09,2.55
20437,3008,L,52.04,53.54,1.5
20438,3008,S,40.31,52.04,11.73
20439,3008,M,29.27,40.31,11.04
20440,3008,C,20.05,29.27,9.21
20441,3008,A,12.83,20.05,7.22
20442,3008,K,9.83,12.83,3.0
20443,3009,R,53.55,56.09,2.54
20444,3009,L,52.06,53.55,1.49
20445,3009,S,40.33,52.06,11.72
20446,3009,M,29.33,40.33,11.0
20447,3009,C,20.14,29.33,9.19
20448,3009,A,12.92,20.14,7.22
20449,3009,K,9.92,12.92,3.0
20450,3010,R,53.55,56.09,2.54
20451,3010,L,52.07,53.55,1.48
20452,3010,S,40.36,52.07,11.71
20453,3010,M,29.39,40.36,10.97
20454,3010,C,20.23,29.39,9.16
20455,3010,A,13.01,20.23,7.22
20456,3010,K,10.01,13.01,3.0
20457,3011,R,53.56,56.09,2.54
20458,3011,L,52.09,53.56,1.47
20459,3011,S,40.39,52.09,11.7
20460,3011,M,29.45,40.39,10.93
20461,3011,C,20.32,29.45,9.13
20462,3011,A,13.1,20.32,7.22
20463,3011,K,10.1,13.1,3.0
20464,3012,R,53.56,56.1,2.53
20465,3012,L,52.1,53.56,1.46
20466,3012,S,40.41,52.1,11.69
20467,3012,M,29.51,40.41,10.9
20468,3012,C,20.41,29.51,9.1
20469,3012,A,13.2,20.41,7.21
20470,3012,K,10.2,13.2,3.0
20471,3013,R,53.57,56.1,2.53
20472,3013,L,52.12,53.57,1.45
20473,3013,S,40.44,52.12,11.68
20474,3013,M,29.57,40.44,10.86
20475,3013,C,20.5,29.57,9.08
20476,3013,A,13.29,20.5,7.21
20477,3013,K,10.29,13.29,3.0
20478,3014,R,53.57,56.1,2.53
20479,3014,L,52.13,53.57,1.44
20480,3014,S,40.46,52.13,11.67
20481,3014,M,29.63,40.46,10.83
20482,3014,C,20.59,29.63,9.05
20483,3014,A,13.38,20.59,7.21
20484,3014,K,10.38,13.38,3.0
20485,3015,R,53.58,56.1,2.52
20486,3015,L,52.15,53.58,1.43
20487,3015,S,40.49,52.15,11.66
20488,3015,M,29.69,40.49,10.79
20489,3015,C,20.68,29.69,9.02
20490,3015,A,13.47,20.68,7.21
20491,3015,K,10.47,13.47,3.0
20492,3016,R,53.58,56.1,2.52
20493,3016,L,52.16,53.58,1.42
20494,3016,S,40.51,52.16,11.65
20495,3016,M,29.75,40.51,10.76
20496,3016,C,20.77,29.75,8.99
20497,3016,A,13.56,20.77,7.2
20498,3016,K,10.56,13.56,3.0
20499,3017,R,53.59,56.1,2.51
20500,3017,L,52.17,53.59,1.41
20501,3017,S,40.53,52.17,11.64
20502,3017,M,29.81,40.53,10.72
20503,3017,C,20.85,29.81,8.96
20504,3017,A,13.65,20.85,7.2
20505,3017,K,10.65,13.65,3.0
20506,3018,R,53.59,56.1,2.51
20507,3018,L,52.19,53.59,1.4
20508,3018,S,40.56,52.19,11.63
20509,3018,M,29.87,40.56,10.69
20510,3018,C,20.94,29.87,8.93
20511,3018,A,13.75,20.94,7.2
20512,3018,K,10.75,13.75,3.0
20513,3019,R,53.59,56.1,2.51
20514,3019,L,52.2,53.59,1.39
20515,3019,S,40.58,52.2,11.62
20516,3019,M,29.93,40.58,10.65
20517,3019,C,21.03,29.93,8.9
20518,3019,A,13.84,21.03,7.19
20519,3019,K,10.84,13.84,3.0
20520,3020,R,53.59,56.1,2.5
20521,3020,L,52.21,53.59,1.38
20522,3020,S,40.6,52.21,11.61
20523,3020,M,29.98,40.6,10.62
20524,3020,C,21.12,29.98,8.86
20525,3020,A,13.93,21.12,7.19
20526,3020,K,10.93,13.93,3.0
20527,3021,R,53.6,56.09,2.5
20528,3021,L,52.22,53.6,1.37
20529,3021,S,40.62,52.22,11.6
20530,3021,M,30.04,40.62,10.59
20531,3021,C,21.21,30.04,8.83
20532,3021,A,14.02,21.21,7.18
20533,3021,K,11.02,14.02,3.0
20534,3022,R,53.6,56.09,2.49
20535,3022,L,52.23,53.6,1.36
20536,3022,S,40.64,52.23,11.59
20537,3022,M,30.09,40.64,10.55
20538,3022,C,21.29,30.09,8.8
20539,3022,A,14.11,21.29,7.18
20540,3022,K,11.11,14.11,3.0
20541,3023,R,53.6,56.09,2.49
20542,3023,L,52.24,53.6,1.35
20543,3023,S,40.67,52.24,11.58
20544,3023,M,30.15,40.67,10.52
20545,3023,C,21.38,30.15,8.77
20546,3023,A,14.21,21.38,7.17
20547,3023,K,11.21,14.21,3.0
20548,3024,R,53.6,56.08,2.48
20549,3024,L,52.26,53.6,1.34
20550,3024,S,40.69,52.26,11.57
20551,3024,M,30.2,40.69,10.48
20552,3024,C,21.47,30.2,8.74
20553,3024,A,14.3,21.47,7.17
20554,3024,K,11.3,14.3,3.0
20555,3025,R,53.6,56.08,2.48
20556,3025,L,52.27,53.6,1.33
20557,3025,S,40.71,52.27,11.56
20558,3025,M,30.25,40.71,10.45
20559,3025,C,21.55,30.25,8.7
20560,3025,A,14.39,21.55,7.16
20561,3025,K,11.39,14.39,3.0
20562,3026,R,53.6,56.08,2.48
20563,3026,L,52.28,53.6,1.32
20564,3026,S,40.72,52.28,11.55
20565,3026,M,30.31,40.72,10.42
20566,3026,C,21.64,30.31,8.67
20567,3026,A,14.48,21.64,7.15
20568,3026,K,11.48,14.48,3.0
20569,3027,R,53.6,56.07,2.47
20570,3027,L,52.29,53.6,1.31
20571,3027,S,40.74,52.29,11.54
20572,3027,M,30.36,40.74,10.38
20573,3027,C,21.72,30.36,8.64
20574,3027,A,14.57,21.72,7.15
20575,3027,K,11.57,14.57,3.0
20576,3028,R,53.6,56.06,2.47
20577,3028,L,52.29,53.6,1.3
20578,3028,S,40.76,52.29,11.53
20579,3028,M,30.41,40.76,10.35
20580,3028,C,21.81,30.41,8.6
20581,3028,A,14.66,21.81,7.14
20582,3028,K,11.66,14.66,3.0
20583,3029,R,53.6,56.06,2.46
20584,3029,L,52.3,53.6,1.29
20585,3029,S,40.78,52.3,11.52
20586,3029,M,30.46,40.78,10.32
20587,3029,C,21.89,30.46,8.57
20588,3029,A,14.76,21.89,7.13
20589,3029,K,11.76,14.76,3.0
20590,3030,R,53.6,56.05,2.46
20591,3030,L,52.31,53.6,1.28
20592,3030,S,40.79,52.31,11.52
20593,3030,M,30.51,40.79,10.29
20594,3030,C,21.97,30.51,8.54
20595,3030,A,14.85,21.97,7.13
20596,3030,K,11.85,14.85,3.0
20597,3031,R,53.59,56.04,2.45
20598,3031,L,52.32,53.59,1.28
20599,3031,S,40.81,52.32,11.51
20600,3031,M,30.56,40.81,10.25
20601,3031,C,22.06,30.56,8.5
20602,3031,A,14.94,22.06,7.12
20603,3031,K,11.94,14.94,3.0
20604,3032,R,53.59,56.04,2.45
20605,3032,L,52.33,53.59,1.27
20606,3032,S,40.83,52.33,11.5
20607,3032,M,30.61,40.83,10.22
20608,3032,C,22.14,30.61,8.47
20609,3032,A,15.03,22.14,7.11
20610,3032,K,12.03,15.03,3.0
20611,3033,R,53.59,56.03,2.44
20612,3033,L,52.33,53.59,1.26
20613,3033,S,40.84,52.33,11.49
20614,3033,M,30.65,40.84,10.19
20615,3033,C,22.22,30.65,8.43
20616,3033,A,15.12,22.22,7.1
20617,3033,K,12.12,15.12,3.0
20618,3034,R,53.59,56.02,2.44
20619,3034,L,52.34,53.59,1.25
20620,3034,S,40.86,52.34,11.48
20621,3034,M,30.7,40.86,10.16
20622,3034,C,22.3,30.7,8.4
20623,3034,A,15.2,22.3,7.1
20624,3034,K,12.2,15.2,3.0
20625,3035,R,53.58,56.01,2.43
20626,3035,L,52.34,53.58,1.24
20627,3035,S,40.87,52.34,11.48
20628,3035,M,30.74,40.87,10.13
20629,3035,C,22.38,30.74,8.36
20630,3035,A,15.29,22.38,7.09
20631,3035,K,12.29,15.29,3.0
20632,3036,R,53.58,56.0,2.42
20633,3036,L,52.35,53.58,1.23
20634,3036,S,40.88,52.35,11.47
20635,3036,M,30.79,40.88,10.1
20636,3036,C,22.46,30.79,8.33
20637,3036,A,15.38,22.46,7.08
20638,3036,K,12.38,15.38,3.0
20639,3037,R,53.57,55.99,2.42
20640,3037,L,52.36,53.57,1.22
20641,3037,S,40.89,52.36,11.46
20642,3037,M,30.83,40.89,10.06
20643,3037,C,22.54,30.83,8.29
20644,3037,A,15.47,22.54,7.07
20645,3037,K,12.47,15.47,3.0
20646,3038,R,53.57,55.98,2.41
20647,3038,L,52.36,53.57,1.21
20648,3038,S,40.91,52.36,11.45
20649,3038,M,30.87,40.91,10.03
20650,3038,C,22.62,30.87,8.26
20651,3038,A,15.55,22.62,7.06
20652,3038,K,12.55,15.55,3.0
20653,3039,R,53.56,55.97,2.41
20654,3039,L,52.36,53.56,1.2
20655,3039,S,40.92,52.36,11.45
20656,3039,M,30.91,40.92,10.0
20657,3039,C,22.69,30.91,8.22
20658,3039,A,15.64,22.69,7.05
20659,3039,K,12.64,15.64,3.0
20660,3040,R,53.56,55.96,2.4
20661,3040,L,52.37,53.56,1.19
20662,3040,S,40.93,52.37,11.44
20663,3040,M,30.95,40.93,9.97
20664,3040,C,22.77,30.95,8.18
20665,3040,A,15.73,22.77,7.04
20666,3040,K,12.73,15.73,3.0
20667,3041,R,53.55,55.95,2.4
20668,3041,L,52.37,53.55,1.18
20669,3041,S,40.94,52.37,11.43
20670,3041,M,30.99,40.94,9.94
20671,3041,C,22.84,30.99,8.15
20672,3041,A,15.81,22.84,7.03
20673,3041,K,12.81,15.81,3.0
20674,3042,R,53.54,55.94,2.39
20675,3042,L,52.37,53.54,1.17
20676,3042,S,40.94,52.37,11.43
20677,3042,M,31.03,40.94,9.92
20678,3042,C,22.92,31.03,8.11
20679,3042,A,15.89,22.92,7.02
20680,3042,K,12.89,15.89,3.0
20681,3043,R,53.54,55.92,2.38
20682,3043,L,52.37,53.54,1.16
20683,3043,S,40.95,52.37,11.42
20684,3043,M,31.07,40.95,9.89
20685,3043,C,22.99,31.07,8.07
20686,3043,A,15.98,22.99,7.02
20687,3043,K,12.98,15.98,3.0
20688,3044,R,53.53,55.91,2.38
20689,3044,L,52.38,53.53,1.15
20690,3044,S,40.96,52.38,11.42
20691,3044,M,31.1,40.96,9.86
20692,3044,C,23.06,31.1,8.04
20693,3044,A,16.06,23.06,7.01
20694,3044,K,13.06,16.06,3.0
20695,3045,R,53.52,55.9,2.37
20696,3045,L,52.38,53.52,1.15
20697,3045,S,40.97,52.38,11.41
20698,3045,M,31.14,40.97,9.83
20699,3045,C,23.13,31.14,8.0
20700,3045,A,16.14,23.13,7.0
20701,3045,K,13.14,16.14,3.0
20702,3046,R,53.51,55.88,2.37
20703,3046,L,52.38,53.51,1.14
20704,3046,S,40.97,52.38,11.41
20705,3046,M,31.17,40.97,9.8
20706,3046,C,23.2,31.17,7.96
20707,3046,A,16.22,23.2,6.99
20708,3046,K,13.22,16.22,3.0
20709,3047,R,53.51,55.87,2.36
20710,3047,L,52.38,53.51,1.13
20711,3047,S,40.98,52.38,11.4
20712,3047,M,31.2,40.98,9.77
20713,3047,C,23.27,31.2,7.93
20714,3047,A,16.3,23.27,6.98
20715,3047,K,13.3,16.3,3.0
20716,3048,R,53.5,55.85,2.36
20717,3048,L,52.38,53.5,1.12
20718,3048,S,40.98,52.38,11.4
20719,3048,M,31.23,40.98,9.75
20720,3048,C,23.34,31.23,7.89
20721,3048,A,16.38,23.34,6.97
20722,3048,K,13.38,16.38,3.0
20723,3049,R,53.49,55.84,2.35
20724,3049,L,52.38,53.49,1.11
20725,3049,S,40.98,52.38,11.39
20726,3049,M,31.26,40.98,9.72
20727,3049,C,23.41,31.26,7.85
20728,3049,A,16.45,23.41,6.96
20729,3049,K,13.45,16.45,3.0
20730,3050,R,53.48,55.82,2.34
20731,3050,L,52.37,53.48,1.1
20732,3050,S,40.99,52.37,11.39
20733,3050,M,31.29,40.99,9.69
20734,3050,C,23.47,31.29,7.82
20735,3050,A,16.53,23.47,6.95
20736,3050,K,13.53,16.53,3.0
20737,3051,R,53.47,55.8,2.34
20738,3051,L,52.37,53.47,1.1
20739,3051,S,40.99,52.37,11.38
20740,3051,M,31.32,40.99,9.67
20741,3051,C,23.54,31.32,7.78
20742,3051,A,16.6,23.54,6.94
20743,3051,K,13.6,16.6,3.0
20744,3052,R,53.46,55.79,2.33
20745,3052,L,52.37,53.46,1.09
20746,3052,S,40.99,52.37,11.38
20747,3052,M,31.35,40.99,9.64
20748,3052,C,23.6,31.35,7.74
20749,3052,A,16.68,23.6,6.93
20750,3052,K,13.68,16.68,3.0
20751,3053,R,53.44,55.77,2.33
20752,3053,L,52.37,53.44,1.08
20753,3053,S,40.99,52.37,11.38
20754,3053,M,31.37,40.99,9.62
20755,3053,C,23.67,31.37,7.71
20756,3053,A,16.75,23.67,6.92
20757,3053,K,13.75,16.75,3.0
20758,3054,R,53.43,55.75,2.32
20759,3054,L,52.36,53.43,1.07
20760,3054,S,40.99,52.36,11.37
20761,3054,M,31.4,40.99,9.59
20762,3054,C,23.73,31.4,7.67
20763,3054,A,16.82,23.73,6.9
20764,3054,K,13.82,16.82,3.0
20765,3055,R,53.42,55.74,2.31
20766,3055,L,52.36,53.42,1.06
20767,3055,S,40.99,52.36,11.37
20768,3055,M,31.42,40.99,9.57
20769,3055,C,23.79,31.42,7.63
20770,3055,A,16.89,23.79,6.89
20771,3055,K,13.89,16.89,3.0
20772,3056,R,53.41,55.72,2.31
20773,3056,L,52.35,53.41,1.06
20774,3056,S,40.99,52.35,11.37
20775,3056,M,31.44,40.99,9.54
20776,3056,C,23.85,31.44,7.6
20777,3056,A,16.96,23.85,6.88
20778,3056,K,13.96,16.96,3.0
20779,3057,R,53.4,55.7,2.3
20780,3057,L,52.35,53.4,1.05
20781,3057,S,40.98,52.35,11.36
20782,3057,M,31.46,40.98,9.52
20783,3057,C,23.9,31.46,7.56
20784,3057,A,17.03,23.9,6.87
20785,3057,K,14.03,17.03,3.0
20786,3058,R,53.38,55.68,2.3
20787,3058,L,52.34,53.38,1.04
20788,3058,S,40.98,52.34,11.36
20789,3058,M,31.48,40.98,9.5
20790,3058,C,23.96,31.48,7.52
20791,3058,A,17.1,23.96,6.86
20792,3058,K,14.1,17.1,3.0
20793,3059,R,53.37,55.66,2.29
20794,3059,L,52.33,53.37,1.04
20795,3059,S,40.97,52.33,11.36
20796,3059,M,31.5,40.97,9.47
20797,3059,C,24.01,31.5,7.49
20798,3059,A,17.16,24.01,6.85
20799,3059,K,14.16,17.16,3.0
20800,3060,R,53.36,55.64,2.28
20801,3060,L,52.33,53.36,1.03
20802,3060,S,40.97,52.33,11.36
20803,3060,M,31.52,40.97,9.45
20804,3060,C,24.07,31.52,7.45
20805,3060,A,17.22,24.07,6.84
20806,3060,K,14.22,17.22,3.0
20807,3061,R,53.34,55.62,2.28
20808,3061,L,52.32,53.34,1.02
20809,3061,S,40.96,52.32,11.36
20810,3061,M,31.53,40.96,9.43
20811,3061,C,24.12,31.53,7.41
20812,3061,A,17.29,24.12,6.83
20813,3061,K,14.29,17.29,3.0
20814,3062,R,53.33,55.6,2.27
20815,3062,L,52.31,53.33,1.02
20816,3062,S,40.96,52.31,11.36
20817,3062,M,31.55,40.96,9.41
20818,3062,C,24.17,31.55,7.38
20819,3062,A,17.35,24.17,6.82
20820,3062,K,14.35,17.35,3.0
20821,3063,R,53.31,55.58,2.27
20822,3063,L,52.3,53.31,1.01
20823,3063,S,40.95,52.3,11.35
20824,3063,M,31.56,40.95,9.39
20825,3063,C,24.22,31.56,7.34
20826,3063,A,17.41,24.22,6.81
20827,3063,K,14.41,17.41,3.0
20828,3064,R,53.3,55.56,2.26
20829,3064,L,52.29,53.3,1.0
20830,3064,S,40.94,52.29,11.35
20831,3064,M,31.57,40.94,9.37
20832,3064,C,24.27,31.57,7.3
20833,3064,A,17.47,24.27,6.8
20834,3064,K,14.47,17.47,3.0
20835,3065,R,53.28,55.54,2.26
20836,3065,L,52.28,53.28,1.0
20837,3065,S,40.93,52.28,11.35
20838,3065,M,31.58,40.93,9.35
20839,3065,C,24.31,31.58,7.27
20840,3065,A,17.52,24.31,6.79
20841,3065,K,14.52,17.52,3.0
20842,3066,R,53.26,55.51,2.25
20843,3066,L,52.27,53.26,0.99
20844,3066,S,40.92,52.27,11.35
20845,3066,M,31.59,40.92,9.33
20846,3066,C,24.36,31.59,7.23
20847,3066,A,17.58,24.36,6.78
20848,3066,K,14.58,17.58,3.0
20849,3067,R,53.25,55.49,2.24
20850,3067,L,52.26,53.25,0.99
20851,3067,S,40.91,52.26,11.35
20852,3067,M,31.6,40.91,9.31
20853,3067,C,24.4,31.6,7.2
20854,3067,A,17.63,24.4,6.77
20855,3067,K,14.63,17.63,3.0
20856,3068,R,53.23,55.47,2.24
20857,3068,L,52.25,53.23,0.98
20858,3068,S,40.9,52.25,11.35
20859,3068,M,31.61,40.9,9.29
20860,3068,C,24.45,31.61,7.16
20861,3068,A,17.68,24.45,6.76
20862,3068,K,14.68,17.68,3.0
20863,3069,R,53.21,55.45,2.23
20864,3069,L,52.24,53.21,0.98
20865,3069,S,40.88,52.24,11.36
20866,3069,M,31.61,40.88,9.27
20867,3069,C,24.49,31.61,7.13
20868,3069,A,17.73,24.49,6.75
20869,3069,K,14.73,17.73,3.0
20870,3070,R,53.2,55.42,2.23
20871,3070,L,52.23,53.2,0.97
20872,3070,S,40.87,52.23,11.36
20873,3070,M,31.62,40.87,9.25
20874,3070,C,24.53,31.62,7.09
20875,3070,A,17.78,24.53,6.74
20876,3070,K,14.78,17.78,3.0
20877,3071,R,53.18,55.4,2.22
20878,3071,L,52.21,53.18,0.97
20879,3071,S,40.86,52.21,11.36
20880,3071,M,31.62,40.86,9.24
20881,3071,C,24.56,31.62,7.06
20882,3071,A,17.83,24.56,6.74
20883,3071,K,14.83,17.83,3.0
20884,3072,R,53.16,55.38,2.22
20885,3072,L,52.2,53.16,0.96
20886,3072,S,40.84,52.2,11.36
20887,3072,M,31.62,40.84,9.22
20888,3072,C,24.6,31.62,7.02
20889,3072,A,17.87,24.6,6.73
20890,3072,K,14.87,17.87,3.0
20891,3073,R,53.14,55.35,2.21
20892,3073,L,52.19,53.14,0.96
20893,3073,S,40.82,52.19,11.36
20894,3073,M,31.62,40.82,9.2
20895,3073,C,24.64,31.62,6.99
20896,3073,A,17.92,24.64,6.72
20897,3073,K,14.92,17.92,3.0
20898,3074,R,53.12,55.33,2.21
20899,3074,L,52.17,53.12,0.95
20900,3074,S,40.81,52.17,11.36
20901,3074,M,31.62,40.81,9.19
20902,3074,C,24.67,31.62,6.95
20903,3074,A,17.96,24.67,6.71
20904,3074,K,14.96,17.96,3.0
20905,3075,R,53.1,55.3,2.2
20906,3075,L,52.16,53.1,0.95
20907,3075,S,40.79,52.16,11.37
20908,3075,M,31.62,40.79,9.17
20909,3075,C,24.7,31.62,6.92
20910,3075,A,18.0,24.7,6.7
20911,3075,K,14.92,18.0,3.08
20912,3076,R,53.08,55.28,2.2
20913,3076,L,52.14,53.08,0.94
20914,3076,S,40.77,52.14,11.37
20915,3076,M,31.62,40.77,9.16
20916,3076,C,24.73,31.62,6.88
20917,3076,A,18.04,24.73,6.69
20918,3076,K,14.86,18.04,3.18
20919,3077,R,53.06,55.26,2.19
20920,3077,L,52.12,53.06,0.94
20921,3077,S,40.75,52.12,11.37
20922,3077,M,31.61,40.75,9.14
20923,3077,C,24.76,31.61,6.85
20924,3077,A,18.08,24.76,6.68
20925,3077,K,14.81,18.08,3.27
20926,3078,R,53.04,55.23,2.19
20927,3078,L,52.11,53.04,0.94
20928,3078,S,40.73,52.11,11.38
20929,3078,M,31.61,40.73,9.13
20930,3078,C,24.79,31.61,6.82
20931,3078,A,18.11,24.79,6.68
20932,3078,K,14.75,18.11,3.37
20933,3079,R,53.02,55.2,2.18
20934,3079,L,52.09,53.02,0.93
20935,3079,S,40.71,52.09,11.38
20936,3079,M,31.6,40.71,9.11
20937,3079,C,24.81,31.6,6.78
20938,3079,A,18.15,24.81,6.67
20939,3079,K,14.69,18.15,3.46
20940,3080,R,53.0,55.18,2.18
20941,3080,L,52.07,53.0,0.93
20942,3080,S,40.69,52.07,11.38
20943,3080,M,31.59,40.69,9.1
20944,3080,C,24.84,31.59,6.75
20945,3080,A,18.18,24.84,6.66
20946,3080,K,14.63,18.18,3.55
20947,3081,R,52.98,55.15,2.17
20948,3081,L,52.06,52.98,0.93
20949,3081,S,40.67,52.06,11.39
20950,3081,M,31.58,40.67,9.09
20951,3081,C,24.86,31.58,6.72
20952,3081,A,18.21,24.86,6.65
20953,3081,K,14.57,18.21,3.64
20954,3082,R,52.96,55.13,2.17
20955,3082,L,52.04,52.96,0.92
20956,3082,S,40.64,52.04,11.39
20957,3082,M,31.57,40.64,9.08
20958,3082,C,24.88,31.57,6.69
20959,3082,A,18.24,24.88,6.65
20960,3082,K,14.51,18.24,3.73
20961,3083,R,52.94,55.1,2.16
20962,3083,L,52.02,52.94,0.92
20963,3083,S,40.62,52.02,11.4
20964,3083,M,31.56,40.62,9.06
20965,3083,C,24.9,31.56,6.65
20966,3083,A,18.26,24.9,6.64
20967,3083,K,14.45,18.26,3.82
20968,3084,R,52.92,55.08,2.16
20969,3084,L,52.0,52.92,0.92
20970,3084,S,40.6,52.0,11.4
20971,3084,M,31.54,40.6,9.05
20972,3084,C,24.92,31.54,6.62
20973,3084,A,18.29,24.92,6.63
20974,3084,K,14.39,18.29,3.9
20975,3085,R,52.9,55.05,2.15
20976,3085,L,51.98,52.9,0.92
20977,3085,S,40.57,51.98,11.41
20978,3085,M,31.53,40.57,9.04
20979,3085,C,24.94,31.53,6.59
20980,3085,A,18.31,24.94,6.63
20981,3085,K,14.33,18.31,3.98
20982,3086,R,52.87,55.02,2.15
20983,3086,L,51.96,52.87,0.92
20984,3086,S,40.55,51.96,11.41
20985,3086,M,31.51,40.55,9.03
20986,3086,C,24.95,31.51,6.56
20987,3086,A,18.33,24.95,6.62
20988,3086,K,14.27,18.33,4.06
20989,3087,R,52.85,55.0,2.14
20990,3087,L,51.94,52.85,0.91
20991,3087,S,40.52,51.94,11.42
20992,3087,M,31.5,40.52,9.02
20993,3087,C,24.97,31.5,6.53
20994,3087,A,18.35,24.97,6.61
20995,3087,K,14.21,18.35,4.14
20996,3088,R,52.83,54.97,2.14
20997,3088,L,51.92,52.83,0.91
20998,3088,S,40.49,51.92,11.43
20999,3088,M,31.48,40.49,9.01
21000,3088,C,24.98,31.48,6.5
21001,3088,A,18.37,24.98,6.61
21002,3088,K,14.15,18.37,4.22
21003,3089,R,52.81,54.94,2.14
21004,3089,L,51.89,52.81,0.91
21005,3089,S,40.46,51.89,11.43
21006,3089,M,31.46,40.46,9.0
21007,3089,C,24.99,31.46,6.47
21008,3089,A,18.38,24.99,6.6
21009,3089,K,14.09,18.38,4.29
21010,3090,R,52.78,54.91,2.13
21011,3090,L,51.87,52.78,0.91
21012,3090,S,40.43,51.87,11.44
21013,3090,M,31.44,40.43,9.0
21014,3090,C,25.0,31.44,6.44
21015,3090,A,18.4,25.0,6.6
21016,3090,K,14.03,18.4,4.37
21017,3091,R,52.76,54.89,2.13
21018,3091,L,51.85,52.76,0.91
21019,3091,S,40.4,51.85,11.45
21020,3091,M,31.42,40.4,8.99
21021,3091,C,25.0,31.42,6.41
21022,3091,A,18.41,25.0,6.59
21023,3091,K,13.97,18.41,4.44
21024,3092,R,52.73,54.86,2.13
21025,3092,L,51.83,52.73,0.91
21026,3092,S,40.37,51.83,11.45
21027,3092,M,31.39,40.37,8.98
21028,3092,C,25.01,31.39,6.38
21029,3092,A,18.42,25.01,6.59
21030,3092,K,13.91,18.42,4.51
21031,3093,R,52.71,54.83,2.12
21032,3093,L,51.8,52.71,0.91
21033,3093,S,40.34,51.8,11.46
21034,3093,M,31.37,40.34,8.97
21035,3093,C,25.01,31.37,6.36
21036,3093,A,18.43,25.01,6.59
21037,3093,K,13.85,18.43,4.57
21038,3094,R,52.69,54.81,2.12
21039,3094,L,51.78,52.69,0.91
21040,3094,S,40.31,51.78,11.47
21041,3094,M,31.34,40.31,8.97
21042,3094,C,25.02,31.34,6.33
21043,3094,A,18.43,25.02,6.58
21044,3094,K,13.8,18.43,4.64
21045,3095,R,52.66,54.78,2.12
21046,3095,L,51.75,52.66,0.91
21047,3095,S,40.28,51.75,11.48
21048,3095,M,31.32,40.28,8.96
21049,3095,C,25.02,31.32,6.3
21050,3095,A,18.44,25.02,6.58
21051,3095,K,13.74,18.44,4.7
21052,3096,R,52.64,54.75,2.11
21053,3096,L,51.73,52.64,0.91
21054,3096,S,40.25,51.73,11.48
21055,3096,M,31.29,40.25,8.96
21056,3096,C,25.02,31.29,6.27
21057,3096,A,18.44,25.02,6.58
21058,3096,K,13.68,18.44,4.76
21059,3097,R,52.61,54.72,2.11
21060,3097,L,51.7,52.61,0.91
21061,3097,S,40.21,51.7,11.49
21062,3097,M,31.26,40.21,8.95
21063,3097,C,25.01,31.26,6.25
21064,3097,A,18.44,25.01,6.57
21065,3097,K,13.62,18.44,4.82
21066,3098,R,52.59,54.7,2.11
21067,3098,L,51.68,52.59,0.91
21068,3098,S,40.18,51.68,11.5
21069,3098,M,31.23,40.18,8.95
21070,3098,C,25.01,31.23,6.22
21071,3098,A,18.44,25.01,6.57
21072,3098,K,13.56,18.44,4.87
21073,3099,R,52.56,54.67,2.1
21074,3099,L,51.65,52.56,0.91
21075,3099,S,40.14,51.65,11.51
21076,3099,M,31.2,40.14,8.94
21077,3099,C,25.0,31.2,6.2
21078,3099,A,18.43,25.0,6.57
21079,3099,K,13.51,18.43,4.93
21080,3100,R,52.54,54.64,2.1
21081,3100,L,51.63,52.54,0.91
21082,3100,S,40.11,51.63,11.52
21083,3100,M,31.17,40.11,8.94
21084,3100,C,25.0,31.17,6.17
21085,3100,A,18.43,25.0,6.57
21086,3100,K,13.45,18.43,4.98
21087,3101,R,52.51,54.61,2.1
21088,3101,L,51.6,52.51,0.91
21089,3101,S,40.07,51.6,11.53
21090,3101,M,31.13,40.07,8.94
21091,3101,C,24.99,31.13,6.15
21092,3101,A,18.42,24.99,6.57
21093,3101,K,13.39,18.42,5.03
21094,3102,R,52.49,54.58,2.1
21095,3102,L,51.57,52.49,0.91
21096,3102,S,40.03,51.57,11.54
21097,3102,M,31.1,40.03,8.93
21098,3102,C,24.98,31.1,6.12
21099,3102,A,18.41,24.98,6.57
21100,3102,K,13.33,18.41,5.08
21101,3103,R,52.46,54.56,2.1
21102,3103,L,51.55,52.46,0.92
21103,3103,S,40.0,51.55,11.55
21104,3103,M,31.07,40.0,8.93
21105,3103,C,24.97,31.07,6.1
21106,3103,A,18.4,24.97,6.57
21107,3103,K,13.28,18.4,5.12
21108,3104,R,52.44,54.53,2.09
21109,3104,L,51.52,52.44,0.92
21110,3104,S,39.96,51.52,11.56
21111,3104,M,31.03,39.96,8.93
21112,3104,C,24.95,31.03,6.07
21113,3104,A,18.39,24.95,6.57
21114,3104,K,13.22,18.39,5.17
21115,3105,R,52.41,54.5,2.09
21116,3105,L,51.49,52.41,0.92
21117,3105,S,39.92,51.49,11.57
21118,3105,M,30.99,39.92,8.93
21119,3105,C,24.94,30.99,6.05
21120,3105,A,18.37,24.94,6.57
21121,3105,K,13.17,18.37,5.21
21122,3106,R,52.38,54.47,2.09
21123,3106,L,51.46,52.38,0.92
21124,3106,S,39.88,51.46,11.58
21125,3106,M,30.95,39.88,8.93
21126,3106,C,24.92,30.95,6.03
21127,3106,A,18.36,24.92,6.57
21128,3106,K,13.11,18.36,5.25
21129,3107,R,52.36,54.45,2.09
21130,3107,L,51.43,52.36,0.92
21131,3107,S,39.84,51.43,11.59
21132,3107,M,30.91,39.84,8.93
21133,3107,C,24.91,30.91,6.01
21134,3107,A,18.34,24.91,6.57
21135,3107,K,13.06,18.34,5.28
21136,3108,R,52.33,54.42,2.09
21137,3108,L,51.41,52.33,0.93
21138,3108,S,39.8,51.41,11.6
21139,3108,M,30.87,39.8,8.93
21140,3108,C,24.89,30.87,5.99
21141,3108,A,18.32,24.89,6.57
21142,3108,K,13.0,18.32,5.32
21143,3109,R,52.31,54.39,2.09
21144,3109,L,51.38,52.31,0.93
21145,3109,S,39.76,51.38,11.62
21146,3109,M,30.83,39.76,8.93
21147,3109,C,24.87,30.83,5.97
21148,3109,A,18.29,24.87,6.57
21149,3109,K,12.95,18.29,5.35
21150,3110,R,52.28,54.37,2.08
21151,3110,L,51.35,52.28,0.93
21152,3110,S,39.72,51.35,11.63
21153,3110,M,30.79,39.72,8.93
21154,3110,C,24.85,30.79,5.94
21155,3110,A,18.27,24.85,6.58
21156,3110,K,12.89,18.27,5.38
21157,3111,R,52.25,54.34,2.08
21158,3111,L,51.32,52.25,0.94
21159,3111,S,39.68,51.32,11.64
21160,3111,M,30.75,39.68,8.93
21161,3111,C,24.82,30.75,5.92
21162,3111,A,18.24,24.82,6.58
21163,3111,K,12.84,18.24,5.41
21164,3112,R,52.23,54.31,2.08
21165,3112,L,51.29,52.23,0.94
21166,3112,S,39.64,51.29,11.65
21167,3112,M,30.71,39.64,8.93
21168,3112,C,24.8,30.71,5.91
21169,3112,A,18.22,24.8,6.58
21170,3112,K,12.79,18.22,5.43
21171,3113,R,52.2,54.28,2.08
21172,3113,L,51.26,52.2,0.94
21173,3113,S,39.59,51.26,11.66
21174,3113,M,30.66,39.59,8.93
21175,3113,C,24.77,30.66,5.89
21176,3113,A,18.19,24.77,6.59
21177,3113,K,12.73,18.19,5.45
21178,3114,R,52.17,54.26,2.08
21179,3114,L,51.23,52.17,0.95
21180,3114,S,39.55,51.23,11.68
21181,3114,M,30.62,39.55,8.93
21182,3114,C,24.75,30.62,5.87
21183,3114,A,18.16,24.75,6.59
21184,3114,K,12.68,18.16,5.47
21185,3115,R,52.15,54.23,2.08
21186,3115,L,51.2,52.15,0.95
21187,3115,S,39.51,51.2,11.69
21188,3115,M,30.57,39.51,8.94
21189,3115,C,24.72,30.57,5.85
21190,3115,A,18.12,24.72,6.6
21191,3115,K,12.63,18.12,5.49
21192,3116,R,52.12,54.2,2.08
21193,3116,L,51.17,52.12,0.96
21194,3116,S,39.46,51.17,11.7
21195,3116,M,30.52,39.46,8.94
21196,3116,C,24.69,30.52,5.83
21197,3116,A,18.09,24.69,6.6
21198,3116,K,12.58,18.09,5.51
21199,3117,R,52.1,54.18,2.08
21200,3117,L,51.13,52.1,0.96
21201,3117,S,39.42,51.13,11.72
21202,3117,M,30.47,39.42,8.94
21203,3117,C,24.66,30.47,5.82
21204,3117,A,18.05,24.66,6.61
21205,3117,K,12.53,18.05,5.52
21206,3118,R,52.07,54.15,2.08
21207,3118,L,51.1,52.07,0.97
21208,3118,S,39.37,51.1,11.73
21209,3118,M,30.43,39.37,8.95
21210,3118,C,24.63,30.43,5.8
21211,3118,A,18.01,24.63,6.61
21212,3118,K,12.48,18.01,5.54
21213,3119,R,52.04,54.13,2.08
21214,3119,L,51.07,52.04,0.97
21215,3119,S,39.33,51.07,11.74
21216,3119,M,30.38,39.33,8.95
21217,3119,C,24.59,30.38,5.78
21218,3119,A,17.97,24.59,6.62
21219,3119,K,12.43,17.97,5.54
21220,3120,R,52.02,54.1,2.08
21221,3120,L,51.04,52.02,0.98
21222,3120,S,39.28,51.04,11.76
21223,3120,M,30.33,39.28,8.96
21224,3120,C,24.56,30.33,5.77
21225,3120,A,17.93,24.56,6.63
21226,3120,K,12.38,17.93,5.55
21227,3121,R,51.99,54.07,2.09
21228,3121,L,51.01,51.99,0.98
21229,3121,S,39.24,51.01,11.77
21230,3121,M,30.28,39.24,8.96
21231,3121,C,24.52,30.28,5.75
21232,3121,A,17.89,24.52,6.63
21233,3121,K,12.33,17.89,5.56
21234,3122,R,51.96,54.05,2.09
21235,3122,L,50.98,51.96,0.99
21236,3122,S,39.19,50.98,11.78
21237,3122,M,30.23,39.19,8.97
21238,3122,C,24.48,30.23,5.74
21239,3122,A,17.84,24.48,6.64
21240,3122,K,12.28,17.84,5.56
21241,3123,R,51.94,54.02,2.09
21242,3123,L,50.94,51.94,0.99
21243,3123,S,39.15,50.94,11.8
21244,3123,M,30.17,39.15,8.97
21245,3123,C,24.45,30.17,5.73
21246,3123,A,17.8,24.45,6.65
21247,3123,K,12.24,17.8,5.56
21248,3124,R,51.91,54.0,2.09
21249,3124,L,50.91,51.91,1.0
21250,3124,S,39.1,50.91,11.81
21251,3124,M,30.12,39.1,8.98
21252,3124,C,24.41,30.12,5.71
21253,3124,A,17.75,24.41,6.66
21254,3124,K,12.19,17.75,5.56
21255,3125,R,51.88,53.97,2.09
21256,3125,L,50.88,51.88,1.0
21257,3125,S,39.05,50.88,11.83
21258,3125,M,30.07,39.05,8.99
21259,3125,C,24.37,30.07,5.7
21260,3125,A,17.7,24.37,6.67
21261,3125,K,12.14,17.7,5.56
21262,3126,R,51.86,53.95,2.09
21263,3126,L,50.85,51.86,1.01
21264,3126,S,39.01,50.85,11.84
21265,3126,M,30.01,39.01,8.99
21266,3126,C,24.32,30.01,5.69
21267,3126,A,17.65,24.32,6.68
21268,3126,K,12.1,17.65,5.55
21269,3127,R,51.83,53.92,2.09
21270,3127,L,50.81,51.83,1.02
21271,3127,S,38.96,50.81,11.86
21272,3127,M,29.96,38.96,9.0
21273,3127,C,24.28,29.96,5.68
21274,3127,A,17.59,24.28,6.69
21275,3127,K,12.05,17.59,5.54
21276,3128,R,51.8,53.9,2.1
21277,3128,L,50.78,51.8,1.02
21278,3128,S,38.91,50.78,11.87
21279,3128,M,29.9,38.91,9.01
21280,3128,C,24.24,29.9,5.67
21281,3128,A,17.54,24.24,6.7
21282,3128,K,12.01,17.54,5.53
21283,3129,R,51.78,53.88,2.1
21284,3129,L,50.75,51.78,1.03
21285,3129,S,38.86,50.75,11.88
21286,3129,M,29.85,38.86,9.02
21287,3129,C,24.19,29.85,5.66
21288,3129,A,17.48,24.19,6.71
21289,3129,K,11.96,17.48,5.52
21290,3130,R,51.75,53.85,2.1
21291,3130,L,50.72,51.75,1.04
21292,3130,S,38.82,50.72,11.9
21293,3130,M,29.79,38.82,9.02
21294,3130,C,24.15,29.79,5.65
21295,3130,A,17.42,24.15,6.72
21296,3130,K,11.92,17.42,5.5
21297,3131,R,51.73,53.83,2.1
21298,3131,L,50.68,51.73,1.04
21299,3131,S,38.77,50.68,11.91
21300,3131,M,29.74,38.77,9.03
21301,3131,C,24.1,29.74,5.64
21302,3131,A,17.37,24.1,6.73
21303,3131,K,11.88,17.37,5.49
21304,3132,R,51.7,53.81,2.11
21305,3132,L,50.65,51.7,1.05
21306,3132,S,38.72,50.65,11.93
21307,3132,M,29.68,38.72,9.04
21308,3132,C,24.05,29.68,5.63
21309,3132,A,17.3,24.05,6.75
21310,3132,K,11.84,17.3,5.47
21311,3133,R,51.67,53.78,2.11
21312,3133,L,50.62,51.67,1.06
21313,3133,S,38.67,50.62,11.95
21314,3133,M,29.62,38.67,9.05
21315,3133,C,24.0,29.62,5.62
21316,3133,A,17.24,24.0,6.76
21317,3133,K,11.8,17.24,5.45
21318,3134,R,51.65,53.76,2.11
21319,3134,L,50.58,51.65,1.06
21320,3134,S,38.62,50.58,11.96
21321,3134,M,29.57,38.62,9.06
21322,3134,C,23.95,29.57,5.61
21323,3134,A,17.18,23.95,6.77
21324,3134,K,11.76,17.18,5.42
21325,3135,R,51.62,53.74,2.12
21326,3135,L,50.55,51.62,1.07
21327,3135,S,38.58,50.55,11.98
21328,3135,M,29.51,38.58,9.07
21329,3135,C,23.9,29.51,5.61
21330,3135,A,17.11,23.9,6.79
21331,3135,K,11.72,17.11,5.4
21332,3136,R,51.6,53.72,2.12
21333,3136,L,50.52,51.6,1.08
21334,3136,S,38.53,50.52,11.99
21335,3136,M,29.45,38.53,9.08
21336,3136,C,23.85,29.45,5.6
21337,3136,A,17.05,23.85,6.8
21338,3136,K,11.68,17.05,5.37
21339,3137,R,51.57,53.7,2.12
21340,3137,L,50.49,51.57,1.09
21341,3137,S,38.48,50.49,12.01
21342,3137,M,29.39,38.48,9.09
21343,3137,C,23.8,29.39,5.59
21344,3137,A,16.98,23.8,6.82
21345,3137,K,11.64,16.98,5.34
21346,3138,R,51.55,53.68,2.13
21347,3138,L,50.45,51.55,1.1
21348,3138,S,38.43,50.45,12.02
21349,3138,M,29.33,38.43,9.1
21350,3138,C,23.75,29.33,5.59
21351,3138,A,16.91,23.75,6.83
21352,3138,K,11.6,16.91,5.31
21353,3139,R,51.52,53.65,2.13
21354,3139,L,50.42,51.52,1.1
21355,3139,S,38.38,50.42,12.04
21356,3139,M,29.27,38.38,9.11
21357,3139,C,23.69,29.27,5.58
21358,3139,A,16.84,23.69,6.85
21359,3139,K,11.56,16.84,5.28
21360,3140,R,51.5,53.63,2.14
21361,3140,L,50.39,51.5,1.11
21362,3140,S,38.33,50.39,12.05
21363,3140,M,29.21,38.33,9.12
21364,3140,C,23.64,29.21,5.58
21365,3140,A,16.77,23.64,6.87
21366,3140,K,11.53,16.77,5.24
21367,3141,R,51.47,53.61,2.14
21368,3141,L,50.35,51.47,1.12
21369,3141,S,38.28,50.35,12.07
21370,3141,M,29.15,38.28,9.13
21371,3141,C,23.58,29.15,5.57
21372,3141,A,16.7,23.58,6.88
21373,3141,K,11.49,16.7,5.21
21374,3142,R,51.45,53.59,2.15
21375,3142,L,50.32,51.45,1.13
21376,3142,S,38.23,50.32,12.09
21377,3142,M,29.09,38.23,9.14
21378,3142,C,23.53,29.09,5.57
21379,3142,A,16.62,23.53,6.9
21380,3142,K,11.46,16.62,5.17
21381,3143,R,51.42,53.57,2.15
21382,3143,L,50.29,51.42,1.14
21383,3143,S,38.19,50.29,12.1
21384,3143,M,29.03,38.19,9.15
21385,3143,C,23.47,29.03,5.57
21386,3143,A,16.55,23.47,6.92
21387,3143,K,11.42,16.55,5.13
21388,3144,R,51.4,53.56,2.16
21389,3144,L,50.25,51.4,1.15
21390,3144,S,38.14,50.25,12.12
21391,3144,M,28.97,38.14,9.16
21392,3144,C,23.41,28.97,5.56
21393,3144,A,16.47,23.41,6.94
21394,3144,K,11.39,16.47,5.09
21395,3145,R,51.38,53.54,2.16
21396,3145,L,50.22,51.38,1.15
21397,3145,S,38.09,50.22,12.13
21398,3145,M,28.91,38.09,9.17
21399,3145,C,23.35,28.91,5.56
21400,3145,A,16.4,23.35,6.96
21401,3145,K,11.36,16.4,5.04
21402,3146,R,51.35,53.52,2.17
21403,3146,L,50.19,51.35,1.16
21404,3146,S,38.04,50.19,12.15
21405,3146,M,28.85,38.04,9.19
21406,3146,C,23.29,28.85,5.56
21407,3146,A,16.32,23.29,6.97
21408,3146,K,11.32,16.32,5.0
21409,3147,R,51.33,53.5,2.17
21410,3147,L,50.16,51.33,1.17
21411,3147,S,37.99,50.16,12.17
21412,3147,M,28.79,37.99,9.2
21413,3147,C,23.23,28.79,5.56
21414,3147,A,16.24,23.23,6.99
21415,3147,K,11.29,16.24,4.95
21416,3148,R,51.31,53.48,2.18
21417,3148,L,50.12,51.31,1.18
21418,3148,S,37.94,50.12,12.18
21419,3148,M,28.73,37.94,9.21
21420,3148,C,23.18,28.73,5.56
21421,3148,A,16.16,23.18,7.01
21422,3148,K,11.26,16.16,4.9
21423,3149,R,51.28,53.47,2.18
21424,3149,L,50.09,51.28,1.19
21425,3149,S,37.89,50.09,12.2
21426,3149,M,28.67,37.89,9.22
21427,3149,C,23.11,28.67,5.56
21428,3149,A,16.08,23.11,7.04
21429,3149,K,11.23,16.08,4.85
21430,3150,R,51.26,53.45,2.19
21431,3150,L,50.06,51.26,1.2
21432,3150,S,37.85,50.06,12.21
21433,3150,M,28.61,37.85,9.23
21434,3150,C,23.05,28.61,5.56
21435,3150,A,16.0,23.05,7.06
21436,3150,K,11.2,16.0,4.79
21437,3151,R,51.24,53.43,2.2
21438,3151,L,50.03,51.24,1.21
21439,3151,S,37.8,50.03,12.23
21440,3151,M,28.55,37.8,9.25
21441,3151,C,22.99,28.55,5.56
21442,3151,A,15.91,22.99,7.08
21443,3151,K,11.17,15.91,4.74
21444,3152,R,51.21,53.42,2.2
21445,3152,L,50.0,51.21,1.22
21446,3152,S,37.75,50.0,12.25
21447,3152,M,28.49,37.75,9.26
21448,3152,C,22.93,28.49,5.56
21449,3152,A,15.83,22.93,7.1
21450,3152,K,11.15,15.83,4.68
21451,3153,R,51.19,53.4,2.21
21452,3153,L,49.96,51.19,1.23
21453,3153,S,37.7,49.96,12.26
21454,3153,M,28.43,37.7,9.27
21455,3153,C,22.87,28.43,5.56
21456,3153,A,15.75,22.87,7.12
21457,3153,K,11.12,15.75,4.63
21458,3154,R,51.17,53.39,2.22
21459,3154,L,49.93,51.17,1.24
21460,3154,S,37.66,49.93,12.28
21461,3154,M,28.37,37.66,9.29
21462,3154,C,22.81,28.37,5.56
21463,3154,A,15.66,22.81,7.15
21464,3154,K,11.09,15.66,4.57
21465,3155,R,51.15,53.37,2.22
21466,3155,L,49.9,51.15,1.25
21467,3155,S,37.61,49.9,12.29
21468,3155,M,28.31,37.61,9.3
21469,3155,C,22.75,28.31,5.57
21470,3155,A,15.58,22.75,7.17
21471,3155,K,11.07,15.58,4.51
21472,3156,R,51.13,53.36,2.23
21473,3156,L,49.87,51.13,1.26
21474,3156,S,37.56,49.87,12.31
21475,3156,M,28.25,37.56,9.31
21476,3156,C,22.68,28.25,5.57
21477,3156,A,15.49,22.68,7.19
21478,3156,K,11.04,15.49,4.44
21479,3157,R,51.11,53.34,2.24
21480,3157,L,49.84,51.11,1.27
21481,3157,S,37.52,49.84,12.32
21482,3157,M,28.19,37.52,9.32
21483,3157,C,22.62,28.19,5.57
21484,3157,A,15.4,22.62,7.22
21485,3157,K,11.02,15.4,4.38
21486,3158,R,51.08,53.33,2.24
21487,3158,L,49.81,51.08,1.27
21488,3158,S,37.47,49.81,12.34
21489,3158,M,28.13,37.47,9.34
21490,3158,C,22.56,28.13,5.58
21491,3158,A,15.31,22.56,7.24
21492,3158,K,11.0,15.31,4.32
21493,3159,R,51.06,53.32,2.25
21494,3159,L,49.78,51.06,1.28
21495,3159,S,37.42,49.78,12.36
21496,3159,M,28.07,37.42,9.35
21497,3159,C,22.49,28.07,5.58
21498,3159,A,15.23,22.49,7.27
21499,3159,K,10.98,15.23,4.25
21500,3160,R,51.04,53.3,2.26
21501,3160,L,49.75,51.04,1.29
21502,3160,S,37.38,49.75,12.37
21503,3160,M,28.01,37.38,9.36
21504,3160,C,22.43,28.01,5.58
21505,3160,A,15.14,22.43,7.29
21506,3160,K,10.95,15.14,4.18
21507,3161,R,51.02,53.29,2.27
21508,3161,L,49.72,51.02,1.3
21509,3161,S,37.33,49.72,12.39
21510,3161,M,27.95,37.33,9.38
21511,3161,C,22.37,27.95,5.59
21512,3161,A,15.05,22.37,7.32
21513,3161,K,10.93,15.05,4.11
21514,3162,R,51.0,53.28,2.28
21515,3162,L,49.69,51.0,1.31
21516,3162,S,37.29,49.69,12.4
21517,3162,M,27.9,37.29,9.39
21518,3162,C,22.3,27.9,5.59
21519,3162,A,14.96,22.3,7.34
21520,3162,K,10.91,14.96,4.04
21521,3163,R,50.98,53.27,2.28
21522,3163,L,49.66,50.98,1.32
21523,3163,S,37.24,49.66,12.42
21524,3163,M,27.84,37.24,9.4
21525,3163,C,22.24,27.84,5.6
21526,3163,A,14.87,22.24,7.37
21527,3163,K,10.89,14.87,3.97
21528,3164,R,50.96,53.26,2.29
21529,3164,L,49.63,50.96,1.33
21530,3164,S,37.2,49.63,12.43
21531,3164,M,27.78,37.2,9.42
21532,3164,C,22.17,27.78,5.61
21533,3164,A,14.78,22.17,7.4
21534,3164,K,10.88,14.78,3.9
21535,3165,R,50.94,53.25,2.3
21536,3165,L,49.6,50.94,1.34
21537,3165,S,37.15,49.6,12.45
21538,3165,M,27.72,37.15,9.43
21539,3165,C,22.11,27.72,5.61
21540,3165,A,14.68,22.11,7.43
21541,3165,K,10.86,14.68,3.83
21542,3166,R,50.93,53.23,2.31
21543,3166,L,49.57,50.93,1.35
21544,3166,S,37.11,49.57,12.46
21545,3166,M,27.67,37.11,9.44
21546,3166,C,22.05,27.67,5.62
21547,3166,A,14.59,22.05,7.45
21548,3166,K,10.84,14.59,3.75
21549,3167,R,50.91,53.23,2.32
21550,3167,L,49.54,50.91,1.36
21551,3167,S,37.07,49.54,12.48
21552,3167,M,27.61,37.07,9.46
21553,3167,C,21.98,27.61,5.63
21554,3167,A,14.5,21.98,7.48
21555,3167,K,10.82,14.5,3.68
21556,3168,R,50.89,53.22,2.33
21557,3168,L,49.52,50.89,1.37
21558,3168,S,37.03,49.52,12.49
21559,3168,M,27.55,37.03,9.47
21560,3168,C,21.92,27.55,5.63
21561,3168,A,14.41,21.92,7.51
21562,3168,K,10.81,14.41,3.6
21563,3169,R,50.87,53.21,2.34
21564,3169,L,49.49,50.87,1.38
21565,3169,S,36.98,49.49,12.5
21566,3169,M,27.5,36.98,9.49
21567,3169,C,21.86,27.5,5.64
21568,3169,A,14.32,21.86,7.54
21569,3169,K,10.79,14.32,3.52
21570,3170,R,50.85,53.2,2.35
21571,3170,L,49.46,50.85,1.39
21572,3170,S,36.94,49.46,12.52
21573,3170,M,27.44,36.94,9.5
21574,3170,C,21.79,27.44,5.65
21575,3170,A,14.22,21.79,7.57
21576,3170,K,10.78,14.22,3.44
21577,3171,R,50.84,53.19,2.35
21578,3171,L,49.43,50.84,1.4
21579,3171,S,36.9,49.43,12.53
21580,3171,M,27.39,36.9,9.51
21581,3171,C,21.73,27.39,5.66
21582,3171,A,14.13,21.73,7.6
21583,3171,K,10.77,14.13,3.36
21584,3172,R,50.82,53.18,2.36
21585,3172,L,49.41,50.82,1.41
21586,3172,S,36.86,49.41,12.55
21587,3172,M,27.33,36.86,9.53
21588,3172,C,21.67,27.33,5.67
21589,3172,A,14.04,21.67,7.63
21590,3172,K,10.75,14.04,3.28
21591,3173,R,50.8,53.18,2.37
21592,3173,L,49.38,50.8,1.42
21593,3173,S,36.82,49.38,12.56
21594,3173,M,27.28,36.82,9.54
21595,3173,C,21.6,27.28,5.68
21596,3173,A,13.94,21.6,7.66
21597,3173,K,10.74,13.94,3.2
21598,3174,R,50.79,53.17,2.38
21599,3174,L,49.35,50.79,1.43
21600,3174,S,36.78,49.35,12.57
21601,3174,M,27.23,36.78,9.55
21602,3174,C,21.54,27.23,5.69
21603,3174,A,13.85,21.54,7.69
21604,3174,K,10.73,13.85,3.12
21605,3175,R,50.77,53.16,2.39
21606,3175,L,49.33,50.77,1.44
21607,3175,S,36.74,49.33,12.59
21608,3175,M,27.17,36.74,9.56
21609,3175,C,21.48,27.17,5.7
21610,3175,A,13.76,21.48,7.72
21611,3175,K,10.72,13.76,3.04
21612,3176,R,50.75,53.16,2.4
21613,3176,L,49.3,50.75,1.45
21614,3176,S,36.7,49.3,12.6
21615,3176,M,27.12,36.7,9.58
21616,3176,C,21.42,27.12,5.71
21617,3176,A,13.66,21.42,7.75
21618,3176,K,10.66,13.66,3.0
21619,3177,R,50.74,53.15,2.41
21620,3177,L,49.28,50.74,1.46
21621,3177,S,36.66,49.28,12.61
21622,3177,M,27.07,36.66,9.59
21623,3177,C,21.36,27.07,5.72
21624,3177,A,13.57,21.36,7.78
21625,3177,K,10.57,13.57,3.0
21626,3178,R,50.72,53.15,2.42
21627,3178,L,49.25,50.72,1.47
21628,3178,S,36.63,49.25,12.63
21629,3178,M,27.02,36.63,9.6
21630,3178,C,21.29,27.02,5.73
21631,3178,A,13.48,21.29,7.82
21632,3178,K,10.48,13.48,3.0
21633,3179,R,50.71,53.14,2.43
21634,3179,L,49.23,50.71,1.48
21635,3179,S,36.59,49.23,12.64
21636,3179,M,26.97,36.59,9.62
21637,3179,C,21.23,26.97,5.74
21638,3179,A,13.39,21.23,7.85
21639,3179,K,10.39,13.39,3.0
21640,3180,R,50.69,53.14,2.45
21641,3180,L,49.2,50.69,1.49
21642,3180,S,36.55,49.2,12.65
21643,3180,M,26.92,36.55,9.63
21644,3180,C,21.17,26.92,5.75
21645,3180,A,13.29,21.17,7.88
21646,3180,K,10.29,13.29,3.0
21647,3181,R,50.68,53.14,2.46
21648,3181,L,49.18,50.68,1.5
21649,3181,S,36.52,49.18,12.66
21650,3181,M,26.87,36.52,9.64
21651,3181,C,21.11,26.87,5.76
21652,3181,A,13.2,21.11,7.91
21653,3181,K,10.2,13.2,3.0
21654,3182,R,50.67,53.13,2.47
21655,3182,L,49.16,50.67,1.51
21656,3182,S,36.48,49.16,12.68
21657,3182,M,26.83,36.48,9.65
21658,3182,C,21.06,26.83,5.77
21659,3182,A,13.11,21.06,7.95
21660,3182,K,10.11,13.11,3.0
21661,3183,R,50.65,53.13,2.48
21662,3183,L,49.13,50.65,1.52
21663,3183,S,36.45,49.13,12.69
21664,3183,M,26.78,36.45,9.67
21665,3183,C,21.0,26.78,5.78
21666,3183,A,13.02,21.0,7.98
21667,3183,K,10.02,13.02,3.0
21668,3184,R,50.64,53.13,2.49
21669,3184,L,49.11,50.64,1.53
21670,3184,S,36.41,49.11,12.7
21671,3184,M,26.73,36.41,9.68
21672,3184,C,20.94,26.73,5.79
21673,3184,A,12.93,20.94,8.01
21674,3184,K,9.93,12.93,3.0
21675,3185,R,50.63,53.13,2.5
21676,3185,L,49.09,50.63,1.54
21677,3185,S,36.38,49.09,12.71
21678,3185,M,26.69,36.38,9.69
21679,3185,C,20.88,26.69,5.8
21680,3185,A,12.83,20.88,8.05
21681,3185,K,9.83,12.83,3.0
21682,3186,R,50.61,53.12,2.51
21683,3186,L,49.07,50.61,1.55
21684,3186,S,36.35,49.07,12.72
21685,3186,M,26.64,36.35,9.7
21686,3186,C,20.83,26.64,5.82
21687,3186,A,12.74,20.83,8.08
21688,3186,K,9.74,12.74,3.0
21689,3187,R,50.6,53.12,2.52
21690,3187,L,49.05,50.6,1.55
21691,3187,S,36.31,49.05,12.73
21692,3187,M,26.6,36.31,9.71
21693,3187,C,20.77,26.6,5.83
21694,3187,A,12.65,20.77,8.12
21695,3187,K,9.65,12.65,3.0
21696,3188,R,50.59,53.12,2.53
21697,3188,L,49.03,50.59,1.56
21698,3188,S,36.28,49.03,12.74
21699,3188,M,26.56,36.28,9.73
21700,3188,C,20.72,26.56,5.84
21701,3188,A,12.56,20.72,8.15
21702,3188,K,9.56,12.56,3.0
21703,3189,R,50.58,53.12,2.54
21704,3189,L,49.01,50.58,1.57
21705,3189,S,36.25,49.01,12.75
21706,3189,M,26.51,36.25,9.74
21707,3189,C,20.66,26.51,5.85
21708,3189,A,12.47,20.66,8.19
21709,3189,K,9.47,12.47,3.0
21710,3190,R,50.57,53.12,2.56
21711,3190,L,48.99,50.57,1.58
21712,3190,S,36.22,48.99,12.77
21713,3190,M,26.47,36.22,9.75
21714,3190,C,20.61,26.47,5.87
21715,3190,A,12.39,20.61,8.22
21716,3190,K,9.39,12.39,3.0
21717,3191,R,50.56,53.12,2.57
21718,3191,L,48.97,50.56,1.59
21719,3191,S,36.19,48.97,12.77
21720,3191,M,26.43,36.19,9.76
21721,3191,C,20.55,26.43,5.88
21722,3191,A,12.3,20.55,8.26
21723,3191,K,9.3,12.3,3.0
21724,3192,R,50.55,53.12,2.58
21725,3192,L,48.95,50.55,1.6
21726,3192,S,36.16,48.95,12.78
21727,3192,M,26.39,36.16,9.77
21728,3192,C,20.5,26.39,5.89
21729,3192,A,12.21,20.5,8.29
21730,3192,K,9.21,12.21,3.0
21731,3193,R,50.53,53.13,2.59
21732,3193,L,48.93,50.53,1.61
21733,3193,S,36.14,48.93,12.79
21734,3193,M,26.35,36.14,9.78
21735,3193,C,20.45,26.35,5.9
21736,3193,A,12.12,20.45,8.33
21737,3193,K,9.12,12.12,3.0
21738,3194,R,50.52,53.13,2.6
21739,3194,L,48.91,50.52,1.61
21740,3194,S,36.11,48.91,12.8
21741,3194,M,26.32,36.11,9.79
21742,3194,C,20.4,26.32,5.92
21743,3194,A,12.04,20.4,8.36
21744,3194,K,9.04,12.04,3.0
21745,3195,R,50.52,53.13,2.61
21746,3195,L,48.89,50.52,1.62
21747,3195,S,36.08,48.89,12.81
21748,3195,M,26.28,36.08,9.8
21749,3195,C,20.35,26.28,5.93
21750,3195,A,11.95,20.35,8.4
21751,3195,K,8.95,11.95,3.0
21752,3196,R,50.51,53.13,2.63
21753,3196,L,48.88,50.51,1.63
21754,3196,S,36.06,48.88,12.82
21755,3196,M,26.24,36.06,9.81
21756,3196,C,20.3,26.24,5.94
21757,3196,A,11.87,20.3,8.43
21758,3196,K,8.87,11.87,3.0
21759,3197,R,50.5,53.13,2.64
21760,3197,L,48.86,50.5,1.64
21761,3197,S,36.03,48.86,12.83
21762,3197,M,26.21,36.03,9.82
21763,3197,C,20.25,26.21,5.95
21764,3197,A,11.78,20.25,8.47
21765,3197,K,8.78,11.78,3.0
21766,3198,R,50.49,53.14,2.65
21767,3198,L,48.84,50.49,1.65
21768,3198,S,36.01,48.84,12.84
21769,3198,M,26.17,36.01,9.83
21770,3198,C,20.21,26.17,5.97
21771,3198,A,11.7,20.21,8.51
21772,3198,K,8.7,11.7,3.0
21773,3199,R,50.48,53.14,2.66
21774,3199,L,48.83,50.48,1.65
21775,3199,S,35.98,48.83,12.84
21776,3199,M,26.14,35.98,9.84
21777,3199,C,20.16,26.14,5.98
21778,3199,A,11.62,20.16,8.54
21779,3199,K,8.62,11.62,3.0
21780,3200,R,50.47,53.15,2.67
21781,3200,L,48.81,50.47,1.66
21782,3200,S,35.96,48.81,12.85
21783,3200,M,26.11,35.96,9.85
21784,3200,C,20.12,26.11,5.99
21785,3200,A,11.54,20.12,8.58
21786,3200,K,8.54,11.54,3.0
21787,3201,R,50.46,53.15,2.69
21788,3201,L,48.8,50.46,1.67
21789,3201,S,35.94,48.8,12.86
21790,3201,M,26.08,35.94,9.86
21791,3201,C,20.07,26.08,6.0
21792,3201,A,11.46,20.07,8.62
21793,3201,K,8.46,11.46,3.0
21794,3202,R,50.46,53.15,2.7
21795,3202,L,48.78,50.46,1.67
21796,3202,S,35.92,48.78,12.87
21797,3202,M,26.05,35.92,9.87
21798,3202,C,20.03,26.05,6.02
21799,3202,A,11.38,20.03,8.65
21800,3202,K,8.38,11.38,3.0
21801,3203,R,50.45,53.16,2.71
21802,3203,L,48.77,50.45,1.68
21803,3203,S,35.9,48.77,12.87
21804,3203,M,26.02,35.9,9.88
21805,3203,C,19.99,26.02,6.03
21806,3203,A,11.3,19.99,8.69
21807,3203,K,8.3,11.3,3.0
21808,3204,R,50.44,53.16,2.72
21809,3204,L,48.75,50.44,1.69
21810,3204,S,35.88,48.75,12.88
21811,3204,M,25.99,35.88,9.89
21812,3204,C,19.95,25.99,6.04
21813,3204,A,11.22,19.95,8.73
21814,3204,K,8.22,11.22,3.0
21815,3205,R,50.44,53.17,2.73
21816,3205,L,48.74,50.44,1.69
21817,3205,S,35.86,48.74,12.88
21818,3205,M,25.96,35.86,9.89
21819,3205,C,19.91,25.96,6.05
21820,3205,A,11.14,19.91,8.76
21821,3205,K,8.14,11.14,3.0
21822,3206,R,50.43,53.18,2.75
21823,3206,L,48.73,50.43,1.7
21824,3206,S,35.84,48.73,12.89
21825,3206,M,25.94,35.84,9.9
21826,3206,C,19.87,25.94,6.07
21827,3206,A,11.07,19.87,8.8
21828,3206,K,8.07,11.07,3.0
21829,3207,R,50.42,53.18,2.76
21830,3207,L,48.72,50.42,1.71
21831,3207,S,35.82,48.72,12.89
21832,3207,M,25.91,35.82,9.91
21833,3207,C,19.83,25.91,6.08
21834,3207,A,10.99,19.83,8.84
21835,3207,K,7.99,10.99,3.0
21836,3208,R,50.42,53.19,2.77
21837,3208,L,48.7,50.42,1.71
21838,3208,S,35.81,48.7,12.9
21839,3208,M,25.89,35.81,9.92
21840,3208,C,19.8,25.89,6.09
21841,3208,A,10.92,19.8,8.88
21842,3208,K,7.92,10.92,3.0
21843,3209,R,50.41,53.2,2.78
21844,3209,L,48.69,50.41,1.72
21845,3209,S,35.79,48.69,12.9
21846,3209,M,25.87,35.79,9.92
21847,3209,C,19.76,25.87,6.1
21848,3209,A,10.85,19.76,8.91
21849,3209,K,7.85,10.85,3.0
21850,3210,R,50.41,53.2,2.8
21851,3210,L,48.68,50.41,1.73
21852,3210,S,35.77,48.68,12.91
21853,3210,M,25.84,35.77,9.93
21854,3210,C,19.73,25.84,6.12
21855,3210,A,10.78,19.73,8.95
21856,3210,K,7.78,10.78,3.0
21857,3211,R,50.4,53.21,2.81
21858,3211,L,48.67,50.4,1.73
21859,3211,S,35.76,48.67,12.91
21860,3211,M,25.82,35.76,9.94
21861,3211,C,19.7,25.82,6.13
21862,3211,A,10.71,19.7,8.99
21863,3211,K,7.71,10.71,3.0
21864,3212,R,50.4,53.22,2.82
21865,3212,L,48.66,50.4,1.74
21866,3212,S,35.75,48.66,12.91
21867,3212,M,25.8,35.75,9.94
21868,3212,C,19.67,25.8,6.14
21869,3212,A,10.64,19.67,9.02
21870,3212,K,7.64,10.64,3.0
21871,3213,R,50.39,53.23,2.83
21872,3213,L,48.65,50.39,1.74
21873,3213,S,35.73,48.65,12.92
21874,3213,M,25.79,35.73,9.95
21875,3213,C,19.64,25.79,6.15
21876,3213,A,10.57,19.64,9.06
21877,3213,K,7.57,10.57,3.0
21878,3214,R,50.39,53.24,2.85
21879,3214,L,48.64,50.39,1.75
21880,3214,S,35.72,48.64,12.92
21881,3214,M,25.77,35.72,9.95
21882,3214,C,19.61,25.77,6.16
21883,3214,A,10.51,19.61,9.1
21884,3214,K,7.51,10.51,3.0
21885,3215,R,50.39,53.24,2.86
21886,3215,L,48.63,50.39,1.75
21887,3215,S,35.71,48.63,12.92
21888,3215,M,25.75,35.71,9.96
21889,3215,C,19.58,25.75,6.17
21890,3215,A,10.44,19.58,9.14
21891,3215,K,7.44,10.44,3.0
21892,3216,R,50.38,53.25,2.87
21893,3216,L,48.63,50.38,1.76
21894,3216,S,35.7,48.63,12.92
21895,3216,M,25.74,35.7,9.97
21896,3216,C,19.55,25.74,6.18
21897,3216,A,10.38,19.55,9.17
21898,3216,K,7.38,10.38,3.0
21899,3217,R,50.38,53.26,2.88
21900,3217,L,48.62,50.38,1.76
21901,3217,S,35.69,48.62,12.93
21902,3217,M,25.72,35.69,9.97
21903,3217,C,19.53,25.72,6.19
21904,3217,A,10.32,19.53,9.21
21905,3217,K,7.32,10.32,3.0
21906,3218,R,50.38,53.27,2.9
21907,3218,L,48.61,50.38,1.76
21908,3218,S,35.68,48.61,12.93
21909,3218,M,25.71,35.68,9.97
21910,3218,C,19.51,25.71,6.2
21911,3218,A,10.26,19.51,9.25
21912,3218,K,7.26,10.26,3.0
21913,3219,R,50.37,53.28,2.91
21914,3219,L,48.6,50.37,1.77
21915,3219,S,35.68,48.6,12.93
21916,3219,M,25.7,35.68,9.98
21917,3219,C,19.48,25.7,6.21
21918,3219,A,10.2,19.48,9.29
21919,3219,K,7.2,10.2,3.0
21920,3220,R,50.37,53.29,2.92
21921,3220,L,48.6,50.37,1.77
21922,3220,S,35.67,48.6,12.93
21923,3220,M,25.69,35.67,9.98
21924,3220,C,19.46,25.69,6.22
21925,3220,A,10.14,19.46,9.32
21926,3220,K,7.14,10.14,3.0
21927,3221,R,50.37,53.3,2.93
21928,3221,L,48.59,50.37,1.78
21929,3221,S,35.66,48.59,12.93
21930,3221,M,25.68,35.66,9.99
21931,3221,C,19.44,25.68,6.23
21932,3221,A,10.08,19.44,9.36
21933,3221,K,7.08,10.08,3.0
21934,3222,R,50.37,53.31,2.94
21935,3222,L,48.59,50.37,1.78
21936,3222,S,35.66,48.59,12.93
21937,3222,M,25.67,35.66,9.99
21938,3222,C,19.43,25.67,6.24
21939,3222,A,10.03,19.43,9.4
21940,3222,K,7.03,10.03,3.0
21941,3223,R,50.36,53.32,2.96
21942,3223,L,48.58,50.36,1.78
21943,3223,S,35.65,48.58,12.93
21944,3223,M,25.66,35.65,9.99
21945,3223,C,19.41,25.66,6.25
21946,3223,A,9.98,19.41,9.43
21947,3223,K,6.98,9.98,3.0
21948,3224,R,50.36,53.33,2.97
21949,3224,L,48.58,50.36,1.78
21950,3224,S,35.65,48.58,12.93
21951,3224,M,25.65,35.65,10.0
21952,3224,C,19.39,25.65,6.26
21953,3224,A,9.92,19.39,9.47
21954,3224,K,6.92,9.92,3.0
21955,3225,R,50.36,53.34,2.98
21956,3225,L,48.57,50.36,1.79
21957,3225,S,35.65,48.57,12.93
21958,3225,M,25.65,35.65,10.0
21959,3225,C,19.38,25.65,6.27
21960,3225,A,9.87,19.38,9.51
21961,3225,K,6.87,9.87,3.0
21962,3226,R,50.36,53.35,2.99
21963,3226,L,48.57,50.36,1.79
21964,3226,S,35.64,48.57,12.93
21965,3226,M,25.64,35.64,10.0
21966,3226,C,19.37,25.64,6.28
21967,3226,A,9.82,19.37,9.54
21968,3226,K,6.82,9.82,3.0
21969,3227,R,50.36,53.36,3.0
21970,3227,L,48.57,50.36,1.79
21971,3227,S,35.64,48.57,12.92
21972,3227,M,25.64,35.64,10.0
21973,3227,C,19.36,25.64,6.28
21974,3227,A,9.78,19.36,9.58
21975,3227,K,6.78,9.78,3.0
21976,3228,R,50.36,53.37,3.02
21977,3228,L,48.56,50.36,1.79
21978,3228,S,35.64,48.56,12.92
21979,3228,M,25.64,35.64,10.0
21980,3228,C,19.35,25.64,6.29
21981,3228,A,9.73,19.35,9.61
21982,3228,K,6.73,9.73,3.0
21983,3229,R,50.36,53.38,3.03
21984,3229,L,48.56,50.36,1.8
21985,3229,S,35.64,48.56,12.92
21986,3229,M,25.64,35.64,10.0
21987,3229,C,19.34,25.64,6.3
21988,3229,A,9.69,19.34,9.65
21989,3229,K,6.69,9.69,3.0
21990,3230,R,50.36,53.4,3.04
21991,3230,L,48.56,50.36,1.8
21992,3230,S,35.64,48.56,12.92
21993,3230,M,25.64,35.64,10.01
21994,3230,C,19.33,25.64,6.31
21995,3230,A,9.64,19.33,9.69
21996,3230,K,6.64,9.64,3.0
21997,3231,R,50.36,53.41,3.05
21998,3231,L,48.56,50.36,1.8
21999,3231,S,35.64,48.56,12.91
22000,3231,M,25.64,35.64,10.01
22001,3231,C,19.33,25.64,6.31
22002,3231,A,9.6,19.33,9.72
22003,3231,K,6.6,9.6,3.0
22004,3232,R,50.35,53.42,3.06
22005,3232,L,48.56,50.35,1.8
22006,3232,S,35.65,48.56,12.91
22007,3232,M,25.64,35.65,10.01
22008,3232,C,19.32,25.64,6.32
22009,3232,A,9.56,19.32,9.76
22010,3232,K,6.56,9.56,3.0
22011,3233,R,50.35,53.43,3.08
22012,3233,L,48.55,50.35,1.8
22013,3233,S,35.65,48.55,12.9
22014,3233,M,25.64,35.65,10.01
22015,3233,C,19.32,25.64,6.32
22016,3233,A,9.53,19.32,9.79
22017,3233,K,6.53,9.53,3.0
22018,3234,R,50.35,53.44,3.09
22019,3234,L,48.55,50.35,1.8
22020,3234,S,35.65,48.55,12.9
22021,3234,M,25.65,35.65,10.01
22022,3234,C,19.32,25.65,6.33
22023,3234,A,9.49,19.32,9.83
22024,3234,K,6.49,9.49,3.0
22025,3235,R,50.35,53.45,3.1
22026,3235,L,48.55,50.35,1.8
22027,3235,S,35.66,48.55,12.9
22028,3235,M,25.65,35.66,10.01
22029,3235,C,19.32,25.65,6.33
22030,3235,A,9.46,19.32,9.86
22031,3235,K,6.46,9.46,3.0
22032,3236,R,50.36,53.46,3.11
22033,3236,L,48.55,50.36,1.8
22034,3236,S,35.66,48.55,12.89
22035,3236,M,25.66,35.66,10.0
22036,3236,C,19.32,25.66,6.34
22037,3236,A,9.42,19.32,9.9
22038,3236,K,6.42,9.42,3.0
22039,3237,R,50.36,53.48,3.12
22040,3237,L,48.55,50.36,1.8
22041,3237,S,35.67,48.55,12.88
22042,3237,M,25.67,35.67,10.0
22043,3237,C,19.32,25.67,6.34
22044,3237,A,9.39,19.32,9.93
22045,3237,K,6.39,9.39,3.0
22046,3238,R,50.36,53.49,3.13
22047,3238,L,48.55,50.36,1.8
22048,3238,S,35.68,48.55,12.88
22049,3238,M,25.67,35.68,10.0
22050,3238,C,19.33,25.67,6.35
22051,3238,A,9.36,19.33,9.97
22052,3238,K,6.36,9.36,3.0
22053,3239,R,50.36,53.5,3.14
22054,3239,L,48.56,50.36,1.8
22055,3239,S,35.68,48.56,12.87
22056,3239,M,25.68,35.68,10.0
22057,3239,C,19.34,25.68,6.35
22058,3239,A,9.33,19.34,10.0
22059,3239,K,6.33,9.33,3.0
22060,3240,R,50.36,53.51,3.15
22061,3240,L,48.56,50.36,1.8
22062,3240,S,35.69,48.56,12.87
22063,3240,M,25.69,35.69,10.0
22064,3240,C,19.34,25.69,6.35
22065,3240,A,9.31,19.34,10.03
22066,3240,K,6.31,9.31,3.0
22067,3241,R,50.36,53.52,3.16
22068,3241,L,48.56,50.36,1.8
22069,3241,S,35.7,48.56,12.86
22070,3241,M,25.71,35.7,10.0
22071,3241,C,19.35,25.71,6.35
22072,3241,A,9.28,19.35,10.07
22073,3241,K,6.28,9.28,3.0
22074,3242,R,50.36,53.53,3.18
22075,3242,L,48.56,50.36,1.8
22076,3242,S,35.71,48.56,12.85
22077,3242,M,25.72,35.71,9.99
22078,3242,C,19.36,25.72,6.35
22079,3242,A,9.26,19.36,10.1
22080,3242,K,6.26,9.26,3.0
22081,3243,R,50.36,53.55,3.19
22082,3243,L,48.56,50.36,1.8
22083,3243,S,35.72,48.56,12.84
22084,3243,M,25.73,35.72,9.99
22085,3243,C,19.37,25.73,6.36
22086,3243,A,9.24,19.37,10.13
22087,3243,K,6.24,9.24,3.0
22088,3244,R,50.36,53.56,3.2
22089,3244,L,48.57,50.36,1.79
22090,3244,S,35.73,48.57,12.84
22091,3244,M,25.74,35.73,9.99
22092,3244,C,19.39,25.74,6.36
22093,3244,A,9.22,19.39,10.17
22094,3244,K,6.22,9.22,3.0
22095,3245,R,50.36,53.57,3.21
22096,3245,L,48.57,50.36,1.79
22097,3245,S,35.74,48.57,12.83
22098,3245,M,25.76,35.74,9.98
22099,3245,C,19.4,25.76,6.36
22100,3245,A,9.2,19.4,10.2
22101,3245,K,6.2,9.2,3.0
22102,3246,R,50.36,53.58,3.22
22103,3246,L,48.57,50.36,1.79
22104,3246,S,35.76,48.57,12.82
22105,3246,M,25.78,35.76,9.98
22106,3246,C,19.42,25.78,6.36
22107,3246,A,9.19,19.42,10.23
22108,3246,K,6.19,9.19,3.0
22109,3247,R,50.36,53.59,3.23
22110,3247,L,48.58,50.36,1.79
22111,3247,S,35.77,48.58,12.81
22112,3247,M,25.79,35.77,9.98
22113,3247,C,19.44,25.79,6.36
22114,3247,A,9.17,19.44,10.26
22115,3247,K,6.17,9.17,3.0
22116,3248,R,50.37,53.6,3.24
22117,3248,L,48.58,50.37,1.79
22118,3248,S,35.78,48.58,12.8
22119,3248,M,25.81,35.78,9.97
22120,3248,C,19.46,25.81,6.35
22121,3248,A,9.16,19.46,10.3
22122,3248,K,6.16,9.16,3.0
22123,3249,R,50.37,53.62,3.25
22124,3249,L,48.59,50.37,1.78
22125,3249,S,35.8,48.59,12.79
22126,3249,M,25.83,35.8,9.97
22127,3249,C,19.48,25.83,6.35
22128,3249,A,9.15,19.48,10.33
22129,3249,K,6.15,9.15,3.0
22130,3250,R,50.37,53.63,3.26
22131,3250,L,48.59,50.37,1.78
22132,3250,S,35.81,48.59,12.78
22133,3250,M,25.85,35.81,9.96
22134,3250,C,19.5,25.85,6.35
22135,3250,A,9.14,19.5,10.36
22136,3250,K,6.14,9.14,3.0
22137,3251,R,50.37,53.64,3.27
22138,3251,L,48.59,50.37,1.78
22139,3251,S,35.83,48.59,12.77
22140,3251,M,25.87,35.83,9.96
22141,3251,C,19.52,25.87,6.35
22142,3251,A,9.13,19.52,10.39
22143,3251,K,6.13,9.13,3.0
22144,3252,R,50.37,53.65,3.28
22145,3252,L,48.6,50.37,1.77
22146,3252,S,35.84,48.6,12.76
22147,3252,M,25.89,35.84,9.95
22148,3252,C,19.55,25.89,6.34
22149,3252,A,9.13,19.55,10.42
22150,3252,K,6.13,9.13,3.0
22151,3253,R,50.37,53.66,3.29
22152,3253,L,48.61,50.37,1.77
22153,3253,S,35.86,48.61,12.75
22154,3253,M,25.91,35.86,9.95
22155,3253,C,19.57,25.91,6.34
22156,3253,A,9.12,19.57,10.45
22157,3253,K,6.12,9.12,3.0
22158,3254,R,50.37,53.67,3.3
22159,3254,L,48.61,50.37,1.76
22160,3254,S,35.88,48.61,12.74
22161,3254,M,25.94,35.88,9.94
22162,3254,C,19.6,25.94,6.33
22163,3254,A,9.12,19.6,10.48
22164,3254,K,6.12,9.12,3.0
22165,3255,R,50.38,53.68,3.31
22166,3255,L,48.62,50.38,1.76
22167,3255,S,35.89,48.62,12.72
22168,3255,M,25.96,35.89,9.93
22169,3255,C,19.63,25.96,6.33
22170,3255,A,9.12,19.63,10.51
22171,3255,K,6.12,9.12,3.0
22172,3256,R,50.38,53.69,3.32
22173,3256,L,48.62,50.38,1.76
22174,3256,S,35.91,48.62,12.71
22175,3256,M,25.98,35.91,9.93
22176,3256,C,19.66,25.98,6.32
22177,3256,A,9.12,19.66,10.54
22178,3256,K,6.12,9.12,3.0
22179,3257,R,50.38,53.7,3.32
22180,3257,L,48.63,50.38,1.75
22181,3257,S,35.93,48.63,12.7
22182,3257,M,26.01,35.93,9.92
22183,3257,C,19.69,26.01,6.32
22184,3257,A,9.12,19.69,10.57
22185,3257,K,6.12,9.12,3.0
22186,3258,R,50.38,53.71,3.33
22187,3258,L,48.63,50.38,1.75
22188,3258,S,35.95,48.63,12.69
22189,3258,M,26.03,35.95,9.91
22190,3258,C,19.72,26.03,6.31
22191,3258,A,9.13,19.72,10.6
22192,3258,K,6.13,9.13,3.0
22193,3259,R,50.38,53.72,3.34
22194,3259,L,48.64,50.38,1.74
22195,3259,S,35.97,48.64,12.67
22196,3259,M,26.06,35.97,9.91
22197,3259,C,19.76,26.06,6.3
22198,3259,A,9.13,19.76,10.62
22199,3259,K,6.13,9.13,3.0
22200,3260,R,50.38,53.73,3.35
22201,3260,L,48.65,50.38,1.73
22202,3260,S,35.99,48.65,12.66
22203,3260,M,26.09,35.99,9.9
22204,3260,C,19.79,26.09,6.29
22205,3260,A,9.14,19.79,10.65
22206,3260,K,6.14,9.14,3.0
22207,3261,R,50.38,53.74,3.36
22208,3261,L,48.65,50.38,1.73
22209,3261,S,36.01,48.65,12.65
22210,3261,M,26.12,36.01,9.89
22211,3261,C,19.83,26.12,6.29
22212,3261,A,9.15,19.83,10.68
22213,3261,K,6.15,9.15,3.0
22214,3262,R,50.38,53.75,3.37
22215,3262,L,48.66,50.38,1.72
22216,3262,S,36.03,48.66,12.63
22217,3262,M,26.15,36.03,9.89
22218,3262,C,19.87,26.15,6.28
22219,3262,A,9.16,19.87,10.71
22220,3262,K,6.16,9.16,3.0
22221,3263,R,50.39,53.76,3.37
22222,3263,L,48.67,50.39,1.72
22223,3263,S,36.05,48.67,12.62
22224,3263,M,26.17,36.05,9.88
22225,3263,C,19.91,26.17,6.27
22226,3263,A,9.18,19.91,10.73
22227,3263,K,6.18,9.18,3.0
22228,3264,R,50.39,53.77,3.38
22229,3264,L,48.68,50.39,1.71
22230,3264,S,36.07,48.68,12.6
22231,3264,M,26.2,36.07,9.87
22232,3264,C,19.95,26.2,6.26
22233,3264,A,9.19,19.95,10.76
22234,3264,K,6.19,9.19,3.0
22235,3265,R,50.39,53.78,3.39
22236,3265,L,48.68,50.39,1.7
22237,3265,S,36.1,48.68,12.59
22238,3265,M,26.24,36.1,9.86
22239,3265,C,19.99,26.24,6.25
22240,3265,A,9.2,19.99,10.78
22241,3265,K,6.2,9.2,3.0
22242,3266,R,50.39,53.79,3.4
22243,3266,L,48.69,50.39,1.7
22244,3266,S,36.12,48.69,12.57
22245,3266,M,26.27,36.12,9.85
22246,3266,C,20.03,26.27,6.23
22247,3266,A,9.22,20.03,10.81
22248,3266,K,6.22,9.22,3.0
22249,3267,R,50.39,53.79,3.41
22250,3267,L,48.7,50.39,1.69
22251,3267,S,36.14,48.7,12.56
22252,3267,M,26.3,36.14,9.84
22253,3267,C,20.08,26.3,6.22
22254,3267,A,9.24,20.08,10.84
22255,3267,K,6.24,9.24,3.0
22256,3268,R,50.39,53.8,3.41
22257,3268,L,48.71,50.39,1.68
22258,3268,S,36.17,48.71,12.54
22259,3268,M,26.33,36.17,9.84
22260,3268,C,20.12,26.33,6.21
22261,3268,A,9.26,20.12,10.86
22262,3268,K,6.26,9.26,3.0
22263,3269,R,50.39,53.81,3.42
22264,3269,L,48.71,50.39,1.68
22265,3269,S,36.19,48.71,12.52
22266,3269,M,26.36,36.19,9.83
22267,3269,C,20.17,26.36,6.19
22268,3269,A,9.28,20.17,10.88
22269,3269,K,6.28,9.28,3.0
22270,3270,R,50.39,53.82,3.43
22271,3270,L,48.72,50.39,1.67
22272,3270,S,36.21,48.72,12.51
22273,3270,M,26.4,36.21,9.82
22274,3270,C,20.22,26.4,6.18
22275,3270,A,9.31,20.22,10.91
22276,3270,K,6.31,9.31,3.0
22277,3271,R,50.39,53.82,3.43
22278,3271,L,48.73,50.39,1.66
22279,3271,S,36.24,48.73,12.49
22280,3271,M,26.43,36.24,9.81
22281,3271,C,20.26,26.43,6.17
22282,3271,A,9.33,20.26,10.93
22283,3271,K,6.33,9.33,3.0
22284,3272,R,50.39,53.83,3.44
22285,3272,L,48.74,50.39,1.65
22286,3272,S,36.26,48.74,12.47
22287,3272,M,26.46,36.26,9.8
22288,3272,C,20.31,26.46,6.15
22289,3272,A,9.36,20.31,10.96
22290,3272,K,6.36,9.36,3.0
22291,3273,R,50.39,53.84,3.45
22292,3273,L,48.75,50.39,1.64
22293,3273,S,36.29,48.75,12.46
22294,3273,M,26.5,36.29,9.79
22295,3273,C,20.37,26.5,6.13
22296,3273,A,9.39,20.37,10.98
22297,3273,K,6.39,9.39,3.0
22298,3274,R,50.39,53.84,3.45
22299,3274,L,48.75,50.39,1.63
22300,3274,S,36.31,48.75,12.44
22301,3274,M,26.53,36.31,9.78
22302,3274,C,20.42,26.53,6.12
22303,3274,A,9.42,20.42,11.0
22304,3274,K,6.42,9.42,3.0
22305,3275,R,50.39,53.85,3.46
22306,3275,L,48.76,50.39,1.63
22307,3275,S,36.34,48.76,12.42
22308,3275,M,26.57,36.34,9.77
22309,3275,C,20.47,26.57,6.1
22310,3275,A,9.45,20.47,11.02
22311,3275,K,6.45,9.45,3.0
22312,3276,R,50.39,53.85,3.47
22313,3276,L,48.77,50.39,1.62
22314,3276,S,36.37,48.77,12.4
22315,3276,M,26.61,36.37,9.76
22316,3276,C,20.52,26.61,6.08
22317,3276,A,9.48,20.52,11.04
22318,3276,K,6.48,9.48,3.0
22319,3277,R,50.39,53.86,3.47
22320,3277,L,48.78,50.39,1.61
22321,3277,S,36.39,48.78,12.39
22322,3277,M,26.64,36.39,9.75
22323,3277,C,20.58,26.64,6.06
22324,3277,A,9.51,20.58,11.07
22325,3277,K,6.51,9.51,3.0
22326,3278,R,50.39,53.86,3.48
22327,3278,L,48.79,50.39,1.6
22328,3278,S,36.42,48.79,12.37
22329,3278,M,26.68,36.42,9.74
22330,3278,C,20.63,26.68,6.04
22331,3278,A,9.55,20.63,11.09
22332,3278,K,6.55,9.55,3.0
22333,3279,R,50.38,53.87,3.48
22334,3279,L,48.79,50.38,1.59
22335,3279,S,36.45,48.79,12.35
22336,3279,M,26.72,36.45,9.73
22337,3279,C,20.69,26.72,6.02
22338,3279,A,9.58,20.69,11.11
22339,3279,K,6.58,9.58,3.0
22340,3280,R,50.38,53.87,3.49
22341,3280,L,48.8,50.38,1.58
22342,3280,S,36.47,48.8,12.33
22343,3280,M,26.75,36.47,9.72
22344,3280,C,20.75,26.75,6.0
22345,3280,A,9.62,20.75,11.13
22346,3280,K,6.62,9.62,3.0
22347,3281,R,50.38,53.87,3.49
22348,3281,L,48.81,50.38,1.57
22349,3281,S,36.5,48.81,12.31
22350,3281,M,26.79,36.5,9.71
22351,3281,C,20.81,26.79,5.98
22352,3281,A,9.66,20.81,11.15
22353,3281,K,6.66,9.66,3.0
22354,3282,R,50.38,53.88,3.5
22355,3282,L,48.82,50.38,1.56
22356,3282,S,36.53,48.82,12.29
22357,3282,M,26.83,36.53,9.7
22358,3282,C,20.87,26.83,5.96
22359,3282,A,9.7,20.87,11.17
22360,3282,K,6.7,9.7,3.0
22361,3283,R,50.38,53.88,3.5
22362,3283,L,48.83,50.38,1.55
22363,3283,S,36.55,48.83,12.27
22364,3283,M,26.86,36.55,9.69
22365,3283,C,20.93,26.86,5.94
22366,3283,A,9.74,20.93,11.18
22367,3283,K,6.74,9.74,3.0
22368,3284,R,50.37,53.88,3.51
22369,3284,L,48.83,50.37,1.54
22370,3284,S,36.58,48.83,12.25
22371,3284,M,26.9,36.58,9.68
22372,3284,C,20.99,26.9,5.92
22373,3284,A,9.79,20.99,11.2
22374,3284,K,6.79,9.79,3.0
22375,3285,R,50.37,53.88,3.51
22376,3285,L,48.84,50.37,1.53
22377,3285,S,36.61,48.84,12.23
22378,3285,M,26.94,36.61,9.67
22379,3285,C,21.05,26.94,5.89
22380,3285,A,9.83,21.05,11.22
22381,3285,K,6.83,9.83,3.0
22382,3286,R,50.37,53.88,3.52
22383,3286,L,48.85,50.37,1.52
22384,3286,S,36.64,48.85,12.21
22385,3286,M,26.98,36.64,9.66
22386,3286,C,21.11,26.98,5.87
22387,3286,A,9.87,21.11,11.24
22388,3286,K,6.87,9.87,3.0
22389,3287,R,50.36,53.88,3.52
22390,3287,L,48.86,50.36,1.51
22391,3287,S,36.66,48.86,12.19
22392,3287,M,27.02,36.66,9.65
22393,3287,C,21.17,27.02,5.84
22394,3287,A,9.92,21.17,11.25
22395,3287,K,6.92,9.92,3.0
22396,3288,R,50.36,53.88,3.52
22397,3288,L,48.86,50.36,1.5
22398,3288,S,36.69,48.86,12.17
22399,3288,M,27.06,36.69,9.64
22400,3288,C,21.24,27.06,5.82
22401,3288,A,9.97,21.24,11.27
22402,3288,K,6.97,9.97,3.0
22403,3289,R,50.36,53.88,3.53
22404,3289,L,48.87,50.36,1.49
22405,3289,S,36.72,48.87,12.15
22406,3289,M,27.09,36.72,9.63
22407,3289,C,21.3,27.09,5.79
22408,3289,A,10.02,21.3,11.29
22409,3289,K,7.02,10.02,3.0
22410,3290,R,50.35,53.88,3.53
22411,3290,L,48.88,50.35,1.48
22412,3290,S,36.75,48.88,12.13
22413,3290,M,27.13,36.75,9.62
22414,3290,C,21.37,27.13,5.76
22415,3290,A,10.07,21.37,11.3
22416,3290,K,7.07,10.07,3.0
22417,3291,R,50.35,53.88,3.53
22418,3291,L,48.88,50.35,1.47
22419,3291,S,36.78,48.88,12.11
22420,3291,M,27.17,36.78,9.6
22421,3291,C,21.43,27.17,5.74
22422,3291,A,10.12,21.43,11.32
22423,3291,K,7.12,10.12,3.0
22424,3292,R,50.34,53.88,3.54
22425,3292,L,48.89,50.34,1.45
22426,3292,S,36.8,48.89,12.09
22427,3292,M,27.21,36.8,9.59
22428,3292,C,21.5,27.21,5.71
22429,3292,A,10.17,21.5,11.33
22430,3292,K,7.17,10.17,3.0
22431,3293,R,50.34,53.88,3.54
22432,3293,L,48.9,50.34,1.44
22433,3293,S,36.83,48.9,12.06
22434,3293,M,27.25,36.83,9.58
22435,3293,C,21.57,27.25,5.68
22436,3293,A,10.22,21.57,11.35
22437,3293,K,7.22,10.22,3.0
22438,3294,R,50.33,53.88,3.54
22439,3294,L,48.9,50.33,1.43
22440,3294,S,36.86,48.9,12.04
22441,3294,M,27.29,36.86,9.57
22442,3294,C,21.64,27.29,5.65
22443,3294,A,10.27,21.64,11.36
22444,3294,K,7.27,10.27,3.0
22445,3295,R,50.33,53.87,3.55
22446,3295,L,48.91,50.33,1.42
22447,3295,S,36.89,48.91,12.02
22448,3295,M,27.33,36.89,9.56
22449,3295,C,21.7,27.33,5.62
22450,3295,A,10.33,21.7,11.38
22451,3295,K,7.33,10.33,3.0
22452,3296,R,50.32,53.87,3.55
22453,3296,L,48.91,50.32,1.41
22454,3296,S,36.92,48.91,12.0
22455,3296,M,27.36,36.92,9.55
22456,3296,C,21.77,27.36,5.59
22457,3296,A,10.38,21.77,11.39
22458,3296,K,7.38,10.38,3.0
22459,3297,R,50.32,53.87,3.55
22460,3297,L,48.92,50.32,1.4
22461,3297,S,36.94,48.92,11.98
22462,3297,M,27.4,36.94,9.54
22463,3297,C,21.84,27.4,5.56
22464,3297,A,10.44,21.84,11.4
22465,3297,K,7.44,10.44,3.0
22466,3298,R,50.31,53.86,3.55
22467,3298,L,48.93,50.31,1.38
22468,3298,S,36.97,48.93,11.95
22469,3298,M,27.44,36.97,9.53
22470,3298,C,21.91,27.44,5.53
22471,3298,A,10.5,21.91,11.42
22472,3298,K,7.5,10.5,3.0
22473,3299,R,50.3,53.86,3.55
22474,3299,L,48.93,50.3,1.37
22475,3299,S,37.0,48.93,11.93
22476,3299,M,27.48,37.0,9.52
22477,3299,C,21.98,27.48,5.5
22478,3299,A,10.55,21.98,11.43
22479,3299,K,7.55,10.55,3.0
22480,3300,R,50.29,53.85,3.56
22481,3300,L,48.94,50.29,1.36
22482,3300,S,37.03,48.94,11.91
22483,3300,M,27.52,37.03,9.51
22484,3300,C,22.05,27.52,5.46
22485,3300,A,10.61,22.05,11.44
22486,3300,K,7.61,10.61,3.0
22487,3301,R,50.29,53.84,3.56
22488,3301,L,48.94,50.29,1.35
22489,3301,S,37.05,48.94,11.89
22490,3301,M,27.55,37.05,9.5
22491,3301,C,22.12,27.55,5.43
22492,3301,A,10.67,22.12,11.45
22493,3301,K,7.67,10.67,3.0
22494,3302,R,50.28,53.84,3.56
22495,3302,L,48.94,50.28,1.33
22496,3302,S,37.08,48.94,11.87
22497,3302,M,27.59,37.08,9.49
22498,3302,C,22.19,27.59,5.4
22499,3302,A,10.73,22.19,11.46
22500,3302,K,7.73,10.73,3.0
22501,3303,R,50.27,53.83,3.56
22502,3303,L,48.95,50.27,1.32
22503,3303,S,37.11,48.95,11.84
22504,3303,M,27.63,37.11,9.48
22505,3303,C,22.26,27.63,5.36
22506,3303,A,10.79,22.26,11.47
22507,3303,K,7.79,10.79,3.0
22508,3304,R,50.26,53.82,3.56
22509,3304,L,48.95,50.26,1.31
22510,3304,S,37.13,48.95,11.82
22511,3304,M,27.66,37.13,9.47
22512,3304,C,22.33,27.66,5.33
22513,3304,A,10.85,22.33,11.48
22514,3304,K,7.85,10.85,3.0
22515,3305,R,50.25,53.81,3.56
22516,3305,L,48.96,50.25,1.3
22517,3305,S,37.16,48.96,11.8
22518,3305,M,27.7,37.16,9.46
22519,3305,C,22.41,27.7,5.29
22520,3305,A,10.91,22.41,11.49
22521,3305,K,7.91,10.91,3.0
22522,3306,R,50.24,53.81,3.56
22523,3306,L,48.96,50.24,1.28
22524,3306,S,37.18,48.96,11.77
22525,3306,M,27.73,37.18,9.45
22526,3306,C,22.48,27.73,5.26
22527,3306,A,10.98,22.48,11.5
22528,3306,K,7.98,10.98,3.0
22529,3307,R,50.23,53.8,3.56
22530,3307,L,48.96,50.23,1.27
22531,3307,S,37.21,48.96,11.75
22532,3307,M,27.77,37.21,9.44
22533,3307,C,22.55,27.77,5.22
22534,3307,A,11.04,22.55,11.51
22535,3307,K,8.04,11.04,3.0
22536,3308,R,50.22,53.79,3.56
22537,3308,L,48.96,50.22,1.26
22538,3308,S,37.24,48.96,11.73
22539,3308,M,27.8,37.24,9.43
22540,3308,C,22.62,27.8,5.18
22541,3308,A,11.1,22.62,11.52
22542,3308,K,8.1,11.1,3.0
22543,3309,R,50.21,53.78,3.56
22544,3309,L,48.97,50.21,1.25
22545,3309,S,37.26,48.97,11.7
22546,3309,M,27.84,37.26,9.42
22547,3309,C,22.69,27.84,5.15
22548,3309,A,11.16,22.69,11.53
22549,3309,K,8.16,11.16,3.0
22550,3310,R,50.2,53.77,3.56
22551,3310,L,48.97,50.2,1.23
22552,3310,S,37.29,48.97,11.68
22553,3310,M,27.87,37.29,9.41
22554,3310,C,22.77,27.87,5.11
22555,3310,A,11.23,22.77,11.54
22556,3310,K,8.23,11.23,3.0
22557,3311,R,50.19,53.75,3.56
22558,3311,L,48.97,50.19,1.22
22559,3311,S,37.31,48.97,11.66
22560,3311,M,27.91,37.31,9.4
22561,3311,C,22.84,27.91,5.07
22562,3311,A,11.29,22.84,11.54
22563,3311,K,8.29,11.29,3.0
22564,3312,R,50.18,53.74,3.56
22565,3312,L,48.97,50.18,1.21
22566,3312,S,37.34,48.97,11.64
22567,3312,M,27.94,37.34,9.4
22568,3312,C,22.91,27.94,5.03
22569,3312,A,11.36,22.91,11.55
22570,3312,K,8.36,11.36,3.0
22571,3313,R,50.17,53.73,3.56
22572,3313,L,48.97,50.17,1.19
22573,3313,S,37.36,48.97,11.61
22574,3313,M,27.97,37.36,9.39
22575,3313,C,22.98,27.97,4.99
22576,3313,A,11.42,22.98,11.56
22577,3313,K,8.42,11.42,3.0
22578,3314,R,50.15,53.72,3.56
22579,3314,L,48.97,50.15,1.18
22580,3314,S,37.38,48.97,11.59
22581,3314,M,28.0,37.38,9.38
22582,3314,C,23.05,28.0,4.95
22583,3314,A,11.49,23.05,11.56
22584,3314,K,8.49,11.49,3.0
22585,3315,R,50.14,53.7,3.56
22586,3315,L,48.97,50.14,1.17
22587,3315,S,37.41,48.97,11.57
22588,3315,M,28.04,37.41,9.37
22589,3315,C,23.12,28.04,4.91
22590,3315,A,11.55,23.12,11.57
22591,3315,K,8.55,11.55,3.0
22592,3316,R,50.13,53.69,3.56
22593,3316,L,48.97,50.13,1.16
22594,3316,S,37.43,48.97,11.54
22595,3316,M,28.07,37.43,9.36
22596,3316,C,23.2,28.07,4.87
22597,3316,A,11.62,23.2,11.58
22598,3316,K,8.62,11.62,3.0
22599,3317,R,50.11,53.67,3.56
22600,3317,L,48.97,50.11,1.14
22601,3317,S,37.45,48.97,11.52
22602,3317,M,28.1,37.45,9.35
22603,3317,C,23.27,28.1,4.83
22604,3317,A,11.69,23.27,11.58
22605,3317,K,8.69,11.69,3.0
22606,3318,R,50.1,53.66,3.56
22607,3318,L,48.97,50.1,1.13
22608,3318,S,37.47,48.97,11.49
22609,3318,M,28.13,37.47,9.35
22610,3318,C,23.34,28.13,4.79
22611,3318,A,11.75,23.34,11.59
22612,3318,K,8.75,11.75,3.0
22613,3319,R,50.08,53.64,3.56
22614,3319,L,48.97,50.08,1.12
22615,3319,S,37.5,48.97,11.47
22616,3319,M,28.16,37.5,9.34
22617,3319,C,23.41,28.16,4.75
22618,3319,A,11.82,23.41,11.59
22619,3319,K,8.82,11.82,3.0
22620,3320,R,50.07,53.62,3.56
22621,3320,L,48.97,50.07,1.1
22622,3320,S,37.52,48.97,11.45
22623,3320,M,28.18,37.52,9.33
22624,3320,C,23.48,28.18,4.7
22625,3320,A,11.88,23.48,11.6
22626,3320,K,8.88,11.88,3.0
22627,3321,R,50.05,53.61,3.55
22628,3321,L,48.96,50.05,1.09
22629,3321,S,37.54,48.96,11.42
22630,3321,M,28.21,37.54,9.33
22631,3321,C,23.55,28.21,4.66
22632,3321,A,11.95,23.55,11.6
22633,3321,K,8.95,11.95,3.0
22634,3322,R,50.04,53.59,3.55
22635,3322,L,48.96,50.04,1.08
22636,3322,S,37.56,48.96,11.4
22637,3322,M,28.24,37.56,9.32
22638,3322,C,23.62,28.24,4.62
22639,3322,A,12.02,23.62,11.61
22640,3322,K,9.02,12.02,3.0
22641,3323,R,50.02,53.57,3.55
22642,3323,L,48.96,50.02,1.06
22643,3323,S,37.58,48.96,11.38
22644,3323,M,28.26,37.58,9.31
22645,3323,C,23.69,28.26,4.57
22646,3323,A,12.08,23.69,11.61
22647,3323,K,9.08,12.08,3.0
22648,3324,R,50.0,53.55,3.55
22649,3324,L,48.95,50.0,1.05
22650,3324,S,37.6,48.95,11.35
22651,3324,M,28.29,37.6,9.31
22652,3324,C,23.76,28.29,4.53
22653,3324,A,12.15,23.76,11.61
22654,3324,K,9.15,12.15,3.0
22655,3325,R,49.99,53.53,3.55
22656,3325,L,48.95,49.99,1.04
22657,3325,S,37.62,48.95,11.33
22658,3325,M,28.31,37.62,9.3
22659,3325,C,23.83,28.31,4.48
22660,3325,A,12.21,23.83,11.62
22661,3325,K,9.21,12.21,3.0
22662,3326,R,49.97,53.51,3.54
22663,3326,L,48.94,49.97,1.03
22664,3326,S,37.63,48.94,11.31
22665,3326,M,28.34,37.63,9.3
22666,3326,C,23.9,28.34,4.44
22667,3326,A,12.28,23.9,11.62
22668,3326,K,9.28,12.28,3.0
22669,3327,R,49.95,53.49,3.54
22670,3327,L,48.94,49.95,1.01
22671,3327,S,37.65,48.94,11.29
22672,3327,M,28.36,37.65,9.29
22673,3327,C,23.97,28.36,4.39
22674,3327,A,12.34,23.97,11.62
22675,3327,K,9.34,12.34,3.0
22676,3328,R,49.93,53.47,3.54
22677,3328,L,48.93,49.93,1.0
22678,3328,S,37.67,48.93,11.26
22679,3328,M,28.38,37.67,9.29
22680,3328,C,24.03,28.38,4.35
22681,3328,A,12.41,24.03,11.63
22682,3328,K,9.41,12.41,3.0
22683,3329,R,49.91,53.45,3.54
22684,3329,L,48.92,49.91,0.99
22685,3329,S,37.69,48.92,11.24
22686,3329,M,28.4,37.69,9.28
22687,3329,C,24.1,28.4,4.3
22688,3329,A,12.47,24.1,11.63
22689,3329,K,9.47,12.47,3.0
22690,3330,R,49.89,53.43,3.53
22691,3330,L,48.92,49.89,0.98
22692,3330,S,37.7,48.92,11.22
22693,3330,M,28.43,37.7,9.28
22694,3330,C,24.17,28.43,4.26
22695,3330,A,12.54,24.17,11.63
22696,3330,K,9.54,12.54,3.0
22697,3331,R,49.87,53.4,3.53
22698,3331,L,48.91,49.87,0.96
22699,3331,S,37.72,48.91,11.19
22700,3331,M,28.44,37.72,9.27
22701,3331,C,24.23,28.44,4.21
22702,3331,A,12.6,24.23,11.63
22703,3331,K,9.6,12.6,3.0
22704,3332,R,49.85,53.38,3.53
22705,3332,L,48.9,49.85,0.95
22706,3332,S,37.73,48.9,11.17
22707,3332,M,28.46,37.73,9.27
22708,3332,C,24.3,28.46,4.16
22709,3332,A,12.67,24.3,11.63
22710,3332,K,9.67,12.67,3.0
22711,3333,R,49.83,53.36,3.52
22712,3333,L,48.89,49.83,0.94
22713,3333,S,37.75,48.89,11.15
22714,3333,M,28.48,37.75,9.27
22715,3333,C,24.36,28.48,4.12
22716,3333,A,12.73,24.36,11.63
22717,3333,K,9.73,12.73,3.0
22718,3334,R,49.81,53.33,3.52
22719,3334,L,48.89,49.81,0.93
22720,3334,S,37.76,48.89,11.12
22721,3334,M,28.5,37.76,9.26
22722,3334,C,24.43,28.5,4.07
22723,3334,A,12.79,24.43,11.64
22724,3334,K,9.79,12.79,3.0
22725,3335,R,49.79,53.31,3.52
22726,3335,L,48.88,49.79,0.91
22727,3335,S,37.77,48.88,11.1
22728,3335,M,28.51,37.77,9.26
22729,3335,C,24.49,28.51,4.02
22730,3335,A,12.86,24.49,11.64
22731,3335,K,9.85,12.86,3.01
22732,3336,R,49.77,53.28,3.51
22733,3336,L,48.87,49.77,0.9
22734,3336,S,37.79,48.87,11.08
22735,3336,M,28.53,37.79,9.26
22736,3336,C,24.55,28.53,3.97
22737,3336,A,12.92,24.55,11.64
22738,3336,K,9.81,12.92,3.11
22739,3337,R,49.74,53.26,3.51
22740,3337,L,48.86,49.74,0.89
22741,3337,S,37.8,48.86,11.06
22742,3337,M,28.54,37.8,9.26
22743,3337,C,24.62,28.54,3.93
22744,3337,A,12.98,24.62,11.64
22745,3337,K,9.76,12.98,3.22
22746,3338,R,49.72,53.23,3.51
22747,3338,L,48.84,49.72,0.88
22748,3338,S,37.81,48.84,11.03
22749,3338,M,28.56,37.81,9.25
22750,3338,C,24.68,28.56,3.88
22751,3338,A,13.04,24.68,11.64
22752,3338,K,9.72,13.04,3.32
22753,3339,R,49.7,53.2,3.5
22754,3339,L,48.83,49.7,0.87
22755,3339,S,37.82,48.83,11.01
22756,3339,M,28.57,37.82,9.25
22757,3339,C,24.74,28.57,3.83
22758,3339,A,13.1,24.74,11.64
22759,3339,K,9.67,13.1,3.43
22760,3340,R,49.67,53.17,3.5
22761,3340,L,48.82,49.67,0.85
22762,3340,S,37.83,48.82,10.99
22763,3340,M,28.58,37.83,9.25
22764,3340,C,24.8,28.58,3.78
22765,3340,A,13.16,24.8,11.64
22766,3340,K,9.63,13.16,3.53
22767,3341,R,49.65,53.14,3.5
22768,3341,L,48.81,49.65,0.84
22769,3341,S,37.84,48.81,10.97
22770,3341,M,28.59,37.84,9.25
22771,3341,C,24.85,28.59,3.73
22772,3341,A,13.22,24.85,11.64
22773,3341,K,9.58,13.22,3.64
22774,3342,R,49.63,53.12,3.49
22775,3342,L,48.79,49.63,0.83
22776,3342,S,37.85,48.79,10.95
22777,3342,M,28.6,37.85,9.25
22778,3342,C,24.91,28.6,3.68
22779,3342,A,13.28,24.91,11.64
22780,3342,K,9.53,13.28,3.74
22781,3343,R,49.6,53.09,3.49
22782,3343,L,48.78,49.6,0.82
22783,3343,S,37.86,48.78,10.92
22784,3343,M,28.6,37.86,9.25
22785,3343,C,24.97,28.6,3.63
22786,3343,A,13.33,24.97,11.64
22787,3343,K,9.49,13.33,3.84
22788,3344,R,49.57,53.06,3.48
22789,3344,L,48.77,49.57,0.81
22790,3344,S,37.86,48.77,10.9
22791,3344,M,28.61,37.86,9.25
22792,3344,C,25.02,28.61,3.58
22793,3344,A,13.39,25.02,11.64
22794,3344,K,9.44,13.39,3.95
22795,3345,R,49.55,53.03,3.48
22796,3345,L,48.75,49.55,0.8
22797,3345,S,37.87,48.75,10.88
22798,3345,M,28.62,37.87,9.25
22799,3345,C,25.08,28.62,3.54
22800,3345,A,13.44,25.08,11.64
22801,3345,K,9.39,13.44,4.05
22802,3346,R,49.52,53.0,3.47
22803,3346,L,48.74,49.52,0.79
22804,3346,S,37.88,48.74,10.86
22805,3346,M,28.62,37.88,9.26
22806,3346,C,25.13,28.62,3.49
22807,3346,A,13.5,25.13,11.63
22808,3346,K,9.34,13.5,4.15
22809,3347,R,49.49,52.96,3.47
22810,3347,L,48.72,49.49,0.78
22811,3347,S,37.88,48.72,10.84
22812,3347,M,28.62,37.88,9.26
22813,3347,C,25.19,28.62,3.44
22814,3347,A,13.55,25.19,11.63
22815,3347,K,9.3,13.55,4.26
22816,3348,R,49.47,52.93,3.46
22817,3348,L,48.7,49.47,0.76
22818,3348,S,37.88,48.7,10.82
22819,3348,M,28.62,37.88,9.26
22820,3348,C,25.24,28.62,3.39
22821,3348,A,13.61,25.24,11.63
22822,3348,K,9.25,13.61,4.36
22823,3349,R,49.44,52.9,3.46
22824,3349,L,48.69,49.44,0.75
22825,3349,S,37.89,48.69,10.8
22826,3349,M,28.63,37.89,9.26
22827,3349,C,25.29,28.63,3.34
22828,3349,A,13.66,25.29,11.63
22829,3349,K,9.2,13.66,4.46
22830,3350,R,49.41,52.87,3.46
22831,3350,L,48.67,49.41,0.74
22832,3350,S,37.89,48.67,10.78
22833,3350,M,28.63,37.89,9.27
22834,3350,C,25.34,28.63,3.29
22835,3350,A,13.71,25.34,11.63
22836,3350,K,9.15,13.71,4.56
22837,3351,R,49.38,52.83,3.45
22838,3351,L,48.65,49.38,0.73
22839,3351,S,37.89,48.65,10.76
22840,3351,M,28.62,37.89,9.27
22841,3351,C,25.39,28.62,3.24
22842,3351,A,13.76,25.39,11.63
22843,3351,K,9.1,13.76,4.66
22844,3352,R,49.35,52.8,3.45
22845,3352,L,48.63,49.35,0.72
22846,3352,S,37.9,48.63,10.74
22847,3352,M,28.62,37.9,9.27
22848,3352,C,25.43,28.62,3.19
22849,3352,A,13.81,25.43,11.63
22850,3352,K,9.05,13.81,4.76
22851,3353,R,49.32,52.77,3.44
22852,3353,L,48.61,49.32,0.71
22853,3353,S,37.9,48.61,10.71
22854,3353,M,28.62,37.9,9.28
22855,3353,C,25.48,28.62,3.14
22856,3353,A,13.85,25.48,11.63
22857,3353,K,8.99,13.85,4.86
22858,3354,R,49.29,52.73,3.44
22859,3354,L,48.59,49.29,0.7
22860,3354,S,37.9,48.59,10.69
22861,3354,M,28.61,37.9,9.28
22862,3354,C,25.53,28.61,3.09
22863,3354,A,13.9,25.53,11.63
22864,3354,K,8.94,13.9,4.96
22865,3355,R,49.26,52.7,3.43
22866,3355,L,48.57,49.26,0.69
22867,3355,S,37.9,48.57,10.67
22868,3355,M,28.61,37.9,9.29
22869,3355,C,25.57,28.61,3.04
22870,3355,A,13.95,25.57,11.62
22871,3355,K,8.89,13.95,5.05
22872,3356,R,49.23,52.66,3.43
22873,3356,L,48.55,49.23,0.69
22874,3356,S,37.89,48.55,10.66
22875,3356,M,28.6,37.89,9.3
22876,3356,C,25.61,28.6,2.99
22877,3356,A,13.99,25.61,11.62
22878,3356,K,8.84,13.99,5.15
22879,3357,R,49.2,52.62,3.42
22880,3357,L,48.53,49.2,0.68
22881,3357,S,37.89,48.53,10.64
22882,3357,M,28.59,37.89,9.3
22883,3357,C,25.65,28.59,2.94
22884,3357,A,14.03,25.65,11.62
22885,3357,K,8.79,14.03,5.25
22886,3358,R,49.17,52.59,3.42
22887,3358,L,48.5,49.17,0.67
22888,3358,S,37.89,48.5,10.62
22889,3358,M,28.58,37.89,9.31
22890,3358,C,25.69,28.58,2.89
22891,3358,A,14.08,25.69,11.62
22892,3358,K,8.73,14.08,5.34
22893,3359,R,49.14,52.55,3.41
22894,3359,L,48.48,49.14,0.66
22895,3359,S,37.88,48.48,10.6
22896,3359,M,28.57,37.88,9.32
22897,3359,C,25.73,28.57,2.84
22898,3359,A,14.12,25.73,11.62
22899,3359,K,8.68,14.12,5.43
22900,3360,R,49.11,52.51,3.41
22901,3360,L,48.46,49.11,0.65
22902,3360,S,37.88,48.46,10.58
22903,3360,M,28.56,37.88,9.32
22904,3360,C,25.77,28.56,2.79
22905,3360,A,14.15,25.77,11.62
22906,3360,K,8.63,14.15,5.53
22907,3361,R,49.08,52.48,3.4
22908,3361,L,48.43,49.08,0.64
22909,3361,S,37.87,48.43,10.56
22910,3361,M,28.54,37.87,9.33
22911,3361,C,25.81,28.54,2.74
22912,3361,A,14.19,25.81,11.61
22913,3361,K,8.57,14.19,5.62
22914,3362,R,49.04,52.44,3.39
22915,3362,L,48.41,49.04,0.63
22916,3362,S,37.87,48.41,10.54
22917,3362,M,28.53,37.87,9.34
22918,3362,C,25.84,28.53,2.69
22919,3362,A,14.23,25.84,11.61
22920,3362,K,8.52,14.23,5.71
22921,3363,R,49.01,52.4,3.39
22922,3363,L,48.38,49.01,0.63
22923,3363,S,37.86,48.38,10.52
22924,3363,M,28.51,37.86,9.35
22925,3363,C,25.88,28.51,2.64
22926,3363,A,14.26,25.88,11.61
22927,3363,K,8.47,14.26,5.8
22928,3364,R,48.98,52.36,3.38
22929,3364,L,48.36,48.98,0.62
22930,3364,S,37.85,48.36,10.5
22931,3364,M,28.5,37.85,9.36
22932,3364,C,25.91,28.5,2.59
22933,3364,A,14.3,25.91,11.61
22934,3364,K,8.41,14.3,5.89
22935,3365,R,48.94,52.32,3.38
22936,3365,L,48.33,48.94,0.61
22937,3365,S,37.85,48.33,10.49
22938,3365,M,28.48,37.85,9.37
22939,3365,C,25.94,28.48,2.54
22940,3365,A,14.33,25.94,11.61
22941,3365,K,8.36,14.33,5.97
22942,3366,R,48.91,52.28,3.37
22943,3366,L,48.3,48.91,0.6
22944,3366,S,37.84,48.3,10.47
22945,3366,M,28.46,37.84,9.38
22946,3366,C,25.97,28.46,2.49
22947,3366,A,14.36,25.97,11.61
22948,3366,K,8.3,14.36,6.06
22949,3367,R,48.87,52.24,3.37
22950,3367,L,48.28,48.87,0.6
22951,3367,S,37.83,48.28,10.45
22952,3367,M,28.44,37.83,9.39
22953,3367,C,26.0,28.44,2.44
22954,3367,A,14.39,26.0,11.61
22955,3367,K,8.25,14.39,6.14
22956,3368,R,48.84,52.2,3.36
22957,3368,L,48.25,48.84,0.59
22958,3368,S,37.82,48.25,10.43
22959,3368,M,28.41,37.82,9.4
22960,3368,C,26.02,28.41,2.39
22961,3368,A,14.42,26.02,11.6
22962,3368,K,8.2,14.42,6.22
22963,3369,R,48.8,52.16,3.36
22964,3369,L,48.22,48.8,0.58
22965,3369,S,37.8,48.22,10.41
22966,3369,M,28.39,37.8,9.41
22967,3369,C,26.05,28.39,2.34
22968,3369,A,14.45,26.05,11.6
22969,3369,K,8.14,14.45,6.31
22970,3370,R,48.77,52.12,3.35
22971,3370,L,48.19,48.77,0.58
22972,3370,S,37.79,48.19,10.4
22973,3370,M,28.37,37.79,9.43
22974,3370,C,26.07,28.37,2.29
22975,3370,A,14.47,26.07,11.6
22976,3370,K,8.09,14.47,6.39
22977,3371,R,48.73,52.08,3.35
22978,3371,L,48.16,48.73,0.57
22979,3371,S,37.78,48.16,10.38
22980,3371,M,28.34,37.78,9.44
22981,3371,C,26.1,28.34,2.24
22982,3371,A,14.5,26.1,11.6
22983,3371,K,8.03,14.5,6.46
22984,3372,R,48.7,52.04,3.34
22985,3372,L,48.13,48.7,0.57
22986,3372,S,37.77,48.13,10.36
22987,3372,M,28.31,37.77,9.45
22988,3372,C,26.12,28.31,2.2
22989,3372,A,14.52,26.12,11.6
22990,3372,K,7.98,14.52,6.54
22991,3373,R,48.66,51.99,3.34
22992,3373,L,48.1,48.66,0.56
22993,3373,S,37.75,48.1,10.35
22994,3373,M,28.29,37.75,9.47
22995,3373,C,26.14,28.29,2.15
22996,3373,A,14.54,26.14,11.6
22997,3373,K,7.92,14.54,6.62
22998,3374,R,48.62,51.95,3.33
22999,3374,L,48.07,48.62,0.55
23000,3374,S,37.74,48.07,10.33
23001,3374,M,28.26,37.74,9.48
23002,3374,C,26.16,28.26,2.1
23003,3374,A,14.56,26.16,11.6
23004,3374,K,7.87,14.56,6.69
23005,3375,R,48.58,51.91,3.33
23006,3375,L,48.04,48.58,0.55
23007,3375,S,37.72,48.04,10.32
23008,3375,M,28.23,37.72,9.49
23009,3375,C,26.17,28.23,2.05
23010,3375,A,14.58,26.17,11.6
23011,3375,K,7.81,14.58,6.76
23012,3376,R,48.55,51.87,3.32
23013,3376,L,48.0,48.55,0.54
23014,3376,S,37.7,48.0,10.3
23015,3376,M,28.19,37.7,9.51
23016,3376,C,26.19,28.19,2.0
23017,3376,A,14.59,26.19,11.6
23018,3376,K,7.76,14.59,6.84
23019,3377,R,48.51,51.82,3.32
23020,3377,L,47.97,48.51,0.54
23021,3377,S,37.69,47.97,10.28
23022,3377,M,28.16,37.69,9.53
23023,3377,C,26.2,28.16,1.96
23024,3377,A,14.61,26.2,11.6
23025,3377,K,7.7,14.61,6.9
23026,3378,R,48.47,51.78,3.31
23027,3378,L,47.94,48.47,0.54
23028,3378,S,37.67,47.94,10.27
23029,3378,M,28.13,37.67,9.54
23030,3378,C,26.22,28.13,1.91
23031,3378,A,14.62,26.22,11.6
23032,3378,K,7.65,14.62,6.97
23033,3379,R,48.43,51.74,3.3
23034,3379,L,47.9,48.43,0.53
23035,3379,S,37.65,47.9,10.25
23036,3379,M,28.09,37.65,9.56
23037,3379,C,26.23,28.09,1.86
23038,3379,A,14.63,26.23,11.6
23039,3379,K,7.59,14.63,7.04
23040,3380,R,48.4,51.69,3.3
23041,3380,L,47.87,48.4,0.53
23042,3380,S,37.63,47.87,10.24
23043,3380,M,28.05,37.63,9.58
23044,3380,C,26.24,28.05,1.82
23045,3380,A,14.64,26.24,11.6
23046,3380,K,7.54,14.64,7.1
23047,3381,R,48.36,51.65,3.29
23048,3381,L,47.83,48.36,0.52
23049,3381,S,37.61,47.83,10.22
23050,3381,M,28.02,37.61,9.59
23051,3381,C,26.24,28.02,1.77
23052,3381,A,14.65,26.24,11.6
23053,3381,K,7.48,14.65,7.16
23054,3382,R,48.32,51.61,3.29
23055,3382,L,47.8,48.32,0.52
23056,3382,S,37.59,47.8,10.21
23057,3382,M,27.98,37.59,9.61
23058,3382,C,26.25,27.98,1.73
23059,3382,A,14.65,26.25,11.6
23060,3382,K,7.43,14.65,7.23
23061,3383,R,48.28,51.56,3.28
23062,3383,L,47.76,48.28,0.52
23063,3383,S,37.57,47.76,10.19
23064,3383,M,27.94,37.57,9.63
23065,3383,C,26.26,27.94,1.68
23066,3383,A,14.66,26.26,11.6
23067,3383,K,7.37,14.66,7.28
23068,3384,R,48.24,51.52,3.28
23069,3384,L,47.72,48.24,0.51
23070,3384,S,37.54,47.72,10.18
23071,3384,M,27.89,37.54,9.65
23072,3384,C,26.26,27.89,1.63
23073,3384,A,14.66,26.26,11.6
23074,3384,K,7.32,14.66,7.34
23075,3385,R,48.2,51.47,3.27
23076,3385,L,47.69,48.2,0.51
23077,3385,S,37.52,47.69,10.17
23078,3385,M,27.85,37.52,9.67
23079,3385,C,26.26,27.85,1.59
23080,3385,A,14.66,26.26,11.6
23081,3385,K,7.26,14.66,7.4
23082,3386,R,48.16,51.43,3.27
23083,3386,L,47.65,48.16,0.51
23084,3386,S,37.5,47.65,10.15
23085,3386,M,27.81,37.5,9.69
23086,3386,C,26.26,27.81,1.55
23087,3386,A,14.66,26.26,11.6
23088,3386,K,7.21,14.66,7.45
23089,3387,R,48.12,51.38,3.26
23090,3387,L,47.61,48.12,0.51
23091,3387,S,37.47,47.61,10.14
23092,3387,M,27.76,37.47,9.71
23093,3387,C,26.26,27.76,1.5
23094,3387,A,14.66,26.26,11.6
23095,3387,K,7.16,14.66,7.5
23096,3388,R,48.08,51.34,3.26
23097,3388,L,47.57,48.08,0.51
23098,3388,S,37.45,47.57,10.13
23099,3388,M,27.72,37.45,9.73
23100,3388,C,26.26,27.72,1.46
23101,3388,A,14.65,26.26,11.61
23102,3388,K,7.1,14.65,7.55
23103,3389,R,48.04,51.29,3.25
23104,3389,L,47.53,48.04,0.5
23105,3389,S,37.42,47.53,10.11
23106,3389,M,27.67,37.42,9.75
23107,3389,C,26.25,27.67,1.41
23108,3389,A,14.65,26.25,11.61
23109,3389,K,7.05,14.65,7.6
23110,3390,R,48.0,51.25,3.25
23111,3390,L,47.49,48.0,0.5
23112,3390,S,37.39,47.49,10.1
23113,3390,M,27.62,37.39,9.77
23114,3390,C,26.25,27.62,1.37
23115,3390,A,14.64,26.25,11.61
23116,3390,K,7.0,14.64,7.64
23117,3391,R,47.96,51.2,3.25
23118,3391,L,47.45,47.96,0.5
23119,3391,S,37.37,47.45,10.09
23120,3391,M,27.57,37.37,9.8
23121,3391,C,26.24,27.57,1.33
23122,3391,A,14.63,26.24,11.61
23123,3391,K,6.94,14.63,7.69
23124,3392,R,47.92,51.16,3.24
23125,3392,L,47.41,47.92,0.5
23126,3392,S,37.34,47.41,10.08
23127,3392,M,27.52,37.34,9.82
23128,3392,C,26.23,27.52,1.29
23129,3392,A,14.62,26.23,11.61
23130,3392,K,6.89,14.62,7.73
23131,3393,R,47.88,51.11,3.24
23132,3393,L,47.37,47.88,0.5
23133,3393,S,37.31,47.37,10.06
23134,3393,M,27.47,37.31,9.84
23135,3393,C,26.22,27.47,1.25
23136,3393,A,14.61,26.22,11.62
23137,3393,K,6.84,14.61,7.77
23138,3394,R,47.83,51.07,3.23
23139,3394,L,47.33,47.83,0.5
23140,3394,S,37.28,47.33,10.05
23141,3394,M,27.42,37.28,9.86
23142,3394,C,26.21,27.42,1.2
23143,3394,A,14.59,26.21,11.62
23144,3394,K,6.79,14.59,7.81
23145,3395,R,47.79,51.02,3.23
23146,3395,L,47.29,47.79,0.5
23147,3395,S,37.25,47.29,10.04
23148,3395,M,27.36,37.25,9.89
23149,3395,C,26.2,27.36,1.16
23150,3395,A,14.57,26.2,11.62
23151,3395,K,6.73,14.57,7.84
23152,3396,R,47.75,50.98,3.22
23153,3396,L,47.25,47.75,0.5
23154,3396,S,37.22,47.25,10.03
23155,3396,M,27.31,37.22,9.91
23156,3396,C,26.18,27.31,1.12
23157,3396,A,14.56,26.18,11.63
23158,3396,K,6.68,14.56,7.87
23159,3397,R,47.71,50.93,3.22
23160,3397,L,47.21,47.71,0.5
23161,3397,S,37.19,47.21,10.02
23162,3397,M,27.25,37.19,9.94
23163,3397,C,26.17,27.25,1.08
23164,3397,A,14.54,26.17,11.63
23165,3397,K,6.63,14.54,7.91
23166,3398,R,47.67,50.88,3.22
23167,3398,L,47.16,47.67,0.5
23168,3398,S,37.16,47.16,10.01
23169,3398,M,27.2,37.16,9.96
23170,3398,C,26.15,27.2,1.04
23171,3398,A,14.51,26.15,11.64
23172,3398,K,6.58,14.51,7.93
23173,3399,R,47.63,50.84,3.21
23174,3399,L,47.12,47.63,0.51
23175,3399,S,37.13,47.12,9.99
23176,3399,M,27.14,37.13,9.99
23177,3399,C,26.13,27.14,1.01
23178,3399,A,14.49,26.13,11.64
23179,3399,K,6.53,14.49,7.96
23180,3400,R,47.58,50.79,3.21
23181,3400,L,47.08,47.58,0.51
23182,3400,S,37.09,47.08,9.98
23183,3400,M,27.08,37.09,10.01
23184,3400,C,26.11,27.08,0.97
23185,3400,A,14.47,26.11,11.65
23186,3400,K,6.48,14.47,7.99
23187,3401,R,47.54,50.75,3.2
23188,3401,L,47.03,47.54,0.51
23189,3401,S,37.06,47.03,9.97
23190,3401,M,27.02,37.06,10.04
23191,3401,C,26.09,27.02,0.93
23192,3401,A,14.44,26.09,11.65
23193,3401,K,6.43,14.44,8.01
23194,3402,R,47.5,50.7,3.2
23195,3402,L,46.99,47.5,0.51
23196,3402,S,37.03,46.99,9.96
23197,3402,M,26.96,37.03,10.07
23198,3402,C,26.07,26.96,0.89
23199,3402,A,14.41,26.07,11.66
23200,3402,K,6.38,14.41,8.03
23201,3403,R,47.46,50.66,3.2
23202,3403,L,46.94,47.46,0.51
23203,3403,S,36.99,46.94,9.95
23204,3403,M,26.9,36.99,10.09
23205,3403,C,26.04,26.9,0.85
23206,3403,A,14.38,26.04,11.66
23207,3403,K,6.33,14.38,8.05
23208,3404,R,47.42,50.61,3.19
23209,3404,L,46.9,47.42,0.52
23210,3404,S,36.96,46.9,9.94
23211,3404,M,26.83,36.96,10.12
23212,3404,C,26.02,26.83,0.82
23213,3404,A,14.35,26.02,11.67
23214,3404,K,6.28,14.35,8.06
23215,3405,R,47.37,50.56,3.19
23216,3405,L,46.85,47.37,0.52
23217,3405,S,36.92,46.85,9.93
23218,3405,M,26.77,36.92,10.15
23219,3405,C,25.99,26.77,0.78
23220,3405,A,14.31,25.99,11.68
23221,3405,K,6.24,14.31,8.08
23222,3406,R,47.33,50.52,3.19
23223,3406,L,46.81,47.33,0.52
23224,3406,S,36.89,46.81,9.92
23225,3406,M,26.71,36.89,10.18
23226,3406,C,25.96,26.71,0.75
23227,3406,A,14.28,25.96,11.68
23228,3406,K,6.19,14.28,8.09
23229,3407,R,47.29,50.47,3.18
23230,3407,L,46.76,47.29,0.53
23231,3407,S,36.85,46.76,9.91
23232,3407,M,26.64,36.85,10.21
23233,3407,C,25.93,26.64,0.71
23234,3407,A,14.24,25.93,11.69
23235,3407,K,6.14,14.24,8.1
23236,3408,R,47.25,50.43,3.18
23237,3408,L,46.72,47.25,0.53
23238,3408,S,36.81,46.72,9.9
23239,3408,M,26.58,36.81,10.24
23240,3408,C,25.9,26.58,0.68
23241,3408,A,14.2,25.9,11.7
23242,3408,K,6.1,14.2,8.11
23243,3409,R,47.21,50.38,3.18
23244,3409,L,46.67,47.21,0.54
23245,3409,S,36.78,46.67,9.89
23246,3409,M,26.51,36.78,10.27
23247,3409,C,25.87,26.51,0.64
23248,3409,A,14.16,25.87,11.7
23249,3409,K,6.05,14.16,8.11
23250,3410,R,47.16,50.34,3.17
23251,3410,L,46.62,47.16,0.54
23252,3410,S,36.74,46.62,9.89
23253,3410,M,26.44,36.74,10.3
23254,3410,C,25.83,26.44,0.61
23255,3410,A,14.12,25.83,11.71
23256,3410,K,6.01,14.12,8.11
23257,3411,R,47.12,50.29,3.17
23258,3411,L,46.58,47.12,0.54
23259,3411,S,36.7,46.58,9.88
23260,3411,M,26.37,36.7,10.33
23261,3411,C,25.8,26.37,0.58
23262,3411,A,14.07,25.8,11.72
23263,3411,K,5.96,14.07,8.11
23264,3412,R,47.08,50.25,3.17
23265,3412,L,46.53,47.08,0.55
23266,3412,S,36.66,46.53,9.87
23267,3412,M,26.31,36.66,10.36
23268,3412,C,25.76,26.31,0.55
23269,3412,A,14.03,25.76,11.73
23270,3412,K,5.92,14.03,8.11
23271,3413,R,47.04,50.2,3.17
23272,3413,L,46.48,47.04,0.55
23273,3413,S,36.62,46.48,9.86
23274,3413,M,26.24,36.62,10.39
23275,3413,C,25.72,26.24,0.51
23276,3413,A,13.98,25.72,11.74
23277,3413,K,5.87,13.98,8.11
23278,3414,R,47.0,50.16,3.16
23279,3414,L,46.43,47.0,0.56
23280,3414,S,36.58,46.43,9.85
23281,3414,M,26.16,36.58,10.42
23282,3414,C,25.68,26.16,0.48
23283,3414,A,13.93,25.68,11.75
23284,3414,K,5.83,13.93,8.1
23285,3415,R,46.95,50.11,3.16
23286,3415,L,46.39,46.95,0.57
23287,3415,S,36.54,46.39,9.84
23288,3415,M,26.09,36.54,10.45
23289,3415,C,25.64,26.09,0.45
23290,3415,A,13.88,25.64,11.76
23291,3415,K,5.79,13.88,8.1
23292,3416,R,46.91,50.07,3.16
23293,3416,L,46.34,46.91,0.57
23294,3416,S,36.5,46.34,9.83
23295,3416,M,26.02,36.5,10.48
23296,3416,C,25.6,26.02,0.42
23297,3416,A,13.83,25.6,11.77
23298,3416,K,5.75,13.83,8.08
23299,3417,R,46.87,50.03,3.16
23300,3417,L,46.29,46.87,0.58
23301,3417,S,36.46,46.29,9.83
23302,3417,M,25.95,36.46,10.51
23303,3417,C,25.55,25.95,0.39
23304,3417,A,13.78,25.55,11.78
23305,3417,K,5.7,13.78,8.07
23306,3418,R,46.83,49.98,3.16
23307,3418,L,46.24,46.83,0.59
23308,3418,S,36.42,46.24,9.82
23309,3418,M,25.88,36.42,10.55
23310,3418,C,25.51,25.88,0.37
23311,3418,A,13.72,25.51,11.79
23312,3418,K,5.66,13.72,8.06
23313,3419,R,46.79,49.94,3.15
23314,3419,L,46.19,46.79,0.59
23315,3419,S,36.38,46.19,9.81
23316,3419,M,25.8,36.38,10.58
23317,3419,C,25.46,25.8,0.34
23318,3419,A,13.66,25.46,11.8
23319,3419,K,5.62,13.66,8.04
23320,3420,R,46.74,49.9,3.15
23321,3420,L,46.14,46.74,0.6
23322,3420,S,36.34,46.14,9.8
23323,3420,M,25.73,36.34,10.61
23324,3420,C,25.42,25.73,0.31
23325,3420,A,13.61,25.42,11.81
23326,3420,K,5.59,13.61,8.02
23327,3421,R,46.7,49.85,3.15
23328,3421,L,46.1,46.7,0.61
23329,3421,S,36.3,46.1,9.8
23330,3421,M,25.65,36.3,10.65
23331,3421,C,25.37,25.65,0.28
23332,3421,A,13.55,25.37,11.82
23333,3421,K,5.55,13.55,8.0
23334,3422,R,46.66,49.81,3.15
23335,3422,L,46.05,46.66,0.61
23336,3422,S,36.26,46.05,9.79
23337,3422,M,25.58,36.26,10.68
23338,3422,C,25.32,25.58,0.26
23339,3422,A,13.48,25.32,11.84
23340,3422,K,5.51,13.48,7.98
23341,3423,R,46.62,49.77,3.15
23342,3423,L,46.0,46.62,0.62
23343,3423,S,36.22,46.0,9.78
23344,3423,M,25.5,36.22,10.71
23345,3423,C,25.27,25.5,0.23
23346,3423,A,13.42,25.27,11.85
23347,3423,K,5.47,13.42,7.95
23348,3424,R,46.58,49.72,3.15
23349,3424,L,45.95,46.58,0.63
23350,3424,S,36.17,45.95,9.78
23351,3424,M,25.43,36.17,10.75
23352,3424,C,25.22,25.43,0.21
23353,3424,A,13.36,25.22,11.86
23354,3424,K,5.44,13.36,7.92
23355,3425,R,46.54,49.68,3.14
23356,3425,L,45.9,46.54,0.64
23357,3425,S,36.13,45.9,9.77
23358,3425,M,25.35,36.13,10.78
23359,3425,C,25.17,25.35,0.18
23360,3425,A,13.29,25.17,11.88
23361,3425,K,5.4,13.29,7.89
23362,3426,R,46.5,49.64,3.14
23363,3426,L,45.85,46.5,0.65
23364,3426,S,36.09,45.85,9.76
23365,3426,M,25.27,36.09,10.82
23366,3426,C,25.11,25.27,0.16
23367,3426,A,13.23,25.11,11.89
23368,3426,K,5.36,13.23,7.86
23369,3427,R,46.46,49.6,3.14
23370,3427,L,45.8,46.46,0.66
23371,3427,S,36.05,45.8,9.75
23372,3427,M,25.2,36.05,10.85
23373,3427,C,25.06,25.2,0.14
23374,3427,A,13.16,25.06,11.9
23375,3427,K,5.33,13.16,7.83
23376,3428,R,46.42,49.56,3.14
23377,3428,L,45.75,46.42,0.67
23378,3428,S,36.0,45.75,9.75
23379,3428,M,25.12,36.0,10.88
23380,3428,C,25.0,25.12,0.11
23381,3428,A,13.09,25.0,11.92
23382,3428,K,5.3,13.09,7.79
23383,3429,R,46.38,49.52,3.14
23384,3429,L,45.7,46.38,0.68
23385,3429,S,35.96,45.7,9.74
23386,3429,M,25.04,35.96,10.92
23387,3429,A,13.02,24.95,11.93
23388,3429,K,5.26,13.02,7.75
23389,3430,R,46.34,49.48,3.14
23390,3430,L,45.65,46.34,0.68
23391,3430,S,35.92,45.65,9.74
23392,3430,M,24.96,35.92,10.96
23393,3430,A,12.94,24.89,11.95
23394,3430,K,5.23,12.94,7.71
23395,3431,R,46.3,49.44,3.14
23396,3431,L,45.6,46.3,0.69
23397,3431,S,35.87,45.6,9.73
23398,3431,M,24.88,35.87,10.99
23399,3431,A,12.87,24.83,11.96
23400,3431,K,5.2,12.87,7.67
23401,3432,R,46.26,49.4,3.14
23402,3432,L,45.55,46.26,0.7
23403,3432,S,35.83,45.55,9.72
23404,3432,M,24.8,35.83,11.03
23405,3432,A,12.79,24.77,11.98
23406,3432,K,5.17,12.79,7.62
23407,3433,R,46.22,49.36,3.14
23408,3433,L,45.5,46.22,0.71
23409,3433,S,35.79,45.5,9.72
23410,3433,M,24.72,35.79,11.06
23411,3433,A,12.72,24.71,12.0
23412,3433,K,5.14,12.72,7.58
23413,3434,R,46.18,49.32,3.14
23414,3434,L,45.45,46.18,0.73
23415,3434,S,35.74,45.45,9.71
23416,3434,M,24.64,35.74,11.1
23417,3434,A,12.63,24.64,12.01
23418,3434,K,5.11,12.63,7.52
23419,3435,R,46.14,49.28,3.14
23420,3435,L,45.4,46.14,0.74
23421,3435,S,35.7,45.4,9.7
23422,3435,M,24.56,35.7,11.13
23423,3435,A,12.53,24.56,12.03
23424,3435,K,5.08,12.53,7.45
23425,3436,R,46.1,49.24,3.14
23426,3436,L,45.35,46.1,0.75
23427,3436,S,35.65,45.35,9.7
23428,3436,M,24.48,35.65,11.17
23429,3436,A,12.44,24.48,12.05
23430,3436,K,5.06,12.44,7.38
23431,3437,R,46.06,49.2,3.14
23432,3437,L,45.3,46.06,0.76
23433,3437,S,35.61,45.3,9.69
23434,3437,M,24.4,35.61,11.21
23435,3437,A,12.34,24.4,12.07
23436,3437,K,5.03,12.34,7.31
23437,3438,R,46.02,49.17,3.14
23438,3438,L,45.25,46.02,0.77
23439,3438,S,35.57,45.25,9.69
23440,3438,M,24.32,35.57,11.24
23441,3438,A,12.24,24.32,12.08
23442,3438,K,5.0,12.24,7.23
23443,3439,R,45.98,49.13,3.14
23444,3439,L,45.2,45.98,0.78
23445,3439,S,35.52,45.2,9.68
23446,3439,M,24.24,35.52,11.28
23447,3439,A,12.14,24.24,12.1
23448,3439,K,4.98,12.14,7.16
23449,3440,R,45.95,49.09,3.15
23450,3440,L,45.15,45.95,0.79
23451,3440,S,35.48,45.15,9.67
23452,3440,M,24.16,35.48,11.32
23453,3440,A,12.04,24.16,12.12
23454,3440,K,4.96,12.04,7.08
23455,3441,R,45.91,49.06,3.15
23456,3441,L,45.1,45.91,0.81
23457,3441,S,35.44,45.1,9.67
23458,3441,M,24.08,35.44,11.35
23459,3441,A,11.94,24.08,12.14
23460,3441,K,4.93,11.94,7.01
23461,3442,R,45.87,49.02,3.15
23462,3442,L,45.05,45.87,0.82
23463,3442,S,35.39,45.05,9.66
23464,3442,M,24.0,35.39,11.39
23465,3442,A,11.84,24.0,12.16
23466,3442,K,4.91,11.84,6.93
23467,3443,R,45.84,48.98,3.15
23468,3443,L,45.01,45.84,0.83
23469,3443,S,35.35,45.01,9.66
23470,3443,M,23.92,35.35,11.43
23471,3443,A,11.74,23.92,12.18
23472,3443,K,4.89,11.74,6.85
23473,3444,R,45.8,48.95,3.15
23474,3444,L,44.96,45.8,0.84
23475,3444,S,35.3,44.96,9.65
23476,3444,M,23.84,35.3,11.47
23477,3444,A,11.64,23.84,12.2
23478,3444,K,4.87,11.64,6.77
23479,3445,R,45.76,48.91,3.15
23480,3445,L,44.91,45.76,0.86
23481,3445,S,35.26,44.91,9.65
23482,3445,M,23.76,35.26,11.5
23483,3445,A,11.54,23.76,12.22
23484,3445,K,4.85,11.54,6.69
23485,3446,R,45.73,48.88,3.15
23486,3446,L,44.86,45.73,0.87
23487,3446,S,35.22,44.86,9.64
23488,3446,M,23.68,35.22,11.54
23489,3446,A,11.44,23.68,12.24
23490,3446,K,4.83,11.44,6.61
23491,3447,R,45.69,48.85,3.16
23492,3447,L,44.81,45.69,0.88
23493,3447,S,35.17,44.81,9.63
23494,3447,M,23.6,35.17,11.58
23495,3447,A,11.34,23.6,12.26
23496,3447,K,4.81,11.34,6.52
23497,3448,R,45.66,48.81,3.16
23498,3448,L,44.76,45.66,0.89
23499,3448,S,35.13,44.76,9.63
23500,3448,M,23.52,35.13,11.61
23501,3448,A,11.23,23.52,12.29
23502,3448,K,4.8,11.23,6.44
23503,3449,R,45.62,48.78,3.16
23504,3449,L,44.71,45.62,0.91
23505,3449,S,35.09,44.71,9.62
23506,3449,M,23.44,35.09,11.65
23507,3449,A,11.13,23.44,12.31
23508,3449,K,4.78,11.13,6.35
23509,3450,R,45.59,48.75,3.16
23510,3450,L,44.66,45.59,0.92
23511,3450,S,35.05,44.66,9.62
23512,3450,M,23.36,35.05,11.69
23513,3450,A,11.03,23.36,12.33
23514,3450,K,4.76,11.03,6.27
23515,3451,R,45.55,48.72,3.16
23516,3451,L,44.62,45.55,0.94
23517,3451,S,35.0,44.62,9.61
23518,3451,M,23.28,35.0,11.73
23519,3451,A,10.93,23.28,12.35
23520,3451,K,4.75,10.93,6.18
23521,3452,R,45.52,48.68,3.17
23522,3452,L,44.57,45.52,0.95
23523,3452,S,34.96,44.57,9.61
23524,3452,M,23.2,34.96,11.76
23525,3452,A,10.82,23.2,12.38
23526,3452,K,4.74,10.82,6.09
23527,3453,R,45.48,48.65,3.17
23528,3453,L,44.52,45.48,0.96
23529,3453,S,34.92,44.52,9.6
23530,3453,M,23.12,34.92,11.8
23531,3453,A,10.72,23.12,12.4
23532,3453,K,4.72,10.72,6.0
23533,3454,R,45.45,48.62,3.17
23534,3454,L,44.47,45.45,0.98
23535,3454,S,34.88,44.47,9.59
23536,3454,M,23.04,34.88,11.84
23537,3454,A,10.62,23.04,12.42
23538,3454,K,4.71,10.62,5.91
23539,3455,R,45.42,48.59,3.18
23540,3455,L,44.43,45.42,0.99
23541,3455,S,34.84,44.43,9.59
23542,3455,M,22.96,34.84,11.87
23543,3455,A,10.52,22.96,12.45
23544,3455,K,4.7,10.52,5.82
23545,3456,R,45.39,48.56,3.18
23546,3456,L,44.38,45.39,1.01
23547,3456,S,34.8,44.38,9.58
23548,3456,M,22.89,34.8,11.91
23549,3456,A,10.42,22.89,12.47
23550,3456,K,4.69,10.42,5.73
23551,3457,R,45.35,48.54,3.18
23552,3457,L,44.33,45.35,1.02
23553,3457,S,34.76,44.33,9.58
23554,3457,M,22.81,34.76,11.95
23555,3457,A,10.31,22.81,12.49
23556,3457,K,4.68,10.31,5.63
23557,3458,R,45.32,48.51,3.19
23558,3458,L,44.29,45.32,1.04
23559,3458,S,34.72,44.29,9.57
23560,3458,M,22.73,34.72,11.99
23561,3458,A,10.21,22.73,12.52
23562,3458,K,4.67,10.21,5.54
23563,3459,R,45.29,48.48,3.19
23564,3459,L,44.24,45.29,1.05
23565,3459,S,34.68,44.24,9.56
23566,3459,M,22.65,34.68,12.02
23567,3459,A,10.11,22.65,12.55
23568,3459,K,4.67,10.11,5.44
23569,3460,R,45.26,48.45,3.19
23570,3460,L,44.19,45.26,1.07
23571,3460,S,34.64,44.19,9.56
23572,3460,M,22.58,34.64,12.06
23573,3460,A,10.01,22.58,12.57
23574,3460,K,4.66,10.01,5.35
23575,3461,R,45.23,48.43,3.2
23576,3461,L,44.15,45.23,1.08
23577,3461,S,34.6,44.15,9.55
23578,3461,M,22.5,34.6,12.1
23579,3461,A,9.91,22.5,12.6
23580,3461,K,4.65,9.91,5.25
23581,3462,R,45.2,48.4,3.2
23582,3462,L,44.1,45.2,1.1
23583,3462,S,34.56,44.1,9.54
23584,3462,M,22.43,34.56,12.13
23585,3462,A,9.8,22.43,12.62
23586,3462,K,4.65,9.8,5.16
23587,3463,R,45.17,48.37,3.2
23588,3463,L,44.06,45.17,1.11
23589,3463,S,34.52,44.06,9.54
23590,3463,M,22.35,34.52,12.17
23591,3463,A,9.7,22.35,12.65
23592,3463,K,4.64,9.7,5.06
23593,3464,R,45.14,48.35,3.21
23594,3464,L,44.01,45.14,1.13
23595,3464,S,34.48,44.01,9.53
23596,3464,M,22.28,34.48,12.2
23597,3464,A,9.6,22.28,12.67
23598,3464,K,4.64,9.6,4.96
23599,3465,R,45.11,48.32,3.21
23600,3465,L,43.97,45.11,1.14
23601,3465,S,34.44,43.97,9.52
23602,3465,M,22.2,34.44,12.24
23603,3465,A,9.5,22.2,12.7
23604,3465,K,4.64,9.5,4.86
23605,3466,R,45.08,48.3,3.22
23606,3466,L,43.92,45.08,1.16
23607,3466,S,34.41,43.92,9.52
23608,3466,M,22.13,34.41,12.28
23609,3466,A,9.4,22.13,12.73
23610,3466,K,4.64,9.4,4.76
23611,3467,R,45.06,48.28,3.22
23612,3467,L,43.88,45.06,1.18
23613,3467,S,34.37,43.88,9.51
23614,3467,M,22.06,34.37,12.31
23615,3467,A,9.3,22.06,12.76
23616,3467,K,4.64,9.3,4.66
23617,3468,R,45.03,48.25,3.23
23618,3468,L,43.84,45.03,1.19
23619,3468,S,34.33,43.84,9.5
23620,3468,M,21.99,34.33,12.35
23621,3468,A,9.2,21.99,12.78
23622,3468,K,4.64,9.2,4.57
23623,3469,R,45.0,48.23,3.23
23624,3469,L,43.8,45.0,1.21
23625,3469,S,34.3,43.8,9.5
23626,3469,M,21.91,34.3,12.38
23627,3469,A,9.1,21.91,12.81
23628,3469,K,4.64,9.1,4.47
23629,3470,R,44.98,48.21,3.23
23630,3470,L,43.75,44.98,1.22
23631,3470,S,34.26,43.75,9.49
23632,3470,M,21.84,34.26,12.42
23633,3470,A,9.01,21.84,12.84
23634,3470,K,4.64,9.01,4.36
23635,3471,R,44.95,48.19,3.24
23636,3471,L,43.71,44.95,1.24
23637,3471,S,34.23,43.71,9.48
23638,3471,M,21.77,34.23,12.45
23639,3471,A,8.91,21.77,12.87
23640,3471,K,4.64,8.91,4.26
23641,3472,R,44.92,48.17,3.24
23642,3472,L,43.67,44.92,1.26
23643,3472,S,34.19,43.67,9.47
23644,3472,M,21.71,34.19,12.49
23645,3472,A,8.81,21.71,12.9
23646,3472,K,4.65,8.81,4.16
23647,3473,R,44.9,48.15,3.25
23648,3473,L,43.63,44.9,1.27
23649,3473,S,34.16,43.63,9.47
23650,3473,M,21.64,34.16,12.52
23651,3473,A,8.71,21.64,12.92
23652,3473,K,4.65,8.71,4.06
23653,3474,R,44.87,48.13,3.25
23654,3474,L,43.59,44.87,1.29
23655,3474,S,34.13,43.59,9.46
23656,3474,M,21.57,34.13,12.56
23657,3474,A,8.62,21.57,12.95
23658,3474,K,4.66,8.62,3.96
23659,3475,R,44.85,48.11,3.26
23660,3475,L,43.55,44.85,1.3
23661,3475,S,34.09,43.55,9.45
23662,3475,M,21.5,34.09,12.59
23663,3475,A,8.52,21.5,12.98
23664,3475,K,4.66,8.52,3.86
23665,3476,R,44.83,48.09,3.26
23666,3476,L,43.51,44.83,1.32
23667,3476,S,34.06,43.51,9.44
23668,3476,M,21.44,34.06,12.63
23669,3476,A,8.43,21.44,13.01
23670,3476,K,4.67,8.43,3.76
23671,3477,R,44.8,48.07,3.27
23672,3477,L,43.47,44.8,1.34
23673,3477,S,34.03,43.47,9.44
23674,3477,M,21.37,34.03,12.66
23675,3477,A,8.33,21.37,13.04
23676,3477,K,4.68,8.33,3.65
23677,3478,R,44.78,48.06,3.28
23678,3478,L,43.43,44.78,1.35
23679,3478,S,34.0,43.43,9.43
23680,3478,M,21.31,34.0,12.69
23681,3478,A,8.24,21.31,13.07
23682,3478,K,4.69,8.24,3.55
23683,3479,R,44.76,48.04,3.28
23684,3479,L,43.39,44.76,1.37
23685,3479,S,33.97,43.39,9.42
23686,3479,M,21.24,33.97,12.73
23687,3479,A,8.15,21.24,13.1
23688,3479,K,4.7,8.15,3.45
23689,3480,R,44.74,48.02,3.29
23690,3480,L,43.35,44.74,1.39
23691,3480,S,33.94,43.35,9.41
23692,3480,M,21.18,33.94,12.76
23693,3480,A,8.05,21.18,13.13
23694,3480,K,4.71,8.05,3.35
23695,3481,R,44.72,48.01,3.29
23696,3481,L,43.31,44.72,1.4
23697,3481,S,33.91,43.31,9.4
23698,3481,M,21.12,33.91,12.79
23699,3481,A,7.96,21.12,13.16
23700,3481,K,4.72,7.96,3.24
23701,3482,R,44.69,47.99,3.3
23702,3482,L,43.28,44.69,1.42
23703,3482,S,33.88,43.28,9.39
23704,3482,M,21.06,33.88,12.82
23705,3482,A,7.87,21.06,13.19
23706,3482,K,4.73,7.87,3.14
23707,3483,R,44.67,47.98,3.3
23708,3483,L,43.24,44.67,1.44
23709,3483,S,33.86,43.24,9.38
23710,3483,M,21.0,33.86,12.86
23711,3483,A,7.78,21.0,13.22
23712,3483,K,4.74,7.78,3.04
23713,3484,R,44.65,47.96,3.31
23714,3484,L,43.2,44.65,1.45
23715,3484,S,33.83,43.2,9.37
23716,3484,M,20.94,33.83,12.89
23717,3484,A,7.69,20.94,13.25
23718,3484,K,4.69,7.69,3.0
23719,3485,R,44.64,47.95,3.32
23720,3485,L,43.17,44.64,1.47
23721,3485,S,33.8,43.17,9.36
23722,3485,M,20.88,33.8,12.92
23723,3485,A,7.61,20.88,13.28
23724,3485,K,4.61,7.61,3.0
23725,3486,R,44.62,47.94,3.32
23726,3486,L,43.13,44.62,1.49
23727,3486,S,33.78,43.13,9.35
23728,3486,M,20.83,33.78,12.95
23729,3486,A,7.52,20.83,13.31
23730,3486,K,4.52,7.52,3.0
23731,3487,R,44.6,47.93,3.33
23732,3487,L,43.1,44.6,1.5
23733,3487,S,33.75,43.1,9.34
23734,3487,M,20.77,33.75,12.98
23735,3487,A,7.43,20.77,13.34
23736,3487,K,4.43,7.43,3.0
23737,3488,R,44.58,47.91,3.33
23738,3488,L,43.06,44.58,1.52
23739,3488,S,33.73,43.06,9.33
23740,3488,M,20.72,33.73,13.01
23741,3488,A,7.35,20.72,13.37
23742,3488,K,4.35,7.35,3.0
23743,3489,R,44.56,47.9,3.34
23744,3489,L,43.03,44.56,1.54
23745,3489,S,33.71,43.03,9.32
23746,3489,M,20.67,33.71,13.04
23747,3489,A,7.26,20.67,13.4
23748,3489,K,4.26,7.26,3.0
23749,3490,R,44.55,47.89,3.35
23750,3490,L,42.99,44.55,1.55
23751,3490,S,33.68,42.99,9.31
23752,3490,M,20.61,33.68,13.07
23753,3490,A,7.18,20.61,13.43
23754,3490,K,4.18,7.18,3.0
23755,3491,R,44.53,47.88,3.35
23756,3491,L,42.96,44.53,1.57
23757,3491,S,33.66,42.96,9.3
23758,3491,M,20.56,33.66,13.1
23759,3491,A,7.1,20.56,13.46
23760,3491,K,4.1,7.1,3.0
23761,3492,R,44.51,47.87,3.36
23762,3492,L,42.93,44.51,1.59
23763,3492,S,33.64,42.93,9.29
23764,3492,M,20.51,33.64,13.13
23765,3492,A,7.02,20.51,13.49
23766,3492,K,4.02,7.02,3.0
23767,3493,R,44.5,47.86,3.37
23768,3493,L,42.9,44.5,1.6
23769,3493,S,33.62,42.9,9.28
23770,3493,M,20.46,33.62,13.16
23771,3493,A,6.94,20.46,13.52
23772,3493,K,3.94,6.94,3.0
23773,3494,R,44.48,47.86,3.37
23774,3494,L,42.87,44.48,1.62
23775,3494,S,33.6,42.87,9.27
23776,3494,M,20.42,33.6,13.18
23777,3494,A,6.86,20.42,13.56
23778,3494,K,3.86,6.86,3.0
23779,3495,R,44.47,47.85,3.38
23780,3495,L,42.83,44.47,1.63
23781,3495,S,33.58,42.83,9.25
23782,3495,M,20.37,33.58,13.21
23783,3495,A,6.78,20.37,13.59
23784,3495,K,3.78,6.78,3.0
23785,3496,R,44.46,47.84,3.39
23786,3496,L,42.8,44.46,1.65
23787,3496,S,33.56,42.8,9.24
23788,3496,M,20.32,33.56,13.24
23789,3496,A,6.71,20.32,13.62
23790,3496,K,3.71,6.71,3.0
23791,3497,R,44.44,47.83,3.39
23792,3497,L,42.77,44.44,1.67
23793,3497,S,33.54,42.77,9.23
23794,3497,M,20.28,33.54,13.27
23795,3497,A,6.63,20.28,13.65
23796,3497,K,3.63,6.63,3.0
23797,3498,R,44.43,47.83,3.4
23798,3498,L,42.75,44.43,1.68
23799,3498,S,33.53,42.75,9.22
23800,3498,M,20.24,33.53,13.29
23801,3498,A,6.56,20.24,13.68
23802,3498,K,3.56,6.56,3.0
23803,3499,R,44.42,47.82,3.41
23804,3499,L,42.72,44.42,1.7
23805,3499,S,33.51,42.72,9.2
23806,3499,M,20.19,33.51,13.32
23807,3499,A,6.48,20.19,13.71
23808,3499,K,3.48,6.48,3.0
23809,3500,R,44.41,47.82,3.41
23810,3500,L,42.69,44.41,1.72
23811,3500,S,33.5,42.69,9.19
23812,3500,M,20.15,33.5,13.34
23813,3500,A,6.41,20.15,13.74
23814,3500,K,3.41,6.41,3.0
23815,3501,R,44.39,47.81,3.42
23816,3501,L,42.66,44.39,1.73
23817,3501,S,33.48,42.66,9.18
23818,3501,M,20.11,33.48,13.37
23819,3501,A,6.34,20.11,13.77
23820,3501,K,3.34,6.34,3.0
23821,3502,R,44.38,47.81,3.43
23822,3502,L,42.63,44.38,1.75
23823,3502,S,33.47,42.63,9.17
23824,3502,M,20.08,33.47,13.39
23825,3502,A,6.27,20.08,13.8
23826,3502,K,3.27,6.27,3.0
23827,3503,R,44.37,47.8,3.43
23828,3503,L,42.61,44.37,1.76
23829,3503,S,33.46,42.61,9.15
23830,3503,M,20.04,33.46,13.42
23831,3503,A,6.21,20.04,13.83
23832,3503,K,3.21,6.21,3.0
23833,3504,R,44.36,47.8,3.44
23834,3504,L,42.58,44.36,1.78
23835,3504,S,33.45,42.58,9.14
23836,3504,M,20.0,33.45,13.44
23837,3504,A,6.14,20.0,13.86
23838,3504,K,3.14,6.14,3.0
23839,3505,R,44.35,47.8,3.45
23840,3505,L,42.56,44.35,1.8
23841,3505,S,33.43,42.56,9.12
23842,3505,M,19.97,33.43,13.47
23843,3505,A,6.08,19.97,13.89
23844,3505,K,3.08,6.08,3.0
23845,3506,R,44.34,47.8,3.45
23846,3506,L,42.53,44.34,1.81
23847,3506,S,33.42,42.53,9.11
23848,3506,M,19.94,33.42,13.49
23849,3506,A,6.01,19.94,13.92
23850,3506,K,3.01,6.01,3.0
23851,3507,R,44.34,47.79,3.46
23852,3507,L,42.51,44.34,1.83
23853,3507,S,33.41,42.51,9.09
23854,3507,M,19.9,33.41,13.51
23855,3507,A,5.95,19.9,13.95
23856,3507,K,2.95,5.95,3.0
23857,3508,R,44.33,47.79,3.47
23858,3508,L,42.48,44.33,1.84
23859,3508,S,33.41,42.48,9.08
23860,3508,M,19.87,33.41,13.53
23861,3508,A,5.89,19.87,13.98
23862,3508,K,2.89,5.89,3.0
23863,3509,R,44.32,47.79,3.47
23864,3509,L,42.46,44.32,1.86
23865,3509,S,33.4,42.46,9.06
23866,3509,M,19.84,33.4,13.55
23867,3509,A,5.83,19.84,14.01
23868,3509,K,2.83,5.83,3.0
23869,3510,R,44.31,47.79,3.48
23870,3510,L,42.44,44.31,1.87
23871,3510,S,33.39,42.44,9.05
23872,3510,M,19.82,33.39,13.58
23873,3510,A,5.77,19.81,14.04
23874,3510,K,2.77,5.77,3.0
23875,3511,R,44.31,47.79,3.49
23876,3511,L,42.42,44.31,1.89
23877,3511,S,33.39,42.42,9.03
23878,3511,M,19.79,33.39,13.6
23879,3511,A,5.7,19.77,14.07
23880,3511,K,2.7,5.7,3.0
23881,3512,R,44.3,47.79,3.49
23882,3512,L,42.4,44.3,1.9
23883,3512,S,33.38,42.4,9.02
23884,3512,M,19.76,33.38,13.62
23885,3512,A,5.63,19.74,14.1
23886,3512,K,2.63,5.63,3.0
23887,3513,R,44.29,47.79,3.5
23888,3513,L,42.38,44.29,1.92
23889,3513,S,33.38,42.38,9.0
23890,3513,M,19.74,33.38,13.64
23891,3513,A,5.57,19.7,14.13
23892,3513,K,2.57,5.57,3.0
23893,3514,R,44.29,47.79,3.51
23894,3514,L,42.36,44.29,1.93
23895,3514,S,33.37,42.36,8.98
23896,3514,M,19.72,33.37,13.65
23897,3514,A,5.51,19.67,14.16
23898,3514,K,2.51,5.51,3.0
23899,3515,R,44.28,47.8,3.51
23900,3515,L,42.34,44.28,1.95
23901,3515,S,33.37,42.34,8.97
23902,3515,M,19.7,33.37,13.67
23903,3515,A,5.45,19.64,14.19
23904,3515,K,2.45,5.45,3.0
23905,3516,R,44.28,47.8,3.52
23906,3516,L,42.32,44.28,1.96
23907,3516,S,33.37,42.32,8.95
23908,3516,M,19.68,33.37,13.69
23909,3516,A,5.38,19.6,14.22
23910,3516,K,2.38,5.38,3.0
23911,3517,R,44.27,47.8,3.53
23912,3517,L,42.3,44.27,1.98
23913,3517,S,33.37,42.3,8.93
23914,3517,M,19.66,33.37,13.71
23915,3517,A,5.33,19.57,14.25
23916,3517,K,2.33,5.33,3.0
23917,3518,R,44.27,47.8,3.53
23918,3518,L,42.28,44.27,1.99
23919,3518,S,33.37,42.28,8.91
23920,3518,M,19.64,33.37,13.73
23921,3518,A,5.27,19.55,14.28
23922,3518,K,2.27,5.27,3.0
23923,3519,R,44.27,47.81,3.54
23924,3519,L,42.26,44.27,2.01
23925,3519,S,33.37,42.26,8.89
23926,3519,M,19.62,33.37,13.74
23927,3519,C,19.52,19.62,0.11
23928,3519,A,5.21,19.52,14.3
23929,3519,K,2.21,5.21,3.0
23930,3520,R,44.27,47.81,3.54
23931,3520,L,42.25,44.27,2.02
23932,3520,S,33.37,42.25,8.88
23933,3520,M,19.61,33.37,13.76
23934,3520,C,19.49,19.61,0.12
23935,3520,A,5.16,19.49,14.33
23936,3520,K,2.16,5.16,3.0
23937,3521,R,44.26,47.81,3.55
23938,3521,L,42.23,44.26,2.03
23939,3521,S,33.37,42.23,8.86
23940,3521,M,19.6,33.37,13.77
23941,3521,C,19.47,19.6,0.13
23942,3521,A,5.11,19.47,14.36
23943,3521,K,2.11,5.11,3.0
23944,3522,R,44.26,47.82,3.56
23945,3522,L,42.21,44.26,2.05
23946,3522,S,33.37,42.21,8.84
23947,3522,M,19.58,33.37,13.79
23948,3522,C,19.44,19.58,0.14
23949,3522,A,5.06,19.44,14.39
23950,3522,K,2.06,5.06,3.0
23951,3523,R,44.26,47.82,3.56
23952,3523,L,42.2,44.26,2.06
23953,3523,S,33.38,42.2,8.82
23954,3523,M,19.57,33.38,13.8
23955,3523,C,19.42,19.57,0.15
23956,3523,A,5.01,19.42,14.42
23957,3523,K,2.01,5.01,3.0
23958,3524,R,44.26,47.83,3.57
23959,3524,L,42.18,44.26,2.08
23960,3524,S,33.38,42.18,8.8
23961,3524,M,19.57,33.38,13.82
23962,3524,C,19.4,19.57,0.16
23963,3524,A,4.96,19.4,14.44
23964,3524,K,1.96,4.96,3.0
23965,3525,R,44.26,47.83,3.58
23966,3525,L,42.17,44.26,2.09
23967,3525,S,33.39,42.17,8.78
23968,3525,M,19.56,33.39,13.83
23969,3525,C,19.38,19.56,0.17
23970,3525,A,4.92,19.38,14.47
23971,3525,K,1.92,4.92,3.0
23972,3526,R,44.26,47.84,3.58
23973,3526,L,42.16,44.26,2.1
23974,3526,S,33.4,42.16,8.76
23975,3526,M,19.55,33.4,13.84
23976,3526,C,19.37,19.55,0.18
23977,3526,A,4.87,19.37,14.5
23978,3526,K,1.87,4.87,3.0
23979,3527,R,44.26,47.85,3.59
23980,3527,L,42.14,44.26,2.12
23981,3527,S,33.4,42.14,8.74
23982,3527,M,19.55,33.4,13.86
23983,3527,C,19.35,19.55,0.19
23984,3527,A,4.83,19.35,14.52
23985,3527,K,1.83,4.83,3.0
23986,3528,R,44.26,47.85,3.59
23987,3528,L,42.13,44.26,2.13
23988,3528,S,33.41,42.13,8.72
23989,3528,M,19.54,33.41,13.87
23990,3528,C,19.34,19.54,0.2
23991,3528,A,4.79,19.34,14.55
23992,3528,K,1.79,4.79,3.0
23993,3529,R,44.26,47.86,3.6
23994,3529,L,42.12,44.26,2.14
23995,3529,S,33.42,42.12,8.7
23996,3529,M,19.54,33.42,13.88
23997,3529,C,19.32,19.54,0.21
23998,3529,A,4.75,19.32,14.57
23999,3529,K,1.75,4.75,3.0
24000,3530,R,44.26,47.87,3.61
24001,3530,L,42.11,44.26,2.15
24002,3530,S,33.43,42.11,8.68
24003,3530,M,19.54,33.43,13.89
24004,3530,C,19.31,19.54,0.22
24005,3530,A,4.71,19.31,14.6
24006,3530,K,1.71,4.71,3.0
24007,3531,R,44.26,47.87,3.61
24008,3531,L,42.09,44.26,2.17
24009,3531,S,33.44,42.09,8.66
24010,3531,M,19.54,33.44,13.9
24011,3531,C,19.3,19.54,0.23
24012,3531,A,4.68,19.3,14.62
24013,3531,K,1.68,4.68,3.0
24014,3532,R,44.26,47.88,3.62
24015,3532,L,42.08,44.26,2.18
24016,3532,S,33.45,42.08,8.63
24017,3532,M,19.54,33.45,13.91
24018,3532,C,19.29,19.54,0.24
24019,3532,A,4.65,19.29,14.65
24020,3532,K,1.65,4.65,3.0
24021,3533,R,44.27,47.89,3.62
24022,3533,L,42.07,44.27,2.19
24023,3533,S,33.46,42.07,8.61
24024,3533,M,19.54,33.46,13.92
24025,3533,C,19.29,19.54,0.25
24026,3533,A,4.61,19.29,14.67
24027,3533,K,1.61,4.61,3.0
24028,3534,R,44.27,47.9,3.63
24029,3534,L,42.06,44.27,2.2
24030,3534,S,33.48,42.06,8.59
24031,3534,M,19.54,33.48,13.93
24032,3534,C,19.28,19.54,0.26
24033,3534,A,4.59,19.28,14.7
24034,3534,K,1.59,4.59,3.0
24035,3535,R,44.27,47.91,3.63
24036,3535,L,42.06,44.27,2.21
24037,3535,S,33.49,42.06,8.57
24038,3535,M,19.55,33.49,13.94
24039,3535,C,19.28,19.55,0.27
24040,3535,A,4.56,19.28,14.72
24041,3535,K,1.56,4.56,3.0
24042,3536,R,44.27,47.91,3.64
24043,3536,L,42.05,44.27,2.23
24044,3536,S,33.5,42.05,8.54
24045,3536,M,19.56,33.5,13.95
24046,3536,C,19.27,19.56,0.28
24047,3536,A,4.53,19.27,14.74
24048,3536,K,1.53,4.53,3.0
24049,3537,R,44.28,47.92,3.65
24050,3537,L,42.04,44.28,2.24
24051,3537,S,33.52,42.04,8.52
24052,3537,M,19.56,33.52,13.95
24053,3537,C,19.27,19.56,0.29
24054,3537,A,4.51,19.27,14.77
24055,3537,K,1.51,4.51,3.0
24056,3538,R,44.28,47.93,3.65
24057,3538,L,42.03,44.28,2.25
24058,3538,S,33.53,42.03,8.5
24059,3538,M,19.57,33.53,13.96
24060,3538,C,19.27,19.57,0.3
24061,3538,A,4.49,19.27,14.79
24062,3538,K,1.49,4.49,3.0
24063,3539,R,44.29,47.94,3.66
24064,3539,L,42.02,44.29,2.26
24065,3539,S,33.55,42.02,8.47
24066,3539,M,19.58,33.55,13.97
24067,3539,C,19.28,19.58,0.31
24068,3539,A,4.47,19.28,14.81
24069,3539,K,1.47,4.47,3.0
24070,3540,R,44.29,47.95,3.66
24071,3540,L,42.02,44.29,2.27
24072,3540,S,33.57,42.02,8.45
24073,3540,M,19.59,33.57,13.97
24074,3540,C,19.28,19.59,0.31
24075,3540,A,4.45,19.28,14.83
24076,3540,K,1.45,4.45,3.0
24077,3541,R,44.29,47.96,3.67
24078,3541,L,42.01,44.29,2.28
24079,3541,S,33.59,42.01,8.43
24080,3541,M,19.61,33.59,13.98
24081,3541,C,19.28,19.61,0.32
24082,3541,A,4.43,19.28,14.85
24083,3541,K,1.43,4.43,3.0
24084,3542,R,44.3,47.97,3.67
24085,3542,L,42.01,44.3,2.29
24086,3542,S,33.6,42.01,8.4
24087,3542,M,19.62,33.6,13.98
24088,3542,C,19.29,19.62,0.33
24089,3542,A,4.42,19.29,14.87
24090,3542,K,1.42,4.42,3.0
24091,3543,R,44.31,47.98,3.68
24092,3543,L,42.0,44.31,2.3
24093,3543,S,33.62,42.0,8.38
24094,3543,M,19.64,33.62,13.99
24095,3543,C,19.3,19.64,0.34
24096,3543,A,4.4,19.3,14.89
24097,3543,K,1.4,4.4,3.0
24098,3544,R,44.31,47.99,3.68
24099,3544,L,42.0,44.31,2.31
24100,3544,S,33.64,42.0,8.35
24101,3544,M,19.65,33.64,13.99
24102,3544,C,19.31,19.65,0.34
24103,3544,A,4.39,19.31,14.91
24104,3544,K,1.39,4.39,3.0
24105,3545,R,44.32,48.0,3.68
24106,3545,L,41.99,44.32,2.33
24107,3545,S,33.66,41.99,8.33
24108,3545,M,19.67,33.66,13.99
24109,3545,C,19.32,19.67,0.35
24110,3545,A,4.38,19.32,14.93
24111,3545,K,1.38,4.38,3.0
24112,3546,R,44.32,48.01,3.69
24113,3546,L,41.99,44.32,2.34
24114,3546,S,33.69,41.99,8.3
24115,3546,M,19.69,33.69,14.0
24116,3546,C,19.33,19.69,0.36
24117,3546,A,4.38,19.33,14.95
24118,3546,K,1.38,4.38,3.0
24119,3547,R,44.33,48.02,3.69
24120,3547,L,41.98,44.33,2.35
24121,3547,S,33.71,41.98,8.28
24122,3547,M,19.71,33.71,14.0
24123,3547,C,19.34,19.71,0.36
24124,3547,A,4.37,19.34,14.97
24125,3547,K,1.37,4.37,3.0
24126,3548,R,44.34,48.03,3.7
24127,3548,L,41.98,44.34,2.35
24128,3548,S,33.73,41.98,8.25
24129,3548,M,19.73,33.73,14.0
24130,3548,C,19.36,19.73,0.37
24131,3548,A,4.37,19.36,14.99
24132,3548,K,1.37,4.37,3.0
24133,3549,R,44.34,48.04,3.7
24134,3549,L,41.98,44.34,2.36
24135,3549,S,33.75,41.98,8.22
24136,3549,M,19.75,33.75,14.0
24137,3549,C,19.38,19.75,0.37
24138,3549,A,4.37,19.38,15.01
24139,3549,K,1.37,4.37,3.0
24140,3550,R,44.35,48.05,3.71
24141,3550,L,41.98,44.35,2.37
24142,3550,S,33.78,41.98,8.2
24143,3550,M,19.77,33.78,14.0
24144,3550,C,19.39,19.77,0.38
24145,3550,A,4.37,19.39,15.03
24146,3550,K,1.37,4.37,3.0
24147,3551,R,44.36,48.07,3.71
24148,3551,L,41.97,44.36,2.38
24149,3551,S,33.8,41.97,8.17
24150,3551,M,19.8,33.8,14.0
24151,3551,C,19.41,19.8,0.38
24152,3551,A,4.37,19.41,15.04
24153,3551,K,1.37,4.37,3.0
24154,3552,R,44.36,48.08,3.71
24155,3552,L,41.97,44.36,2.39
24156,3552,S,33.83,41.97,8.14
24157,3552,M,19.82,33.83,14.0
24158,3552,C,19.43,19.82,0.39
24159,3552,A,4.38,19.43,15.06
24160,3552,K,1.38,4.38,3.0
24161,3553,R,44.37,48.09,3.72
24162,3553,L,41.97,44.37,2.4
24163,3553,S,33.85,41.97,8.12
24164,3553,M,19.85,33.85,14.0
24165,3553,C,19.46,19.85,0.39
24166,3553,A,4.38,19.46,15.07
24167,3553,K,1.38,4.38,3.0
24168,3554,R,44.38,48.1,3.72
24169,3554,L,41.97,44.38,2.41
24170,3554,S,33.88,41.97,8.09
24171,3554,M,19.88,33.88,14.0
24172,3554,C,19.48,19.88,0.4
24173,3554,A,4.39,19.48,15.09
24174,3554,K,1.39,4.39,3.0
24175,3555,R,44.39,48.11,3.72
24176,3555,L,41.97,44.39,2.42
24177,3555,S,33.91,41.97,8.06
24178,3555,M,19.91,33.91,14.0
24179,3555,C,19.51,19.91,0.4
24180,3555,A,4.4,19.51,15.1
24181,3555,K,1.4,4.4,3.0
24182,3556,R,44.4,48.12,3.73
24183,3556,L,41.97,44.4,2.43
24184,3556,S,33.93,41.97,8.04
24185,3556,M,19.94,33.93,14.0
24186,3556,C,19.53,19.94,0.4
24187,3556,A,4.41,19.53,15.12
24188,3556,K,1.41,4.41,3.0
24189,3557,R,44.4,48.13,3.73
24190,3557,L,41.97,44.4,2.44
24191,3557,S,33.96,41.97,8.01
24192,3557,M,19.97,33.96,14.0
24193,3557,C,19.56,19.97,0.41
24194,3557,A,4.43,19.56,15.13
24195,3557,K,1.43,4.43,3.0
24196,3558,R,44.41,48.14,3.73
24197,3558,L,41.97,44.41,2.44
24198,3558,S,33.99,41.97,7.98
24199,3558,M,20.0,33.99,13.99
24200,3558,C,19.59,20.0,0.41
24201,3558,A,4.44,19.59,15.15
24202,3558,K,1.44,4.44,3.0
24203,3559,R,44.42,48.16,3.73
24204,3559,L,41.97,44.42,2.45
24205,3559,S,34.02,41.97,7.95
24206,3559,M,20.03,34.02,13.99
24207,3559,C,19.62,20.03,0.41
24208,3559,A,4.46,19.62,15.16
24209,3559,K,1.46,4.46,3.0
24210,3560,R,44.43,48.17,3.74
24211,3560,L,41.97,44.43,2.46
24212,3560,S,34.05,41.97,7.92
24213,3560,M,20.06,34.05,13.99
24214,3560,C,19.65,20.06,0.41
24215,3560,A,4.48,19.65,15.17
24216,3560,K,1.48,4.48,3.0
24217,3561,R,44.44,48.18,3.74
24218,3561,L,41.97,44.44,2.47
24219,3561,S,34.08,41.97,7.89
24220,3561,M,20.1,34.08,13.98
24221,3561,C,19.68,20.1,0.41
24222,3561,A,4.5,19.68,15.18
24223,3561,K,1.5,4.5,3.0
24224,3562,R,44.45,48.19,3.74
24225,3562,L,41.97,44.45,2.47
24226,3562,S,34.11,41.97,7.87
24227,3562,M,20.13,34.11,13.98
24228,3562,C,19.72,20.13,0.41
24229,3562,A,4.52,19.72,15.2
24230,3562,K,1.52,4.52,3.0
24231,3563,R,44.46,48.2,3.74
24232,3563,L,41.98,44.46,2.48
24233,3563,S,34.14,41.98,7.84
24234,3563,M,20.17,34.14,13.97
24235,3563,C,19.75,20.17,0.42
24236,3563,A,4.55,19.75,15.21
24237,3563,K,1.55,4.55,3.0
24238,3564,R,44.47,48.21,3.75
24239,3564,L,41.98,44.47,2.49
24240,3564,S,34.17,41.98,7.81
24241,3564,M,20.21,34.17,13.97
24242,3564,C,19.79,20.21,0.42
24243,3564,A,4.57,19.79,15.22
24244,3564,K,1.57,4.57,3.0
24245,3565,R,44.48,48.22,3.75
24246,3565,L,41.98,44.48,2.5
24247,3565,S,34.2,41.98,7.78
24248,3565,M,20.24,34.2,13.96
24249,3565,C,19.83,20.24,0.41
24250,3565,A,4.6,19.83,15.23
24251,3565,K,1.6,4.6,3.0
24252,3566,R,44.49,48.24,3.75
24253,3566,L,41.98,44.49,2.5
24254,3566,S,34.24,41.98,7.75
24255,3566,M,20.28,34.24,13.95
24256,3566,C,19.87,20.28,0.41
24257,3566,A,4.63,19.87,15.24
24258,3566,K,1.63,4.63,3.0
24259,3567,R,44.5,48.25,3.75
24260,3567,L,41.99,44.5,2.51
24261,3567,S,34.27,41.99,7.72
24262,3567,M,20.32,34.27,13.95
24263,3567,C,19.91,20.32,0.41
24264,3567,A,4.66,19.91,15.24
24265,3567,K,1.66,4.66,3.0
24266,3568,R,44.5,48.26,3.75
24267,3568,L,41.99,44.5,2.52
24268,3568,S,34.3,41.99,7.69
24269,3568,M,20.36,34.3,13.94
24270,3568,C,19.95,20.36,0.41
24271,3568,A,4.7,19.95,15.25
24272,3568,K,1.7,4.7,3.0
24273,3569,R,44.51,48.27,3.75
24274,3569,L,41.99,44.51,2.52
24275,3569,S,34.33,41.99,7.66
24276,3569,M,20.4,34.33,13.93
24277,3569,C,19.99,20.4,0.41
24278,3569,A,4.73,19.99,15.26
24279,3569,K,1.73,4.73,3.0
24280,3570,R,44.52,48.28,3.76
24281,3570,L,42.0,44.52,2.53
24282,3570,S,34.37,42.0,7.63
24283,3570,M,20.44,34.37,13.92
24284,3570,C,20.04,20.44,0.41
24285,3570,A,4.77,20.04,15.27
24286,3570,K,1.77,4.77,3.0
24287,3571,R,44.53,48.29,3.76
24288,3571,L,42.0,44.53,2.53
24289,3571,S,34.4,42.0,7.6
24290,3571,M,20.49,34.4,13.92
24291,3571,C,20.08,20.49,0.41
24292,3571,A,4.81,20.08,15.27
24293,3571,K,1.81,4.81,3.0
24294,3572,R,44.54,48.3,3.76
24295,3572,L,42.0,44.54,2.54
24296,3572,S,34.44,42.0,7.57
24297,3572,M,20.53,34.44,13.91
24298,3572,C,20.13,20.53,0.4
24299,3572,A,4.85,20.13,15.28
24300,3572,K,1.85,4.85,3.0
24301,3573,R,44.55,48.31,3.76
24302,3573,L,42.01,44.55,2.55
24303,3573,S,34.47,42.01,7.54
24304,3573,M,20.57,34.47,13.9
24305,3573,C,20.17,20.57,0.4
24306,3573,A,4.89,20.17,15.29
24307,3573,K,1.89,4.89,3.0
24308,3574,R,44.56,48.32,3.76
24309,3574,L,42.01,44.56,2.55
24310,3574,S,34.51,42.01,7.51
24311,3574,M,20.62,34.51,13.89
24312,3574,C,20.22,20.62,0.39
24313,3574,A,4.93,20.22,15.29
24314,3574,K,1.93,4.93,3.0
24315,3575,R,44.57,48.33,3.76
24316,3575,L,42.02,44.57,2.56
24317,3575,S,34.54,42.02,7.48
24318,3575,M,20.66,34.54,13.88
24319,3575,C,20.27,20.66,0.39
24320,3575,A,4.98,20.27,15.29
24321,3575,K,1.98,4.98,3.0
24322,3576,R,44.58,48.34,3.76
24323,3576,L,42.02,44.58,2.56
24324,3576,S,34.58,42.02,7.44
24325,3576,M,20.71,34.58,13.87
24326,3576,C,20.32,20.71,0.39
24327,3576,A,5.02,20.32,15.3
24328,3576,K,2.02,5.02,3.0
24329,3577,R,44.59,48.35,3.76
24330,3577,L,42.03,44.59,2.57
24331,3577,S,34.61,42.03,7.41
24332,3577,M,20.75,34.61,13.86
24333,3577,C,20.37,20.75,0.38
24334,3577,A,5.07,20.37,15.3
24335,3577,K,2.07,5.07,3.0
24336,3578,R,44.6,48.36,3.76
24337,3578,L,42.03,44.6,2.57
24338,3578,S,34.65,42.03,7.38
24339,3578,M,20.8,34.65,13.85
24340,3578,C,20.43,20.8,0.38
24341,3578,A,5.12,20.43,15.3
24342,3578,K,2.12,5.12,3.0
24343,3579,R,44.61,48.37,3.76
24344,3579,L,42.04,44.61,2.58
24345,3579,S,34.69,42.04,7.35
24346,3579,M,20.85,34.69,13.84
24347,3579,C,20.48,20.85,0.37
24348,3579,A,5.17,20.48,15.31
24349,3579,K,2.17,5.17,3.0
24350,3580,R,44.62,48.38,3.76
24351,3580,L,42.04,44.62,2.58
24352,3580,S,34.72,42.04,7.32
24353,3580,M,20.9,34.72,13.83
24354,3580,C,20.53,20.9,0.36
24355,3580,A,5.22,20.53,15.31
24356,3580,K,2.22,5.22,3.0
24357,3581,R,44.63,48.39,3.76
24358,3581,L,42.05,44.63,2.59
24359,3581,S,34.76,42.05,7.29
24360,3581,M,20.94,34.76,13.82
24361,3581,C,20.59,20.94,0.36
24362,3581,A,5.28,20.59,15.31
24363,3581,K,2.28,5.28,3.0
24364,3582,R,44.64,48.4,3.76
24365,3582,L,42.05,44.64,2.59
24366,3582,S,34.8,42.05,7.26
24367,3582,M,20.99,34.8,13.8
24368,3582,C,20.64,20.99,0.35
24369,3582,A,5.33,20.64,15.31
24370,3582,K,2.33,5.33,3.0
24371,3583,R,44.65,48.41,3.76
24372,3583,L,42.06,44.65,2.6
24373,3583,S,34.83,42.06,7.22
24374,3583,M,21.04,34.83,13.79
24375,3583,C,20.7,21.04,0.34
24376,3583,A,5.39,20.7,15.31
24377,3583,K,2.39,5.39,3.0
24378,3584,R,44.66,48.42,3.76
24379,3584,L,42.06,44.66,2.6
24380,3584,S,34.87,42.06,7.19
24381,3584,M,21.09,34.87,13.78
24382,3584,C,20.76,21.09,0.33
24383,3584,A,5.45,20.76,15.31
24384,3584,K,2.45,5.45,3.0
24385,3585,R,44.67,48.43,3.75
24386,3585,L,42.07,44.67,2.6
24387,3585,S,34.91,42.07,7.16
24388,3585,M,21.14,34.91,13.77
24389,3585,C,20.82,21.14,0.33
24390,3585,A,5.51,20.82,15.31
24391,3585,K,2.51,5.51,3.0
24392,3586,R,44.68,48.44,3.75
24393,3586,L,42.07,44.68,2.61
24394,3586,S,34.94,42.07,7.13
24395,3586,M,21.19,34.94,13.75
24396,3586,C,20.87,21.19,0.32
24397,3586,A,5.57,20.87,15.31
24398,3586,K,2.57,5.57,3.0
24399,3587,R,44.69,48.44,3.75
24400,3587,L,42.08,44.69,2.61
24401,3587,S,34.98,42.08,7.1
24402,3587,M,21.24,34.98,13.74
24403,3587,C,20.93,21.24,0.31
24404,3587,A,5.63,20.93,15.3
24405,3587,K,2.63,5.63,3.0
24406,3588,R,44.7,48.45,3.75
24407,3588,L,42.09,44.7,2.62
24408,3588,S,35.02,42.09,7.07
24409,3588,M,21.29,35.02,13.73
24410,3588,C,20.99,21.29,0.3
24411,3588,A,5.69,20.99,15.3
24412,3588,K,2.69,5.69,3.0
24413,3589,R,44.71,48.46,3.75
24414,3589,L,42.09,44.71,2.62
24415,3589,S,35.06,42.09,7.03
24416,3589,M,21.34,35.06,13.71
24417,3589,C,21.06,21.34,0.29
24418,3589,A,5.76,21.06,15.3
24419,3589,K,2.76,5.76,3.0
24420,3590,R,44.72,48.47,3.75
24421,3590,L,42.1,44.72,2.62
24422,3590,S,35.09,42.1,7.0
24423,3590,M,21.4,35.09,13.7
24424,3590,C,21.12,21.4,0.28
24425,3590,A,5.82,21.12,15.29
24426,3590,K,2.82,5.82,3.0
24427,3591,R,44.73,48.47,3.74
24428,3591,L,42.1,44.73,2.63
24429,3591,S,35.13,42.1,6.97
24430,3591,M,21.45,35.13,13.68
24431,3591,C,21.18,21.45,0.27
24432,3591,A,5.89,21.18,15.29
24433,3591,K,2.89,5.89,3.0
24434,3592,R,44.74,48.48,3.74
24435,3592,L,42.11,44.74,2.63
24436,3592,S,35.17,42.11,6.94
24437,3592,M,21.5,35.17,13.67
24438,3592,C,21.24,21.5,0.26
24439,3592,A,5.96,21.24,15.28
24440,3592,K,2.96,5.96,3.0
24441,3593,R,44.75,48.49,3.74
24442,3593,L,42.11,44.75,2.63
24443,3593,S,35.21,42.11,6.91
24444,3593,M,21.55,35.21,13.66
24445,3593,C,21.31,21.55,0.25
24446,3593,A,6.03,21.31,15.28
24447,3593,K,3.03,6.03,3.0
24448,3594,R,44.76,48.49,3.74
24449,3594,L,42.12,44.76,2.64
24450,3594,S,35.24,42.12,6.87
24451,3594,M,21.6,35.24,13.64
24452,3594,C,21.37,21.6,0.23
24453,3594,A,6.1,21.37,15.27
24454,3594,K,3.1,6.1,3.0
24455,3595,R,44.77,48.5,3.73
24456,3595,L,42.12,44.77,2.64
24457,3595,S,35.28,42.12,6.84
24458,3595,M,21.66,35.28,13.63
24459,3595,C,21.43,21.66,0.22
24460,3595,A,6.17,21.43,15.26
24461,3595,K,3.17,6.17,3.0
24462,3596,R,44.77,48.5,3.73
24463,3596,L,42.13,44.77,2.64
24464,3596,S,35.32,42.13,6.81
24465,3596,M,21.71,35.32,13.61
24466,3596,C,21.5,21.71,0.21
24467,3596,A,6.24,21.5,15.26
24468,3596,K,3.24,6.24,3.0
24469,3597,R,44.78,48.51,3.73
24470,3597,L,42.13,44.78,2.65
24471,3597,S,35.36,42.13,6.78
24472,3597,M,21.76,35.36,13.6
24473,3597,C,21.56,21.76,0.2
24474,3597,A,6.32,21.56,15.25
24475,3597,K,3.32,6.32,3.0
24476,3598,R,44.79,48.52,3.72
24477,3598,L,42.14,44.79,2.65
24478,3598,S,35.39,42.14,6.75
24479,3598,M,21.81,35.39,13.58
24480,3598,C,21.63,21.81,0.18
24481,3598,A,6.39,21.63,15.24
24482,3598,K,3.39,6.39,3.0
24483,3599,R,44.8,48.52,3.72
24484,3599,L,42.15,44.8,2.65
24485,3599,S,35.43,42.15,6.71
24486,3599,M,21.87,35.43,13.56
24487,3599,C,21.7,21.87,0.17
24488,3599,A,6.46,21.7,15.23
24489,3599,K,3.46,6.46,3.0
24490,3600,R,44.81,48.52,3.72
24491,3600,L,42.15,44.81,2.66
24492,3600,S,35.47,42.15,6.68
24493,3600,M,21.92,35.47,13.55
24494,3600,C,21.76,21.92,0.16
24495,3600,A,6.54,21.76,15.22
24496,3600,K,3.54,6.54,3.0
24497,3601,R,44.81,48.53,3.71
24498,3601,L,42.16,44.81,2.66
24499,3601,S,35.5,42.16,6.65
24500,3601,M,21.97,35.5,13.53
24501,3601,C,21.83,21.97,0.14
24502,3601,A,6.62,21.83,15.21
24503,3601,K,3.62,6.62,3.0
24504,3602,R,44.82,48.53,3.71
24505,3602,L,42.16,44.82,2.66
24506,3602,S,35.54,42.16,6.62
24507,3602,M,22.02,35.54,13.52
24508,3602,C,21.9,22.02,0.13
24509,3602,A,6.7,21.9,15.2
24510,3602,K,3.7,6.7,3.0
24511,3603,R,44.83,48.54,3.71
24512,3603,L,42.16,44.83,2.67
24513,3603,S,35.58,42.16,6.59
24514,3603,M,22.08,35.58,13.5
24515,3603,C,21.96,22.08,0.11
24516,3603,A,6.77,21.96,15.19
24517,3603,K,3.77,6.77,3.0
24518,3604,R,44.84,48.54,3.7
24519,3604,L,42.17,44.84,2.67
24520,3604,S,35.61,42.17,6.56
24521,3604,M,22.13,35.61,13.49
24522,3604,A,6.85,22.03,15.18
24523,3604,K,3.85,6.85,3.0
24524,3605,R,44.84,48.54,3.7
24525,3605,L,42.17,44.84,2.67
24526,3605,S,35.65,42.17,6.52
24527,3605,M,22.18,35.65,13.47
24528,3605,A,6.93,22.1,15.17
24529,3605,K,3.93,6.93,3.0
24530,3606,R,44.85,48.55,3.69
24531,3606,L,42.18,44.85,2.67
24532,3606,S,35.69,42.18,6.49
24533,3606,M,22.23,35.69,13.45
24534,3606,A,7.01,22.17,15.15
24535,3606,K,4.01,7.01,3.0
24536,3607,R,44.86,48.55,3.69
24537,3607,L,42.18,44.86,2.68
24538,3607,S,35.72,42.18,6.46
24539,3607,M,22.28,35.72,13.44
24540,3607,A,7.09,22.23,15.14
24541,3607,K,4.09,7.09,3.0
24542,3608,R,44.86,48.55,3.68
24543,3608,L,42.19,44.86,2.68
24544,3608,S,35.76,42.19,6.43
24545,3608,M,22.34,35.76,13.42
24546,3608,A,7.18,22.3,15.13
24547,3608,K,4.18,7.18,3.0
24548,3609,R,44.87,48.55,3.68
24549,3609,L,42.19,44.87,2.68
24550,3609,S,35.79,42.19,6.4
24551,3609,M,22.39,35.79,13.4
24552,3609,A,7.26,22.37,15.11
24553,3609,K,4.26,7.26,3.0
24554,3610,R,44.88,48.55,3.68
24555,3610,L,42.19,44.88,2.68
24556,3610,S,35.83,42.19,6.37
24557,3610,M,22.44,35.83,13.39
24558,3610,A,7.34,22.44,15.1
24559,3610,K,4.34,7.34,3.0
24560,3611,R,44.88,48.55,3.67
24561,3611,L,42.2,44.88,2.69
24562,3611,S,35.86,42.2,6.34
24563,3611,M,22.49,35.86,13.37
24564,3611,A,7.41,22.49,15.08
24565,3611,K,4.41,7.41,3.0
24566,3612,R,44.89,48.55,3.67
24567,3612,L,42.2,44.89,2.69
24568,3612,S,35.89,42.2,6.3
24569,3612,M,22.54,35.89,13.35
24570,3612,A,7.47,22.54,15.07
24571,3612,K,4.47,7.47,3.0
24572,3613,R,44.89,48.55,3.66
24573,3613,L,42.2,44.89,2.69
24574,3613,S,35.93,42.2,6.27
24575,3613,M,22.59,35.93,13.34
24576,3613,A,7.54,22.59,15.05
24577,3613,K,4.54,7.54,3.0
24578,3614,R,44.9,48.55,3.65
24579,3614,L,42.2,44.9,2.7
24580,3614,S,35.96,42.2,6.24
24581,3614,M,22.64,35.96,13.32
24582,3614,A,7.61,22.64,15.03
24583,3614,K,4.61,7.61,3.0
24584,3615,R,44.9,48.55,3.65
24585,3615,L,42.21,44.9,2.7
24586,3615,S,35.99,42.21,6.21
24587,3615,M,22.69,35.99,13.3
24588,3615,A,7.67,22.69,15.02
24589,3615,K,4.67,7.67,3.0
24590,3616,R,44.91,48.55,3.64
24591,3616,L,42.21,44.91,2.7
24592,3616,S,36.03,42.21,6.18
24593,3616,M,22.74,36.03,13.29
24594,3616,A,7.74,22.74,15.0
24595,3616,K,4.74,7.74,3.0
24596,3617,R,44.91,48.55,3.64
24597,3617,L,42.21,44.91,2.7
24598,3617,S,36.06,42.21,6.15
24599,3617,M,22.79,36.06,13.27
24600,3617,A,7.81,22.79,14.98
24601,3617,K,4.81,7.81,3.0
24602,3618,R,44.92,48.55,3.63
24603,3618,L,42.21,44.92,2.71
24604,3618,S,36.09,42.21,6.12
24605,3618,M,22.84,36.09,13.25
24606,3618,A,7.87,22.84,14.96
24607,3618,K,4.87,7.87,3.0
24608,3619,R,44.92,48.55,3.63
24609,3619,L,42.21,44.92,2.71
24610,3619,S,36.12,42.21,6.09
24611,3619,M,22.88,36.12,13.24
24612,3619,A,7.94,22.88,14.94
24613,3619,K,4.94,7.94,3.0
24614,3620,R,44.93,48.54,3.62
24615,3620,L,42.21,44.93,2.71
24616,3620,S,36.15,42.21,6.06
24617,3620,M,22.93,36.15,13.22
24618,3620,A,8.0,22.93,14.93
24619,3620,K,5.0,8.0,3.0
24620,3621,R,44.93,48.54,3.61
24621,3621,L,42.21,44.93,2.71
24622,3621,S,36.18,42.21,6.03
24623,3621,M,22.98,36.18,13.2
24624,3621,A,8.07,22.98,14.91
24625,3621,K,5.07,8.07,3.0
24626,3622,R,44.93,48.54,3.61
24627,3622,L,42.21,44.93,2.72
24628,3622,S,36.21,42.21,6.0
24629,3622,M,23.02,36.21,13.19
24630,3622,A,8.14,23.02,14.89
24631,3622,K,5.14,8.14,3.0
24632,3623,R,44.93,48.54,3.6
24633,3623,L,42.21,44.93,2.72
24634,3623,S,36.24,42.21,5.97
24635,3623,M,23.07,36.24,13.17
24636,3623,A,8.2,23.07,14.87
24637,3623,K,5.2,8.2,3.0
24638,3624,R,44.94,48.53,3.59
24639,3624,L,42.21,44.94,2.72
24640,3624,S,36.27,42.21,5.95
24641,3624,M,23.11,36.27,13.16
24642,3624,A,8.27,23.11,14.84
24643,3624,K,5.27,8.27,3.0
24644,3625,R,44.94,48.53,3.59
24645,3625,L,42.21,44.94,2.73
24646,3625,S,36.3,42.21,5.92
24647,3625,M,23.16,36.3,13.14
24648,3625,A,8.33,23.16,14.82
24649,3625,K,5.33,8.33,3.0
24650,3626,R,44.94,48.52,3.58
24651,3626,L,42.21,44.94,2.73
24652,3626,S,36.33,42.21,5.89
24653,3626,M,23.2,36.33,13.12
24654,3626,A,8.4,23.2,14.8
24655,3626,K,5.4,8.4,3.0
24656,3627,R,44.94,48.52,3.57
24657,3627,L,42.21,44.94,2.73
24658,3627,S,36.35,42.21,5.86
24659,3627,M,23.24,36.35,13.11
24660,3627,A,8.47,23.24,14.78
24661,3627,K,5.47,8.47,3.0
24662,3628,R,44.95,48.51,3.57
24663,3628,L,42.21,44.95,2.74
24664,3628,S,36.38,42.21,5.83
24665,3628,M,23.29,36.38,13.09
24666,3628,A,8.53,23.29,14.76
24667,3628,K,5.53,8.53,3.0
24668,3629,R,44.95,48.51,3.56
24669,3629,L,42.21,44.95,2.74
24670,3629,S,36.41,42.21,5.8
24671,3629,M,23.33,36.41,13.08
24672,3629,A,8.59,23.33,14.73
24673,3629,K,5.59,8.59,3.0
24674,3630,R,44.95,48.5,3.55
24675,3630,L,42.21,44.95,2.74
24676,3630,S,36.43,42.21,5.78
24677,3630,M,23.37,36.43,13.06
24678,3630,A,8.66,23.37,14.71
24679,3630,K,5.66,8.66,3.0
24680,3631,R,44.95,48.49,3.55
24681,3631,L,42.2,44.95,2.75
24682,3631,S,36.46,42.2,5.75
24683,3631,M,23.41,36.46,13.04
24684,3631,A,8.72,23.41,14.69
24685,3631,K,5.72,8.72,3.0
24686,3632,R,44.95,48.49,3.54
24687,3632,L,42.2,44.95,2.75
24688,3632,S,36.48,42.2,5.72
24689,3632,M,23.45,36.48,13.03
24690,3632,A,8.79,23.45,14.66
24691,3632,K,5.79,8.79,3.0
24692,3633,R,44.95,48.48,3.53
24693,3633,L,42.2,44.95,2.75
24694,3633,S,36.5,42.2,5.69
24695,3633,M,23.49,36.5,13.01
24696,3633,A,8.85,23.49,14.64
24697,3633,K,5.85,8.85,3.0
24698,3634,R,44.95,48.47,3.52
24699,3634,L,42.19,44.95,2.76
24700,3634,S,36.53,42.19,5.67
24701,3634,M,23.53,36.53,13.0
24702,3634,A,8.91,23.53,14.62
24703,3634,K,5.91,8.91,3.0
24704,3635,R,44.95,48.47,3.52
24705,3635,L,42.19,44.95,2.76
24706,3635,S,36.55,42.19,5.64
24707,3635,M,23.56,36.55,12.98
24708,3635,A,8.97,23.56,14.59
24709,3635,K,5.97,8.97,3.0
24710,3636,R,44.95,48.46,3.51
24711,3636,L,42.18,44.95,2.76
24712,3636,S,36.57,42.18,5.61
24713,3636,M,23.6,36.57,12.97
24714,3636,A,9.04,23.6,14.57
24715,3636,K,6.04,9.04,3.0
24716,3637,R,44.95,48.45,3.5
24717,3637,L,42.18,44.95,2.77
24718,3637,S,36.59,42.18,5.59
24719,3637,M,23.64,36.59,12.96
24720,3637,A,9.1,23.64,14.54
24721,3637,K,6.1,9.1,3.0
24722,3638,R,44.95,48.44,3.49
24723,3638,L,42.17,44.95,2.77
24724,3638,S,36.61,42.17,5.56
24725,3638,M,23.67,36.61,12.94
24726,3638,A,9.16,23.67,14.51
24727,3638,K,6.16,9.16,3.0
24728,3639,R,44.94,48.43,3.49
24729,3639,L,42.17,44.94,2.78
24730,3639,S,36.63,42.17,5.54
24731,3639,M,23.71,36.63,12.93
24732,3639,A,9.22,23.71,14.49
24733,3639,K,6.22,9.22,3.0
24734,3640,R,44.94,48.42,3.48
24735,3640,L,42.16,44.94,2.78
24736,3640,S,36.65,42.16,5.51
24737,3640,M,23.74,36.65,12.91
24738,3640,A,9.28,23.74,14.46
24739,3640,K,6.28,9.28,3.0
24740,3641,R,44.94,48.41,3.47
24741,3641,L,42.16,44.94,2.78
24742,3641,S,36.67,42.16,5.49
24743,3641,M,23.77,36.67,12.9
24744,3641,A,9.34,23.77,14.44
24745,3641,K,6.34,9.34,3.0
24746,3642,R,44.94,48.4,3.46
24747,3642,L,42.15,44.94,2.79
24748,3642,S,36.69,42.15,5.46
24749,3642,M,23.8,36.69,12.89
24750,3642,A,9.39,23.8,14.41
24751,3642,K,6.39,9.39,3.0
24752,3643,R,44.94,48.39,3.46
24753,3643,L,42.14,44.94,2.79
24754,3643,S,36.7,42.14,5.44
24755,3643,M,23.83,36.7,12.87
24756,3643,A,9.45,23.83,14.38
24757,3643,K,6.45,9.45,3.0
24758,3644,R,44.93,48.38,3.45
24759,3644,L,42.13,44.93,2.8
24760,3644,S,36.72,42.13,5.41
24761,3644,M,23.86,36.72,12.86
24762,3644,A,9.51,23.86,14.35
24763,3644,K,6.51,9.51,3.0
24764,3645,R,44.93,48.37,3.44
24765,3645,L,42.13,44.93,2.8
24766,3645,S,36.74,42.13,5.39
24767,3645,M,23.89,36.74,12.85
24768,3645,A,9.56,23.89,14.33
24769,3645,K,6.56,9.56,3.0
24770,3646,R,44.93,48.36,3.43
24771,3646,L,42.12,44.93,2.81
24772,3646,S,36.75,42.12,5.37
24773,3646,M,23.92,36.75,12.83
24774,3646,A,9.62,23.92,14.3
24775,3646,K,6.62,9.62,3.0
24776,3647,R,44.92,48.35,3.42
24777,3647,L,42.11,44.92,2.81
24778,3647,S,36.77,42.11,5.34
24779,3647,M,23.94,36.77,12.82
24780,3647,A,9.67,23.94,14.27
24781,3647,K,6.67,9.67,3.0
24782,3648,R,44.92,48.33,3.42
24783,3648,L,42.1,44.92,2.82
24784,3648,S,36.78,42.1,5.32
24785,3648,M,23.97,36.78,12.81
24786,3648,A,9.73,23.97,14.24
24787,3648,K,6.73,9.73,3.0
24788,3649,R,44.91,48.32,3.41
24789,3649,L,42.09,44.91,2.82
24790,3649,S,36.79,42.09,5.3
24791,3649,M,23.99,36.79,12.8
24792,3649,A,9.78,23.99,14.21
24793,3649,K,6.78,9.78,3.0
24794,3650,R,44.91,48.31,3.4
24795,3650,L,42.08,44.91,2.83
24796,3650,S,36.8,42.08,5.28
24797,3650,M,24.02,36.8,12.79
24798,3650,A,9.83,24.02,14.19
24799,3650,K,6.83,9.83,3.0
24800,3651,R,44.91,48.3,3.39
24801,3651,L,42.07,44.91,2.84
24802,3651,S,36.82,42.07,5.25
24803,3651,M,24.04,36.82,12.78
24804,3651,A,9.88,24.04,14.16
24805,3651,K,6.88,9.88,3.0
24806,3652,R,44.9,48.28,3.38
24807,3652,L,42.06,44.9,2.84
24808,3652,S,36.83,42.06,5.23
24809,3652,M,24.06,36.83,12.76
24810,3652,A,9.93,24.06,14.13
24811,3652,K,6.93,9.93,3.0
24812,3653,R,44.89,48.27,3.38
24813,3653,L,42.05,44.89,2.85
24814,3653,S,36.84,42.05,5.21
24815,3653,M,24.08,36.84,12.75
24816,3653,A,9.98,24.08,14.1
24817,3653,K,6.98,9.98,3.0
24818,3654,R,44.89,48.26,3.37
24819,3654,L,42.03,44.89,2.85
24820,3654,S,36.84,42.03,5.19
24821,3654,M,24.1,36.84,12.74
24822,3654,A,10.03,24.1,14.07
24823,3654,K,7.03,10.03,3.0
24824,3655,R,44.88,48.24,3.36
24825,3655,L,42.02,44.88,2.86
24826,3655,S,36.85,42.02,5.17
24827,3655,M,24.12,36.85,12.73
24828,3655,A,10.08,24.12,14.04
24829,3655,K,7.08,10.08,3.0
24830,3656,R,44.88,48.23,3.35
24831,3656,L,42.01,44.88,2.87
24832,3656,S,36.86,42.01,5.15
24833,3656,M,24.14,36.86,12.72
24834,3656,A,10.12,24.14,14.01
24835,3656,K,7.12,10.12,3.0
24836,3657,R,44.87,48.21,3.34
24837,3657,L,42.0,44.87,2.87
24838,3657,S,36.87,42.0,5.13
24839,3657,M,24.15,36.87,12.71
24840,3657,A,10.17,24.15,13.98
24841,3657,K,7.17,10.17,3.0
24842,3658,R,44.86,48.2,3.34
24843,3658,L,41.98,44.86,2.88
24844,3658,S,36.87,41.98,5.11
24845,3658,M,24.17,36.87,12.7
24846,3658,A,10.21,24.17,13.95
24847,3658,K,7.21,10.21,3.0
24848,3659,R,44.86,48.18,3.33
24849,3659,L,41.97,44.86,2.89
24850,3659,S,36.88,41.97,5.09
24851,3659,M,24.18,36.88,12.7
24852,3659,A,10.26,24.18,13.92
24853,3659,K,7.26,10.26,3.0
24854,3660,R,44.85,48.17,3.32
24855,3660,L,41.95,44.85,2.9
24856,3660,S,36.88,41.95,5.07
24857,3660,M,24.19,36.88,12.69
24858,3660,A,10.3,24.19,13.89
24859,3660,K,7.3,10.3,3.0
24860,3661,R,44.84,48.15,3.31
24861,3661,L,41.94,44.84,2.9
24862,3661,S,36.88,41.94,5.05
24863,3661,M,24.21,36.88,12.68
24864,3661,A,10.34,24.21,13.86
24865,3661,K,7.34,10.34,3.0
24866,3662,R,44.84,48.14,3.3
24867,3662,L,41.92,44.84,2.91
24868,3662,S,36.89,41.92,5.04
24869,3662,M,24.22,36.89,12.67
24870,3662,A,10.38,24.22,13.83
24871,3662,K,7.32,10.38,3.06
24872,3663,R,44.83,48.12,3.3
24873,3663,L,41.91,44.83,2.92
24874,3663,S,36.89,41.91,5.02
24875,3663,M,24.23,36.89,12.66
24876,3663,A,10.42,24.23,13.8
24877,3663,K,7.3,10.42,3.12
24878,3664,R,44.82,48.11,3.29
24879,3664,L,41.89,44.82,2.93
24880,3664,S,36.89,41.89,5.0
24881,3664,M,24.23,36.89,12.66
24882,3664,A,10.46,24.23,13.77
24883,3664,K,7.28,10.46,3.18
24884,3665,R,44.81,48.09,3.28
24885,3665,L,41.87,44.81,2.94
24886,3665,S,36.89,41.87,4.98
24887,3665,M,24.24,36.89,12.65
24888,3665,A,10.5,24.24,13.74
24889,3665,K,7.26,10.5,3.24
24890,3666,R,44.8,48.07,3.27
24891,3666,L,41.86,44.8,2.94
24892,3666,S,36.89,41.86,4.97
24893,3666,M,24.25,36.89,12.64
24894,3666,A,10.53,24.25,13.71
24895,3666,K,7.23,10.53,3.3
24896,3667,R,44.79,48.06,3.26
24897,3667,L,41.84,44.79,2.95
24898,3667,S,36.89,41.84,4.95
24899,3667,M,24.25,36.89,12.64
24900,3667,A,10.57,24.25,13.68
24901,3667,K,7.21,10.57,3.36
24902,3668,R,44.78,48.04,3.26
24903,3668,L,41.82,44.78,2.96
24904,3668,S,36.89,41.82,4.94
24905,3668,M,24.26,36.89,12.63
24906,3668,A,10.6,24.26,13.65
24907,3668,K,7.19,10.6,3.41
24908,3669,R,44.78,48.02,3.25
24909,3669,L,41.8,44.78,2.97
24910,3669,S,36.88,41.8,4.92
24911,3669,M,24.26,36.88,12.62
24912,3669,A,10.63,24.26,13.62
24913,3669,K,7.17,10.63,3.47
24914,3670,R,44.77,48.01,3.24
24915,3670,L,41.79,44.77,2.98
24916,3670,S,36.88,41.79,4.91
24917,3670,M,24.26,36.88,12.62
24918,3670,A,10.67,24.26,13.59
24919,3670,K,7.14,10.67,3.52
24920,3671,R,44.76,47.99,3.23
24921,3671,L,41.77,44.76,2.99
24922,3671,S,36.87,41.77,4.89
24923,3671,M,24.26,36.87,12.61
24924,3671,A,10.7,24.26,13.56
24925,3671,K,7.12,10.7,3.58
24926,3672,R,44.75,47.97,3.23
24927,3672,L,41.75,44.75,3.0
24928,3672,S,36.87,41.75,4.88
24929,3672,M,24.26,36.87,12.61
24930,3672,A,10.73,24.26,13.53
24931,3672,K,7.1,10.73,3.63
24932,3673,R,44.74,47.96,3.22
24933,3673,L,41.73,44.74,3.01
24934,3673,S,36.86,41.73,4.86
24935,3673,M,24.26,36.86,12.61
24936,3673,A,10.75,24.26,13.5
24937,3673,K,7.08,10.75,3.68
24938,3674,R,44.73,47.94,3.21
24939,3674,L,41.71,44.73,3.02
24940,3674,S,36.86,41.71,4.85
24941,3674,M,24.26,36.86,12.6
24942,3674,A,10.78,24.26,13.47
24943,3674,K,7.05,10.78,3.73
24944,3675,R,44.72,47.92,3.2
24945,3675,L,41.69,44.72,3.03
24946,3675,S,36.85,41.69,4.84
24947,3675,M,24.25,36.85,12.6
24948,3675,A,10.81,24.25,13.44
24949,3675,K,7.03,10.81,3.78
24950,3676,R,44.71,47.9,3.2
24951,3676,L,41.66,44.71,3.04
24952,3676,S,36.84,41.66,4.82
24953,3676,M,24.25,36.84,12.59
24954,3676,A,10.83,24.25,13.41
24955,3676,K,7.01,10.83,3.83
24956,3677,R,44.7,47.89,3.19
24957,3677,L,41.64,44.7,3.05
24958,3677,S,36.83,41.64,4.81
24959,3677,M,24.24,36.83,12.59
24960,3677,A,10.86,24.24,13.38
24961,3677,K,6.98,10.86,3.87
24962,3678,R,44.68,47.87,3.18
24963,3678,L,41.62,44.68,3.06
24964,3678,S,36.82,41.62,4.8
24965,3678,M,24.23,36.82,12.59
24966,3678,A,10.88,24.23,13.36
24967,3678,K,6.96,10.88,3.92
24968,3679,R,44.67,47.85,3.18
24969,3679,L,41.6,44.67,3.08
24970,3679,S,36.81,41.6,4.79
24971,3679,M,24.22,36.81,12.59
24972,3679,A,10.9,24.22,13.33
24973,3679,K,6.94,10.9,3.96
24974,3680,R,44.66,47.83,3.17
24975,3680,L,41.58,44.66,3.09
24976,3680,S,36.8,41.58,4.78
24977,3680,M,24.21,36.8,12.59
24978,3680,A,10.92,24.21,13.3
24979,3680,K,6.92,10.92,4.0
24980,3681,R,44.65,47.81,3.16
24981,3681,L,41.55,44.65,3.1
24982,3681,S,36.79,41.55,4.77
24983,3681,M,24.2,36.79,12.58
24984,3681,A,10.94,24.2,13.27
24985,3681,K,6.89,10.94,4.04
24986,3682,R,44.64,47.8,3.16
24987,3682,L,41.53,44.64,3.11
24988,3682,S,36.77,41.53,4.75
24989,3682,M,24.19,36.77,12.58
24990,3682,A,10.95,24.19,13.24
24991,3682,K,6.87,10.95,4.08
24992,3683,R,44.63,47.78,3.15
24993,3683,L,41.5,44.63,3.12
24994,3683,S,36.76,41.5,4.74
24995,3683,M,24.18,36.76,12.58
24996,3683,A,10.97,24.18,13.21
24997,3683,K,6.85,10.97,4.12
24998,3684,R,44.62,47.76,3.14
24999,3684,L,41.48,44.62,3.14
25000,3684,S,36.75,41.48,4.73
25001,3684,M,24.16,36.75,12.58
25002,3684,A,10.98,24.16,13.18
25003,3684,K,6.83,10.98,4.16
25004,3685,R,44.61,47.74,3.14
25005,3685,L,41.46,44.61,3.15
25006,3685,S,36.73,41.46,4.73
25007,3685,M,24.15,36.73,12.58
25008,3685,A,11.0,24.15,13.15
25009,3685,K,6.8,11.0,4.19
25010,3686,R,44.59,47.72,3.13
25011,3686,L,41.43,44.59,3.16
25012,3686,S,36.71,41.43,4.72
25013,3686,M,24.13,36.71,12.58
25014,3686,A,11.01,24.13,13.12
25015,3686,K,6.78,11.01,4.23
25016,3687,R,44.58,47.71,3.12
25017,3687,L,41.41,44.58,3.18
25018,3687,S,36.7,41.41,4.71
25019,3687,M,24.12,36.7,12.58
25020,3687,A,11.02,24.12,13.09
25021,3687,K,6.76,11.02,4.26
25022,3688,R,44.57,47.69,3.12
25023,3688,L,41.38,44.57,3.19
25024,3688,S,36.68,41.38,4.7
25025,3688,M,24.1,36.68,12.58
25026,3688,A,11.03,24.1,13.07
25027,3688,K,6.74,11.03,4.29
25028,3689,R,44.56,47.67,3.11
25029,3689,L,41.35,44.56,3.2
25030,3689,S,36.66,41.35,4.69
25031,3689,M,24.08,36.66,12.58
25032,3689,A,11.04,24.08,13.04
25033,3689,K,6.72,11.04,4.32
25034,3690,R,44.55,47.65,3.11
25035,3690,L,41.33,44.55,3.22
25036,3690,S,36.64,41.33,4.68
25037,3690,M,24.06,36.64,12.59
25038,3690,A,11.05,24.06,13.01
25039,3690,K,6.7,11.05,4.35
25040,3691,R,44.53,47.63,3.1
25041,3691,L,41.3,44.53,3.23
25042,3691,S,36.62,41.3,4.68
25043,3691,M,24.04,36.62,12.59
25044,3691,A,11.05,24.04,12.98
25045,3691,K,6.68,11.05,4.38
25046,3692,R,44.52,47.62,3.1
25047,3692,L,41.28,44.52,3.25
25048,3692,S,36.6,41.28,4.67
25049,3692,M,24.01,36.6,12.59
25050,3692,A,11.06,24.01,12.95
25051,3692,K,6.66,11.06,4.4
25052,3693,R,44.51,47.6,3.09
25053,3693,L,41.25,44.51,3.26
25054,3693,S,36.58,41.25,4.66
25055,3693,M,23.99,36.58,12.59
25056,3693,A,11.06,23.99,12.93
25057,3693,K,6.64,11.06,4.43
25058,3694,R,44.5,47.58,3.08
25059,3694,L,41.22,44.5,3.27
25060,3694,S,36.56,41.22,4.66
25061,3694,M,23.97,36.56,12.6
25062,3694,A,11.07,23.97,12.9
25063,3694,K,6.62,11.07,4.45
25064,3695,R,44.48,47.56,3.08
25065,3695,L,41.19,44.48,3.29
25066,3695,S,36.54,41.19,4.65
25067,3695,M,23.94,36.54,12.6
25068,3695,A,11.07,23.94,12.87
25069,3695,K,6.6,11.07,4.47
25070,3696,R,44.47,47.55,3.07
25071,3696,L,41.17,44.47,3.31
25072,3696,S,36.52,41.17,4.65
25073,3696,M,23.91,36.52,12.6
25074,3696,A,11.07,23.91,12.85
25075,3696,K,6.58,11.07,4.49
25076,3697,R,44.46,47.53,3.07
25077,3697,L,41.14,44.46,3.32
25078,3697,S,36.49,41.14,4.64
25079,3697,M,23.89,36.49,12.61
25080,3697,A,11.07,23.89,12.82
25081,3697,K,6.56,11.07,4.51
25082,3698,R,44.45,47.51,3.07
25083,3698,L,41.11,44.45,3.34
25084,3698,S,36.47,41.11,4.64
25085,3698,M,23.86,36.47,12.61
25086,3698,A,11.06,23.86,12.79
25087,3698,K,6.54,11.06,4.52
25088,3699,R,44.43,47.49,3.06
25089,3699,L,41.08,44.43,3.35
25090,3699,S,36.45,41.08,4.63
25091,3699,M,23.83,36.45,12.62
25092,3699,A,11.06,23.83,12.77
25093,3699,K,6.52,11.06,4.54
25094,3700,R,44.42,47.48,3.06
25095,3700,L,41.05,44.42,3.37
25096,3700,S,36.42,41.05,4.63
25097,3700,M,23.8,36.42,12.62
25098,3700,A,11.06,23.8,12.74
25099,3700,K,6.5,11.06,4.55
25100,3701,R,44.41,47.46,3.05
25101,3701,L,41.02,44.41,3.39
25102,3701,S,36.39,41.02,4.63
25103,3701,M,23.77,36.39,12.63
25104,3701,A,11.05,23.77,12.72
25105,3701,K,6.49,11.05,4.56
25106,3702,R,44.39,47.44,3.05
25107,3702,L,40.99,44.39,3.4
25108,3702,S,36.37,40.99,4.62
25109,3702,M,23.73,36.37,12.63
25110,3702,A,11.04,23.73,12.69
25111,3702,K,6.47,11.04,4.57
25112,3703,R,44.38,47.43,3.04
25113,3703,L,40.96,44.38,3.42
25114,3703,S,36.34,40.96,4.62
25115,3703,M,23.7,36.34,12.64
25116,3703,A,11.04,23.7,12.67
25117,3703,K,6.45,11.04,4.58
25118,3704,R,44.37,47.41,3.04
25119,3704,L,40.93,44.37,3.44
25120,3704,S,36.31,40.93,4.62
25121,3704,M,23.67,36.31,12.65
25122,3704,A,11.03,23.67,12.64
25123,3704,K,6.44,11.03,4.59
25124,3705,R,44.36,47.39,3.04
25125,3705,L,40.9,44.36,3.45
25126,3705,S,36.29,40.9,4.62
25127,3705,M,23.63,36.29,12.65
25128,3705,A,11.02,23.63,12.62
25129,3705,K,6.42,11.02,4.59
25130,3706,R,44.34,47.38,3.03
25131,3706,L,40.87,44.34,3.47
25132,3706,S,36.26,40.87,4.62
25133,3706,M,23.6,36.26,12.66
25134,3706,A,11.0,23.6,12.59
25135,3706,K,6.41,11.0,4.6
25136,3707,R,44.33,47.36,3.03
25137,3707,L,40.84,44.33,3.49
25138,3707,S,36.23,40.84,4.61
25139,3707,M,23.56,36.23,12.67
25140,3707,A,10.99,23.56,12.57
25141,3707,K,6.39,10.99,4.6
25142,3708,R,44.32,47.35,3.03
25143,3708,L,40.81,44.32,3.51
25144,3708,S,36.2,40.81,4.61
25145,3708,M,23.52,36.2,12.67
25146,3708,A,10.98,23.52,12.55
25147,3708,K,6.38,10.98,4.6
25148,3709,R,44.31,47.33,3.02
25149,3709,L,40.78,44.31,3.53
25150,3709,S,36.17,40.78,4.61
25151,3709,M,23.49,36.17,12.68
25152,3709,A,10.96,23.49,12.52
25153,3709,K,6.36,10.96,4.6
25154,3710,R,44.3,47.32,3.02
25155,3710,L,40.75,44.3,3.55
25156,3710,S,36.14,40.75,4.61
25157,3710,M,23.45,36.14,12.69
25158,3710,A,10.95,23.45,12.5
25159,3710,K,6.35,10.95,4.6
25160,3711,R,44.28,47.3,3.02
25161,3711,L,40.72,44.28,3.56
25162,3711,S,36.11,40.72,4.61
25163,3711,M,23.41,36.11,12.7
25164,3711,A,10.93,23.41,12.48
25165,3711,K,6.34,10.93,4.59
25166,3712,R,44.27,47.29,3.02
25167,3712,L,40.69,44.27,3.58
25168,3712,S,36.08,40.69,4.61
25169,3712,M,23.37,36.08,12.71
25170,3712,A,10.91,23.37,12.46
25171,3712,K,6.33,10.91,4.59
25172,3713,R,44.26,47.27,3.01
25173,3713,L,40.66,44.26,3.6
25174,3713,S,36.04,40.66,4.61
25175,3713,M,23.33,36.04,12.72
25176,3713,A,10.89,23.33,12.43
25177,3713,K,6.31,10.89,4.58
25178,3714,R,44.25,47.26,3.01
25179,3714,L,40.63,44.25,3.62
25180,3714,S,36.01,40.63,4.61
25181,3714,M,23.29,36.01,12.72
25182,3714,A,10.87,23.29,12.41
25183,3714,K,6.3,10.87,4.57
25184,3715,R,44.24,47.25,3.01
25185,3715,L,40.59,44.24,3.64
25186,3715,S,35.98,40.59,4.62
25187,3715,M,23.24,35.98,12.73
25188,3715,A,10.85,23.24,12.39
25189,3715,K,6.29,10.85,4.56
25190,3716,R,44.22,47.23,3.01
25191,3716,L,40.56,44.22,3.66
25192,3716,S,35.95,40.56,4.62
25193,3716,M,23.2,35.95,12.74
25194,3716,A,10.83,23.2,12.37
25195,3716,K,6.28,10.83,4.55
25196,3717,R,44.21,47.22,3.01
25197,3717,L,40.53,44.21,3.68
25198,3717,S,35.91,40.53,4.62
25199,3717,M,23.16,35.91,12.75
25200,3717,A,10.81,23.16,12.35
25201,3717,K,6.27,10.81,4.53
25202,3718,R,44.2,47.21,3.01
25203,3718,L,40.5,44.2,3.7
25204,3718,S,35.88,40.5,4.62
25205,3718,M,23.11,35.88,12.76
25206,3718,A,10.78,23.11,12.33
25207,3718,K,6.27,10.78,4.52
25208,3719,R,44.19,47.19,3.01
25209,3719,L,40.47,44.19,3.72
25210,3719,S,35.84,40.47,4.62
25211,3719,M,23.07,35.84,12.77
25212,3719,A,10.76,23.07,12.31
25213,3719,K,6.26,10.76,4.5
25214,3720,R,44.18,47.18,3.0
25215,3720,L,40.44,44.18,3.74
25216,3720,S,35.81,40.44,4.63
25217,3720,M,23.02,35.81,12.78
25218,3720,A,10.73,23.02,12.29
25219,3720,K,6.25,10.73,4.48
25220,3721,R,44.17,47.17,3.0
25221,3721,L,40.4,44.17,3.76
25222,3721,S,35.77,40.4,4.63
25223,3721,M,22.98,35.77,12.8
25224,3721,A,10.71,22.98,12.27
25225,3721,K,6.24,10.71,4.46
25226,3722,R,44.16,47.16,3.0
25227,3722,L,40.37,44.16,3.78
25228,3722,S,35.74,40.37,4.63
25229,3722,M,22.93,35.74,12.81
25230,3722,A,10.68,22.93,12.25
25231,3722,K,6.24,10.68,4.44
25232,3723,R,44.15,47.15,3.0
25233,3723,L,40.34,44.15,3.81
25234,3723,S,35.7,40.34,4.64
25235,3723,M,22.89,35.7,12.82
25236,3723,A,10.65,22.89,12.24
25237,3723,K,6.23,10.65,4.42
25238,3724,R,44.14,47.14,3.0
25239,3724,L,40.31,44.14,3.83
25240,3724,S,35.67,40.31,4.64
25241,3724,M,22.84,35.67,12.83
25242,3724,A,10.62,22.84,12.22
25243,3724,K,6.23,10.62,4.39
25244,3725,R,44.13,47.13,3.0
25245,3725,L,40.28,44.13,3.85
25246,3725,S,35.63,40.28,4.64
25247,3725,M,22.79,35.63,12.84
25248,3725,A,10.59,22.79,12.2
25249,3725,K,6.23,10.59,4.37
25250,3726,R,44.12,47.12,3.0
25251,3726,L,40.24,44.12,3.87
25252,3726,S,35.6,40.24,4.65
25253,3726,M,22.74,35.6,12.85
25254,3726,A,10.56,22.74,12.18
25255,3726,K,6.22,10.56,4.34
25256,3727,R,44.11,47.11,3.0
25257,3727,L,40.21,44.11,3.89
25258,3727,S,35.56,40.21,4.65
25259,3727,M,22.69,35.56,12.86
25260,3727,A,10.53,22.69,12.17
25261,3727,K,6.22,10.53,4.31
25262,3728,R,44.1,47.1,3.0
25263,3728,L,40.18,44.1,3.91
25264,3728,S,35.52,40.18,4.66
25265,3728,M,22.65,35.52,12.88
25266,3728,A,10.5,22.65,12.15
25267,3728,K,6.22,10.5,4.28
25268,3729,R,44.09,47.09,3.01
25269,3729,L,40.15,44.09,3.94
25270,3729,S,35.49,40.15,4.66
25271,3729,M,22.6,35.49,12.89
25272,3729,A,10.46,22.6,12.13
25273,3729,K,6.22,10.46,4.25
25274,3730,R,44.08,47.08,3.01
25275,3730,L,40.12,44.08,3.96
25276,3730,S,35.45,40.12,4.67
25277,3730,M,22.55,35.45,12.9
25278,3730,A,10.43,22.55,12.12
25279,3730,K,6.22,10.43,4.21
25280,3731,R,44.07,47.08,3.01
25281,3731,L,40.09,44.07,3.98
25282,3731,S,35.41,40.09,4.67
25283,3731,M,22.5,35.41,12.91
25284,3731,A,10.39,22.5,12.1
25285,3731,K,6.22,10.39,4.18
25286,3732,R,44.06,47.07,3.01
25287,3732,L,40.05,44.06,4.0
25288,3732,S,35.37,40.05,4.68
25289,3732,M,22.45,35.37,12.93
25290,3732,A,10.36,22.45,12.09
25291,3732,K,6.22,10.36,4.14
25292,3733,R,44.05,47.06,3.01
25293,3733,L,40.02,44.05,4.03
25294,3733,S,35.34,40.02,4.69
25295,3733,M,22.4,35.34,12.94
25296,3733,A,10.32,22.4,12.07
25297,3733,K,6.22,10.32,4.1
25298,3734,R,44.04,47.05,3.01
25299,3734,L,39.99,44.04,4.05
25300,3734,S,35.3,39.99,4.69
25301,3734,M,22.35,35.3,12.95
25302,3734,A,10.29,22.35,12.06
25303,3734,K,6.22,10.29,4.06
25304,3735,R,44.03,47.05,3.01
25305,3735,L,39.96,44.03,4.07
25306,3735,S,35.26,39.96,4.7
25307,3735,M,22.29,35.26,12.97
25308,3735,A,10.25,22.29,12.04
25309,3735,K,6.23,10.25,4.02
25310,3736,R,44.03,47.04,3.02
25311,3736,L,39.93,44.03,4.1
25312,3736,S,35.22,39.93,4.71
25313,3736,M,22.24,35.22,12.98
25314,3736,A,10.21,22.24,12.03
25315,3736,K,6.23,10.21,3.98
25316,3737,R,44.02,47.04,3.02
25317,3737,L,39.9,44.02,4.12
25318,3737,S,35.19,39.9,4.71
25319,3737,M,22.19,35.19,12.99
25320,3737,A,10.17,22.19,12.02
25321,3737,K,6.24,10.17,3.94
25322,3738,R,44.01,47.03,3.02
25323,3738,L,39.87,44.01,4.14
25324,3738,S,35.15,39.87,4.72
25325,3738,M,22.14,35.15,13.01
25326,3738,A,10.14,22.14,12.01
25327,3738,K,6.24,10.14,3.89
25328,3739,R,44.01,47.03,3.02
25329,3739,L,39.84,44.01,4.17
25330,3739,S,35.11,39.84,4.73
25331,3739,M,22.09,35.11,13.02
25332,3739,A,10.1,22.09,11.99
25333,3739,K,6.25,10.1,3.85
25334,3740,R,44.0,47.03,3.03
25335,3740,L,39.81,44.0,4.19
25336,3740,S,35.07,39.81,4.73
25337,3740,M,22.04,35.07,13.03
25338,3740,A,10.06,22.04,11.98
25339,3740,K,6.26,10.06,3.8
25340,3741,R,43.99,47.02,3.03
25341,3741,L,39.78,43.99,4.22
25342,3741,S,35.03,39.78,4.74
25343,3741,M,21.99,35.03,13.05
25344,3741,A,10.02,21.99,11.97
25345,3741,K,6.27,10.02,3.75
25346,3742,R,43.99,47.02,3.03
25347,3742,L,39.75,43.99,4.24
25348,3742,S,35.0,39.75,4.75
25349,3742,M,21.93,35.0,13.06
25350,3742,A,9.98,21.93,11.96
25351,3742,K,6.28,9.98,3.7
25352,3743,R,43.98,47.02,3.04
25353,3743,L,39.72,43.98,4.26
25354,3743,S,34.96,39.72,4.76
25355,3743,M,21.88,34.96,13.08
25356,3743,A,9.94,21.88,11.95
25357,3743,K,6.29,9.94,3.65
25358,3744,R,43.98,47.02,3.04
25359,3744,L,39.69,43.98,4.29
25360,3744,S,34.92,39.69,4.76
25361,3744,M,21.83,34.92,13.09
25362,3744,A,9.89,21.83,11.94
25363,3744,K,6.3,9.89,3.6
25364,3745,R,43.97,47.02,3.05
25365,3745,L,39.66,43.97,4.31
25366,3745,S,34.88,39.66,4.77
25367,3745,M,21.78,34.88,13.1
25368,3745,A,9.85,21.78,11.93
25369,3745,K,6.31,9.85,3.54
25370,3746,R,43.97,47.02,3.05
25371,3746,L,39.63,43.97,4.34
25372,3746,S,34.85,39.63,4.78
25373,3746,M,21.73,34.85,13.12
25374,3746,A,9.81,21.73,11.92
25375,3746,K,6.32,9.81,3.49
25376,3747,R,43.96,47.02,3.06
25377,3747,L,39.6,43.96,4.36
25378,3747,S,34.81,39.6,4.79
25379,3747,M,21.68,34.81,13.13
25380,3747,A,9.77,21.68,11.91
25381,3747,K,6.34,9.77,3.43
25382,3748,R,43.96,47.02,3.06
25383,3748,L,39.57,43.96,4.39
25384,3748,S,34.77,39.57,4.8
25385,3748,M,21.62,34.77,13.15
25386,3748,A,9.73,21.62,11.9
25387,3748,K,6.35,9.73,3.38
25388,3749,R,43.95,47.02,3.06
25389,3749,L,39.54,43.95,4.41
25390,3749,S,34.73,39.54,4.81
25391,3749,M,21.57,34.73,13.16
25392,3749,A,9.68,21.57,11.89
25393,3749,K,6.36,9.68,3.32
25394,3750,R,43.95,47.02,3.07
25395,3750,L,39.51,43.95,4.44
25396,3750,S,34.7,39.51,4.82
25397,3750,M,21.52,34.7,13.17
25398,3750,A,9.64,21.52,11.88
25399,3750,K,6.38,9.64,3.26
25400,3751,R,43.95,47.02,3.08
25401,3751,L,39.48,43.95,4.46
25402,3751,S,34.66,39.48,4.82
25403,3751,M,21.47,34.66,13.19
25404,3751,A,9.6,21.47,11.87
25405,3751,K,6.4,9.6,3.2
25406,3752,R,43.94,47.02,3.08
25407,3752,L,39.46,43.94,4.49
25408,3752,S,34.62,39.46,4.83
25409,3752,M,21.42,34.62,13.2
25410,3752,A,9.55,21.42,11.87
25411,3752,K,6.42,9.55,3.14
25412,3753,R,43.94,47.03,3.09
25413,3753,L,39.43,43.94,4.51
25414,3753,S,34.59,39.43,4.84
25415,3753,M,21.37,34.59,13.22
25416,3753,A,9.51,21.37,11.86
25417,3753,K,6.43,9.51,3.08
25418,3754,R,43.94,47.03,3.09
25419,3754,L,39.4,43.94,4.54
25420,3754,S,34.55,39.4,4.85
25421,3754,M,21.32,34.55,13.23
25422,3754,A,9.47,21.32,11.85
25423,3754,K,6.45,9.47,3.01
25424,3755,R,43.94,47.04,3.1
25425,3755,L,39.38,43.94,4.56
25426,3755,S,34.51,39.38,4.86
25427,3755,M,21.27,34.51,13.24
25428,3755,A,9.42,21.27,11.85
25429,3755,K,6.42,9.42,3.0
25430,3756,R,43.94,47.04,3.1
25431,3756,L,39.35,43.94,4.59
25432,3756,S,34.48,39.35,4.87
25433,3756,M,21.22,34.48,13.26
25434,3756,A,9.38,21.22,11.84
25435,3756,K,6.38,9.38,3.0
25436,3757,R,43.94,47.05,3.11
25437,3757,L,39.32,43.94,4.61
25438,3757,S,34.44,39.32,4.88
25439,3757,M,21.17,34.44,13.27
25440,3757,A,9.34,21.17,11.83
25441,3757,K,6.34,9.34,3.0
25442,3758,R,43.94,47.05,3.12
25443,3758,L,39.3,43.94,4.64
25444,3758,S,34.41,39.3,4.89
25445,3758,M,21.12,34.41,13.29
25446,3758,A,9.29,21.12,11.83
25447,3758,K,6.29,9.29,3.0
25448,3759,R,43.94,47.06,3.12
25449,3759,L,39.27,43.94,4.66
25450,3759,S,34.37,39.27,4.9
25451,3759,M,21.07,34.37,13.3
25452,3759,A,9.25,21.07,11.82
25453,3759,K,6.25,9.25,3.0
25454,3760,R,43.94,47.07,3.13
25455,3760,L,39.25,43.94,4.69
25456,3760,S,34.34,39.25,4.91
25457,3760,M,21.02,34.34,13.31
25458,3760,A,9.2,21.02,11.82
25459,3760,K,6.2,9.2,3.0
25460,3761,R,43.94,47.08,3.14
25461,3761,L,39.22,43.94,4.72
25462,3761,S,34.3,39.22,4.92
25463,3761,M,20.98,34.3,13.33
25464,3761,A,9.16,20.98,11.82
25465,3761,K,6.16,9.16,3.0
25466,3762,R,43.94,47.08,3.15
25467,3762,L,39.2,43.94,4.74
25468,3762,S,34.27,39.2,4.93
25469,3762,M,20.93,34.27,13.34
25470,3762,A,9.12,20.93,11.81
25471,3762,K,6.12,9.12,3.0
25472,3763,R,43.94,47.09,3.15
25473,3763,L,39.17,43.94,4.77
25474,3763,S,34.24,39.17,4.94
25475,3763,M,20.88,34.24,13.35
25476,3763,A,9.07,20.88,11.81
25477,3763,K,6.07,9.07,3.0
25478,3764,R,43.94,47.1,3.16
25479,3764,L,39.15,43.94,4.79
25480,3764,S,34.2,39.15,4.95
25481,3764,M,20.83,34.2,13.37
25482,3764,A,9.03,20.83,11.8
25483,3764,K,6.03,9.03,3.0
25484,3765,R,43.94,47.11,3.17
25485,3765,L,39.13,43.94,4.82
25486,3765,S,34.17,39.13,4.96
25487,3765,M,20.79,34.17,13.38
25488,3765,A,8.99,20.79,11.8
25489,3765,K,5.99,8.99,3.0
25490,3766,R,43.95,47.12,3.18
25491,3766,L,39.1,43.95,4.84
25492,3766,S,34.14,39.1,4.97
25493,3766,M,20.74,34.14,13.39
25494,3766,A,8.92,20.72,11.8
25495,3766,K,5.92,8.92,3.0
25496,3767,R,43.95,47.14,3.19
25497,3767,L,39.08,43.95,4.87
25498,3767,S,34.11,39.08,4.98
25499,3767,M,20.7,34.11,13.41
25500,3767,A,8.83,20.63,11.8
25501,3767,K,5.83,8.83,3.0
25502,3768,R,43.95,47.15,3.19
25503,3768,L,39.06,43.95,4.89
25504,3768,S,34.07,39.06,4.99
25505,3768,M,20.65,34.07,13.42
25506,3768,C,20.54,20.65,0.11
25507,3768,A,8.75,20.54,11.79
25508,3768,K,5.75,8.75,3.0
25509,3769,R,43.96,47.16,3.2
25510,3769,L,39.04,43.96,4.92
25511,3769,S,34.04,39.04,5.0
25512,3769,M,20.61,34.04,13.43
25513,3769,C,20.45,20.61,0.16
25514,3769,A,8.66,20.45,11.79
25515,3769,K,5.66,8.66,3.0
25516,3770,R,43.96,47.17,3.21
25517,3770,L,39.02,43.96,4.94
25518,3770,S,34.01,39.02,5.01
25519,3770,M,20.57,34.01,13.44
25520,3770,C,20.36,20.57,0.2
25521,3770,A,8.58,20.36,11.79
25522,3770,K,5.58,8.58,3.0
25523,3771,R,43.97,47.19,3.22
25524,3771,L,39.0,43.97,4.97
25525,3771,S,33.98,39.0,5.02
25526,3771,M,20.52,33.98,13.46
25527,3771,C,20.28,20.52,0.25
25528,3771,A,8.49,20.28,11.79
25529,3771,K,5.49,8.49,3.0
25530,3772,R,43.97,47.2,3.23
25531,3772,L,38.98,43.97,5.0
25532,3772,S,33.95,38.98,5.03
25533,3772,M,20.48,33.95,13.47
25534,3772,C,20.19,20.48,0.29
25535,3772,A,8.4,20.19,11.79
25536,3772,K,5.4,8.4,3.0
25537,3773,R,43.98,47.22,3.24
25538,3773,L,38.96,43.98,5.02
25539,3773,S,33.92,38.96,5.04
25540,3773,M,20.44,33.92,13.48
25541,3773,C,20.1,20.44,0.34
25542,3773,A,8.32,20.1,11.79
25543,3773,K,5.32,8.32,3.0
25544,3774,R,43.99,47.23,3.25
25545,3774,L,38.94,43.99,5.05
25546,3774,S,33.89,38.94,5.05
25547,3774,M,20.4,33.89,13.49
25548,3774,C,20.02,20.4,0.38
25549,3774,A,8.23,20.02,11.78
25550,3774,K,5.23,8.23,3.0
25551,3775,R,43.99,47.25,3.26
25552,3775,L,38.92,43.99,5.07
25553,3775,S,33.87,38.92,5.06
25554,3775,M,20.36,33.87,13.5
25555,3775,C,19.93,20.36,0.43
25556,3775,A,8.14,19.93,11.78
25557,3775,K,5.14,8.14,3.0
25558,3776,R,44.0,47.27,3.27
25559,3776,L,38.9,44.0,5.1
25560,3776,S,33.84,38.9,5.07
25561,3776,M,20.32,33.84,13.52
25562,3776,C,19.84,20.32,0.48
25563,3776,A,8.06,19.84,11.78
25564,3776,K,5.06,8.06,3.0
25565,3777,R,44.01,47.28,3.28
25566,3777,L,38.89,44.01,5.12
25567,3777,S,33.81,38.89,5.07
25568,3777,M,20.28,33.81,13.53
25569,3777,C,19.76,20.28,0.53
25570,3777,A,7.97,19.76,11.78
25571,3777,K,4.97,7.97,3.0
25572,3778,R,44.02,47.3,3.29
25573,3778,L,38.87,44.02,5.15
25574,3778,S,33.78,38.87,5.08
25575,3778,M,20.25,33.78,13.54
25576,3778,C,19.67,20.25,0.57
25577,3778,A,7.89,19.67,11.78
25578,3778,K,4.89,7.89,3.0
25579,3779,R,44.02,47.32,3.3
25580,3779,L,38.85,44.02,5.17
25581,3779,S,33.76,38.85,5.09
25582,3779,M,20.21,33.76,13.55
25583,3779,C,19.59,20.21,0.62
25584,3779,A,7.8,19.59,11.79
25585,3779,K,4.8,7.8,3.0
25586,3780,R,44.03,47.34,3.31
25587,3780,L,38.84,44.03,5.2
25588,3780,S,33.73,38.84,5.1
25589,3780,M,20.17,33.73,13.56
25590,3780,C,19.5,20.17,0.67
25591,3780,A,7.72,19.5,11.79
25592,3780,K,4.72,7.72,3.0
25593,3781,R,44.04,47.36,3.32
25594,3781,L,38.82,44.04,5.22
25595,3781,S,33.71,38.82,5.11
25596,3781,M,20.14,33.71,13.57
25597,3781,C,19.42,20.14,0.72
25598,3781,A,7.63,19.42,11.79
25599,3781,K,4.63,7.63,3.0
25600,3782,R,44.05,47.38,3.33
25601,3782,L,38.81,44.05,5.25
25602,3782,S,33.68,38.81,5.12
25603,3782,M,20.1,33.68,13.58
25604,3782,C,19.34,20.1,0.77
25605,3782,A,7.55,19.34,11.79
25606,3782,K,4.55,7.55,3.0
25607,3783,R,44.06,47.4,3.34
25608,3783,L,38.79,44.06,5.27
25609,3783,S,33.66,38.79,5.13
25610,3783,M,20.07,33.66,13.59
25611,3783,C,19.25,20.07,0.82
25612,3783,A,7.46,19.25,11.79
25613,3783,K,4.46,7.46,3.0
25614,3784,R,44.07,47.42,3.35
25615,3784,L,38.78,44.07,5.3
25616,3784,S,33.64,38.78,5.14
25617,3784,M,20.04,33.64,13.6
25618,3784,C,19.17,20.04,0.87
25619,3784,A,7.38,19.17,11.79
25620,3784,K,4.38,7.38,3.0
25621,3785,R,44.08,47.44,3.36
25622,3785,L,38.76,44.08,5.32
25623,3785,S,33.61,38.76,5.15
25624,3785,M,20.01,33.61,13.61
25625,3785,C,19.09,20.01,0.92
25626,3785,A,7.3,19.09,11.79
25627,3785,K,4.3,7.3,3.0
25628,3786,R,44.1,47.47,3.37
25629,3786,L,38.75,44.1,5.34
25630,3786,S,33.59,38.75,5.16
25631,3786,M,19.98,33.59,13.62
25632,3786,C,19.01,19.98,0.97
25633,3786,A,7.21,19.01,11.79
25634,3786,K,4.21,7.21,3.0
25635,3787,R,44.11,47.49,3.38
25636,3787,L,38.74,44.11,5.37
25637,3787,S,33.57,38.74,5.17
25638,3787,M,19.95,33.57,13.63
25639,3787,C,18.93,19.95,1.02
25640,3787,A,7.13,18.93,11.8
25641,3787,K,4.13,7.13,3.0
25642,3788,R,44.12,47.51,3.39
25643,3788,L,38.73,44.12,5.39
25644,3788,S,33.55,38.73,5.18
25645,3788,M,19.92,33.55,13.63
25646,3788,C,18.85,19.92,1.07
25647,3788,A,7.05,18.85,11.8
25648,3788,K,4.05,7.05,3.0
25649,3789,R,44.13,47.54,3.41
25650,3789,L,38.72,44.13,5.42
25651,3789,S,33.53,38.72,5.18
25652,3789,M,19.89,33.53,13.64
25653,3789,C,18.77,19.89,1.12
25654,3789,A,6.97,18.77,11.8
25655,3789,K,3.97,6.97,3.0
25656,3790,R,44.15,47.56,3.42
25657,3790,L,38.71,44.15,5.44
25658,3790,S,33.51,38.71,5.19
25659,3790,M,19.86,33.51,13.65
25660,3790,C,18.69,19.86,1.17
25661,3790,A,6.89,18.69,11.8
25662,3790,K,3.89,6.89,3.0
25663,3791,R,44.16,47.59,3.43
25664,3791,L,38.7,44.16,5.46
25665,3791,S,33.49,38.7,5.2
25666,3791,M,19.84,33.49,13.66
25667,3791,C,18.61,19.84,1.23
25668,3791,A,6.8,18.61,11.81
25669,3791,K,3.8,6.8,3.0
25670,3792,R,44.17,47.61,3.44
25671,3792,L,38.69,44.17,5.49
25672,3792,S,33.48,38.69,5.21
25673,3792,M,19.81,33.48,13.66
25674,3792,C,18.53,19.81,1.28
25675,3792,A,6.73,18.53,11.81
25676,3792,K,3.73,6.73,3.0
25677,3793,R,44.19,47.64,3.45
25678,3793,L,38.68,44.19,5.51
25679,3793,S,33.46,38.68,5.22
25680,3793,M,19.79,33.46,13.67
25681,3793,C,18.46,19.79,1.33
25682,3793,A,6.65,18.46,11.81
25683,3793,K,3.65,6.65,3.0
25684,3794,R,44.2,47.67,3.46
25685,3794,L,38.67,44.2,5.53
25686,3794,S,33.44,38.67,5.22
25687,3794,M,19.77,33.44,13.68
25688,3794,C,18.38,19.77,1.38
25689,3794,A,6.57,18.38,11.82
25690,3794,K,3.57,6.57,3.0
25691,3795,R,44.22,47.7,3.48
25692,3795,L,38.66,44.22,5.56
25693,3795,S,33.43,38.66,5.23
25694,3795,M,19.74,33.43,13.68
25695,3795,C,18.31,19.74,1.44
25696,3795,A,6.49,18.31,11.82
25697,3795,K,3.49,6.49,3.0
25698,3796,R,44.23,47.72,3.49
25699,3796,L,38.65,44.23,5.58
25700,3796,S,33.41,38.65,5.24
25701,3796,M,19.72,33.41,13.69
25702,3796,C,18.24,19.72,1.49
25703,3796,A,6.41,18.24,11.82
25704,3796,K,3.41,6.41,3.0
25705,3797,R,44.25,47.75,3.5
25706,3797,L,38.65,44.25,5.6
25707,3797,S,33.4,38.65,5.25
25708,3797,M,19.7,33.4,13.7
25709,3797,C,18.16,19.7,1.54
25710,3797,A,6.34,18.16,11.82
25711,3797,K,3.34,6.34,3.0
25712,3798,R,44.27,47.78,3.51
25713,3798,L,38.64,44.27,5.63
25714,3798,S,33.39,38.64,5.26
25715,3798,M,19.69,33.39,13.7
25716,3798,C,18.09,19.69,1.59
25717,3798,A,6.26,18.09,11.83
25718,3798,K,3.26,6.26,3.0
25719,3799,R,44.28,47.81,3.53
25720,3799,L,38.64,44.28,5.65
25721,3799,S,33.37,38.64,5.26
25722,3799,M,19.67,33.37,13.71
25723,3799,C,18.02,19.67,1.65
25724,3799,A,6.19,18.02,11.83
25725,3799,K,3.19,6.19,3.0
25726,3800,R,44.3,47.84,3.54
25727,3800,L,38.63,44.3,5.67
25728,3800,S,33.36,38.63,5.27
25729,3800,M,19.65,33.36,13.71
25730,3800,C,17.95,19.65,1.7
25731,3800,A,6.12,17.95,11.84
25732,3800,K,3.12,6.12,3.0
25733,3801,R,44.32,47.87,3.55
25734,3801,L,38.63,44.32,5.69
25735,3801,S,33.35,38.63,5.28
25736,3801,M,19.64,33.35,13.71
25737,3801,C,17.88,19.64,1.75
25738,3801,A,6.04,17.88,11.84
25739,3801,K,3.04,6.04,3.0
25740,3802,R,44.34,47.9,3.56
25741,3802,L,38.62,44.34,5.71
25742,3802,S,33.34,38.62,5.28
25743,3802,M,19.62,33.34,13.72
25744,3802,C,17.81,19.62,1.81
25745,3802,A,5.97,17.81,11.84
25746,3802,K,2.97,5.97,3.0
25747,3803,R,44.36,47.93,3.58
25748,3803,L,38.62,44.36,5.74
25749,3803,S,33.33,38.62,5.29
25750,3803,M,19.61,33.33,13.72
25751,3803,C,17.75,19.61,1.86
25752,3803,A,5.9,17.75,11.85
25753,3803,K,2.9,5.9,3.0
25754,3804,R,44.38,47.97,3.59
25755,3804,L,38.62,44.38,5.76
25756,3804,S,33.32,38.62,5.3
25757,3804,M,19.6,33.32,13.73
25758,3804,C,17.68,19.6,1.91
25759,3804,A,5.83,17.68,11.85
25760,3804,K,2.83,5.83,3.0
25761,3805,R,44.4,48.0,3.6
25762,3805,L,38.62,44.4,5.78
25763,3805,S,33.32,38.62,5.3
25764,3805,M,19.59,33.32,13.73
25765,3805,C,17.62,19.59,1.97
25766,3805,A,5.77,17.62,11.85
25767,3805,K,2.77,5.77,3.0
25768,3806,R,44.42,48.03,3.61
25769,3806,L,38.62,44.42,5.8
25770,3806,S,33.31,38.62,5.31
25771,3806,M,19.58,33.31,13.73
25772,3806,C,17.55,19.58,2.02
25773,3806,A,5.7,17.55,11.86
25774,3806,K,2.7,5.7,3.0
25775,3807,R,44.44,48.06,3.63
25776,3807,L,38.61,44.44,5.82
25777,3807,S,33.3,38.61,5.31
25778,3807,M,19.57,33.3,13.73
25779,3807,C,17.49,19.57,2.08
25780,3807,A,5.63,17.49,11.86
25781,3807,K,2.63,5.63,3.0
25782,3808,R,44.46,48.1,3.64
25783,3808,L,38.61,44.46,5.84
25784,3808,S,33.3,38.61,5.32
25785,3808,M,19.56,33.3,13.73
25786,3808,C,17.43,19.56,2.13
25787,3808,A,5.57,17.43,11.86
25788,3808,K,2.57,5.57,3.0
25789,3809,R,44.48,48.13,3.65
25790,3809,L,38.62,44.48,5.86
25791,3809,S,33.29,38.62,5.32
25792,3809,M,19.56,33.29,13.74
25793,3809,C,17.37,19.56,2.18
25794,3809,A,5.5,17.37,11.87
25795,3809,K,2.5,5.5,3.0
25796,3810,R,44.5,48.17,3.67
25797,3810,L,38.62,44.5,5.88
25798,3810,S,33.29,38.62,5.33
25799,3810,M,19.55,33.29,13.74
25800,3810,C,17.31,19.55,2.24
25801,3810,A,5.44,17.31,11.87
25802,3810,K,2.44,5.44,3.0
25803,3811,R,44.52,48.2,3.68
25804,3811,L,38.62,44.52,5.9
25805,3811,S,33.28,38.62,5.33
25806,3811,M,19.55,33.28,13.74
25807,3811,C,17.26,19.55,2.29
25808,3811,A,5.38,17.26,11.88
25809,3811,K,2.38,5.38,3.0
25810,3812,R,44.54,48.24,3.69
25811,3812,L,38.62,44.54,5.92
25812,3812,S,33.28,38.62,5.34
25813,3812,M,19.54,33.28,13.74
25814,3812,C,17.2,19.54,2.35
25815,3812,A,5.32,17.2,11.88
25816,3812,K,2.32,5.32,3.0
25817,3813,R,44.57,48.27,3.71
25818,3813,L,38.62,44.57,5.94
25819,3813,S,33.28,38.62,5.34
25820,3813,M,19.54,33.28,13.74
25821,3813,C,17.14,19.54,2.4
25822,3813,A,5.26,17.14,11.88
25823,3813,K,2.26,5.26,3.0
25824,3814,R,44.59,48.31,3.72
25825,3814,L,38.63,44.59,5.96
25826,3814,S,33.28,38.63,5.35
25827,3814,M,19.54,33.28,13.74
25828,3814,C,17.09,19.54,2.45
25829,3814,A,5.2,17.09,11.89
25830,3814,K,2.2,5.2,3.0
25831,3815,R,44.61,48.35,3.73
25832,3815,L,38.63,44.61,5.98
25833,3815,S,33.28,38.63,5.35
25834,3815,M,19.54,33.28,13.74
25835,3815,C,17.04,19.54,2.51
25836,3815,A,5.15,17.04,11.89
25837,3815,K,2.15,5.15,3.0
25838,3816,R,44.64,48.38,3.75
25839,3816,L,38.64,44.64,6.0
25840,3816,S,33.28,38.64,5.36
25841,3816,M,19.55,33.28,13.73
25842,3816,C,16.99,19.55,2.56
25843,3816,A,5.09,16.99,11.89
25844,3816,K,2.09,5.09,3.0
25845,3817,R,44.66,48.42,3.76
25846,3817,L,38.64,44.66,6.02
25847,3817,S,33.28,38.64,5.36
25848,3817,M,19.55,33.28,13.73
25849,3817,C,16.94,19.55,2.61
25850,3817,A,5.04,16.94,11.9
25851,3817,K,2.04,5.04,3.0
25852,3818,R,44.69,48.46,3.77
25853,3818,L,38.65,44.69,6.04
25854,3818,S,33.28,38.65,5.36
25855,3818,M,19.55,33.28,13.73
25856,3818,C,16.89,19.55,2.67
25857,3818,A,4.99,16.89,11.9
25858,3818,K,1.99,4.99,3.0
25859,3819,R,44.71,48.5,3.79
25860,3819,L,38.65,44.71,6.06
25861,3819,S,33.29,38.65,5.37
25862,3819,M,19.56,33.29,13.73
25863,3819,C,16.84,19.56,2.72
25864,3819,A,4.94,16.84,11.9
25865,3819,K,1.94,4.94,3.0
25866,3820,R,44.73,48.53,3.8
25867,3820,L,38.66,44.73,6.07
25868,3820,S,33.29,38.66,5.37
25869,3820,M,19.57,33.29,13.72
25870,3820,C,16.79,19.57,2.77
25871,3820,A,4.89,16.79,11.91
25872,3820,K,1.89,4.89,3.0
25873,3821,R,44.76,48.57,3.81
25874,3821,L,38.67,44.76,6.09
25875,3821,S,33.3,38.67,5.37
25876,3821,M,19.58,33.3,13.72
25877,3821,C,16.75,19.58,2.83
25878,3821,A,4.84,16.75,11.91
25879,3821,K,1.84,4.84,3.0
25880,3822,R,44.79,48.61,3.83
25881,3822,L,38.68,44.79,6.11
25882,3822,S,33.3,38.68,5.37
25883,3822,M,19.58,33.3,13.72
25884,3822,C,16.71,19.58,2.88
25885,3822,A,4.8,16.71,11.91
25886,3822,K,1.8,4.8,3.0
25887,3823,R,44.81,48.65,3.84
25888,3823,L,38.69,44.81,6.13
25889,3823,S,33.31,38.69,5.38
25890,3823,M,19.6,33.31,13.71
25891,3823,C,16.66,19.6,2.93
25892,3823,A,4.75,16.66,11.91
25893,3823,K,1.75,4.75,3.0
25894,3824,R,44.84,48.69,3.85
25895,3824,L,38.69,44.84,6.14
25896,3824,S,33.32,38.69,5.38
25897,3824,M,19.61,33.32,13.71
25898,3824,C,16.62,19.61,2.98
25899,3824,A,4.71,16.62,11.92
25900,3824,K,1.71,4.71,3.0
25901,3825,R,44.86,48.73,3.87
25902,3825,L,38.7,44.86,6.16
25903,3825,S,33.32,38.7,5.38
25904,3825,M,19.62,33.32,13.7
25905,3825,C,16.58,19.62,3.04
25906,3825,A,4.67,16.58,11.92
25907,3825,K,1.67,4.67,3.0
25908,3826,R,44.89,48.77,3.88
25909,3826,L,38.71,44.89,6.18
25910,3826,S,33.33,38.71,5.38
25911,3826,M,19.63,33.33,13.7
25912,3826,C,16.55,19.63,3.09
25913,3826,A,4.63,16.55,11.92
25914,3826,K,1.63,4.63,3.0
25915,3827,R,44.92,48.81,3.89
25916,3827,L,38.73,44.92,6.19
25917,3827,S,33.34,38.73,5.38
25918,3827,M,19.65,33.34,13.69
25919,3827,C,16.51,19.65,3.14
25920,3827,A,4.59,16.51,11.92
25921,3827,K,1.59,4.59,3.0
25922,3828,R,44.95,48.85,3.91
25923,3828,L,38.74,44.95,6.21
25924,3828,S,33.35,38.74,5.39
25925,3828,M,19.67,33.35,13.69
25926,3828,C,16.48,19.67,3.19
25927,3828,A,4.55,16.48,11.92
25928,3828,K,1.55,4.55,3.0
25929,3829,R,44.97,48.89,3.92
25930,3829,L,38.75,44.97,6.22
25931,3829,S,33.36,38.75,5.39
25932,3829,M,19.68,33.36,13.68
25933,3829,C,16.44,19.68,3.24
25934,3829,A,4.52,16.44,11.93
25935,3829,K,1.52,4.52,3.0
25936,3830,R,45.0,48.93,3.93
25937,3830,L,38.76,45.0,6.24
25938,3830,S,33.37,38.76,5.39
25939,3830,M,19.7,33.37,13.67
25940,3830,C,16.41,19.7,3.29
25941,3830,A,4.48,16.41,11.93
25942,3830,K,1.48,4.48,3.0
25943,3831,R,45.03,48.98,3.95
25944,3831,L,38.77,45.03,6.25
25945,3831,S,33.39,38.77,5.39
25946,3831,M,19.72,33.39,13.66
25947,3831,C,16.38,19.72,3.34
25948,3831,A,4.45,16.38,11.93
25949,3831,K,1.45,4.45,3.0
25950,3832,R,45.06,49.02,3.96
25951,3832,L,38.79,45.06,6.27
25952,3832,S,33.4,38.79,5.39
25953,3832,M,19.74,33.4,13.66
25954,3832,C,16.35,19.74,3.39
25955,3832,A,4.42,16.35,11.93
25956,3832,K,1.42,4.42,3.0
25957,3833,R,45.09,49.06,3.97
25958,3833,L,38.8,45.09,6.28
25959,3833,S,33.41,38.8,5.39
25960,3833,M,19.77,33.41,13.65
25961,3833,C,16.32,19.77,3.44
25962,3833,A,4.39,16.32,11.93
25963,3833,K,1.39,4.39,3.0
25964,3834,R,45.11,49.1,3.99
25965,3834,L,38.82,45.11,6.3
25966,3834,S,33.43,38.82,5.39
25967,3834,M,19.79,33.43,13.64
25968,3834,C,16.3,19.79,3.49
25969,3834,A,4.36,16.3,11.93
25970,3834,K,1.36,4.36,3.0
25971,3835,R,45.14,49.14,4.0
25972,3835,L,38.83,45.14,6.31
25973,3835,S,33.44,38.83,5.39
25974,3835,M,19.81,33.44,13.63
25975,3835,C,16.27,19.81,3.54
25976,3835,A,4.34,16.27,11.93
25977,3835,K,1.34,4.34,3.0
25978,3836,R,45.17,49.19,4.01
25979,3836,L,38.85,45.17,6.33
25980,3836,S,33.46,38.85,5.39
25981,3836,M,19.84,33.46,13.62
25982,3836,C,16.25,19.84,3.59
25983,3836,A,4.31,16.25,11.93
25984,3836,K,1.31,4.31,3.0
25985,3837,R,45.2,49.23,4.02
25986,3837,L,38.86,45.2,6.34
25987,3837,S,33.48,38.86,5.39
25988,3837,M,19.87,33.48,13.61
25989,3837,C,16.22,19.87,3.64
25990,3837,A,4.29,16.22,11.93
25991,3837,K,1.29,4.29,3.0
25992,3838,R,45.23,49.27,4.04
25993,3838,L,38.88,45.23,6.35
25994,3838,S,33.49,38.88,5.38
25995,3838,M,19.89,33.49,13.6
25996,3838,C,16.2,19.89,3.69
25997,3838,A,4.27,16.2,11.93
25998,3838,K,1.27,4.27,3.0
25999,3839,R,45.26,49.31,4.05
26000,3839,L,38.9,45.26,6.37
26001,3839,S,33.51,38.9,5.38
26002,3839,M,19.92,33.51,13.59
26003,3839,C,16.18,19.92,3.74
26004,3839,A,4.25,16.18,11.93
26005,3839,K,1.25,4.25,3.0
26006,3840,R,45.29,49.36,4.06
26007,3840,L,38.91,45.29,6.38
26008,3840,S,33.53,38.91,5.38
26009,3840,M,19.95,33.53,13.58
26010,3840,C,16.17,19.95,3.79
26011,3840,A,4.24,16.17,11.93
26012,3840,K,1.24,4.24,3.0
26013,3841,R,45.32,49.4,4.08
26014,3841,L,38.93,45.32,6.39
26015,3841,S,33.55,38.93,5.38
26016,3841,M,19.98,33.55,13.57
26017,3841,C,16.15,19.98,3.83
26018,3841,A,4.22,16.15,11.93
26019,3841,K,1.22,4.22,3.0
26020,3842,R,45.35,49.44,4.09
26021,3842,L,38.95,45.35,6.4
26022,3842,S,33.57,38.95,5.38
26023,3842,M,20.02,33.57,13.56
26024,3842,C,16.13,20.02,3.88
26025,3842,A,4.21,16.13,11.93
26026,3842,K,1.21,4.21,3.0
26027,3843,R,45.38,49.48,4.1
26028,3843,L,38.97,45.38,6.41
26029,3843,S,33.59,38.97,5.38
26030,3843,M,20.05,33.59,13.54
26031,3843,C,16.12,20.05,3.93
26032,3843,A,4.19,16.12,11.93
26033,3843,K,1.19,4.19,3.0
26034,3844,R,45.41,49.53,4.11
26035,3844,L,38.99,45.41,6.42
26036,3844,S,33.61,38.99,5.37
26037,3844,M,20.08,33.61,13.53
26038,3844,C,16.11,20.08,3.97
26039,3844,A,4.18,16.11,11.93
26040,3844,K,1.18,4.18,3.0
26041,3845,R,45.44,49.57,4.13
26042,3845,L,39.01,45.44,6.44
26043,3845,S,33.64,39.01,5.37
26044,3845,M,20.12,33.64,13.52
26045,3845,C,16.1,20.12,4.02
26046,3845,A,4.17,16.1,11.92
26047,3845,K,1.17,4.17,3.0
26048,3846,R,45.48,49.61,4.14
26049,3846,L,39.03,45.48,6.45
26050,3846,S,33.66,39.03,5.37
26051,3846,M,20.15,33.66,13.51
26052,3846,C,16.09,20.15,4.07
26053,3846,A,4.17,16.09,11.92
26054,3846,K,1.17,4.17,3.0
26055,3847,R,45.51,49.66,4.15
26056,3847,L,39.05,45.51,6.46
26057,3847,S,33.68,39.05,5.36
26058,3847,M,20.19,33.68,13.49
26059,3847,C,16.08,20.19,4.11
26060,3847,A,4.16,16.08,11.92
26061,3847,K,1.16,4.16,3.0
26062,3848,R,45.54,49.7,4.16
26063,3848,L,39.07,45.54,6.47
26064,3848,S,33.71,39.07,5.36
26065,3848,M,20.23,33.71,13.48
26066,3848,C,16.07,20.23,4.15
26067,3848,A,4.16,16.07,11.92
26068,3848,K,1.16,4.16,3.0
26069,3849,R,45.57,49.74,4.18
26070,3849,L,39.09,45.57,6.48
26071,3849,S,33.73,39.09,5.36
26072,3849,M,20.27,33.73,13.46
26073,3849,C,16.07,20.27,4.2
26074,3849,A,4.16,16.07,11.91
26075,3849,K,1.16,4.16,3.0
26076,3850,R,45.6,49.79,4.19
26077,3850,L,39.11,45.6,6.49
26078,3850,S,33.76,39.11,5.35
26079,3850,M,20.31,33.76,13.45
26080,3850,C,16.07,20.31,4.24
26081,3850,A,4.16,16.07,11.91
26082,3850,K,1.16,4.16,3.0
26083,3851,R,45.63,49.83,4.2
26084,3851,L,39.13,45.63,6.5
26085,3851,S,33.78,39.13,5.35
26086,3851,M,20.35,33.78,13.44
26087,3851,C,16.06,20.35,4.29
26088,3851,A,4.16,16.06,11.9
26089,3851,K,1.16,4.16,3.0
26090,3852,R,45.66,49.87,4.21
26091,3852,L,39.16,45.66,6.51
26092,3852,S,33.81,39.16,5.35
26093,3852,M,20.39,33.81,13.42
26094,3852,C,16.06,20.39,4.33
26095,3852,A,4.16,16.06,11.9
26096,3852,K,1.16,4.16,3.0
26097,3853,R,45.69,49.92,4.22
26098,3853,L,39.18,45.69,6.51
26099,3853,S,33.84,39.18,5.34
26100,3853,M,20.43,33.84,13.4
26101,3853,C,16.06,20.43,4.37
26102,3853,A,4.17,16.06,11.9
26103,3853,K,1.17,4.17,3.0
26104,3854,R,45.73,49.96,4.24
26105,3854,L,39.2,45.73,6.52
26106,3854,S,33.87,39.2,5.34
26107,3854,M,20.48,33.87,13.39
26108,3854,C,16.06,20.48,4.41
26109,3854,A,4.17,16.06,11.89
26110,3854,K,1.17,4.17,3.0
26111,3855,R,45.76,50.0,4.25
26112,3855,L,39.23,45.76,6.53
26113,3855,S,33.89,39.23,5.33
26114,3855,M,20.52,33.89,13.37
26115,3855,C,16.07,20.52,4.45
26116,3855,A,4.18,16.07,11.89
26117,3855,K,1.18,4.18,3.0
26118,3856,R,45.79,50.05,4.26
26119,3856,L,39.25,45.79,6.54
26120,3856,S,33.92,39.25,5.33
26121,3856,M,20.57,33.92,13.36
26122,3856,C,16.07,20.57,4.5
26123,3856,A,4.19,16.07,11.88
26124,3856,K,1.19,4.19,3.0
26125,3857,R,45.82,50.09,4.27
26126,3857,L,39.27,45.82,6.55
26127,3857,S,33.95,39.27,5.32
26128,3857,M,20.61,33.95,13.34
26129,3857,C,16.08,20.61,4.54
26130,3857,A,4.2,16.08,11.87
26131,3857,K,1.2,4.2,3.0
26132,3858,R,45.85,50.13,4.28
26133,3858,L,39.3,45.85,6.55
26134,3858,S,33.98,39.3,5.32
26135,3858,M,20.66,33.98,13.32
26136,3858,C,16.08,20.66,4.58
26137,3858,A,4.22,16.08,11.87
26138,3858,K,1.22,4.22,3.0
26139,3859,R,45.88,50.18,4.29
26140,3859,L,39.32,45.88,6.56
26141,3859,S,34.01,39.32,5.31
26142,3859,M,20.71,34.01,13.3
26143,3859,C,16.09,20.71,4.62
26144,3859,A,4.23,16.09,11.86
26145,3859,K,1.23,4.23,3.0
26146,3860,R,45.92,50.22,4.3
26147,3860,L,39.35,45.92,6.57
26148,3860,S,34.04,39.35,5.31
26149,3860,M,20.76,34.04,13.29
26150,3860,C,16.1,20.76,4.65
26151,3860,A,4.25,16.1,11.85
26152,3860,K,1.25,4.25,3.0
26153,3861,R,45.95,50.26,4.32
26154,3861,L,39.37,45.95,6.57
26155,3861,S,34.07,39.37,5.3
26156,3861,M,20.81,34.07,13.27
26157,3861,C,16.11,20.81,4.69
26158,3861,A,4.27,16.11,11.85
26159,3861,K,1.27,4.27,3.0
26160,3862,R,45.98,50.3,4.33
26161,3862,L,39.4,45.98,6.58
26162,3862,S,34.11,39.4,5.29
26163,3862,M,20.86,34.11,13.25
26164,3862,C,16.13,20.86,4.73
26165,3862,A,4.29,16.13,11.84
26166,3862,K,1.29,4.29,3.0
26167,3863,R,46.01,50.35,4.34
26168,3863,L,39.43,46.01,6.58
26169,3863,S,34.14,39.43,5.29
26170,3863,M,20.91,34.14,13.23
26171,3863,C,16.14,20.91,4.77
26172,3863,A,4.31,16.14,11.83
26173,3863,K,1.31,4.31,3.0
26174,3864,R,46.04,50.39,4.35
26175,3864,L,39.45,46.04,6.59
26176,3864,S,34.17,39.45,5.28
26177,3864,M,20.96,34.17,13.21
26178,3864,C,16.15,20.96,4.8
26179,3864,A,4.33,16.15,11.82
26180,3864,K,1.33,4.33,3.0
26181,3865,R,46.07,50.43,4.36
26182,3865,L,39.48,46.07,6.6
26183,3865,S,34.2,39.48,5.27
26184,3865,M,21.01,34.2,13.19
26185,3865,C,16.17,21.01,4.84
26186,3865,A,4.36,16.17,11.81
26187,3865,K,1.36,4.36,3.0
26188,3866,R,46.1,50.47,4.37
26189,3866,L,39.5,46.1,6.6
26190,3866,S,34.24,39.5,5.27
26191,3866,M,21.06,34.24,13.17
26192,3866,C,16.19,21.06,4.88
26193,3866,A,4.38,16.19,11.8
26194,3866,K,1.38,4.38,3.0
26195,3867,R,46.14,50.51,4.38
26196,3867,L,39.53,46.14,6.61
26197,3867,S,34.27,39.53,5.26
26198,3867,M,21.12,34.27,13.16
26199,3867,C,16.2,21.12,4.91
26200,3867,A,4.41,16.2,11.8
26201,3867,K,1.41,4.41,3.0
26202,3868,R,46.17,50.56,4.39
26203,3868,L,39.56,46.17,6.61
26204,3868,S,34.31,39.56,5.25
26205,3868,M,21.17,34.31,13.14
26206,3868,C,16.22,21.17,4.95
26207,3868,A,4.44,16.22,11.79
26208,3868,K,1.44,4.44,3.0
26209,3869,R,46.2,50.6,4.4
26210,3869,L,39.59,46.2,6.61
26211,3869,S,34.34,39.59,5.25
26212,3869,M,21.22,34.34,13.12
26213,3869,C,16.24,21.22,4.98
26214,3869,A,4.47,16.24,11.77
26215,3869,K,1.47,4.47,3.0
26216,3870,R,46.23,50.64,4.41
26217,3870,L,39.61,46.23,6.62
26218,3870,S,34.37,39.61,5.24
26219,3870,M,21.28,34.37,13.09
26220,3870,C,16.27,21.28,5.01
26221,3870,A,4.5,16.27,11.76
26222,3870,K,1.5,4.5,3.0
26223,3871,R,46.26,50.68,4.42
26224,3871,L,39.64,46.26,6.62
26225,3871,S,34.41,39.64,5.23
26226,3871,M,21.34,34.41,13.07
26227,3871,C,16.29,21.34,5.05
26228,3871,A,4.54,16.29,11.75
26229,3871,K,1.54,4.54,3.0
26230,3872,R,46.29,50.72,4.43
26231,3872,L,39.67,46.29,6.62
26232,3872,S,34.45,39.67,5.22
26233,3872,M,21.39,34.45,13.05
26234,3872,C,16.31,21.39,5.08
26235,3872,A,4.57,16.31,11.74
26236,3872,K,1.57,4.57,3.0
26237,3873,R,46.32,50.76,4.44
26238,3873,L,39.7,46.32,6.63
26239,3873,S,34.48,39.7,5.21
26240,3873,M,21.45,34.48,13.03
26241,3873,C,16.34,21.45,5.11
26242,3873,A,4.61,16.34,11.73
26243,3873,K,1.61,4.61,3.0
26244,3874,R,46.35,50.8,4.45
26245,3874,L,39.72,46.35,6.63
26246,3874,S,34.52,39.72,5.21
26247,3874,M,21.51,34.52,13.01
26248,3874,C,16.36,21.51,5.14
26249,3874,A,4.65,16.36,11.72
26250,3874,K,1.65,4.65,3.0
26251,3875,R,46.38,50.84,4.46
26252,3875,L,39.75,46.38,6.63
26253,3875,S,34.55,39.75,5.2
26254,3875,M,21.56,34.55,12.99
26255,3875,C,16.39,21.56,5.17
26256,3875,A,4.69,16.39,11.7
26257,3875,K,1.69,4.69,3.0
26258,3876,R,46.41,50.88,4.47
26259,3876,L,39.78,46.41,6.64
26260,3876,S,34.59,39.78,5.19
26261,3876,M,21.62,34.59,12.97
26262,3876,C,16.42,21.62,5.2
26263,3876,A,4.73,16.42,11.69
26264,3876,K,1.73,4.73,3.0
26265,3877,R,46.44,50.92,4.47
26266,3877,L,39.81,46.44,6.64
26267,3877,S,34.63,39.81,5.18
26268,3877,M,21.68,34.63,12.95
26269,3877,C,16.45,21.68,5.23
26270,3877,A,4.77,16.45,11.68
26271,3877,K,1.77,4.77,3.0
26272,3878,R,46.47,50.96,4.48
26273,3878,L,39.84,46.47,6.64
26274,3878,S,34.66,39.84,5.17
26275,3878,M,21.74,34.66,12.93
26276,3878,C,16.48,21.74,5.26
26277,3878,A,4.81,16.48,11.66
26278,3878,K,1.81,4.81,3.0
26279,3879,R,46.5,51.0,4.49
26280,3879,L,39.86,46.5,6.64
26281,3879,S,34.7,39.86,5.16
26282,3879,M,21.8,34.7,12.9
26283,3879,C,16.51,21.8,5.29
26284,3879,A,4.86,16.51,11.65
26285,3879,K,1.86,4.86,3.0
26286,3880,R,46.53,51.04,4.5
26287,3880,L,39.89,46.53,6.64
26288,3880,S,34.74,39.89,5.16
26289,3880,M,21.86,34.74,12.88
26290,3880,C,16.54,21.86,5.32
26291,3880,A,4.9,16.54,11.64
26292,3880,K,1.9,4.9,3.0
26293,3881,R,46.56,51.07,4.51
26294,3881,L,39.92,46.56,6.64
26295,3881,S,34.78,39.92,5.15
26296,3881,M,21.92,34.78,12.86
26297,3881,C,16.57,21.92,5.34
26298,3881,A,4.95,16.57,11.62
26299,3881,K,1.95,4.95,3.0
26300,3882,R,46.59,51.11,4.52
26301,3882,L,39.95,46.59,6.64
26302,3882,S,34.81,39.95,5.14
26303,3882,M,21.98,34.81,12.84
26304,3882,C,16.61,21.98,5.37
26305,3882,A,5.0,16.61,11.61
26306,3882,K,2.0,5.0,3.0
26307,3883,R,46.62,51.15,4.53
26308,3883,L,39.98,46.62,6.64
26309,3883,S,34.85,39.98,5.13
26310,3883,M,22.04,34.85,12.81
26311,3883,C,16.64,22.04,5.4
26312,3883,A,5.05,16.64,11.59
26313,3883,K,2.05,5.05,3.0
26314,3884,R,46.65,51.19,4.53
26315,3884,L,40.01,46.65,6.64
26316,3884,S,34.89,40.01,5.12
26317,3884,M,22.1,34.89,12.79
26318,3884,C,16.67,22.1,5.42
26319,3884,A,5.1,16.67,11.57
26320,3884,K,2.1,5.1,3.0
26321,3885,R,46.68,51.22,4.54
26322,3885,L,40.04,46.68,6.64
26323,3885,S,34.93,40.04,5.11
26324,3885,M,22.16,34.93,12.77
26325,3885,C,16.71,22.16,5.45
26326,3885,A,5.15,16.71,11.56
26327,3885,K,2.15,5.15,3.0
26328,3886,R,46.71,51.26,4.55
26329,3886,L,40.06,46.71,6.64
26330,3886,S,34.96,40.06,5.1
26331,3886,M,22.22,34.96,12.75
26332,3886,C,16.75,22.22,5.47
26333,3886,A,5.21,16.75,11.54
26334,3886,K,2.21,5.21,3.0
26335,3887,R,46.74,51.29,4.56
26336,3887,L,40.09,46.74,6.64
26337,3887,S,35.0,40.09,5.09
26338,3887,M,22.28,35.0,12.72
26339,3887,C,16.78,22.28,5.5
26340,3887,A,5.26,16.78,11.52
26341,3887,K,2.26,5.26,3.0
26342,3888,R,46.77,51.33,4.57
26343,3888,L,40.12,46.77,6.64
26344,3888,S,35.04,40.12,5.08
26345,3888,M,22.34,35.04,12.7
26346,3888,C,16.82,22.34,5.52
26347,3888,A,5.32,16.82,11.51
26348,3888,K,2.32,5.32,3.0
26349,3889,R,46.79,51.37,4.57
26350,3889,L,40.15,46.79,6.64
26351,3889,S,35.08,40.15,5.07
26352,3889,M,22.4,35.08,12.68
26353,3889,C,16.86,22.4,5.54
26354,3889,A,5.37,16.86,11.49
26355,3889,K,2.37,5.37,3.0
26356,3890,R,46.82,51.4,4.58
26357,3890,L,40.18,46.82,6.64
26358,3890,S,35.12,40.18,5.06
26359,3890,M,22.46,35.12,12.65
26360,3890,C,16.9,22.46,5.56
26361,3890,A,5.43,16.9,11.47
26362,3890,K,2.43,5.43,3.0
26363,3891,R,46.85,51.43,4.59
26364,3891,L,40.21,46.85,6.64
26365,3891,S,35.16,40.21,5.05
26366,3891,M,22.52,35.16,12.63
26367,3891,C,16.94,22.52,5.58
26368,3891,A,5.49,16.94,11.45
26369,3891,K,2.49,5.49,3.0
26370,3892,R,46.87,51.47,4.59
26371,3892,L,40.24,46.87,6.64
26372,3892,S,35.19,40.24,5.04
26373,3892,M,22.59,35.19,12.61
26374,3892,C,16.98,22.59,5.61
26375,3892,A,5.55,16.98,11.43
26376,3892,K,2.55,5.55,3.0
26377,3893,R,46.9,51.5,4.6
26378,3893,L,40.26,46.9,6.64
26379,3893,S,35.23,40.26,5.03
26380,3893,M,22.65,35.23,12.58
26381,3893,C,17.02,22.65,5.63
26382,3893,A,5.61,17.02,11.41
26383,3893,K,2.61,5.61,3.0
26384,3894,R,46.93,51.54,4.61
26385,3894,L,40.29,46.93,6.64
26386,3894,S,35.27,40.29,5.02
26387,3894,M,22.71,35.27,12.56
26388,3894,C,17.06,22.71,5.65
26389,3894,A,5.67,17.06,11.39
26390,3894,K,2.67,5.67,3.0
26391,3895,R,46.95,51.57,4.61
26392,3895,L,40.32,46.95,6.63
26393,3895,S,35.31,40.32,5.01
26394,3895,M,22.77,35.31,12.54
26395,3895,C,17.11,22.77,5.66
26396,3895,A,5.73,17.11,11.37
26397,3895,K,2.73,5.73,3.0
26398,3896,R,46.98,51.6,4.62
26399,3896,L,40.35,46.98,6.63
26400,3896,S,35.35,40.35,5.0
26401,3896,M,22.83,35.35,12.51
26402,3896,C,17.15,22.83,5.68
26403,3896,A,5.8,17.15,11.35
26404,3896,K,2.8,5.8,3.0
26405,3897,R,47.01,51.63,4.63
26406,3897,L,40.38,47.01,6.63
26407,3897,S,35.38,40.38,4.99
26408,3897,M,22.89,35.38,12.49
26409,3897,C,17.19,22.89,5.7
26410,3897,A,5.86,17.19,11.33
26411,3897,K,2.86,5.86,3.0
26412,3898,R,47.03,51.66,4.63
26413,3898,L,40.4,47.03,6.63
26414,3898,S,35.42,40.4,4.98
26415,3898,M,22.95,35.42,12.47
26416,3898,C,17.23,22.95,5.72
26417,3898,A,5.93,17.23,11.31
26418,3898,K,2.93,5.93,3.0
26419,3899,R,47.06,51.69,4.64
26420,3899,L,40.43,47.06,6.62
26421,3899,S,35.46,40.43,4.97
26422,3899,M,23.01,35.46,12.45
26423,3899,C,17.28,23.01,5.74
26424,3899,A,5.99,17.28,11.29
26425,3899,K,2.99,5.99,3.0
26426,3900,R,47.08,51.72,4.64
26427,3900,L,40.46,47.08,6.62
26428,3900,S,35.5,40.46,4.96
26429,3900,M,23.07,35.5,12.42
26430,3900,C,17.32,23.07,5.75
26431,3900,A,6.06,17.32,11.26
26432,3900,K,3.06,6.06,3.0
26433,3901,R,47.1,51.75,4.65
26434,3901,L,40.49,47.1,6.62
26435,3901,S,35.53,40.49,4.95
26436,3901,M,23.13,35.53,12.4
26437,3901,C,17.37,23.13,5.77
26438,3901,A,6.13,17.37,11.24
26439,3901,K,3.13,6.13,3.0
26440,3902,R,47.13,51.78,4.66
26441,3902,L,40.51,47.13,6.61
26442,3902,S,35.57,40.51,4.94
26443,3902,M,23.19,35.57,12.38
26444,3902,C,17.41,23.19,5.78
26445,3902,A,6.19,17.41,11.22
26446,3902,K,3.19,6.19,3.0
26447,3903,R,47.15,51.81,4.66
26448,3903,L,40.54,47.15,6.61
26449,3903,S,35.61,40.54,4.93
26450,3903,M,23.25,35.61,12.35
26451,3903,C,17.46,23.25,5.8
26452,3903,A,6.26,17.46,11.19
26453,3903,K,3.26,6.26,3.0
26454,3904,R,47.17,51.84,4.67
26455,3904,L,40.57,47.17,6.61
26456,3904,S,35.64,40.57,4.92
26457,3904,M,23.31,35.64,12.33
26458,3904,C,17.5,23.31,5.81
26459,3904,A,6.33,17.5,11.17
26460,3904,K,3.33,6.33,3.0
26461,3905,R,47.2,51.87,4.67
26462,3905,L,40.59,47.2,6.6
26463,3905,S,35.68,40.59,4.91
26464,3905,M,23.37,35.68,12.31
26465,3905,C,17.55,23.37,5.83
26466,3905,A,6.4,17.55,11.15
26467,3905,K,3.4,6.4,3.0
26468,3906,R,47.22,51.9,4.68
26469,3906,L,40.62,47.22,6.6
26470,3906,S,35.72,40.62,4.9
26471,3906,M,23.43,35.72,12.28
26472,3906,C,17.59,23.43,5.84
26473,3906,A,6.47,17.59,11.12
26474,3906,K,3.47,6.47,3.0
26475,3907,R,47.24,51.92,4.68
26476,3907,L,40.65,47.24,6.6
26477,3907,S,35.75,40.65,4.89
26478,3907,M,23.49,35.75,12.26
26479,3907,C,17.64,23.49,5.85
26480,3907,A,6.54,17.64,11.1
26481,3907,K,3.54,6.54,3.0
26482,3908,R,47.26,51.95,4.69
26483,3908,L,40.67,47.26,6.59
26484,3908,S,35.79,40.67,4.88
26485,3908,M,23.55,35.79,12.24
26486,3908,C,17.69,23.55,5.86
26487,3908,A,6.61,17.69,11.07
26488,3908,K,3.61,6.61,3.0
26489,3909,R,47.28,51.98,4.69
26490,3909,L,40.7,47.28,6.59
26491,3909,S,35.82,40.7,4.87
26492,3909,M,23.61,35.82,12.22
26493,3909,C,17.73,23.61,5.88
26494,3909,A,6.68,17.73,11.05
26495,3909,K,3.68,6.68,3.0
26496,3910,R,47.31,52.0,4.7
26497,3910,L,40.72,47.31,6.58
26498,3910,S,35.86,40.72,4.86
26499,3910,M,23.66,35.86,12.19
26500,3910,C,17.78,23.66,5.89
26501,3910,A,6.76,17.78,11.02
26502,3910,K,3.76,6.76,3.0
26503,3911,R,47.33,52.03,4.7
26504,3911,L,40.75,47.33,6.58
26505,3911,S,35.89,40.75,4.85
26506,3911,M,23.72,35.89,12.17
26507,3911,C,17.82,23.72,5.9
26508,3911,A,6.83,17.82,11.0
26509,3911,K,3.83,6.83,3.0
26510,3912,R,47.35,52.05,4.7
26511,3912,L,40.77,47.35,6.57
26512,3912,S,35.93,40.77,4.85
26513,3912,M,23.78,35.93,12.15
26514,3912,C,17.87,23.78,5.91
26515,3912,A,6.9,17.87,10.97
26516,3912,K,3.9,6.9,3.0
26517,3913,R,47.37,52.07,4.71
26518,3913,L,40.8,47.37,6.57
26519,3913,S,35.96,40.8,4.84
26520,3913,M,23.83,35.96,12.13
26521,3913,C,17.92,23.83,5.92
26522,3913,A,6.97,17.92,10.94
26523,3913,K,3.97,6.97,3.0
26524,3914,R,47.38,52.1,4.71
26525,3914,L,40.82,47.38,6.56
26526,3914,S,36.0,40.82,4.83
26527,3914,M,23.89,36.0,12.11
26528,3914,C,17.96,23.89,5.93
26529,3914,A,7.04,17.96,10.92
26530,3914,K,4.04,7.04,3.0
26531,3915,R,47.4,52.12,4.72
26532,3915,L,40.85,47.4,6.56
26533,3915,S,36.03,40.85,4.82
26534,3915,M,23.94,36.03,12.08
26535,3915,C,18.01,23.94,5.94
26536,3915,A,7.12,18.01,10.89
26537,3915,K,4.12,7.12,3.0
26538,3916,R,47.42,52.14,4.72
26539,3916,L,40.87,47.42,6.55
26540,3916,S,36.06,40.87,4.81
26541,3916,M,24.0,36.06,12.06
26542,3916,C,18.05,24.0,5.94
26543,3916,A,7.19,18.05,10.86
26544,3916,K,4.19,7.19,3.0
26545,3917,R,47.44,52.16,4.72
26546,3917,L,40.89,47.44,6.55
26547,3917,S,36.09,40.89,4.8
26548,3917,M,24.05,36.09,12.04
26549,3917,C,18.1,24.05,5.95
26550,3917,A,7.26,18.1,10.84
26551,3917,K,4.26,7.26,3.0
26552,3918,R,47.46,52.18,4.73
26553,3918,L,40.92,47.46,6.54
26554,3918,S,36.13,40.92,4.79
26555,3918,M,24.11,36.13,12.02
26556,3918,C,18.15,24.11,5.96
26557,3918,A,7.34,18.15,10.81
26558,3918,K,4.34,7.34,3.0
26559,3919,R,47.47,52.2,4.73
26560,3919,L,40.94,47.47,6.54
26561,3919,S,36.16,40.94,4.78
26562,3919,M,24.16,36.16,12.0
26563,3919,C,18.19,24.16,5.97
26564,3919,A,7.41,18.19,10.78
26565,3919,K,4.41,7.41,3.0
26566,3920,R,47.49,52.22,4.73
26567,3920,L,40.96,47.49,6.53
26568,3920,S,36.19,40.96,4.77
26569,3920,M,24.21,36.19,11.98
26570,3920,C,18.24,24.21,5.97
26571,3920,A,7.48,18.24,10.75
26572,3920,K,4.48,7.48,3.0
26573,3921,R,47.51,52.24,4.74
26574,3921,L,40.98,47.51,6.53
26575,3921,S,36.22,40.98,4.76
26576,3921,M,24.26,36.22,11.96
26577,3921,C,18.28,24.26,5.98
26578,3921,A,7.56,18.28,10.72
26579,3921,K,4.56,7.56,3.0
26580,3922,R,47.52,52.26,4.74
26581,3922,L,41.0,47.52,6.52
26582,3922,S,36.25,41.0,4.75
26583,3922,M,24.31,36.25,11.94
26584,3922,C,18.33,24.31,5.99
26585,3922,A,7.63,18.33,10.7
26586,3922,K,4.63,7.63,3.0
26587,3923,R,47.54,52.28,4.74
26588,3923,L,41.02,47.54,6.52
26589,3923,S,36.28,41.02,4.74
26590,3923,M,24.36,36.28,11.92
26591,3923,C,18.37,24.36,5.99
26592,3923,A,7.7,18.37,10.67
26593,3923,K,4.7,7.7,3.0
26594,3924,R,47.55,52.3,4.75
26595,3924,L,41.04,47.55,6.51
26596,3924,S,36.31,41.04,4.74
26597,3924,M,24.41,36.31,11.9
26598,3924,C,18.41,24.41,6.0
26599,3924,A,7.78,18.41,10.64
26600,3924,K,4.78,7.78,3.0
26601,3925,R,47.57,52.32,4.75
26602,3925,L,41.07,47.57,6.5
26603,3925,S,36.34,41.07,4.73
26604,3925,M,24.46,36.34,11.88
26605,3925,C,18.46,24.46,6.0
26606,3925,A,7.85,18.46,10.61
26607,3925,K,4.85,7.85,3.0
26608,3926,R,47.58,52.33,4.75
26609,3926,L,41.09,47.58,6.5
26610,3926,S,36.37,41.09,4.72
26611,3926,M,24.5,36.37,11.86
26612,3926,C,18.5,24.5,6.0
26613,3926,A,7.92,18.5,10.58
26614,3926,K,4.92,7.92,3.0
26615,3927,R,47.6,52.35,4.75
26616,3927,L,41.1,47.6,6.49
26617,3927,S,36.39,41.1,4.71
26618,3927,M,24.55,36.39,11.84
26619,3927,C,18.54,24.55,6.01
26620,3927,A,7.99,18.54,10.55
26621,3927,K,4.99,7.99,3.0
26622,3928,R,47.61,52.37,4.76
26623,3928,L,41.12,47.61,6.49
26624,3928,S,36.42,41.12,4.7
26625,3928,M,24.6,36.42,11.82
26626,3928,C,18.58,24.6,6.01
26627,3928,A,8.07,18.58,10.52
26628,3928,K,5.07,8.07,3.0
26629,3929,R,47.62,52.38,4.76
26630,3929,L,41.14,47.62,6.48
26631,3929,S,36.45,41.14,4.7
26632,3929,M,24.64,36.45,11.81
26633,3929,C,18.63,24.64,6.02
26634,3929,A,8.14,18.63,10.49
26635,3929,K,5.14,8.14,3.0
26636,3930,R,47.63,52.4,4.76
26637,3930,L,41.16,47.63,6.47
26638,3930,S,36.47,41.16,4.69
26639,3930,M,24.69,36.47,11.79
26640,3930,C,18.67,24.69,6.02
26641,3930,A,8.21,18.67,10.46
26642,3930,K,5.21,8.21,3.0
26643,3931,R,47.65,52.41,4.76
26644,3931,L,41.18,47.65,6.47
26645,3931,S,36.5,41.18,4.68
26646,3931,M,24.73,36.5,11.77
26647,3931,C,18.71,24.73,6.02
26648,3931,A,8.28,18.71,10.43
26649,3931,K,5.28,8.28,3.0
26650,3932,R,47.66,52.42,4.76
26651,3932,L,41.2,47.66,6.46
26652,3932,S,36.52,41.2,4.67
26653,3932,M,24.77,36.52,11.75
26654,3932,C,18.75,24.77,6.02
26655,3932,A,8.35,18.75,10.4
26656,3932,K,5.35,8.35,3.0
26657,3933,R,47.67,52.44,4.77
26658,3933,L,41.21,47.67,6.46
26659,3933,S,36.55,41.21,4.67
26660,3933,M,24.81,36.55,11.74
26661,3933,C,18.79,24.81,6.03
26662,3933,A,8.42,18.79,10.37
26663,3933,K,5.42,8.42,3.0
26664,3934,R,47.68,52.45,4.77
26665,3934,L,41.23,47.68,6.45
26666,3934,S,36.57,41.23,4.66
26667,3934,M,24.85,36.57,11.72
26668,3934,C,18.83,24.85,6.03
26669,3934,A,8.49,18.83,10.34
26670,3934,K,5.49,8.49,3.0
26671,3935,R,47.69,52.46,4.77
26672,3935,L,41.25,47.69,6.44
26673,3935,S,36.59,41.25,4.65
26674,3935,M,24.89,36.59,11.7
26675,3935,C,18.86,24.89,6.03
26676,3935,A,8.56,18.86,10.3
26677,3935,K,5.56,8.56,3.0
26678,3936,R,47.7,52.47,4.77
26679,3936,L,41.26,47.7,6.44
26680,3936,S,36.62,41.26,4.64
26681,3936,M,24.93,36.62,11.69
26682,3936,C,18.9,24.93,6.03
26683,3936,A,8.63,18.9,10.27
26684,3936,K,5.63,8.63,3.0
26685,3937,R,47.71,52.48,4.77
26686,3937,L,41.28,47.71,6.43
26687,3937,S,36.64,41.28,4.64
26688,3937,M,24.97,36.64,11.67
26689,3937,C,18.94,24.97,6.03
26690,3937,A,8.7,18.94,10.24
26691,3937,K,5.7,8.7,3.0
26692,3938,R,47.72,52.49,4.78
26693,3938,L,41.29,47.72,6.43
26694,3938,S,36.66,41.29,4.63
26695,3938,M,25.0,36.66,11.65
26696,3938,C,18.97,25.0,6.03
26697,3938,A,8.76,18.97,10.21
26698,3938,K,5.76,8.76,3.0
26699,3939,R,47.72,52.5,4.78
26700,3939,L,41.31,47.72,6.42
26701,3939,S,36.68,41.31,4.63
26702,3939,M,25.04,36.68,11.64
26703,3939,C,19.01,25.04,6.03
26704,3939,A,8.83,19.01,10.18
26705,3939,K,5.83,8.83,3.0
26706,3940,R,47.73,52.51,4.78
26707,3940,L,41.32,47.73,6.41
26708,3940,S,36.7,41.32,4.62
26709,3940,M,25.07,36.7,11.63
26710,3940,C,19.04,25.07,6.03
26711,3940,A,8.89,19.04,10.15
26712,3940,K,5.89,8.89,3.0
26713,3941,R,47.74,52.52,4.78
26714,3941,L,41.33,47.74,6.41
26715,3941,S,36.72,41.33,4.61
26716,3941,M,25.11,36.72,11.61
26717,3941,C,19.07,25.11,6.03
26718,3941,A,8.96,19.07,10.12
26719,3941,K,5.96,8.96,3.0
26720,3942,R,47.75,52.53,4.78
26721,3942,L,41.34,47.75,6.4
26722,3942,S,36.74,41.34,4.61
26723,3942,M,25.14,36.74,11.6
26724,3942,C,19.11,25.14,6.03
26725,3942,A,9.02,19.11,10.08
26726,3942,K,6.02,9.02,3.0
26727,3943,R,47.75,52.54,4.78
26728,3943,L,41.36,47.75,6.4
26729,3943,S,36.75,41.36,4.6
26730,3943,M,25.17,36.75,11.58
26731,3943,C,19.14,25.17,6.03
26732,3943,A,9.09,19.14,10.05
26733,3943,K,6.09,9.09,3.0
26734,3944,R,47.76,52.54,4.78
26735,3944,L,41.37,47.76,6.39
26736,3944,S,36.77,41.37,4.6
26737,3944,M,25.2,36.77,11.57
26738,3944,C,19.17,25.2,6.03
26739,3944,A,9.15,19.17,10.02
26740,3944,K,6.15,9.15,3.0
26741,3945,R,47.76,52.55,4.78
26742,3945,L,41.38,47.76,6.38
26743,3945,S,36.79,41.38,4.59
26744,3945,M,25.23,36.79,11.56
26745,3945,C,19.2,25.23,6.03
26746,3945,A,9.21,19.2,9.99
26747,3945,K,6.21,9.21,3.0
26748,3946,R,47.77,52.55,4.79
26749,3946,L,41.39,47.77,6.38
26750,3946,S,36.8,41.39,4.59
26751,3946,M,25.26,36.8,11.55
26752,3946,C,19.23,25.26,6.03
26753,3946,A,9.27,19.23,9.96
26754,3946,K,6.27,9.27,3.0
26755,3947,R,47.77,52.56,4.79
26756,3947,L,41.4,47.77,6.37
26757,3947,S,36.82,41.4,4.58
26758,3947,M,25.28,36.82,11.53
26759,3947,C,19.26,25.28,6.03
26760,3947,A,9.33,19.26,9.92
26761,3947,K,6.33,9.33,3.0
26762,3948,R,47.78,52.57,4.79
26763,3948,L,41.41,47.78,6.37
26764,3948,S,36.83,41.41,4.58
26765,3948,M,25.31,36.83,11.52
26766,3948,C,19.28,25.31,6.03
26767,3948,A,9.39,19.28,9.89
26768,3948,K,6.39,9.39,3.0
26769,3949,R,47.78,52.57,4.79
26770,3949,L,41.42,47.78,6.36
26771,3949,S,36.84,41.42,4.58
26772,3949,M,25.33,36.84,11.51
26773,3949,C,19.31,25.33,6.03
26774,3949,A,9.45,19.31,9.86
26775,3949,K,6.45,9.45,3.0
26776,3950,R,47.78,52.57,4.79
26777,3950,L,41.43,47.78,6.36
26778,3950,S,36.86,41.43,4.57
26779,3950,M,25.36,36.86,11.5
26780,3950,C,19.33,25.36,6.02
26781,3950,A,9.5,19.33,9.83
26782,3950,K,6.5,9.5,3.0
26783,3951,R,47.79,52.58,4.79
26784,3951,L,41.44,47.79,6.35
26785,3951,S,36.87,41.44,4.57
26786,3951,M,25.38,36.87,11.49
26787,3951,C,19.36,25.38,6.02
26788,3951,A,9.56,19.36,9.8
26789,3951,K,6.56,9.56,3.0
26790,3952,R,47.79,52.58,4.79
26791,3952,L,41.44,47.79,6.34
26792,3952,S,36.88,41.44,4.56
26793,3952,M,25.4,36.88,11.48
26794,3952,C,19.38,25.4,6.02
26795,3952,A,9.61,19.38,9.76
26796,3952,K,6.61,9.61,3.0
26797,3953,R,47.79,52.58,4.79
26798,3953,L,41.45,47.79,6.34
26799,3953,S,36.89,41.45,4.56
26800,3953,M,25.42,36.89,11.47
26801,3953,C,19.4,25.42,6.02
26802,3953,A,9.67,19.4,9.73
26803,3953,K,6.67,9.67,3.0
26804,3954,R,47.79,52.59,4.79
26805,3954,L,41.46,47.79,6.33
26806,3954,S,36.9,41.46,4.56
26807,3954,M,25.44,36.9,11.46
26808,3954,C,19.42,25.44,6.02
26809,3954,A,9.72,19.42,9.7
26810,3954,K,6.72,9.72,3.0
26811,3955,R,47.79,52.59,4.79
26812,3955,L,41.46,47.79,6.33
26813,3955,S,36.91,41.46,4.56
26814,3955,M,25.46,36.91,11.45
26815,3955,C,19.44,25.46,6.02
26816,3955,A,9.77,19.44,9.67
26817,3955,K,6.77,9.77,3.0
26818,3956,R,47.79,52.59,4.8
26819,3956,L,41.47,47.79,6.32
26820,3956,S,36.92,41.47,4.55
26821,3956,M,25.47,36.92,11.45
26822,3956,C,19.46,25.47,6.01
26823,3956,A,9.82,19.46,9.64
26824,3956,K,6.82,9.82,3.0
26825,3957,R,47.79,52.59,4.8
26826,3957,L,41.48,47.79,6.32
26827,3957,S,36.92,41.48,4.55
26828,3957,M,25.49,36.92,11.44
26829,3957,C,19.47,25.49,6.01
26830,3957,A,9.87,19.47,9.61
26831,3957,K,6.87,9.87,3.0
26832,3958,R,47.79,52.59,4.8
26833,3958,L,41.48,47.79,6.31
26834,3958,S,36.93,41.48,4.55
26835,3958,M,25.5,36.93,11.43
26836,3958,C,19.49,25.5,6.01
26837,3958,A,9.92,19.49,9.57
26838,3958,K,6.92,9.92,3.0
26839,3959,R,47.79,52.59,4.8
26840,3959,L,41.48,47.79,6.31
26841,3959,S,36.94,41.48,4.55
26842,3959,M,25.51,36.94,11.42
26843,3959,C,19.5,25.51,6.01
26844,3959,A,9.96,19.5,9.54
26845,3959,K,6.96,9.96,3.0
26846,3960,R,47.79,52.59,4.8
26847,3960,L,41.49,47.79,6.3
26848,3960,S,36.94,41.49,4.55
26849,3960,M,25.52,36.94,11.42
26850,3960,C,19.52,25.52,6.01
26851,3960,A,10.01,19.52,9.51
26852,3960,K,7.01,10.01,3.0
26853,3961,R,47.79,52.59,4.8
26854,3961,L,41.49,47.79,6.3
26855,3961,S,36.95,41.49,4.54
26856,3961,M,25.53,36.95,11.41
26857,3961,C,19.53,25.53,6.0
26858,3961,A,10.05,19.53,9.48
26859,3961,K,7.05,10.05,3.0
26860,3962,R,47.79,52.59,4.8
26861,3962,L,41.49,47.79,6.29
26862,3962,S,36.95,41.49,4.54
26863,3962,M,25.54,36.95,11.41
26864,3962,C,19.54,25.54,6.0
26865,3962,A,10.09,19.54,9.45
26866,3962,K,7.09,10.09,3.0
26867,3963,R,47.78,52.58,4.8
26868,3963,L,41.49,47.78,6.29
26869,3963,S,36.95,41.49,4.54
26870,3963,M,25.55,36.95,11.4
26871,3963,C,19.55,25.55,6.0
26872,3963,A,10.13,19.55,9.42
26873,3963,K,7.13,10.13,3.0
26874,3964,R,47.78,52.58,4.8
26875,3964,L,41.5,47.78,6.29
26876,3964,S,36.95,41.5,4.54
26877,3964,M,25.56,36.95,11.4
26878,3964,C,19.56,25.56,6.0
26879,3964,A,10.17,19.56,9.39
26880,3964,K,7.17,10.17,3.0
26881,3965,R,47.78,52.58,4.8
26882,3965,L,41.5,47.78,6.28
26883,3965,S,36.96,41.5,4.54
26884,3965,M,25.56,36.96,11.39
26885,3965,C,19.56,25.56,6.0
26886,3965,A,10.21,19.56,9.35
26887,3965,K,7.21,10.21,3.0
26888,3966,R,47.77,52.58,4.8
26889,3966,L,41.5,47.77,6.28
26890,3966,S,36.96,41.5,4.54
26891,3966,M,25.56,36.96,11.39
26892,3966,C,19.57,25.56,6.0
26893,3966,A,10.25,19.57,9.32
26894,3966,K,7.25,10.25,3.0
26895,3967,R,47.77,52.57,4.8
26896,3967,L,41.5,47.77,6.27
26897,3967,S,36.96,41.5,4.54
26898,3967,M,25.57,36.96,11.39
26899,3967,C,19.57,25.57,5.99
26900,3967,A,10.28,19.57,9.29
26901,3967,K,7.28,10.28,3.0
26902,3968,R,47.77,52.57,4.8
26903,3968,L,41.5,47.77,6.27
26904,3968,S,36.95,41.5,4.54
26905,3968,M,25.57,36.95,11.39
26906,3968,C,19.58,25.57,5.99
26907,3968,A,10.31,19.58,9.26
26908,3968,K,7.31,10.31,3.0
26909,3969,R,47.76,52.57,4.81
26910,3969,L,41.5,47.76,6.27
26911,3969,S,36.95,41.5,4.54
26912,3969,M,25.57,36.95,11.38
26913,3969,C,19.58,25.57,5.99
26914,3969,A,10.34,19.58,9.23
26915,3969,K,7.34,10.34,3.0
26916,3970,R,47.76,52.56,4.81
26917,3970,L,41.49,47.76,6.26
26918,3970,S,36.95,41.49,4.54
26919,3970,M,25.57,36.95,11.38
26920,3970,C,19.58,25.57,5.99
26921,3970,A,10.37,19.58,9.2
26922,3970,K,7.37,10.37,3.0
26923,3971,R,47.75,52.56,4.81
26924,3971,L,41.49,47.75,6.26
26925,3971,S,36.95,41.49,4.55
26926,3971,M,25.56,36.95,11.38
26927,3971,C,19.58,25.56,5.99
26928,3971,A,10.4,19.58,9.17
26929,3971,K,7.4,10.4,3.0
26930,3972,R,47.74,52.55,4.81
26931,3972,L,41.49,47.74,6.26
26932,3972,S,36.94,41.49,4.55
26933,3972,M,25.56,36.94,11.38
26934,3972,C,19.57,25.56,5.99
26935,3972,A,10.43,19.57,9.14
26936,3972,K,7.43,10.43,3.0
26937,3973,R,47.74,52.55,4.81
26938,3973,L,41.49,47.74,6.25
26939,3973,S,36.94,41.49,4.55
26940,3973,M,25.55,36.94,11.38
26941,3973,C,19.57,25.55,5.99
26942,3973,A,10.46,19.57,9.11
26943,3973,K,7.46,10.46,3.0
26944,3974,R,47.73,52.54,4.81
26945,3974,L,41.48,47.73,6.25
26946,3974,S,36.93,41.48,4.55
26947,3974,M,25.55,36.93,11.38
26948,3974,C,19.56,25.55,5.98
26949,3974,A,10.48,19.56,9.09
26950,3974,K,7.48,10.48,3.0
26951,3975,R,47.72,52.53,4.81
26952,3975,L,41.48,47.72,6.25
26953,3975,S,36.92,41.48,4.55
26954,3975,M,25.54,36.92,11.38
26955,3975,C,19.56,25.54,5.98
26956,3975,A,10.5,19.56,9.06
26957,3975,K,7.5,10.5,3.0
26958,3976,R,47.72,52.53,4.81
26959,3976,L,41.47,47.72,6.24
26960,3976,S,36.92,41.47,4.56
26961,3976,M,25.53,36.92,11.38
26962,3976,C,19.55,25.53,5.98
26963,3976,A,10.52,19.55,9.03
26964,3976,K,7.52,10.52,3.0
26965,3977,R,47.71,52.52,4.81
26966,3977,L,41.47,47.71,6.24
26967,3977,S,36.91,41.47,4.56
26968,3977,M,25.52,36.91,11.39
26969,3977,C,19.54,25.52,5.98
26970,3977,A,10.54,19.54,9.0
26971,3977,K,7.54,10.54,3.0
26972,3978,R,47.7,52.52,4.81
26973,3978,L,41.46,47.7,6.24
26974,3978,S,36.9,41.46,4.56
26975,3978,M,25.51,36.9,11.39
26976,3978,C,19.53,25.51,5.98
26977,3978,A,10.56,19.53,8.97
26978,3978,K,7.56,10.56,3.0
26979,3979,R,47.69,52.51,4.82
26980,3979,L,41.46,47.69,6.24
26981,3979,S,36.89,41.46,4.57
26982,3979,M,25.5,36.89,11.39
26983,3979,C,19.52,25.5,5.98
26984,3979,A,10.57,19.52,8.94
26985,3979,K,7.57,10.57,3.0
26986,3980,R,47.68,52.5,4.82
26987,3980,L,41.45,47.68,6.23
26988,3980,S,36.88,41.45,4.57
26989,3980,M,25.48,36.88,11.4
26990,3980,C,19.5,25.48,5.98
26991,3980,A,10.59,19.5,8.92
26992,3980,K,7.59,10.59,3.0
26993,3981,R,47.68,52.49,4.82
26994,3981,L,41.44,47.68,6.23
26995,3981,S,36.87,41.44,4.57
26996,3981,M,25.47,36.87,11.4
26997,3981,C,19.49,25.47,5.98
26998,3981,A,10.6,19.49,8.89
26999,3981,K,7.6,10.6,3.0
27000,3982,R,47.67,52.48,4.82
27001,3982,L,41.44,47.67,6.23
27002,3982,S,36.86,41.44,4.58
27003,3982,M,25.45,36.86,11.4
27004,3982,C,19.47,25.45,5.98
27005,3982,A,10.61,19.47,8.86
27006,3982,K,7.61,10.61,3.0
27007,3983,R,47.66,52.48,4.82
27008,3983,L,41.43,47.66,6.23
27009,3983,S,36.85,41.43,4.58
27010,3983,M,25.44,36.85,11.41
27011,3983,C,19.45,25.44,5.99
27012,3983,A,10.62,19.45,8.83
27013,3983,K,7.62,10.62,3.0
27014,3984,R,47.65,52.47,4.82
27015,3984,L,41.42,47.65,6.23
27016,3984,S,36.83,41.42,4.59
27017,3984,M,25.42,36.83,11.42
27018,3984,C,19.43,25.42,5.99
27019,3984,A,10.62,19.43,8.81
27020,3984,K,7.62,10.62,3.0
27021,3985,R,47.64,52.46,4.82
27022,3985,L,41.41,47.64,6.23
27023,3985,S,36.82,41.41,4.59
27024,3985,M,25.4,36.82,11.42
27025,3985,C,19.41,25.4,5.99
27026,3985,A,10.63,19.41,8.78
27027,3985,K,7.63,10.63,3.0
27028,3986,R,47.63,52.45,4.82
27029,3986,L,41.4,47.63,6.22
27030,3986,S,36.8,41.4,4.6
27031,3986,M,25.38,36.8,11.43
27032,3986,C,19.39,25.38,5.99
27033,3986,A,10.63,19.39,8.76
27034,3986,K,7.63,10.63,3.0
27035,3987,R,47.62,52.44,4.83
27036,3987,L,41.39,47.62,6.22
27037,3987,S,36.79,41.39,4.6
27038,3987,M,25.35,36.79,11.43
27039,3987,C,19.36,25.35,5.99
27040,3987,A,10.63,19.36,8.73
27041,3987,K,7.63,10.63,3.0
27042,3988,R,47.6,52.43,4.83
27043,3988,L,41.38,47.6,6.22
27044,3988,S,36.77,41.38,4.61
27045,3988,M,25.33,36.77,11.44
27046,3988,C,19.34,25.33,5.99
27047,3988,A,10.63,19.34,8.7
27048,3988,K,7.63,10.63,3.0
27049,3989,R,47.59,52.42,4.83
27050,3989,L,41.37,47.59,6.22
27051,3989,S,36.76,41.37,4.61
27052,3989,M,25.31,36.76,11.45
27053,3989,C,19.31,25.31,6.0
27054,3989,A,10.63,19.31,8.68
27055,3989,K,7.63,10.63,3.0
27056,3990,R,47.58,52.41,4.83
27057,3990,L,41.36,47.58,6.22
27058,3990,S,36.74,41.36,4.62
27059,3990,M,25.28,36.74,11.46
27060,3990,C,19.28,25.28,6.0
27061,3990,A,10.63,19.28,8.66
27062,3990,K,7.63,10.63,3.0
27063,3991,R,47.57,52.4,4.83
27064,3991,L,41.35,47.57,6.22
27065,3991,S,36.72,41.35,4.63
27066,3991,M,25.25,36.72,11.47
27067,3991,C,19.25,25.25,6.0
27068,3991,A,10.62,19.25,8.63
27069,3991,K,7.62,10.62,3.0
27070,3992,R,47.56,52.39,4.84
27071,3992,L,41.34,47.56,6.22
27072,3992,S,36.7,41.34,4.63
27073,3992,M,25.23,36.7,11.48
27074,3992,C,19.22,25.23,6.01
27075,3992,A,10.61,19.22,8.61
27076,3992,K,7.61,10.61,3.0
27077,3993,R,47.55,52.38,4.84
27078,3993,L,41.32,47.55,6.22
27079,3993,S,36.68,41.32,4.64
27080,3993,M,25.2,36.68,11.49
27081,3993,C,19.19,25.2,6.01
27082,3993,A,10.6,19.19,8.58
27083,3993,K,7.6,10.6,3.0
27084,3994,R,47.53,52.37,4.84
27085,3994,L,41.31,47.53,6.22
27086,3994,S,36.66,41.31,4.65
27087,3994,M,25.17,36.66,11.5
27088,3994,C,19.15,25.17,6.01
27089,3994,A,10.59,19.15,8.56
27090,3994,K,7.59,10.59,3.0
27091,3995,R,47.52,52.36,4.84
27092,3995,L,41.3,47.52,6.22
27093,3995,S,36.64,41.3,4.66
27094,3995,M,25.14,36.64,11.51
27095,3995,C,19.12,25.14,6.02
27096,3995,A,10.58,19.12,8.54
27097,3995,K,7.58,10.58,3.0
27098,3996,R,47.51,52.35,4.85
27099,3996,L,41.29,47.51,6.22
27100,3996,S,36.62,41.29,4.66
27101,3996,M,25.1,36.62,11.52
27102,3996,C,19.08,25.1,6.02
27103,3996,A,10.56,19.08,8.52
27104,3996,K,7.56,10.56,3.0
27105,3997,R,47.5,52.34,4.85
27106,3997,L,41.27,47.5,6.22
27107,3997,S,36.6,41.27,4.67
27108,3997,M,25.07,36.6,11.53
27109,3997,C,19.04,25.07,6.03
27110,3997,A,10.55,19.04,8.49
27111,3997,K,7.55,10.55,3.0
27112,3998,R,47.48,52.33,4.85
27113,3998,L,41.26,47.48,6.22
27114,3998,S,36.58,41.26,4.68
27115,3998,M,25.04,36.58,11.54
27116,3998,C,19.0,25.04,6.03
27117,3998,A,10.53,19.0,8.47
27118,3998,K,7.53,10.53,3.0
27119,3999,R,47.47,52.32,4.85
27120,3999,L,41.24,47.47,6.23
27121,3999,S,36.56,41.24,4.69
27122,3999,M,25.0,36.56,11.56
27123,3999,C,18.96,25.0,6.04
27124,3999,A,10.51,18.96,8.45
27125,3999,K,7.51,10.51,3.0
27126,4000,R,47.46,52.31,4.86
27127,4000,L,41.23,47.46,6.23
27128,4000,S,36.53,41.23,4.7
27129,4000,M,24.96,36.53,11.57
27130,4000,C,18.92,24.96,6.05
27131,4000,A,10.49,18.92,8.43
27132,4000,K,7.49,10.49,3.0
